Time [s],Packet,Type,ID,DLC,Data,CRC,ACK
0.0198109000,0,Data,0x100,0x8,0x00 0x00 0x04 0x40 0x05 0x4F 0x0F 0x32,0x7282,ACK
0.0200550000,1,Data,0x203,0x8,0x04 0x00 0x57 0x00 0x57 0x00 0x00 0x00,0x6097,ACK
0.0203013000,2,Data,0x204,0x8,0x00 0x00 0x00 0x00 0x00 0x00 0x00 0x00,0x79D1,ACK
0.0205575000,3,Data,0x205,0x8,0x00 0x00 0x00 0x00 0x00 0x00 0x00 0x00,0x72CA,ACK
0.0208478000,4,Data,0x209,0x8,0x9F 0x27 0x10 0x04 0x90 0x49 0x00 0x00,0x59C2,ACK
0.0210900000,5,Data,0x20A,0x8,0x00 0x00 0x00 0x00 0x00 0x00 0x00 0x00,0x1B53,ACK
0.0213443000,6,Data,0x20B,0x8,0xBC 0x02 0x64 0x00 0x01 0xC8 0x00 0x00,0x021C,ACK
0.0215885000,7,Data,0x20C,0x8,0x00 0xE4 0x0A 0x34 0x1E 0x07 0x00 0x00,0x6603,ACK
0.0218388000,8,Data,0x301,0x8,0x00 0x00 0x00 0x00 0x00 0x00 0x00 0x00,0x7E55,ACK
0.0220950000,9,Data,0x302,0x2,0x00 0xFF,0x6FC0,ACK
0.0222393000,10,Data,0x485,0x8,0x22 0x00 0x00 0x00 0x62 0x00 0x14 0x0C,0x569F,ACK
0.0224855000,11,Data,0x480,0x8,0x00 0x00 0x00 0x00 0x21 0x00 0x00 0x00,0x32BE,ACK
0.0227437000,12,Data,0x481,0x8,0xCA 0x17 0x08 0x13 0x00 0x00 0x00 0x00,0x1AA4,ACK
0.0229880000,13,Data,0x482,0x8,0x52 0x01 0x02 0x00 0x00 0x00 0x00 0x00,0x36EA,ACK
0.0232362000,14,Data,0x483,0x8,0x31 0x4B 0x31 0x55 0x41 0x32 0x35 0x35,0x717E,ACK
0.0234705000,15,Data,0x484,0x8,0x31 0x50 0x33 0x39 0x36 0x35 0x00 0x00,0x0196,ACK
0.0397685000,16,Data,0x100,0x8,0x00 0x00 0x04 0x40 0x05 0x4F 0x0F 0x32,0x7282,ACK
0.0518768000,17,Data,0x311,0x8,0x39 0x1E 0x07 0x3F 0x90 0x01 0x00 0x00,0x66BC,ACK
0.0532790000,18,Data,0x310,0x8,0xF1 0x0E 0x78 0x05 0x12 0x02 0x01 0xC8,0x2684,ACK
0.0597711000,19,Data,0x100,0x8,0x00 0x00 0x04 0x40 0x05 0x4F 0x0F 0x32,0x7282,ACK
0.0731990000,20,Data,0x212,0x8,0x52 0x01 0x00 0xC9 0x00 0x00 0x00 0x2A,0x2C4E,ACK
0.0734611000,21,Data,0x211,0x8,0xE4 0x00 0x2A 0x00 0x00 0x00 0x00 0x00,0x0D4D,ACK
0.0737213000,22,Data,0x343,0x8,0x00 0x00 0x00 0x01 0x00 0x00 0x01 0x00,0x103B,ACK
0.0739776000,23,Data,0x341,0x8,0x00 0x00 0x00 0x00 0x02 0x00 0x00 0x00,0x1833,ACK
0.0742518000,24,Data,0x342,0x8,0x05 0x00 0x0F 0x00 0x00 0xE4 0x05 0x34,0x6794,ACK
0.0745101000,25,Data,0x344,0x8,0x00 0x00 0x00 0x03 0x00 0x00 0x00 0x00,0x6F15,ACK
0.0797702000,26,Data,0x100,0x8,0x00 0x00 0x04 0x40 0x05 0x4F 0x0F 0x32,0x7282,ACK
0.0997681000,27,Data,0x100,0x8,0x00 0x00 0x04 0x40 0x05 0x4F 0x0F 0x32,0x7282,ACK
0.1197861000,28,Data,0x100,0x8,0x00 0x00 0x04 0x40 0x05 0x4F 0x0F 0x32,0x7282,ACK
0.1200303000,29,Data,0x203,0x8,0x04 0x00 0x57 0x00 0x57 0x00 0x00 0x00,0x6097,ACK
0.1202766000,30,Data,0x204,0x8,0x00 0x00 0x00 0x00 0x00 0x00 0x00 0x00,0x79D1,ACK
0.1205328000,31,Data,0x205,0x8,0x00 0x00 0x00 0x00 0x00 0x00 0x00 0x00,0x72CA,ACK
0.1208451000,32,Data,0x209,0x8,0x9F 0x27 0x10 0x04 0x90 0x49 0x00 0x00,0x59C2,ACK
0.1210853000,33,Data,0x20A,0x8,0x00 0x00 0x00 0x00 0x00 0x00 0x00 0x00,0x1B53,ACK
0.1213396000,34,Data,0x20B,0x8,0xBC 0x02 0x64 0x00 0x01 0xC8 0x00 0x00,0x021C,ACK
0.1215837000,35,Data,0x20C,0x8,0x00 0xE4 0x0A 0x34 0x1E 0x07 0x00 0x00,0x6603,ACK
0.1397677000,36,Data,0x100,0x8,0x00 0x00 0x04 0x40 0x05 0x4F 0x0F 0x32,0x7282,ACK
0.1597676000,37,Data,0x100,0x8,0x00 0x00 0x04 0x40 0x05 0x4F 0x0F 0x32,0x7282,ACK
0.1731995000,38,Data,0x212,0x8,0x52 0x01 0x00 0xC9 0x00 0x00 0x00 0x2A,0x2C4E,ACK
0.1734397000,39,Data,0x211,0x8,0xE4 0x00 0x2A 0x00 0x00 0x00 0x00 0x00,0x0D4D,ACK
0.1736960000,40,Data,0x343,0x8,0x00 0x00 0x00 0x01 0x00 0x00 0x01 0x00,0x103B,ACK
0.1739782000,41,Data,0x401,0x8,0x00 0x00 0x34 0x00 0x05 0x2A 0x00 0x00,0x4E01,ACK
0.1797663000,42,Data,0x100,0x8,0x00 0x00 0x04 0x40 0x05 0x4F 0x0F 0x32,0x7282,ACK
0.1997683000,43,Data,0x100,0x8,0x00 0x00 0x04 0x40 0x05 0x4F 0x0F 0x32,0x7282,ACK
0.2197921000,44,Data,0x100,0x8,0x00 0x00 0x04 0x40 0x05 0x4F 0x0F 0x32,0x7282,ACK
0.2200362000,45,Data,0x203,0x8,0x04 0x00 0x57 0x00 0x57 0x00 0x00 0x00,0x6097,ACK
0.2202844000,46,Data,0x204,0x8,0x00 0x00 0x00 0x00 0x00 0x00 0x00 0x00,0x79D1,ACK
0.2205405000,47,Data,0x205,0x8,0x00 0x00 0x00 0x00 0x00 0x00 0x00 0x00,0x72CA,ACK
0.2208426000,48,Data,0x209,0x8,0x9F 0x27 0x10 0x04 0x90 0x49 0x00 0x00,0x59C2,ACK
0.2210827000,49,Data,0x20A,0x8,0x00 0x00 0x00 0x00 0x00 0x00 0x00 0x00,0x1B53,ACK
0.2213368000,50,Data,0x20B,0x8,0xBC 0x02 0x64 0x00 0x01 0xC8 0x00 0x00,0x021C,ACK
0.2215830000,51,Data,0x20C,0x8,0x00 0xE4 0x0A 0x34 0x1E 0x07 0x00 0x00,0x6603,ACK
0.2218331000,52,Data,0x301,0x8,0x00 0x00 0x00 0x00 0x00 0x00 0x00 0x00,0x7E55,ACK
0.2220892000,53,Data,0x302,0x2,0x00 0xFF,0x6FC0,ACK
0.2222353000,54,Data,0x485,0x8,0x22 0x00 0x00 0x00 0x62 0x00 0x14 0x0C,0x569F,ACK
0.2397652000,55,Data,0x100,0x8,0x00 0x00 0x04 0x40 0x05 0x4F 0x0F 0x32,0x7282,ACK
0.2521093000,56,Data,0x311,0x8,0x39 0x1E 0x07 0x3F 0x90 0x01 0x00 0x00,0x66BC,ACK
0.2535275000,57,Data,0x310,0x8,0xF1 0x0E 0x78 0x05 0x12 0x02 0x01 0xC8,0x2684,ACK
0.2597675000,58,Data,0x100,0x8,0x00 0x00 0x04 0x40 0x05 0x4F 0x0F 0x32,0x7282,ACK
0.2732295000,59,Data,0x212,0x8,0x52 0x01 0x00 0xC9 0x00 0x00 0x00 0x2A,0x2C4E,ACK
0.2734896000,60,Data,0x211,0x8,0xE4 0x00 0x2A 0x00 0x00 0x00 0x00 0x00,0x0D4D,ACK
0.2737679000,61,Data,0x343,0x8,0x00 0x00 0x00 0x01 0x00 0x00 0x01 0x00,0x103B,ACK
0.2740281000,62,Data,0x341,0x8,0x00 0x00 0x00 0x00 0x02 0x00 0x00 0x00,0x1833,ACK
0.2743023000,63,Data,0x342,0x8,0x05 0x00 0x0F 0x00 0x00 0xE4 0x05 0x34,0x6794,ACK
0.2745826000,64,Data,0x344,0x8,0x00 0x00 0x00 0x03 0x00 0x00 0x00 0x00,0x6F15,ACK
0.2797666000,65,Data,0x100,0x8,0x00 0x00 0x04 0x40 0x05 0x4F 0x0F 0x32,0x7282,ACK
0.2997646000,66,Data,0x100,0x8,0x00 0x00 0x04 0x40 0x05 0x4F 0x0F 0x32,0x7282,ACK
0.3197845000,67,Data,0x100,0x8,0x00 0x00 0x04 0x40 0x05 0x4F 0x0F 0x32,0x7282,ACK
0.3200308000,68,Data,0x203,0x8,0x04 0x00 0x57 0x00 0x57 0x00 0x00 0x00,0x6097,ACK
0.3202790000,69,Data,0x204,0x8,0x00 0x00 0x00 0x00 0x00 0x00 0x00 0x00,0x79D1,ACK
0.3205353000,70,Data,0x205,0x8,0x00 0x00 0x00 0x00 0x00 0x00 0x00 0x00,0x72CA,ACK
0.3208435000,71,Data,0x209,0x8,0x9F 0x27 0x10 0x04 0x90 0x49 0x00 0x00,0x59C2,ACK
0.3210838000,72,Data,0x20A,0x8,0x00 0x00 0x00 0x00 0x00 0x00 0x00 0x00,0x1B53,ACK
0.3213400000,73,Data,0x20B,0x8,0xBC 0x02 0x64 0x00 0x01 0xC8 0x00 0x00,0x021C,ACK
0.3215842000,74,Data,0x20C,0x8,0x00 0xE4 0x0A 0x34 0x1E 0x07 0x00 0x00,0x6603,ACK
0.3397662000,75,Data,0x100,0x8,0x00 0x00 0x04 0x40 0x05 0x4F 0x0F 0x32,0x7282,ACK
0.3426464000,76,Data,0x425,0x8,0x01 0x64 0x49 0x57 0x57 0x58 0x01 0xFF,0x3E52,ACK
0.3435586000,77,Data,0x422,0x8,0x00 0x00 0x20 0x00 0x15 0x00 0x02 0x00,0x33F1,ACK
0.3449529000,78,Data,0x429,0x8,0x20 0x00 0x00 0x00 0x00 0x00 0x00 0x00,0x7AC7,ACK
0.3453392000,79,Data,0x421,0x8,0x38 0x36 0x31 0x34 0xFB 0x04 0x55 0x04,0x0DC7,ACK
0.3472554000,80,Data,0x420,0x8,0xA1 0x14 0xF2 0xFF 0x66 0x03 0x00 0x00,0x67BE,ACK
0.3481497000,81,Data,0x423,0x8,0xBC 0x02 0x64 0x00 0x3C 0x00 0x01 0x00,0x500B,ACK
0.3597656000,82,Data,0x100,0x8,0x00 0x00 0x04 0x40 0x05 0x4F 0x0F 0x32,0x7282,ACK
0.3731935000,83,Data,0x212,0x8,0x52 0x01 0x00 0xC9 0x00 0x00 0x00 0x2A,0x2C4E,ACK
0.3734517000,84,Data,0x211,0x8,0xE4 0x00 0x2A 0x00 0x00 0x00 0x00 0x00,0x0D4D,ACK
0.3737120000,85,Data,0x343,0x8,0x00 0x00 0x00 0x01 0x00 0x00 0x01 0x00,0x103B,ACK
0.3797660000,86,Data,0x100,0x8,0x00 0x00 0x04 0x40 0x05 0x4F 0x0F 0x32,0x7282,ACK
0.3997640000,87,Data,0x100,0x8,0x00 0x00 0x04 0x40 0x05 0x4F 0x0F 0x32,0x7282,ACK
0.4197799000,88,Data,0x100,0x8,0x00 0x00 0x04 0x40 0x05 0x4F 0x0F 0x32,0x7282,ACK
0.4200242000,89,Data,0x203,0x8,0x04 0x00 0x57 0x00 0x57 0x00 0x00 0x00,0x6097,ACK
0.4202724000,90,Data,0x204,0x8,0x00 0x00 0x00 0x00 0x00 0x00 0x00 0x00,0x79D1,ACK
0.4205287000,91,Data,0x205,0x8,0x00 0x00 0x00 0x00 0x00 0x00 0x00 0x00,0x72CA,ACK
0.4208389000,92,Data,0x209,0x8,0x9F 0x27 0x10 0x04 0x90 0x49 0x00 0x00,0x59C2,ACK
0.4210792000,93,Data,0x20A,0x8,0x00 0x00 0x00 0x00 0x00 0x00 0x00 0x00,0x1B53,ACK
0.4213334000,94,Data,0x20B,0x8,0xBC 0x02 0x64 0x00 0x01 0xC8 0x00 0x00,0x021C,ACK
0.4215797000,95,Data,0x20C,0x8,0x00 0xE4 0x0A 0x34 0x1E 0x07 0x00 0x00,0x6603,ACK
0.4218299000,96,Data,0x301,0x8,0x00 0x00 0x00 0x00 0x00 0x00 0x00 0x00,0x7E55,ACK
0.4220861000,97,Data,0x302,0x2,0x00 0xFF,0x6FC0,ACK
0.4222304000,98,Data,0x485,0x8,0x22 0x00 0x00 0x00 0x62 0x00 0x14 0x0C,0x569F,ACK
0.4397644000,99,Data,0x100,0x8,0x00 0x00 0x04 0x40 0x05 0x4F 0x0F 0x32,0x7282,ACK
0.4520885000,100,Data,0x311,0x8,0x39 0x1E 0x07 0x3F 0x90 0x01 0x00 0x00,0x66BC,ACK
0.4535048000,101,Data,0x310,0x8,0xF1 0x0E 0x78 0x05 0x12 0x02 0x01 0xC8,0x2684,ACK
0.4597648000,102,Data,0x100,0x8,0x00 0x00 0x04 0x40 0x05 0x4F 0x0F 0x32,0x7282,ACK
0.4732207000,103,Data,0x212,0x8,0x52 0x01 0x00 0xC9 0x00 0x00 0x00 0x2A,0x2C4E,ACK
0.4734829000,104,Data,0x211,0x8,0xE4 0x00 0x2A 0x00 0x00 0x00 0x00 0x00,0x0D4D,ACK
0.4737431000,105,Data,0x343,0x8,0x00 0x00 0x00 0x01 0x00 0x00 0x01 0x00,0x103B,ACK
0.4739994000,106,Data,0x341,0x8,0x00 0x00 0x00 0x00 0x02 0x00 0x00 0x00,0x1833,ACK
0.4742996000,107,Data,0x342,0x8,0x05 0x00 0x0F 0x00 0x00 0xE4 0x05 0x34,0x6794,ACK
0.4745558000,108,Data,0x344,0x8,0x00 0x00 0x00 0x03 0x00 0x00 0x00 0x00,0x6F15,ACK
0.4797639000,109,Data,0x100,0x8,0x00 0x00 0x04 0x40 0x05 0x4F 0x0F 0x32,0x7282,ACK
0.4997619000,110,Data,0x100,0x8,0x00 0x00 0x04 0x40 0x05 0x4F 0x0F 0x32,0x7282,ACK
0.5197818000,111,Data,0x100,0x8,0x00 0x00 0x04 0x40 0x05 0x4F 0x0F 0x32,0x7282,ACK
0.5200281000,112,Data,0x203,0x8,0x04 0x00 0x57 0x00 0x57 0x00 0x00 0x00,0x6097,ACK
0.5202762000,113,Data,0x204,0x8,0x00 0x00 0x00 0x00 0x00 0x00 0x00 0x00,0x79D1,ACK
0.5205325000,114,Data,0x205,0x8,0x00 0x00 0x00 0x00 0x00 0x00 0x00 0x00,0x72CA,ACK
0.5208407000,115,Data,0x209,0x8,0x9F 0x27 0x10 0x04 0x90 0x49 0x00 0x00,0x59C2,ACK
0.5210809000,116,Data,0x20A,0x8,0x00 0x00 0x00 0x00 0x00 0x00 0x00 0x00,0x1B53,ACK
0.5213372000,117,Data,0x20B,0x8,0xBC 0x02 0x64 0x00 0x01 0xC8 0x00 0x00,0x021C,ACK
0.5215814000,118,Data,0x20C,0x8,0x00 0xE4 0x0A 0x34 0x1E 0x07 0x00 0x00,0x6603,ACK
0.5397614000,119,Data,0x100,0x8,0x00 0x00 0x04 0x40 0x05 0x4F 0x0F 0x32,0x7282,ACK
0.5597634000,120,Data,0x100,0x8,0x00 0x00 0x04 0x40 0x05 0x4F 0x0F 0x32,0x7282,ACK
0.5731712000,121,Data,0x212,0x8,0x52 0x01 0x00 0xC9 0x00 0x00 0x00 0x2A,0x2C4E,ACK
0.5734115000,122,Data,0x211,0x8,0xE4 0x00 0x2A 0x00 0x00 0x00 0x00 0x00,0x0D4D,ACK
0.5736677000,123,Data,0x343,0x8,0x00 0x00 0x00 0x01 0x00 0x00 0x01 0x00,0x103B,ACK
0.5797598000,124,Data,0x100,0x8,0x00 0x00 0x04 0x40 0x05 0x4F 0x0F 0x32,0x7282,ACK
0.5997618000,125,Data,0x100,0x8,0x00 0x00 0x04 0x40 0x05 0x4F 0x0F 0x32,0x7282,ACK
0.6197756000,126,Data,0x100,0x8,0x00 0x00 0x04 0x40 0x05 0x4F 0x0F 0x32,0x7282,ACK
0.6200197000,127,Data,0x203,0x8,0x04 0x00 0x57 0x00 0x57 0x00 0x00 0x00,0x6097,ACK
0.6202659000,128,Data,0x204,0x8,0x00 0x00 0x00 0x00 0x00 0x00 0x00 0x00,0x79D1,ACK
0.6205220000,129,Data,0x205,0x8,0x00 0x00 0x00 0x00 0x00 0x00 0x00 0x00,0x72CA,ACK
0.6208361000,130,Data,0x209,0x8,0x9F 0x27 0x10 0x04 0x90 0x49 0x00 0x00,0x59C2,ACK
0.6210782000,131,Data,0x20A,0x8,0x00 0x00 0x00 0x00 0x00 0x00 0x00 0x00,0x1B53,ACK
0.6213344000,132,Data,0x20B,0x8,0xBC 0x02 0x64 0x00 0x01 0xC8 0x00 0x00,0x021C,ACK
0.6215785000,133,Data,0x20C,0x8,0x00 0xE4 0x0A 0x34 0x1E 0x07 0x00 0x00,0x6603,ACK
0.6218306000,134,Data,0x301,0x8,0x00 0x00 0x00 0x00 0x00 0x00 0x00 0x00,0x7E55,ACK
0.6220867000,135,Data,0x302,0x2,0x00 0xFF,0x6FC0,ACK
0.6222328000,136,Data,0x485,0x8,0x22 0x00 0x00 0x00 0x62 0x00 0x14 0x0C,0x569F,ACK
0.6397607000,137,Data,0x100,0x8,0x00 0x00 0x04 0x40 0x05 0x4F 0x0F 0x32,0x7282,ACK
0.6520788000,138,Data,0x311,0x8,0x39 0x1E 0x07 0x3F 0x90 0x01 0x00 0x00,0x66BC,ACK
0.6534991000,139,Data,0x310,0x8,0xF1 0x0E 0x78 0x05 0x12 0x02 0x01 0xC8,0x2684,ACK
0.6597612000,140,Data,0x100,0x8,0x00 0x00 0x04 0x40 0x05 0x4F 0x0F 0x32,0x7282,ACK
0.6731971000,141,Data,0x212,0x8,0x52 0x01 0x00 0xC9 0x00 0x00 0x00 0x2A,0x2C4E,ACK
0.6734554000,142,Data,0x211,0x8,0xE4 0x00 0x2A 0x00 0x00 0x00 0x00 0x00,0x0D4D,ACK
0.6737376000,143,Data,0x343,0x8,0x00 0x00 0x00 0x01 0x00 0x00 0x01 0x00,0x103B,ACK
0.6739979000,144,Data,0x341,0x8,0x00 0x00 0x00 0x00 0x02 0x00 0x00 0x00,0x1833,ACK
0.6742701000,145,Data,0x342,0x8,0x05 0x00 0x0F 0x00 0x00 0xE4 0x05 0x34,0x6794,ACK
0.6745523000,146,Data,0x344,0x8,0x00 0x00 0x00 0x03 0x00 0x00 0x00 0x00,0x6F15,ACK
0.6748086000,147,Data,0x401,0x8,0x00 0x00 0x34 0x00 0x05 0x2A 0x00 0x00,0x4E01,ACK
0.6797606000,148,Data,0x100,0x8,0x00 0x00 0x04 0x40 0x05 0x4F 0x0F 0x32,0x7282,ACK
0.6997586000,149,Data,0x100,0x8,0x00 0x00 0x04 0x40 0x05 0x4F 0x0F 0x32,0x7282,ACK
0.7197784000,150,Data,0x100,0x8,0x00 0x00 0x04 0x40 0x05 0x4F 0x0F 0x32,0x7282,ACK
0.7200247000,151,Data,0x203,0x8,0x04 0x00 0x57 0x00 0x57 0x00 0x00 0x00,0x6097,ACK
0.7202729000,152,Data,0x204,0x8,0x00 0x00 0x00 0x00 0x00 0x00 0x00 0x00,0x79D1,ACK
0.7205291000,153,Data,0x205,0x8,0x00 0x00 0x00 0x00 0x00 0x00 0x00 0x00,0x72CA,ACK
0.7208374000,154,Data,0x209,0x8,0x9F 0x27 0x10 0x04 0x90 0x49 0x00 0x00,0x59C2,ACK
0.7210776000,155,Data,0x20A,0x8,0x00 0x00 0x00 0x00 0x00 0x00 0x00 0x00,0x1B53,ACK
0.7213339000,156,Data,0x20B,0x8,0xBC 0x02 0x64 0x00 0x01 0xC8 0x00 0x00,0x021C,ACK
0.7215781000,157,Data,0x20C,0x8,0x00 0xE4 0x0A 0x34 0x1E 0x07 0x00 0x00,0x6603,ACK
0.7397581000,158,Data,0x100,0x8,0x00 0x00 0x04 0x40 0x05 0x4F 0x0F 0x32,0x7282,ACK
0.7597601000,159,Data,0x100,0x8,0x00 0x00 0x04 0x40 0x05 0x4F 0x0F 0x32,0x7282,ACK
0.7732160000,160,Data,0x212,0x8,0x52 0x01 0x00 0xC9 0x00 0x00 0x00 0x2A,0x2C4E,ACK
0.7734742000,161,Data,0x211,0x8,0xE4 0x00 0x2A 0x00 0x00 0x00 0x00 0x00,0x0D4D,ACK
0.7737345000,162,Data,0x343,0x8,0x00 0x00 0x00 0x01 0x00 0x00 0x01 0x00,0x103B,ACK
0.7797565000,163,Data,0x100,0x8,0x00 0x00 0x04 0x40 0x05 0x4F 0x0F 0x32,0x7282,ACK
0.7997585000,164,Data,0x100,0x8,0x00 0x00 0x04 0x40 0x05 0x4F 0x0F 0x32,0x7282,ACK
0.8197844000,165,Data,0x100,0x8,0x00 0x00 0x04 0x40 0x05 0x4F 0x0F 0x32,0x7282,ACK
0.8200307000,166,Data,0x203,0x8,0x04 0x00 0x57 0x00 0x57 0x00 0x00 0x00,0x6097,ACK
0.8202769000,167,Data,0x204,0x8,0x00 0x00 0x00 0x00 0x00 0x00 0x00 0x00,0x79D1,ACK
0.8205332000,168,Data,0x205,0x8,0x00 0x00 0x00 0x00 0x00 0x00 0x00 0x00,0x72CA,ACK
0.8208334000,169,Data,0x209,0x8,0x9F 0x27 0x10 0x04 0x90 0x49 0x00 0x00,0x59C2,ACK
0.8210757000,170,Data,0x20A,0x8,0x00 0x00 0x00 0x00 0x00 0x00 0x00 0x00,0x1B53,ACK
0.8213299000,171,Data,0x20B,0x8,0xBC 0x02 0x64 0x00 0x01 0xC8 0x00 0x00,0x021C,ACK
0.8215762000,172,Data,0x20C,0x8,0x00 0xE4 0x0A 0x34 0x1E 0x07 0x00 0x00,0x6603,ACK
0.8218264000,173,Data,0x301,0x8,0x00 0x00 0x00 0x00 0x00 0x00 0x00 0x00,0x7E55,ACK
0.8220847000,174,Data,0x302,0x2,0x00 0xFF,0x6FC0,ACK
0.8222289000,175,Data,0x485,0x8,0x22 0x00 0x00 0x00 0x62 0x00 0x14 0x0C,0x569F,ACK
0.8397569000,176,Data,0x100,0x8,0x00 0x00 0x04 0x40 0x05 0x4F 0x0F 0x32,0x7282,ACK
0.8467231000,177,Data,0x424,0x8,0x73 0x49 0x4D 0x69 0x00 0x00 0x00 0x00,0x4D0F,ACK
0.8469593000,178,Data,0x425,0x8,0x01 0x64 0x49 0x57 0x57 0x58 0x01 0xFF,0x3E52,ACK
0.8471956000,179,Data,0x429,0x8,0x20 0x00 0x00 0x00 0x00 0x00 0x00 0x00,0x7AC7,ACK
0.8474438000,180,Data,0x420,0x8,0xA1 0x14 0xF6 0xFF 0x66 0x03 0x00 0x00,0x1F0E,ACK
0.8476821000,181,Data,0x421,0x8,0x38 0x36 0x31 0x34 0xFB 0x04 0x55 0x04,0x0DC7,ACK
0.8479923000,182,Data,0x422,0x8,0x00 0x00 0x20 0x00 0x15 0x00 0x02 0x00,0x33F1,ACK
0.8482386000,183,Data,0x500,0x8,0x48 0x48 0x49 0xFF 0x48 0x48 0x48 0xFF,0x3C42,ACK
0.8484688000,184,Data,0x423,0x8,0xBC 0x02 0x64 0x00 0x3C 0x00 0x01 0x00,0x500B,ACK
0.8527351000,185,Data,0x311,0x8,0x39 0x1E 0x07 0x3F 0x90 0x01 0x00 0x00,0x66BC,ACK
0.8541333000,186,Data,0x310,0x8,0xF1 0x0E 0x78 0x05 0x12 0x02 0x01 0xC8,0x2684,ACK
0.8597454000,187,Data,0x100,0x8,0x00 0x00 0x04 0x40 0x05 0x4F 0x0F 0x32,0x7282,ACK
0.8732052000,188,Data,0x212,0x8,0x52 0x01 0x00 0xC9 0x00 0x00 0x00 0x2A,0x2C4E,ACK
0.8734675000,189,Data,0x211,0x8,0xE4 0x00 0x2A 0x00 0x00 0x00 0x00 0x00,0x0D4D,ACK
0.8737237000,190,Data,0x343,0x8,0x00 0x00 0x00 0x01 0x00 0x00 0x01 0x00,0x103B,ACK
0.8740060000,191,Data,0x341,0x8,0x00 0x00 0x00 0x00 0x02 0x00 0x00 0x00,0x1833,ACK
0.8742822000,192,Data,0x342,0x8,0x05 0x00 0x0F 0x00 0x00 0xE4 0x05 0x34,0x6794,ACK
0.8745385000,193,Data,0x344,0x8,0x00 0x00 0x00 0x03 0x00 0x00 0x00 0x00,0x6F15,ACK
0.8797586000,194,Data,0x100,0x8,0x00 0x00 0x04 0x40 0x05 0x4F 0x0F 0x32,0x7282,ACK
0.8997564000,195,Data,0x100,0x8,0x00 0x00 0x04 0x40 0x05 0x4F 0x0F 0x32,0x7282,ACK
0.9197764000,196,Data,0x100,0x8,0x00 0x00 0x04 0x40 0x05 0x4F 0x0F 0x32,0x7282,ACK
0.9200185000,197,Data,0x203,0x8,0x04 0x00 0x57 0x00 0x57 0x00 0x00 0x00,0x6097,ACK
0.9202647000,198,Data,0x204,0x8,0x00 0x00 0x00 0x00 0x00 0x00 0x00 0x00,0x79D1,ACK
0.9205210000,199,Data,0x205,0x8,0x00 0x00 0x00 0x00 0x00 0x00 0x00 0x00,0x72CA,ACK
0.9208332000,200,Data,0x209,0x8,0x9F 0x27 0x10 0x04 0x90 0x49 0x00 0x00,0x59C2,ACK
0.9210755000,201,Data,0x20A,0x8,0x00 0x00 0x00 0x00 0x00 0x00 0x00 0x00,0x1B53,ACK
0.9213297000,202,Data,0x20B,0x8,0xBC 0x02 0x64 0x00 0x01 0xC8 0x00 0x00,0x021C,ACK
0.9215740000,203,Data,0x20C,0x8,0x00 0xE4 0x0A 0x34 0x1E 0x07 0x00 0x00,0x6603,ACK
0.9397559000,204,Data,0x100,0x8,0x00 0x00 0x04 0x40 0x05 0x4F 0x0F 0x32,0x7282,ACK
0.9597559000,205,Data,0x100,0x8,0x00 0x00 0x04 0x40 0x05 0x4F 0x0F 0x32,0x7282,ACK
0.9731838000,206,Data,0x212,0x8,0x52 0x01 0x00 0xC9 0x00 0x00 0x00 0x2A,0x2C4E,ACK
0.9734220000,207,Data,0x211,0x8,0xE4 0x00 0x2A 0x00 0x00 0x00 0x00 0x00,0x0D4D,ACK
0.9736802000,208,Data,0x343,0x8,0x00 0x00 0x00 0x01 0x00 0x00 0x01 0x00,0x103B,ACK
0.9797563000,209,Data,0x100,0x8,0x00 0x00 0x04 0x40 0x05 0x4F 0x0F 0x32,0x7282,ACK
0.9997543000,210,Data,0x100,0x8,0x00 0x00 0x04 0x40 0x05 0x4F 0x0F 0x32,0x7282,ACK
1.0197961000,211,Data,0x100,0x8,0x00 0x00 0x04 0x40 0x05 0x4F 0x0F 0x32,0x7282,ACK
1.0200403000,212,Data,0x203,0x8,0x04 0x00 0x57 0x00 0x57 0x00 0x00 0x00,0x6097,ACK
1.0202864000,213,Data,0x204,0x8,0x00 0x00 0x00 0x00 0x00 0x00 0x00 0x00,0x79D1,ACK
1.0205445000,214,Data,0x205,0x8,0x00 0x00 0x00 0x00 0x00 0x00 0x00 0x00,0x72CA,ACK
1.0208326000,215,Data,0x209,0x8,0x9F 0x27 0x10 0x04 0x90 0x49 0x00 0x00,0x59C2,ACK
1.0210747000,216,Data,0x20A,0x8,0x00 0x00 0x00 0x00 0x00 0x00 0x00 0x00,0x1B53,ACK
1.0213289000,217,Data,0x20B,0x8,0xBC 0x02 0x64 0x00 0x01 0xC8 0x00 0x00,0x021C,ACK
1.0215750000,218,Data,0x20C,0x8,0x00 0xE4 0x0A 0x34 0x1E 0x07 0x00 0x00,0x6603,ACK
1.0218251000,219,Data,0x301,0x8,0x00 0x00 0x00 0x00 0x00 0x00 0x00 0x00,0x7E55,ACK
1.0220832000,220,Data,0x302,0x2,0x00 0xFF,0x6FC0,ACK
1.0222274000,221,Data,0x485,0x8,0x22 0x00 0x00 0x00 0x62 0x00 0x14 0x0C,0x569F,ACK
1.0224735000,222,Data,0x480,0x8,0x00 0x00 0x00 0x00 0x21 0x00 0x00 0x00,0x32BE,ACK
1.0227296000,223,Data,0x481,0x8,0xCA 0x17 0x08 0x13 0x00 0x00 0x00 0x00,0x1AA4,ACK
1.0229717000,224,Data,0x482,0x8,0x52 0x01 0x02 0x00 0x00 0x00 0x00 0x00,0x36EA,ACK
1.0232198000,225,Data,0x483,0x8,0x31 0x4B 0x31 0x55 0x41 0x32 0x35 0x35,0x717E,ACK
1.0234560000,226,Data,0x484,0x8,0x31 0x50 0x33 0x39 0x36 0x35 0x00 0x00,0x0196,ACK
1.0397558000,227,Data,0x100,0x8,0x00 0x00 0x04 0x40 0x05 0x4F 0x0F 0x32,0x7282,ACK
1.0526521000,228,Data,0x311,0x8,0x39 0x1E 0x07 0x3F 0x90 0x01 0x00 0x00,0x66BC,ACK
1.0540483000,229,Data,0x310,0x8,0xF1 0x0E 0x78 0x05 0x12 0x02 0x01 0xC8,0x2684,ACK
1.0597544000,230,Data,0x100,0x8,0x00 0x00 0x04 0x40 0x05 0x4F 0x0F 0x32,0x7282,ACK
1.0732104000,231,Data,0x212,0x8,0x52 0x01 0x00 0xC9 0x00 0x00 0x00 0x2A,0x2C4E,ACK
1.0734686000,232,Data,0x211,0x8,0xE4 0x00 0x2A 0x00 0x00 0x00 0x00 0x00,0x0D4D,ACK
1.0737289000,233,Data,0x343,0x8,0x00 0x00 0x00 0x01 0x00 0x00 0x01 0x00,0x103B,ACK
1.0739871000,234,Data,0x341,0x8,0x00 0x00 0x00 0x00 0x02 0x00 0x00 0x00,0x1833,ACK
1.0742834000,235,Data,0x342,0x8,0x05 0x00 0x0F 0x00 0x00 0xE4 0x05 0x34,0x6794,ACK
1.0745436000,236,Data,0x344,0x8,0x00 0x00 0x00 0x03 0x00 0x00 0x00 0x00,0x6F15,ACK
1.0797536000,237,Data,0x100,0x8,0x00 0x00 0x04 0x40 0x05 0x4F 0x0F 0x32,0x7282,ACK
1.0997556000,238,Data,0x100,0x8,0x00 0x00 0x04 0x40 0x05 0x4F 0x0F 0x32,0x7282,ACK
1.1197735000,239,Data,0x100,0x8,0x00 0x00 0x04 0x40 0x05 0x4F 0x0F 0x32,0x7282,ACK
1.1200178000,240,Data,0x203,0x8,0x04 0x00 0x57 0x00 0x57 0x00 0x00 0x00,0x6097,ACK
1.1202640000,241,Data,0x204,0x8,0x00 0x00 0x00 0x00 0x00 0x00 0x00 0x00,0x79D1,ACK
1.1205203000,242,Data,0x205,0x8,0x00 0x00 0x00 0x00 0x00 0x00 0x00 0x00,0x72CA,ACK
1.1208305000,243,Data,0x209,0x8,0x9F 0x27 0x10 0x04 0x90 0x49 0x00 0x00,0x59C2,ACK
1.1210708000,244,Data,0x20A,0x8,0x00 0x00 0x00 0x00 0x00 0x00 0x00 0x00,0x1B53,ACK
1.1213250000,245,Data,0x20B,0x8,0xBC 0x02 0x64 0x00 0x01 0xC8 0x00 0x00,0x021C,ACK
1.1215693000,246,Data,0x20C,0x8,0x00 0xE4 0x0A 0x34 0x1E 0x07 0x00 0x00,0x6603,ACK
1.1397533000,247,Data,0x100,0x8,0x00 0x00 0x04 0x40 0x05 0x4F 0x0F 0x32,0x7282,ACK
1.1597532000,248,Data,0x100,0x8,0x00 0x00 0x04 0x40 0x05 0x4F 0x0F 0x32,0x7282,ACK
1.1731791000,249,Data,0x212,0x8,0x52 0x01 0x00 0xC9 0x00 0x00 0x00 0x2A,0x2C4E,ACK
1.1734434000,250,Data,0x211,0x8,0xE4 0x00 0x2A 0x00 0x00 0x00 0x00 0x00,0x0D4D,ACK
1.1737036000,251,Data,0x343,0x8,0x00 0x00 0x00 0x01 0x00 0x00 0x01 0x00,0x103B,ACK
1.1739599000,252,Data,0x401,0x8,0x00 0x00 0x34 0x00 0x05 0x2A 0x00 0x00,0x4E01,ACK
1.1797539000,253,Data,0x100,0x8,0x00 0x00 0x04 0x40 0x05 0x4F 0x0F 0x32,0x7282,ACK
1.1997519000,254,Data,0x100,0x8,0x00 0x00 0x04 0x40 0x05 0x4F 0x0F 0x32,0x7282,ACK
1.2197798000,255,Data,0x100,0x8,0x00 0x00 0x04 0x40 0x05 0x4F 0x0F 0x32,0x7282,ACK
1.2200241000,256,Data,0x203,0x8,0x04 0x00 0x57 0x00 0x57 0x00 0x00 0x00,0x6097,ACK
1.2202703000,257,Data,0x204,0x8,0x00 0x00 0x00 0x00 0x00 0x00 0x00 0x00,0x79D1,ACK
1.2205266000,258,Data,0x205,0x8,0x00 0x00 0x00 0x00 0x00 0x00 0x00 0x00,0x72CA,ACK
1.2208288000,259,Data,0x209,0x8,0x9F 0x27 0x10 0x04 0x90 0x49 0x00 0x00,0x59C2,ACK
1.2210691000,260,Data,0x20A,0x8,0x00 0x00 0x00 0x00 0x00 0x00 0x00 0x00,0x1B53,ACK
1.2213233000,261,Data,0x20B,0x8,0xBC 0x02 0x64 0x00 0x01 0xC8 0x00 0x00,0x021C,ACK
1.2215696000,262,Data,0x20C,0x8,0x00 0xE4 0x0A 0x34 0x1E 0x07 0x00 0x00,0x6603,ACK
1.2218198000,263,Data,0x301,0x8,0x00 0x00 0x00 0x00 0x00 0x00 0x00 0x00,0x7E55,ACK
1.2220761000,264,Data,0x302,0x2,0x00 0xFF,0x6FC0,ACK
1.2222203000,265,Data,0x485,0x8,0x22 0x00 0x00 0x00 0x62 0x00 0x14 0x0C,0x569F,ACK
1.2397523000,266,Data,0x100,0x8,0x00 0x00 0x04 0x40 0x05 0x4F 0x0F 0x32,0x7282,ACK
1.2525004000,267,Data,0x311,0x8,0x39 0x1E 0x07 0x3F 0x90 0x01 0x00 0x00,0x66BC,ACK
1.2538946000,268,Data,0x310,0x8,0xF1 0x0E 0x78 0x05 0x12 0x02 0x01 0xC8,0x2684,ACK
1.2597506000,269,Data,0x100,0x8,0x00 0x00 0x04 0x40 0x05 0x4F 0x0F 0x32,0x7282,ACK
1.2731765000,270,Data,0x212,0x8,0x52 0x01 0x00 0xC9 0x00 0x00 0x00 0x2A,0x2C4E,ACK
1.2734168000,271,Data,0x211,0x8,0xE4 0x00 0x2A 0x00 0x00 0x00 0x00 0x00,0x0D4D,ACK
1.2736730000,272,Data,0x343,0x8,0x00 0x00 0x00 0x01 0x00 0x00 0x01 0x00,0x103B,ACK
1.2739333000,273,Data,0x341,0x8,0x00 0x00 0x00 0x00 0x02 0x00 0x00 0x00,0x1833,ACK
1.2742275000,274,Data,0x342,0x8,0x05 0x00 0x0F 0x00 0x00 0xE4 0x05 0x34,0x6794,ACK
1.2744878000,275,Data,0x344,0x8,0x00 0x00 0x00 0x03 0x00 0x00 0x00 0x00,0x6F15,ACK
1.2797518000,276,Data,0x100,0x8,0x00 0x00 0x04 0x40 0x05 0x4F 0x0F 0x32,0x7282,ACK
1.2997518000,277,Data,0x100,0x8,0x00 0x00 0x04 0x40 0x05 0x4F 0x0F 0x32,0x7282,ACK
1.3197697000,278,Data,0x100,0x8,0x00 0x00 0x04 0x40 0x05 0x4F 0x0F 0x32,0x7282,ACK
1.3200140000,279,Data,0x203,0x8,0x04 0x00 0x57 0x00 0x57 0x00 0x00 0x00,0x6097,ACK
1.3202602000,280,Data,0x204,0x8,0x00 0x00 0x00 0x00 0x00 0x00 0x00 0x00,0x79D1,ACK
1.3205165000,281,Data,0x205,0x8,0x00 0x00 0x00 0x00 0x00 0x00 0x00 0x00,0x72CA,ACK
1.3208267000,282,Data,0x209,0x8,0x9F 0x27 0x10 0x04 0x90 0x49 0x00 0x00,0x59C2,ACK
1.3210670000,283,Data,0x20A,0x8,0x00 0x00 0x00 0x00 0x00 0x00 0x00 0x00,0x1B53,ACK
1.3213212000,284,Data,0x20B,0x8,0xBC 0x02 0x64 0x00 0x01 0xC8 0x00 0x00,0x021C,ACK
1.3215675000,285,Data,0x20C,0x8,0x00 0xE4 0x0A 0x34 0x1E 0x07 0x00 0x00,0x6603,ACK
1.3397515000,286,Data,0x100,0x8,0x00 0x00 0x04 0x40 0x05 0x4F 0x0F 0x32,0x7282,ACK
1.3469857000,287,Data,0x425,0x8,0x01 0x64 0x49 0x57 0x57 0x58 0x01 0xFF,0x3E52,ACK
1.3472220000,288,Data,0x429,0x8,0x20 0x00 0x00 0x00 0x00 0x00 0x00 0x00,0x7AC7,ACK
1.3474702000,289,Data,0x420,0x8,0xA1 0x14 0xF4 0xFF 0x66 0x03 0x00 0x00,0x2356,ACK
1.3477045000,290,Data,0x421,0x8,0x38 0x36 0x31 0x34 0xFB 0x04 0x55 0x04,0x0DC7,ACK
1.3480427000,291,Data,0x422,0x8,0x00 0x00 0x20 0x00 0x15 0x00 0x02 0x00,0x33F1,ACK
1.3484470000,292,Data,0x423,0x8,0xBC 0x02 0x64 0x00 0x3C 0x00 0x01 0x00,0x500B,ACK
1.3597509000,293,Data,0x100,0x8,0x00 0x00 0x04 0x40 0x05 0x4F 0x0F 0x32,0x7282,ACK
1.3732088000,294,Data,0x212,0x8,0x52 0x01 0x00 0xC9 0x00 0x00 0x00 0x2A,0x2C4E,ACK
1.3734710000,295,Data,0x211,0x8,0xE4 0x00 0x2A 0x00 0x00 0x00 0x00 0x00,0x0D4D,ACK
1.3737273000,296,Data,0x343,0x8,0x00 0x00 0x00 0x01 0x00 0x00 0x01 0x00,0x103B,ACK
1.3797514000,297,Data,0x100,0x8,0x00 0x00 0x04 0x40 0x05 0x4F 0x0F 0x32,0x7282,ACK
1.3997493000,298,Data,0x100,0x8,0x00 0x00 0x04 0x40 0x05 0x4F 0x0F 0x32,0x7282,ACK
1.4197772000,299,Data,0x100,0x8,0x00 0x00 0x04 0x40 0x05 0x4F 0x0F 0x32,0x7282,ACK
1.4200233000,300,Data,0x203,0x8,0x04 0x00 0x57 0x00 0x57 0x00 0x00 0x00,0x6097,ACK
1.4202714000,301,Data,0x204,0x8,0x00 0x00 0x00 0x00 0x00 0x00 0x00 0x00,0x79D1,ACK
1.4205275000,302,Data,0x205,0x8,0x00 0x00 0x00 0x00 0x00 0x00 0x00 0x00,0x72CA,ACK
1.4208116000,303,Data,0x209,0x8,0x9F 0x27 0x10 0x04 0x90 0x49 0x00 0x00,0x59C2,ACK
1.4210538000,304,Data,0x20A,0x8,0x00 0x00 0x00 0x00 0x00 0x00 0x00 0x00,0x1B53,ACK
1.4213079000,305,Data,0x20B,0x8,0xBC 0x02 0x64 0x00 0x01 0xC8 0x00 0x00,0x021C,ACK
1.4215520000,306,Data,0x20C,0x8,0x00 0xE4 0x0A 0x34 0x1E 0x07 0x00 0x00,0x6603,ACK
1.4218021000,307,Data,0x301,0x8,0x00 0x00 0x00 0x00 0x00 0x00 0x00 0x00,0x7E55,ACK
1.4220582000,308,Data,0x302,0x2,0x00 0xFF,0x6FC0,ACK
1.4222024000,309,Data,0x485,0x8,0x22 0x00 0x00 0x00 0x62 0x00 0x14 0x0C,0x569F,ACK
1.4397482000,310,Data,0x100,0x8,0x00 0x00 0x04 0x40 0x05 0x4F 0x0F 0x32,0x7282,ACK
1.4534704000,311,Data,0x310,0x8,0xF1 0x0E 0x78 0x05 0x12 0x02 0x01 0xC8,0x2684,ACK
1.4541806000,312,Data,0x311,0x8,0x39 0x1E 0x07 0x3F 0x90 0x01 0x00 0x00,0x66BC,ACK
1.4597487000,313,Data,0x100,0x8,0x00 0x00 0x04 0x40 0x05 0x4F 0x0F 0x32,0x7282,ACK
1.4732007000,314,Data,0x212,0x8,0x52 0x01 0x00 0xC9 0x00 0x00 0x00 0x2A,0x2C4E,ACK
1.4734569000,315,Data,0x211,0x8,0xE4 0x00 0x2A 0x00 0x00 0x00 0x00 0x00,0x0D4D,ACK
1.4737391000,316,Data,0x343,0x8,0x00 0x00 0x00 0x01 0x00 0x00 0x01 0x00,0x103B,ACK
1.4739954000,317,Data,0x341,0x8,0x00 0x00 0x00 0x00 0x02 0x00 0x00 0x00,0x1833,ACK
1.4742696000,318,Data,0x342,0x8,0x05 0x00 0x0F 0x00 0x00 0xE4 0x05 0x34,0x6794,ACK
1.4745519000,319,Data,0x344,0x8,0x00 0x00 0x00 0x03 0x00 0x00 0x00 0x00,0x6F15,ACK
1.4797479000,320,Data,0x100,0x8,0x00 0x00 0x04 0x40 0x05 0x4F 0x0F 0x32,0x7282,ACK
1.4997479000,321,Data,0x100,0x8,0x00 0x00 0x04 0x40 0x05 0x4F 0x0F 0x32,0x7282,ACK
1.5197658000,322,Data,0x100,0x8,0x00 0x00 0x04 0x40 0x05 0x4F 0x0F 0x32,0x7282,ACK
1.5200101000,323,Data,0x203,0x8,0x04 0x00 0x57 0x00 0x57 0x00 0x00 0x00,0x6097,ACK
1.5202563000,324,Data,0x204,0x8,0x00 0x00 0x00 0x00 0x00 0x00 0x00 0x00,0x79D1,ACK
1.5205126000,325,Data,0x205,0x8,0x00 0x00 0x00 0x00 0x00 0x00 0x00 0x00,0x72CA,ACK
1.5208248000,326,Data,0x209,0x8,0x9F 0x27 0x10 0x04 0x90 0x49 0x00 0x00,0x59C2,ACK
1.5210650000,327,Data,0x20A,0x8,0x00 0x00 0x00 0x00 0x00 0x00 0x00 0x00,0x1B53,ACK
1.5213193000,328,Data,0x20B,0x8,0xBC 0x02 0x64 0x00 0x01 0xC8 0x00 0x00,0x021C,ACK
1.5215635000,329,Data,0x20C,0x8,0x00 0xE4 0x0A 0x34 0x1E 0x07 0x00 0x00,0x6603,ACK
1.5397495000,330,Data,0x100,0x8,0x00 0x00 0x04 0x40 0x05 0x4F 0x0F 0x32,0x7282,ACK
1.5597475000,331,Data,0x100,0x8,0x00 0x00 0x04 0x40 0x05 0x4F 0x0F 0x32,0x7282,ACK
1.5731734000,332,Data,0x212,0x8,0x52 0x01 0x00 0xC9 0x00 0x00 0x00 0x2A,0x2C4E,ACK
1.5734137000,333,Data,0x211,0x8,0xE4 0x00 0x2A 0x00 0x00 0x00 0x00 0x00,0x0D4D,ACK
1.5736699000,334,Data,0x343,0x8,0x00 0x00 0x00 0x01 0x00 0x00 0x01 0x00,0x103B,ACK
1.5797459000,335,Data,0x100,0x8,0x00 0x00 0x04 0x40 0x05 0x4F 0x0F 0x32,0x7282,ACK
1.5997479000,336,Data,0x100,0x8,0x00 0x00 0x04 0x40 0x05 0x4F 0x0F 0x32,0x7282,ACK
1.6197718000,337,Data,0x100,0x8,0x00 0x00 0x04 0x40 0x05 0x4F 0x0F 0x32,0x7282,ACK
1.6200161000,338,Data,0x203,0x8,0x04 0x00 0x57 0x00 0x57 0x00 0x00 0x00,0x6097,ACK
1.6202643000,339,Data,0x204,0x8,0x00 0x00 0x00 0x00 0x00 0x00 0x00 0x00,0x79D1,ACK
1.6205206000,340,Data,0x205,0x8,0x00 0x00 0x00 0x00 0x00 0x00 0x00 0x00,0x72CA,ACK
1.6208228000,341,Data,0x209,0x8,0x9F 0x27 0x10 0x04 0x90 0x49 0x00 0x00,0x59C2,ACK
1.6210631000,342,Data,0x20A,0x8,0x00 0x00 0x00 0x00 0x00 0x00 0x00 0x00,0x1B53,ACK
1.6213173000,343,Data,0x20B,0x8,0xBC 0x02 0x64 0x00 0x01 0xC8 0x00 0x00,0x021C,ACK
1.6215616000,344,Data,0x20C,0x8,0x00 0xE4 0x0A 0x34 0x1E 0x07 0x00 0x00,0x6603,ACK
1.6218118000,345,Data,0x301,0x8,0x00 0x00 0x00 0x00 0x00 0x00 0x00 0x00,0x7E55,ACK
1.6220681000,346,Data,0x302,0x2,0x00 0xFF,0x6FC0,ACK
1.6222123000,347,Data,0x485,0x8,0x22 0x00 0x00 0x00 0x62 0x00 0x14 0x0C,0x569F,ACK
1.6397442000,348,Data,0x100,0x8,0x00 0x00 0x04 0x40 0x05 0x4F 0x0F 0x32,0x7282,ACK
1.6545224000,349,Data,0x310,0x8,0xF1 0x0E 0x78 0x05 0x12 0x02 0x01 0xC8,0x2684,ACK
1.6552387000,350,Data,0x311,0x8,0x39 0x1E 0x07 0x3F 0x90 0x01 0x00 0x00,0x66BC,ACK
1.6597468000,351,Data,0x100,0x8,0x00 0x00 0x04 0x40 0x05 0x4F 0x0F 0x32,0x7282,ACK
1.6732006000,352,Data,0x212,0x8,0x52 0x01 0x00 0xC9 0x00 0x00 0x00 0x2A,0x2C4E,ACK
1.6734629000,353,Data,0x211,0x8,0xE4 0x00 0x2A 0x00 0x00 0x00 0x00 0x00,0x0D4D,ACK
1.6737192000,354,Data,0x343,0x8,0x00 0x00 0x00 0x01 0x00 0x00 0x01 0x00,0x103B,ACK
1.6739994000,355,Data,0x341,0x8,0x00 0x00 0x00 0x00 0x02 0x00 0x00 0x00,0x1833,ACK
1.6742776000,356,Data,0x342,0x8,0x05 0x00 0x0F 0x00 0x00 0xE4 0x05 0x34,0x6794,ACK
1.6745339000,357,Data,0x344,0x8,0x00 0x00 0x00 0x03 0x00 0x00 0x00 0x00,0x6F15,ACK
1.6748160000,358,Data,0x401,0x8,0x00 0x00 0x34 0x00 0x05 0x2A 0x00 0x00,0x4E01,ACK
1.6797461000,359,Data,0x100,0x8,0x00 0x00 0x04 0x40 0x05 0x4F 0x0F 0x32,0x7282,ACK
1.6997441000,360,Data,0x100,0x8,0x00 0x00 0x04 0x40 0x05 0x4F 0x0F 0x32,0x7282,ACK
1.7197640000,361,Data,0x100,0x8,0x00 0x00 0x04 0x40 0x05 0x4F 0x0F 0x32,0x7282,ACK
1.7200083000,362,Data,0x203,0x8,0x04 0x00 0x57 0x00 0x57 0x00 0x00 0x00,0x6097,ACK
1.7202545000,363,Data,0x204,0x8,0x00 0x00 0x00 0x00 0x00 0x00 0x00 0x00,0x79D1,ACK
1.7205108000,364,Data,0x205,0x8,0x00 0x00 0x00 0x00 0x00 0x00 0x00 0x00,0x72CA,ACK
1.7208210000,365,Data,0x209,0x8,0x9F 0x27 0x10 0x04 0x90 0x49 0x00 0x00,0x59C2,ACK
1.7210612000,366,Data,0x20A,0x8,0x00 0x00 0x00 0x00 0x00 0x00 0x00 0x00,0x1B53,ACK
1.7213155000,367,Data,0x20B,0x8,0xBC 0x02 0x64 0x00 0x01 0xC8 0x00 0x00,0x021C,ACK
1.7215617000,368,Data,0x20C,0x8,0x00 0xE4 0x0A 0x34 0x1E 0x07 0x00 0x00,0x6603,ACK
1.7397457000,369,Data,0x100,0x8,0x00 0x00 0x04 0x40 0x05 0x4F 0x0F 0x32,0x7282,ACK
1.7597435000,370,Data,0x100,0x8,0x00 0x00 0x04 0x40 0x05 0x4F 0x0F 0x32,0x7282,ACK
1.7731734000,371,Data,0x212,0x8,0x52 0x01 0x00 0xC9 0x00 0x00 0x00 0x2A,0x2C4E,ACK
1.7734297000,372,Data,0x211,0x8,0xE4 0x00 0x2A 0x00 0x00 0x00 0x00 0x00,0x0D4D,ACK
1.7736919000,373,Data,0x343,0x8,0x00 0x00 0x00 0x01 0x00 0x00 0x01 0x00,0x103B,ACK
1.7797440000,374,Data,0x100,0x8,0x00 0x00 0x04 0x40 0x05 0x4F 0x0F 0x32,0x7282,ACK
1.7997438000,375,Data,0x100,0x8,0x00 0x00 0x04 0x40 0x05 0x4F 0x0F 0x32,0x7282,ACK
1.8197597000,376,Data,0x100,0x8,0x00 0x00 0x04 0x40 0x05 0x4F 0x0F 0x32,0x7282,ACK
1.8200038000,377,Data,0x203,0x8,0x04 0x00 0x57 0x00 0x57 0x00 0x00 0x00,0x6097,ACK
1.8202499000,378,Data,0x204,0x8,0x00 0x00 0x00 0x00 0x00 0x00 0x00 0x00,0x79D1,ACK
1.8205060000,379,Data,0x205,0x8,0x00 0x00 0x00 0x00 0x00 0x00 0x00 0x00,0x72CA,ACK
1.8208202000,380,Data,0x209,0x8,0x9F 0x27 0x10 0x04 0x90 0x49 0x00 0x00,0x59C2,ACK
1.8210603000,381,Data,0x20A,0x8,0x00 0x00 0x00 0x00 0x00 0x00 0x00 0x00,0x1B53,ACK
1.8213164000,382,Data,0x20B,0x8,0xBC 0x02 0x64 0x00 0x01 0xC8 0x00 0x00,0x021C,ACK
1.8215605000,383,Data,0x20C,0x8,0x00 0xE4 0x0A 0x34 0x1E 0x07 0x00 0x00,0x6603,ACK
1.8218106000,384,Data,0x301,0x8,0x00 0x00 0x00 0x00 0x00 0x00 0x00 0x00,0x7E55,ACK
1.8220688000,385,Data,0x302,0x2,0x00 0xFF,0x6FC0,ACK
1.8222129000,386,Data,0x485,0x8,0x22 0x00 0x00 0x00 0x62 0x00 0x14 0x0C,0x569F,ACK
1.8397428000,387,Data,0x100,0x8,0x00 0x00 0x04 0x40 0x05 0x4F 0x0F 0x32,0x7282,ACK
1.8476489000,388,Data,0x501,0x8,0xB4 0xC1 0x83 0x58 0x51 0xE5 0xB2 0x6B,0x057E,ACK
1.8478792000,389,Data,0x502,0x8,0x32 0xAC 0x86 0x0E 0x1A 0xB9 0x00 0x00,0x0E93,ACK
1.8481134000,390,Data,0x424,0x8,0x74 0x49 0x4D 0x69 0x00 0x00 0x00 0x00,0x63AD,ACK
1.8483497000,391,Data,0x425,0x8,0x01 0x64 0x49 0x57 0x57 0x58 0x01 0xFF,0x3E52,ACK
1.8485859000,392,Data,0x429,0x8,0x20 0x00 0x00 0x00 0x00 0x00 0x00 0x00,0x7AC7,ACK
1.8488342000,393,Data,0x420,0x8,0xA1 0x14 0xF6 0xFF 0x66 0x03 0x00 0x00,0x1F0E,ACK
1.8490724000,394,Data,0x421,0x8,0x38 0x36 0x31 0x34 0xFB 0x04 0x55 0x04,0x0DC7,ACK
1.8493687000,395,Data,0x422,0x8,0x00 0x00 0x20 0x00 0x15 0x00 0x02 0x00,0x33F1,ACK
1.8497629000,396,Data,0x423,0x8,0xBC 0x02 0x64 0x00 0x3C 0x00 0x01 0x00,0x500B,ACK
1.8554172000,397,Data,0x310,0x8,0xF1 0x0E 0x78 0x05 0x12 0x02 0x01 0xC8,0x2684,ACK
1.8561274000,398,Data,0x311,0x8,0x39 0x1E 0x07 0x3F 0x90 0x01 0x00 0x00,0x66BC,ACK
1.8597435000,399,Data,0x100,0x8,0x00 0x00 0x04 0x40 0x05 0x4F 0x0F 0x32,0x7282,ACK
1.8732034000,400,Data,0x212,0x8,0x52 0x01 0x00 0xC9 0x00 0x00 0x00 0x2A,0x2C4E,ACK
1.8734617000,401,Data,0x211,0x8,0xE4 0x00 0x2A 0x00 0x00 0x00 0x00 0x00,0x0D4D,ACK
1.8737219000,402,Data,0x343,0x8,0x00 0x00 0x00 0x01 0x00 0x00 0x01 0x00,0x103B,ACK
1.8739780000,403,Data,0x341,0x8,0x00 0x00 0x00 0x00 0x02 0x00 0x00 0x00,0x1833,ACK
1.8742763000,404,Data,0x342,0x8,0x05 0x00 0x0F 0x00 0x00 0xE4 0x05 0x34,0x6794,ACK
1.8745365000,405,Data,0x344,0x8,0x00 0x00 0x00 0x03 0x00 0x00 0x00 0x00,0x6F15,ACK
1.8797425000,406,Data,0x100,0x8,0x00 0x00 0x04 0x40 0x05 0x4F 0x0F 0x32,0x7282,ACK
1.8997405000,407,Data,0x100,0x8,0x00 0x00 0x04 0x40 0x05 0x4F 0x0F 0x32,0x7282,ACK
1.9197625000,408,Data,0x100,0x8,0x00 0x00 0x04 0x40 0x05 0x4F 0x0F 0x32,0x7282,ACK
1.9200066000,409,Data,0x203,0x8,0x04 0x00 0x57 0x00 0x57 0x00 0x00 0x00,0x6097,ACK
1.9202528000,410,Data,0x204,0x8,0x00 0x00 0x00 0x00 0x00 0x00 0x00 0x00,0x79D1,ACK
1.9205091000,411,Data,0x205,0x8,0x00 0x00 0x00 0x00 0x00 0x00 0x00 0x00,0x72CA,ACK
1.9208193000,412,Data,0x209,0x8,0x9F 0x27 0x10 0x04 0x90 0x49 0x00 0x00,0x59C2,ACK
1.9210596000,413,Data,0x20A,0x8,0x00 0x00 0x00 0x00 0x00 0x00 0x00 0x00,0x1B53,ACK
1.9213138000,414,Data,0x20B,0x8,0xBC 0x02 0x64 0x00 0x01 0xC8 0x00 0x00,0x021C,ACK
1.9215581000,415,Data,0x20C,0x8,0x00 0xE4 0x0A 0x34 0x1E 0x07 0x00 0x00,0x6603,ACK
1.9397400000,416,Data,0x100,0x8,0x00 0x00 0x04 0x40 0x05 0x4F 0x0F 0x32,0x7282,ACK
1.9597420000,417,Data,0x100,0x8,0x00 0x00 0x04 0x40 0x05 0x4F 0x0F 0x32,0x7282,ACK
1.9731499000,418,Data,0x212,0x8,0x52 0x01 0x00 0xC9 0x00 0x00 0x00 0x2A,0x2C4E,ACK
1.9733902000,419,Data,0x211,0x8,0xE4 0x00 0x2A 0x00 0x00 0x00 0x00 0x00,0x0D4D,ACK
1.9736464000,420,Data,0x343,0x8,0x00 0x00 0x00 0x01 0x00 0x00 0x01 0x00,0x103B,ACK
1.9797424000,421,Data,0x100,0x8,0x00 0x00 0x04 0x40 0x05 0x4F 0x0F 0x32,0x7282,ACK
1.9997404000,422,Data,0x100,0x8,0x00 0x00 0x04 0x40 0x05 0x4F 0x0F 0x32,0x7282,ACK
2.0197824000,423,Data,0x100,0x8,0x00 0x00 0x04 0x40 0x05 0x4F 0x0F 0x32,0x7282,ACK
2.0200266000,424,Data,0x203,0x8,0x04 0x00 0x57 0x00 0x57 0x00 0x00 0x00,0x6097,ACK
2.0202729000,425,Data,0x204,0x8,0x00 0x00 0x00 0x00 0x00 0x00 0x00 0x00,0x79D1,ACK
2.0205291000,426,Data,0x205,0x8,0x00 0x00 0x00 0x00 0x00 0x00 0x00 0x00,0x72CA,ACK
2.0208173000,427,Data,0x209,0x8,0x9F 0x27 0x10 0x04 0x90 0x49 0x00 0x00,0x59C2,ACK
2.0210595000,428,Data,0x20A,0x8,0x00 0x00 0x00 0x00 0x00 0x00 0x00 0x00,0x1B53,ACK
2.0213157000,429,Data,0x20B,0x8,0xBC 0x02 0x64 0x00 0x01 0xC8 0x00 0x00,0x021C,ACK
2.0215600000,430,Data,0x20C,0x8,0x00 0xE4 0x0A 0x34 0x1E 0x07 0x00 0x00,0x6603,ACK
2.0218102000,431,Data,0x301,0x8,0x00 0x00 0x00 0x00 0x00 0x00 0x00 0x00,0x7E55,ACK
2.0220665000,432,Data,0x302,0x2,0x00 0xFF,0x6FC0,ACK
2.0222107000,433,Data,0x485,0x8,0x22 0x00 0x00 0x00 0x62 0x00 0x14 0x0C,0x569F,ACK
2.0224590000,434,Data,0x480,0x8,0x00 0x00 0x00 0x00 0x21 0x00 0x00 0x00,0x32BE,ACK
2.0227152000,435,Data,0x481,0x8,0xCA 0x17 0x08 0x13 0x00 0x00 0x00 0x00,0x1AA4,ACK
2.0229594000,436,Data,0x482,0x8,0x52 0x01 0x02 0x00 0x00 0x00 0x00 0x00,0x36EA,ACK
2.0232077000,437,Data,0x483,0x8,0x31 0x4B 0x31 0x55 0x41 0x32 0x35 0x35,0x717E,ACK
2.0234419000,438,Data,0x484,0x8,0x31 0x50 0x33 0x39 0x36 0x35 0x00 0x00,0x0196,ACK
2.0397399000,439,Data,0x100,0x8,0x00 0x00 0x04 0x40 0x05 0x4F 0x0F 0x32,0x7282,ACK
2.0556602000,440,Data,0x311,0x8,0x39 0x1E 0x07 0x3F 0x90 0x01 0x00 0x00,0x66BC,ACK
2.0570544000,441,Data,0x310,0x8,0xF1 0x0E 0x78 0x05 0x12 0x02 0x01 0xC8,0x2684,ACK
2.0597385000,442,Data,0x100,0x8,0x00 0x00 0x04 0x40 0x05 0x4F 0x0F 0x32,0x7282,ACK
2.0731824000,443,Data,0x212,0x8,0x52 0x01 0x00 0xC9 0x00 0x00 0x00 0x2A,0x2C4E,ACK
2.0734226000,444,Data,0x211,0x8,0xE4 0x00 0x2A 0x00 0x00 0x00 0x00 0x00,0x0D4D,ACK
2.0736788000,445,Data,0x343,0x8,0x00 0x00 0x00 0x01 0x00 0x00 0x01 0x00,0x103B,ACK
2.0739370000,446,Data,0x341,0x8,0x00 0x00 0x00 0x00 0x02 0x00 0x00 0x00,0x1833,ACK
2.0742313000,447,Data,0x342,0x8,0x05 0x00 0x0F 0x00 0x00 0xE4 0x05 0x34,0x6794,ACK
2.0744915000,448,Data,0x344,0x8,0x00 0x00 0x00 0x03 0x00 0x00 0x00 0x00,0x6F15,ACK
2.0797396000,449,Data,0x100,0x8,0x00 0x00 0x04 0x40 0x05 0x4F 0x0F 0x32,0x7282,ACK
2.0997376000,450,Data,0x100,0x8,0x00 0x00 0x04 0x40 0x05 0x4F 0x0F 0x32,0x7282,ACK
2.1197595000,451,Data,0x100,0x8,0x00 0x00 0x04 0x40 0x05 0x4F 0x0F 0x32,0x7282,ACK
2.1200038000,452,Data,0x203,0x8,0x04 0x00 0x57 0x00 0x57 0x00 0x00 0x00,0x6097,ACK
2.1202500000,453,Data,0x204,0x8,0x00 0x00 0x00 0x00 0x00 0x00 0x00 0x00,0x79D1,ACK
2.1205063000,454,Data,0x205,0x8,0x00 0x00 0x00 0x00 0x00 0x00 0x00 0x00,0x72CA,ACK
2.1208005000,455,Data,0x209,0x8,0x9F 0x27 0x10 0x04 0x90 0x49 0x00 0x00,0x59C2,ACK
2.1210408000,456,Data,0x20A,0x8,0x00 0x00 0x00 0x00 0x00 0x00 0x00 0x00,0x1B53,ACK
2.1212950000,457,Data,0x20B,0x8,0xBC 0x02 0x64 0x00 0x01 0xC8 0x00 0x00,0x021C,ACK
2.1215392000,458,Data,0x20C,0x8,0x00 0xE4 0x0A 0x34 0x1E 0x07 0x00 0x00,0x6603,ACK
2.1397372000,459,Data,0x100,0x8,0x00 0x00 0x04 0x40 0x05 0x4F 0x0F 0x32,0x7282,ACK
2.1597392000,460,Data,0x100,0x8,0x00 0x00 0x04 0x40 0x05 0x4F 0x0F 0x32,0x7282,ACK
2.1731930000,461,Data,0x212,0x8,0x52 0x01 0x00 0xC9 0x00 0x00 0x00 0x2A,0x2C4E,ACK
2.1734512000,462,Data,0x211,0x8,0xE4 0x00 0x2A 0x00 0x00 0x00 0x00 0x00,0x0D4D,ACK
2.1737114000,463,Data,0x343,0x8,0x00 0x00 0x00 0x01 0x00 0x00 0x01 0x00,0x103B,ACK
2.1739677000,464,Data,0x401,0x8,0x00 0x00 0x34 0x00 0x05 0x2A 0x00 0x00,0x4E01,ACK
2.1797398000,465,Data,0x100,0x8,0x00 0x00 0x04 0x40 0x05 0x4F 0x0F 0x32,0x7282,ACK
2.1997376000,466,Data,0x100,0x8,0x00 0x00 0x04 0x40 0x05 0x4F 0x0F 0x32,0x7282,ACK
2.2197654000,467,Data,0x100,0x8,0x00 0x00 0x04 0x40 0x05 0x4F 0x0F 0x32,0x7282,ACK
2.2200096000,468,Data,0x203,0x8,0x04 0x00 0x57 0x00 0x57 0x00 0x00 0x00,0x6097,ACK
2.2202557000,469,Data,0x204,0x8,0x00 0x00 0x00 0x00 0x00 0x00 0x00 0x00,0x79D1,ACK
2.2205138000,470,Data,0x205,0x8,0x00 0x00 0x00 0x00 0x00 0x00 0x00 0x00,0x72CA,ACK
2.2208139000,471,Data,0x209,0x8,0x9F 0x27 0x10 0x04 0x90 0x49 0x00 0x00,0x59C2,ACK
2.2210540000,472,Data,0x20A,0x8,0x00 0x00 0x00 0x00 0x00 0x00 0x00 0x00,0x1B53,ACK
2.2213102000,473,Data,0x20B,0x8,0xBC 0x02 0x64 0x00 0x01 0xC8 0x00 0x00,0x021C,ACK
2.2215543000,474,Data,0x20C,0x8,0x00 0xE4 0x0A 0x34 0x1E 0x07 0x00 0x00,0x6603,ACK
2.2218044000,475,Data,0x301,0x8,0x00 0x00 0x00 0x00 0x00 0x00 0x00 0x00,0x7E55,ACK
2.2220625000,476,Data,0x302,0x2,0x00 0xFF,0x6FC0,ACK
2.2222066000,477,Data,0x485,0x8,0x22 0x00 0x00 0x00 0x62 0x00 0x14 0x0C,0x569F,ACK
2.2397365000,478,Data,0x100,0x8,0x00 0x00 0x04 0x40 0x05 0x4F 0x0F 0x32,0x7282,ACK
2.2557067000,479,Data,0x311,0x8,0x39 0x1E 0x07 0x3F 0x90 0x01 0x00 0x00,0x66BC,ACK
2.2571050000,480,Data,0x310,0x8,0xF1 0x0E 0x78 0x05 0x12 0x02 0x01 0xC8,0x2684,ACK
2.2597371000,481,Data,0x100,0x8,0x00 0x00 0x04 0x40 0x05 0x4F 0x0F 0x32,0x7282,ACK
2.2731811000,482,Data,0x212,0x8,0x52 0x01 0x00 0xC9 0x00 0x00 0x00 0x2A,0x2C4E,ACK
2.2734413000,483,Data,0x211,0x8,0xE4 0x00 0x2A 0x00 0x00 0x00 0x00 0x00,0x0D4D,ACK
2.2737016000,484,Data,0x343,0x8,0x00 0x00 0x00 0x01 0x00 0x00 0x01 0x00,0x103B,ACK
2.2739778000,485,Data,0x341,0x8,0x00 0x00 0x00 0x00 0x02 0x00 0x00 0x00,0x1833,ACK
2.2742340000,486,Data,0x342,0x8,0x05 0x00 0x0F 0x00 0x00 0xE4 0x05 0x34,0x6794,ACK
2.2744903000,487,Data,0x344,0x8,0x00 0x00 0x00 0x03 0x00 0x00 0x00 0x00,0x6F15,ACK
2.2797363000,488,Data,0x100,0x8,0x00 0x00 0x04 0x40 0x05 0x4F 0x0F 0x32,0x7282,ACK
2.2997363000,489,Data,0x100,0x8,0x00 0x00 0x04 0x40 0x05 0x4F 0x0F 0x32,0x7282,ACK
2.3197542000,490,Data,0x100,0x8,0x00 0x00 0x04 0x40 0x05 0x4F 0x0F 0x32,0x7282,ACK
2.3200005000,491,Data,0x203,0x8,0x04 0x00 0x57 0x00 0x57 0x00 0x00 0x00,0x6097,ACK
2.3202467000,492,Data,0x204,0x8,0x00 0x00 0x00 0x00 0x00 0x00 0x00 0x00,0x79D1,ACK
2.3205050000,493,Data,0x205,0x8,0x00 0x00 0x00 0x00 0x00 0x00 0x00 0x00,0x72CA,ACK
2.3208132000,494,Data,0x209,0x8,0x9F 0x27 0x10 0x04 0x90 0x49 0x00 0x00,0x59C2,ACK
2.3210535000,495,Data,0x20A,0x8,0x00 0x00 0x00 0x00 0x00 0x00 0x00 0x00,0x1B53,ACK
2.3213097000,496,Data,0x20B,0x8,0xBC 0x02 0x64 0x00 0x01 0xC8 0x00 0x00,0x021C,ACK
2.3215539000,497,Data,0x20C,0x8,0x00 0xE4 0x0A 0x34 0x1E 0x07 0x00 0x00,0x6603,ACK
2.3397379000,498,Data,0x100,0x8,0x00 0x00 0x04 0x40 0x05 0x4F 0x0F 0x32,0x7282,ACK
2.3483281000,499,Data,0x420,0x8,0xA1 0x14 0xF6 0xFF 0x66 0x03 0x00 0x00,0x1F0E,ACK
2.3485663000,500,Data,0x421,0x8,0x38 0x36 0x31 0x34 0xFB 0x04 0x55 0x04,0x0DC7,ACK
2.3492746000,501,Data,0x423,0x8,0xBC 0x02 0x64 0x00 0x3C 0x00 0x01 0x00,0x500B,ACK
2.3502248000,502,Data,0x425,0x8,0x01 0x64 0x49 0x57 0x57 0x58 0x01 0xFF,0x3E52,ACK
2.3504611000,503,Data,0x429,0x8,0x20 0x00 0x00 0x00 0x00 0x00 0x00 0x00,0x7AC7,ACK
2.3511793000,504,Data,0x422,0x8,0x00 0x00 0x20 0x00 0x15 0x00 0x02 0x00,0x33F1,ACK
2.3597354000,505,Data,0x100,0x8,0x00 0x00 0x04 0x40 0x05 0x4F 0x0F 0x32,0x7282,ACK
2.3731573000,506,Data,0x212,0x8,0x52 0x01 0x00 0xC9 0x00 0x00 0x00 0x2A,0x2C4E,ACK
2.3733974000,507,Data,0x211,0x8,0xE4 0x00 0x2A 0x00 0x00 0x00 0x00 0x00,0x0D4D,ACK
2.3736537000,508,Data,0x343,0x8,0x00 0x00 0x00 0x01 0x00 0x00 0x01 0x00,0x103B,ACK
2.3797357000,509,Data,0x100,0x8,0x00 0x00 0x04 0x40 0x05 0x4F 0x0F 0x32,0x7282,ACK
2.3997337000,510,Data,0x100,0x8,0x00 0x00 0x04 0x40 0x05 0x4F 0x0F 0x32,0x7282,ACK
2.4197616000,511,Data,0x100,0x8,0x00 0x00 0x04 0x40 0x05 0x4F 0x0F 0x32,0x7282,ACK
2.4200058000,512,Data,0x203,0x8,0x04 0x00 0x57 0x00 0x57 0x00 0x00 0x00,0x6097,ACK
2.4202520000,513,Data,0x204,0x8,0x00 0x00 0x00 0x00 0x00 0x00 0x00 0x00,0x79D1,ACK
2.4205082000,514,Data,0x205,0x8,0x00 0x00 0x00 0x00 0x00 0x00 0x00 0x00,0x72CA,ACK
2.4208125000,515,Data,0x209,0x8,0x9F 0x27 0x10 0x04 0x90 0x49 0x00 0x00,0x59C2,ACK
2.4210527000,516,Data,0x20A,0x8,0x00 0x00 0x00 0x00 0x00 0x00 0x00 0x00,0x1B53,ACK
2.4213070000,517,Data,0x20B,0x8,0xBC 0x02 0x64 0x00 0x01 0xC8 0x00 0x00,0x021C,ACK
2.4215512000,518,Data,0x20C,0x8,0x00 0xE4 0x0A 0x34 0x1E 0x07 0x00 0x00,0x6603,ACK
2.4218015000,519,Data,0x301,0x8,0x00 0x00 0x00 0x00 0x00 0x00 0x00 0x00,0x7E55,ACK
2.4220577000,520,Data,0x302,0x2,0x00 0xFF,0x6FC0,ACK
2.4222020000,521,Data,0x485,0x8,0x22 0x00 0x00 0x00 0x62 0x00 0x14 0x0C,0x569F,ACK
2.4397360000,522,Data,0x100,0x8,0x00 0x00 0x04 0x40 0x05 0x4F 0x0F 0x32,0x7282,ACK
2.4568082000,523,Data,0x311,0x8,0x39 0x1E 0x07 0x3F 0x90 0x01 0x00 0x00,0x66BC,ACK
2.4582105000,524,Data,0x310,0x8,0xF1 0x0E 0x78 0x05 0x12 0x02 0x01 0xC8,0x2684,ACK
2.4597325000,525,Data,0x100,0x8,0x00 0x00 0x04 0x40 0x05 0x4F 0x0F 0x32,0x7282,ACK
2.4731924000,526,Data,0x212,0x8,0x52 0x01 0x00 0xC9 0x00 0x00 0x00 0x2A,0x2C4E,ACK
2.4734526000,527,Data,0x211,0x8,0xE4 0x00 0x2A 0x00 0x00 0x00 0x00 0x00,0x0D4D,ACK
2.4737108000,528,Data,0x343,0x8,0x00 0x00 0x00 0x01 0x00 0x00 0x01 0x00,0x103B,ACK
2.4739691000,529,Data,0x341,0x8,0x00 0x00 0x00 0x00 0x02 0x00 0x00 0x00,0x1833,ACK
2.4742653000,530,Data,0x342,0x8,0x05 0x00 0x0F 0x00 0x00 0xE4 0x05 0x34,0x6794,ACK
2.4745256000,531,Data,0x344,0x8,0x00 0x00 0x00 0x03 0x00 0x00 0x00 0x00,0x6F15,ACK
2.4797336000,532,Data,0x100,0x8,0x00 0x00 0x04 0x40 0x05 0x4F 0x0F 0x32,0x7282,ACK
2.4997336000,533,Data,0x100,0x8,0x00 0x00 0x04 0x40 0x05 0x4F 0x0F 0x32,0x7282,ACK
2.5197515000,534,Data,0x100,0x8,0x00 0x00 0x04 0x40 0x05 0x4F 0x0F 0x32,0x7282,ACK
2.5199978000,535,Data,0x203,0x8,0x04 0x00 0x57 0x00 0x57 0x00 0x00 0x00,0x6097,ACK
2.5202460000,536,Data,0x204,0x8,0x00 0x00 0x00 0x00 0x00 0x00 0x00 0x00,0x79D1,ACK
2.5205023000,537,Data,0x205,0x8,0x00 0x00 0x00 0x00 0x00 0x00 0x00 0x00,0x72CA,ACK
2.5208105000,538,Data,0x209,0x8,0x9F 0x27 0x10 0x04 0x90 0x49 0x00 0x00,0x59C2,ACK
2.5210508000,539,Data,0x20A,0x8,0x00 0x00 0x00 0x00 0x00 0x00 0x00 0x00,0x1B53,ACK
2.5213050000,540,Data,0x20B,0x8,0xBC 0x02 0x64 0x00 0x01 0xC8 0x00 0x00,0x021C,ACK
2.5215491000,541,Data,0x20C,0x8,0x00 0xE4 0x0A 0x34 0x1E 0x07 0x00 0x00,0x6603,ACK
2.5397311000,542,Data,0x100,0x8,0x00 0x00 0x04 0x40 0x05 0x4F 0x0F 0x32,0x7282,ACK
2.5597331000,543,Data,0x100,0x8,0x00 0x00 0x04 0x40 0x05 0x4F 0x0F 0x32,0x7282,ACK
2.5731649000,544,Data,0x212,0x8,0x52 0x01 0x00 0xC9 0x00 0x00 0x00 0x2A,0x2C4E,ACK
2.5734232000,545,Data,0x211,0x8,0xE4 0x00 0x2A 0x00 0x00 0x00 0x00 0x00,0x0D4D,ACK
2.5736834000,546,Data,0x343,0x8,0x00 0x00 0x00 0x01 0x00 0x00 0x01 0x00,0x103B,ACK
2.5797335000,547,Data,0x100,0x8,0x00 0x00 0x04 0x40 0x05 0x4F 0x0F 0x32,0x7282,ACK
2.5997315000,548,Data,0x100,0x8,0x00 0x00 0x04 0x40 0x05 0x4F 0x0F 0x32,0x7282,ACK
2.6197593000,549,Data,0x100,0x8,0x00 0x00 0x04 0x40 0x05 0x4F 0x0F 0x32,0x7282,ACK
2.6200054000,550,Data,0x203,0x8,0x04 0x00 0x57 0x00 0x57 0x00 0x00 0x00,0x6097,ACK
2.6202536000,551,Data,0x204,0x8,0x00 0x00 0x00 0x00 0x00 0x00 0x00 0x00,0x79D1,ACK
2.6205097000,552,Data,0x205,0x8,0x00 0x00 0x00 0x00 0x00 0x00 0x00 0x00,0x72CA,ACK
2.6208098000,553,Data,0x209,0x8,0x9F 0x27 0x10 0x04 0x90 0x49 0x00 0x00,0x59C2,ACK
2.6210499000,554,Data,0x20A,0x8,0x00 0x00 0x00 0x00 0x00 0x00 0x00 0x00,0x1B53,ACK
2.6213041000,555,Data,0x20B,0x8,0xBC 0x02 0x64 0x00 0x01 0xC8 0x00 0x00,0x021C,ACK
2.6215482000,556,Data,0x20C,0x8,0x00 0xE4 0x0A 0x34 0x1E 0x07 0x00 0x00,0x6603,ACK
2.6217983000,557,Data,0x301,0x8,0x00 0x00 0x00 0x00 0x00 0x00 0x00 0x00,0x7E55,ACK
2.6220544000,558,Data,0x302,0x2,0x00 0xFF,0x6FC0,ACK
2.6222005000,559,Data,0x485,0x8,0x22 0x00 0x00 0x00 0x62 0x00 0x14 0x0C,0x569F,ACK
2.6397324000,560,Data,0x100,0x8,0x00 0x00 0x04 0x40 0x05 0x4F 0x0F 0x32,0x7282,ACK
2.6570605000,561,Data,0x311,0x8,0x39 0x1E 0x07 0x3F 0x90 0x01 0x00 0x00,0x66BC,ACK
2.6584807000,562,Data,0x310,0x8,0xF1 0x0E 0x78 0x05 0x12 0x02 0x01 0xC8,0x2684,ACK
2.6597309000,563,Data,0x100,0x8,0x00 0x00 0x04 0x40 0x05 0x4F 0x0F 0x32,0x7282,ACK
2.6731588000,564,Data,0x212,0x8,0x52 0x01 0x00 0xC9 0x00 0x00 0x00 0x2A,0x2C4E,ACK
2.6734011000,565,Data,0x211,0x8,0xE4 0x00 0x2A 0x00 0x00 0x00 0x00 0x00,0x0D4D,ACK
2.6736573000,566,Data,0x343,0x8,0x00 0x00 0x00 0x01 0x00 0x00 0x01 0x00,0x103B,ACK
2.6739176000,567,Data,0x341,0x8,0x00 0x00 0x00 0x00 0x02 0x00 0x00 0x00,0x1833,ACK
2.6742158000,568,Data,0x342,0x8,0x05 0x00 0x0F 0x00 0x00 0xE4 0x05 0x34,0x6794,ACK
2.6744721000,569,Data,0x344,0x8,0x00 0x00 0x00 0x03 0x00 0x00 0x00 0x00,0x6F15,ACK
2.6747323000,570,Data,0x401,0x8,0x00 0x00 0x34 0x00 0x05 0x2A 0x00 0x00,0x4E01,ACK
2.6797303000,571,Data,0x100,0x8,0x00 0x00 0x04 0x40 0x05 0x4F 0x0F 0x32,0x7282,ACK
2.6997303000,572,Data,0x100,0x8,0x00 0x00 0x04 0x40 0x05 0x4F 0x0F 0x32,0x7282,ACK
2.7197502000,573,Data,0x100,0x8,0x00 0x00 0x04 0x40 0x05 0x4F 0x0F 0x32,0x7282,ACK
2.7199945000,574,Data,0x203,0x8,0x04 0x00 0x57 0x00 0x57 0x00 0x00 0x00,0x6097,ACK
2.7202407000,575,Data,0x204,0x8,0x00 0x00 0x00 0x00 0x00 0x00 0x00 0x00,0x79D1,ACK
2.7204970000,576,Data,0x205,0x8,0x00 0x00 0x00 0x00 0x00 0x00 0x00 0x00,0x72CA,ACK
2.7207932000,577,Data,0x209,0x8,0x9F 0x27 0x10 0x04 0x90 0x49 0x00 0x00,0x59C2,ACK
2.7210355000,578,Data,0x20A,0x8,0x00 0x00 0x00 0x00 0x00 0x00 0x00 0x00,0x1B53,ACK
2.7212917000,579,Data,0x20B,0x8,0xBC 0x02 0x64 0x00 0x01 0xC8 0x00 0x00,0x021C,ACK
2.7215360000,580,Data,0x20C,0x8,0x00 0xE4 0x0A 0x34 0x1E 0x07 0x00 0x00,0x6603,ACK
2.7397299000,581,Data,0x100,0x8,0x00 0x00 0x04 0x40 0x05 0x4F 0x0F 0x32,0x7282,ACK
2.7597299000,582,Data,0x100,0x8,0x00 0x00 0x04 0x40 0x05 0x4F 0x0F 0x32,0x7282,ACK
2.7731758000,583,Data,0x212,0x8,0x52 0x01 0x00 0xC9 0x00 0x00 0x00 0x2A,0x2C4E,ACK
2.7734379000,584,Data,0x211,0x8,0xE4 0x00 0x2A 0x00 0x00 0x00 0x00 0x00,0x0D4D,ACK
2.7736942000,585,Data,0x343,0x8,0x00 0x00 0x00 0x01 0x00 0x00 0x01 0x00,0x103B,ACK
2.7797302000,586,Data,0x100,0x8,0x00 0x00 0x04 0x40 0x05 0x4F 0x0F 0x32,0x7282,ACK
2.7997282000,587,Data,0x100,0x8,0x00 0x00 0x04 0x40 0x05 0x4F 0x0F 0x32,0x7282,ACK
2.8197561000,588,Data,0x100,0x8,0x00 0x00 0x04 0x40 0x05 0x4F 0x0F 0x32,0x7282,ACK
2.8200024000,589,Data,0x203,0x8,0x04 0x00 0x57 0x00 0x57 0x00 0x00 0x00,0x6097,ACK
2.8202506000,590,Data,0x204,0x8,0x00 0x00 0x00 0x00 0x00 0x00 0x00 0x00,0x79D1,ACK
2.8205069000,591,Data,0x205,0x8,0x00 0x00 0x00 0x00 0x00 0x00 0x00 0x00,0x72CA,ACK
2.8208071000,592,Data,0x209,0x8,0x9F 0x27 0x10 0x04 0x90 0x49 0x00 0x00,0x59C2,ACK
2.8210474000,593,Data,0x20A,0x8,0x00 0x00 0x00 0x00 0x00 0x00 0x00 0x00,0x1B53,ACK
2.8213036000,594,Data,0x20B,0x8,0xBC 0x02 0x64 0x00 0x01 0xC8 0x00 0x00,0x021C,ACK
2.8215479000,595,Data,0x20C,0x8,0x00 0xE4 0x0A 0x34 0x1E 0x07 0x00 0x00,0x6603,ACK
2.8217981000,596,Data,0x301,0x8,0x00 0x00 0x00 0x00 0x00 0x00 0x00 0x00,0x7E55,ACK
2.8220544000,597,Data,0x302,0x2,0x00 0xFF,0x6FC0,ACK
2.8221986000,598,Data,0x485,0x8,0x22 0x00 0x00 0x00 0x62 0x00 0x14 0x0C,0x569F,ACK
2.8397286000,599,Data,0x100,0x8,0x00 0x00 0x04 0x40 0x05 0x4F 0x0F 0x32,0x7282,ACK
2.8474487000,600,Data,0x424,0x8,0x75 0x49 0x4D 0x69 0x00 0x00 0x00 0x00,0x349D,ACK
2.8486870000,601,Data,0x500,0x8,0x48 0x48 0x49 0xFF 0x48 0x48 0x48 0xFF,0x3C42,ACK
2.8497513000,602,Data,0x425,0x8,0x01 0x64 0x49 0x57 0x57 0x58 0x01 0xFF,0x3E52,ACK
2.8501315000,603,Data,0x420,0x8,0xA1 0x14 0xF4 0xFF 0x66 0x03 0x00 0x00,0x2356,ACK
2.8503658000,604,Data,0x421,0x8,0x38 0x36 0x31 0x34 0xFB 0x04 0x55 0x04,0x0DC7,ACK
2.8507600000,605,Data,0x422,0x8,0x00 0x00 0x20 0x00 0x15 0x00 0x02 0x00,0x33F1,ACK
2.8511403000,606,Data,0x423,0x8,0xBC 0x02 0x64 0x00 0x3C 0x00 0x01 0x00,0x500B,ACK
2.8522085000,607,Data,0x429,0x8,0x20 0x00 0x00 0x00 0x00 0x00 0x00 0x00,0x7AC7,ACK
2.8575728000,608,Data,0x311,0x8,0x39 0x1E 0x07 0x3F 0x90 0x01 0x00 0x00,0x66BC,ACK
2.8589670000,609,Data,0x310,0x8,0xF1 0x0E 0x78 0x05 0x12 0x02 0x01 0xC8,0x2684,ACK
2.8597172000,610,Data,0x100,0x8,0x00 0x00 0x04 0x40 0x05 0x4F 0x0F 0x32,0x7282,ACK
2.8731651000,611,Data,0x212,0x8,0x52 0x01 0x00 0xC9 0x00 0x00 0x00 0x2A,0x2C4E,ACK
2.8734233000,612,Data,0x211,0x8,0xE4 0x00 0x2A 0x00 0x00 0x00 0x00 0x00,0x0D4D,ACK
2.8736836000,613,Data,0x343,0x8,0x00 0x00 0x00 0x01 0x00 0x00 0x01 0x00,0x103B,ACK
2.8739638000,614,Data,0x341,0x8,0x00 0x00 0x00 0x00 0x02 0x00 0x00 0x00,0x1833,ACK
2.8742401000,615,Data,0x342,0x8,0x05 0x00 0x0F 0x00 0x00 0xE4 0x05 0x34,0x6794,ACK
2.8744983000,616,Data,0x344,0x8,0x00 0x00 0x00 0x03 0x00 0x00 0x00 0x00,0x6F15,ACK
2.8797284000,617,Data,0x100,0x8,0x00 0x00 0x04 0x40 0x05 0x4F 0x0F 0x32,0x7282,ACK
2.8997283000,618,Data,0x100,0x8,0x00 0x00 0x04 0x40 0x05 0x4F 0x0F 0x32,0x7282,ACK
2.9197463000,619,Data,0x100,0x8,0x00 0x00 0x04 0x40 0x05 0x4F 0x0F 0x32,0x7282,ACK
2.9199925000,620,Data,0x203,0x8,0x04 0x00 0x57 0x00 0x57 0x00 0x00 0x00,0x6097,ACK
2.9202387000,621,Data,0x204,0x8,0x00 0x00 0x00 0x00 0x00 0x00 0x00 0x00,0x79D1,ACK
2.9204949000,622,Data,0x205,0x8,0x00 0x00 0x00 0x00 0x00 0x00 0x00 0x00,0x72CA,ACK
2.9208032000,623,Data,0x209,0x8,0x9F 0x27 0x10 0x04 0x90 0x49 0x00 0x00,0x59C2,ACK
2.9210434000,624,Data,0x20A,0x8,0x00 0x00 0x00 0x00 0x00 0x00 0x00 0x00,0x1B53,ACK
2.9212977000,625,Data,0x20B,0x8,0xBC 0x02 0x64 0x00 0x01 0xC8 0x00 0x00,0x021C,ACK
2.9215439000,626,Data,0x20C,0x8,0x00 0xE4 0x0A 0x34 0x1E 0x07 0x00 0x00,0x6603,ACK
2.9397259000,627,Data,0x100,0x8,0x00 0x00 0x04 0x40 0x05 0x4F 0x0F 0x32,0x7282,ACK
2.9597278000,628,Data,0x100,0x8,0x00 0x00 0x04 0x40 0x05 0x4F 0x0F 0x32,0x7282,ACK
2.9731637000,629,Data,0x212,0x8,0x52 0x01 0x00 0xC9 0x00 0x00 0x00 0x2A,0x2C4E,ACK
2.9734460000,630,Data,0x211,0x8,0xE4 0x00 0x2A 0x00 0x00 0x00 0x00 0x00,0x0D4D,ACK
2.9737042000,631,Data,0x343,0x8,0x00 0x00 0x00 0x01 0x00 0x00 0x01 0x00,0x103B,ACK
2.9797263000,632,Data,0x100,0x8,0x00 0x00 0x04 0x40 0x05 0x4F 0x0F 0x32,0x7282,ACK
2.9997263000,633,Data,0x100,0x8,0x00 0x00 0x04 0x40 0x05 0x4F 0x0F 0x32,0x7282,ACK
3.0197662000,634,Data,0x100,0x8,0x00 0x00 0x04 0x40 0x05 0x4F 0x0F 0x32,0x7282,ACK
3.0200103000,635,Data,0x203,0x8,0x04 0x00 0x57 0x00 0x57 0x00 0x00 0x00,0x6097,ACK
3.0202585000,636,Data,0x204,0x8,0x00 0x00 0x00 0x00 0x00 0x00 0x00 0x00,0x79D1,ACK
3.0205146000,637,Data,0x205,0x8,0x00 0x00 0x00 0x00 0x00 0x00 0x00 0x00,0x72CA,ACK
3.0208027000,638,Data,0x209,0x8,0x9F 0x27 0x10 0x04 0x90 0x49 0x00 0x00,0x59C2,ACK
3.0210428000,639,Data,0x20A,0x8,0x00 0x00 0x00 0x00 0x00 0x00 0x00 0x00,0x1B53,ACK
3.0212969000,640,Data,0x20B,0x8,0xBC 0x02 0x64 0x00 0x01 0xC8 0x00 0x00,0x021C,ACK
3.0215431000,641,Data,0x20C,0x8,0x00 0xE4 0x0A 0x34 0x1E 0x07 0x00 0x00,0x6603,ACK
3.0217932000,642,Data,0x301,0x8,0x00 0x00 0x00 0x00 0x00 0x00 0x00 0x00,0x7E55,ACK
3.0220493000,643,Data,0x302,0x2,0x00 0xFF,0x6FC0,ACK
3.0221954000,644,Data,0x485,0x8,0x22 0x00 0x00 0x00 0x62 0x00 0x14 0x0C,0x569F,ACK
3.0224435000,645,Data,0x480,0x8,0x00 0x00 0x00 0x00 0x21 0x00 0x00 0x00,0x32BE,ACK
3.0226997000,646,Data,0x481,0x8,0xCA 0x17 0x08 0x13 0x00 0x00 0x00 0x00,0x1AA4,ACK
3.0229418000,647,Data,0x482,0x8,0x52 0x01 0x02 0x00 0x00 0x00 0x00 0x00,0x36EA,ACK
3.0231899000,648,Data,0x483,0x8,0x31 0x4B 0x31 0x55 0x41 0x32 0x35 0x35,0x717E,ACK
3.0234240000,649,Data,0x484,0x8,0x31 0x50 0x33 0x39 0x36 0x35 0x00 0x00,0x0196,ACK
3.0397259000,650,Data,0x100,0x8,0x00 0x00 0x04 0x40 0x05 0x4F 0x0F 0x32,0x7282,ACK
3.0573800000,651,Data,0x311,0x8,0x39 0x1E 0x07 0x3F 0x90 0x01 0x00 0x00,0x66BC,ACK
3.0588443000,652,Data,0x310,0x8,0xF1 0x0E 0x78 0x05 0x12 0x02 0x01 0xC8,0x2684,ACK
3.0597244000,653,Data,0x100,0x8,0x00 0x00 0x04 0x40 0x05 0x4F 0x0F 0x32,0x7282,ACK
3.0731843000,654,Data,0x212,0x8,0x52 0x01 0x00 0xC9 0x00 0x00 0x00 0x2A,0x2C4E,ACK
3.0734446000,655,Data,0x211,0x8,0xE4 0x00 0x2A 0x00 0x00 0x00 0x00 0x00,0x0D4D,ACK
3.0737008000,656,Data,0x343,0x8,0x00 0x00 0x00 0x01 0x00 0x00 0x01 0x00,0x103B,ACK
3.0739831000,657,Data,0x341,0x8,0x00 0x00 0x00 0x00 0x02 0x00 0x00 0x00,0x1833,ACK
3.0742613000,658,Data,0x342,0x8,0x05 0x00 0x0F 0x00 0x00 0xE4 0x05 0x34,0x6794,ACK
3.0745396000,659,Data,0x344,0x8,0x00 0x00 0x00 0x03 0x00 0x00 0x00 0x00,0x6F15,ACK
3.0797256000,660,Data,0x100,0x8,0x00 0x00 0x04 0x40 0x05 0x4F 0x0F 0x32,0x7282,ACK
3.0997255000,661,Data,0x100,0x8,0x00 0x00 0x04 0x40 0x05 0x4F 0x0F 0x32,0x7282,ACK
3.1197454000,662,Data,0x100,0x8,0x00 0x00 0x04 0x40 0x05 0x4F 0x0F 0x32,0x7282,ACK
3.1199916000,663,Data,0x203,0x8,0x04 0x00 0x57 0x00 0x57 0x00 0x00 0x00,0x6097,ACK
3.1202379000,664,Data,0x204,0x8,0x00 0x00 0x00 0x00 0x00 0x00 0x00 0x00,0x79D1,ACK
3.1204941000,665,Data,0x205,0x8,0x00 0x00 0x00 0x00 0x00 0x00 0x00 0x00,0x72CA,ACK
3.1208004000,666,Data,0x209,0x8,0x9F 0x27 0x10 0x04 0x90 0x49 0x00 0x00,0x59C2,ACK
3.1210406000,667,Data,0x20A,0x8,0x00 0x00 0x00 0x00 0x00 0x00 0x00 0x00,0x1B53,ACK
3.1212948000,668,Data,0x20B,0x8,0xBC 0x02 0x64 0x00 0x01 0xC8 0x00 0x00,0x021C,ACK
3.1215391000,669,Data,0x20C,0x8,0x00 0xE4 0x0A 0x34 0x1E 0x07 0x00 0x00,0x6603,ACK
3.1397251000,670,Data,0x100,0x8,0x00 0x00 0x04 0x40 0x05 0x4F 0x0F 0x32,0x7282,ACK
3.1597230000,671,Data,0x100,0x8,0x00 0x00 0x04 0x40 0x05 0x4F 0x0F 0x32,0x7282,ACK
3.1731590000,672,Data,0x212,0x8,0x52 0x01 0x00 0xC9 0x00 0x00 0x00 0x2A,0x2C4E,ACK
3.1734192000,673,Data,0x211,0x8,0xE4 0x00 0x2A 0x00 0x00 0x00 0x00 0x00,0x0D4D,ACK
3.1736755000,674,Data,0x343,0x8,0x00 0x00 0x00 0x01 0x00 0x00 0x01 0x00,0x103B,ACK
3.1739577000,675,Data,0x401,0x8,0x00 0x00 0x34 0x00 0x05 0x2A 0x00 0x00,0x4E01,ACK
3.1797237000,676,Data,0x100,0x8,0x00 0x00 0x04 0x40 0x05 0x4F 0x0F 0x32,0x7282,ACK
3.1997237000,677,Data,0x100,0x8,0x00 0x00 0x04 0x40 0x05 0x4F 0x0F 0x32,0x7282,ACK
3.2197497000,678,Data,0x100,0x8,0x00 0x00 0x04 0x40 0x05 0x4F 0x0F 0x32,0x7282,ACK
3.2199939000,679,Data,0x203,0x8,0x04 0x00 0x57 0x00 0x57 0x00 0x00 0x00,0x6097,ACK
3.2202401000,680,Data,0x204,0x8,0x00 0x00 0x00 0x00 0x00 0x00 0x00 0x00,0x79D1,ACK
3.2204964000,681,Data,0x205,0x8,0x00 0x00 0x00 0x00 0x00 0x00 0x00 0x00,0x72CA,ACK
3.2207986000,682,Data,0x209,0x8,0x9F 0x27 0x10 0x04 0x90 0x49 0x00 0x00,0x59C2,ACK
3.2210389000,683,Data,0x20A,0x8,0x00 0x00 0x00 0x00 0x00 0x00 0x00 0x00,0x1B53,ACK
3.2212931000,684,Data,0x20B,0x8,0xBC 0x02 0x64 0x00 0x01 0xC8 0x00 0x00,0x021C,ACK
3.2215374000,685,Data,0x20C,0x8,0x00 0xE4 0x0A 0x34 0x1E 0x07 0x00 0x00,0x6603,ACK
3.2217876000,686,Data,0x301,0x8,0x00 0x00 0x00 0x00 0x00 0x00 0x00 0x00,0x7E55,ACK
3.2220439000,687,Data,0x302,0x2,0x00 0xFF,0x6FC0,ACK
3.2221881000,688,Data,0x485,0x8,0x22 0x00 0x00 0x00 0x62 0x00 0x14 0x0C,0x569F,ACK
3.2397221000,689,Data,0x100,0x8,0x00 0x00 0x04 0x40 0x05 0x4F 0x0F 0x32,0x7282,ACK
3.2529922000,690,Extend Data,0x18EF073E,0x4,0x01 0x01 0x8F 0x02,0x64A1,ACK
3.2536723000,691,Extend Data,0x18EF3E07,0x5,0x01 0x04 0x8F 0x57 0x00,0x3086,ACK
3.2580925000,692,Data,0x311,0x8,0x39 0x1E 0x07 0x3F 0x90 0x01 0x00 0x00,0x66BC,ACK
3.2595108000,693,Data,0x310,0x8,0xF1 0x0E 0x78 0x05 0x12 0x02 0x01 0xC8,0x2684,ACK
3.2597409000,694,Data,0x100,0x8,0x00 0x00 0x04 0x40 0x05 0x4F 0x0F 0x32,0x7282,ACK
3.2731928000,695,Data,0x212,0x8,0x52 0x01 0x00 0xC9 0x00 0x00 0x00 0x2A,0x2C4E,ACK
3.2734491000,696,Data,0x211,0x8,0xE4 0x00 0x2A 0x00 0x00 0x00 0x00 0x00,0x0D4D,ACK
3.2737093000,697,Data,0x343,0x8,0x00 0x00 0x00 0x01 0x00 0x00 0x01 0x00,0x103B,ACK
3.2739696000,698,Data,0x341,0x8,0x00 0x00 0x00 0x00 0x02 0x00 0x00 0x00,0x1833,ACK
3.2742658000,699,Data,0x342,0x8,0x05 0x00 0x0F 0x00 0x00 0xE4 0x05 0x34,0x6794,ACK
3.2745261000,700,Data,0x344,0x8,0x00 0x00 0x00 0x03 0x00 0x00 0x00 0x00,0x6F15,ACK
3.2797101000,701,Data,0x100,0x8,0x00 0x00 0x04 0x40 0x05 0x4F 0x0F 0x32,0x7282,ACK
3.2997221000,702,Data,0x100,0x8,0x00 0x00 0x04 0x40 0x05 0x4F 0x0F 0x32,0x7282,ACK
3.3197401000,703,Data,0x100,0x8,0x00 0x00 0x04 0x40 0x05 0x4F 0x0F 0x32,0x7282,ACK
3.3199863000,704,Data,0x203,0x8,0x04 0x00 0x57 0x00 0x57 0x00 0x00 0x00,0x6097,ACK
3.3202326000,705,Data,0x204,0x8,0x00 0x00 0x00 0x00 0x00 0x00 0x00 0x00,0x79D1,ACK
3.3204888000,706,Data,0x205,0x8,0x00 0x00 0x00 0x00 0x00 0x00 0x00 0x00,0x72CA,ACK
3.3207970000,707,Data,0x209,0x8,0x9F 0x27 0x10 0x04 0x90 0x49 0x00 0x00,0x59C2,ACK
3.3210393000,708,Data,0x20A,0x8,0x00 0x00 0x00 0x00 0x00 0x00 0x00 0x00,0x1B53,ACK
3.3212935000,709,Data,0x20B,0x8,0xBC 0x02 0x64 0x00 0x01 0xC8 0x00 0x00,0x021C,ACK
3.3215398000,710,Data,0x20C,0x8,0x00 0xE4 0x0A 0x34 0x1E 0x07 0x00 0x00,0x6603,ACK
3.3282359000,711,Extend Data,0x18EF073E,0x4,0x01 0x01 0x8C 0x02,0x6D52,ACK
3.3397200000,712,Data,0x100,0x8,0x00 0x00 0x04 0x40 0x05 0x4F 0x0F 0x32,0x7282,ACK
3.3402502000,713,Extend Data,0x18EF3E07,0x5,0x01 0x04 0x8C 0xA1 0x14,0x7D3B,ACK
3.3505044000,714,Data,0x425,0x8,0x01 0x64 0x49 0x57 0x57 0x58 0x01 0xFF,0x3E52,ACK
3.3508827000,715,Data,0x420,0x8,0xA1 0x14 0xF6 0xFF 0x66 0x03 0x00 0x00,0x1F0E,ACK
3.3511209000,716,Data,0x421,0x8,0x38 0x36 0x31 0x34 0xFB 0x04 0x55 0x04,0x0DC7,ACK
3.3515132000,717,Data,0x422,0x8,0x00 0x00 0x20 0x00 0x15 0x00 0x02 0x00,0x33F1,ACK
3.3518914000,718,Data,0x423,0x8,0xBC 0x02 0x64 0x00 0x3C 0x00 0x01 0x00,0x500B,ACK
3.3529557000,719,Data,0x429,0x8,0x20 0x00 0x00 0x00 0x00 0x00 0x00 0x00,0x7AC7,ACK
3.3597217000,720,Data,0x100,0x8,0x00 0x00 0x04 0x40 0x05 0x4F 0x0F 0x32,0x7282,ACK
3.3731336000,721,Data,0x212,0x8,0x52 0x01 0x00 0xC9 0x00 0x00 0x00 0x2A,0x2C4E,ACK
3.3733739000,722,Data,0x211,0x8,0xE4 0x00 0x2A 0x00 0x00 0x00 0x00 0x00,0x0D4D,ACK
3.3736321000,723,Data,0x343,0x8,0x00 0x00 0x00 0x01 0x00 0x00 0x01 0x00,0x103B,ACK
3.3797202000,724,Data,0x100,0x8,0x00 0x00 0x04 0x40 0x05 0x4F 0x0F 0x32,0x7282,ACK
3.3997201000,725,Data,0x100,0x8,0x00 0x00 0x04 0x40 0x05 0x4F 0x0F 0x32,0x7282,ACK
3.4029703000,726,Extend Data,0x18EF073E,0x4,0x01 0x01 0x8D 0x02,0x2974,ACK
3.4197463000,727,Data,0x100,0x8,0x00 0x00 0x04 0x40 0x05 0x4F 0x0F 0x32,0x7282,ACK
3.4199906000,728,Data,0x203,0x8,0x04 0x00 0x57 0x00 0x57 0x00 0x00 0x00,0x6097,ACK
3.4202387000,729,Data,0x204,0x8,0x00 0x00 0x00 0x00 0x00 0x00 0x00 0x00,0x79D1,ACK
3.4204948000,730,Data,0x205,0x8,0x00 0x00 0x00 0x00 0x00 0x00 0x00 0x00,0x72CA,ACK
3.4207970000,731,Data,0x209,0x8,0x9F 0x27 0x10 0x04 0x90 0x49 0x00 0x00,0x59C2,ACK
3.4210371000,732,Data,0x20A,0x8,0x00 0x00 0x00 0x00 0x00 0x00 0x00 0x00,0x1B53,ACK
3.4212912000,733,Data,0x20B,0x8,0xBC 0x02 0x64 0x00 0x01 0xC8 0x00 0x00,0x021C,ACK
3.4215353000,734,Data,0x20C,0x8,0x00 0xE4 0x0A 0x34 0x1E 0x07 0x00 0x00,0x6603,ACK
3.4217874000,735,Data,0x301,0x8,0x00 0x00 0x00 0x00 0x00 0x00 0x00 0x00,0x7E55,ACK
3.4220436000,736,Data,0x302,0x2,0x00 0xFF,0x6FC0,ACK
3.4221897000,737,Data,0x485,0x8,0x22 0x00 0x00 0x00 0x62 0x00 0x14 0x0C,0x569F,ACK
3.4397196000,738,Data,0x100,0x8,0x00 0x00 0x04 0x40 0x05 0x4F 0x0F 0x32,0x7282,ACK
3.4399598000,739,Extend Data,0x18EF3E07,0x5,0x01 0x04 0x8D 0xF4 0xFF,0x4895,ACK
3.4575401000,740,Data,0x311,0x8,0x39 0x1E 0x07 0x3F 0x90 0x01 0x00 0x00,0x66BC,ACK
3.4597181000,741,Data,0x100,0x8,0x00 0x03 0x04 0x40 0x05 0x4F 0x0F 0x32,0x2D88,ACK
3.4610163000,742,Data,0x310,0x8,0xF1 0x0E 0x78 0x05 0x12 0x02 0x01 0xC8,0x2684,ACK
3.4731522000,743,Data,0x212,0x8,0x52 0x01 0x01 0xC9 0x00 0x00 0x00 0x2A,0x3262,ACK
3.4733924000,744,Data,0x211,0x8,0xE4 0x00 0x2A 0x00 0x00 0x00 0x00 0x00,0x0D4D,ACK
3.4736466000,745,Data,0x343,0x8,0x00 0x00 0x00 0x01 0x01 0x01 0x01 0x00,0x7ED7,ACK
3.4739068000,746,Data,0x341,0x8,0x00 0x00 0x00 0x00 0x02 0x00 0x00 0x00,0x1833,ACK
3.4742011000,747,Data,0x342,0x8,0x05 0x00 0x0F 0x00 0x00 0xE4 0x05 0x34,0x6794,ACK
3.4744613000,748,Data,0x344,0x8,0x00 0x00 0x00 0x03 0x00 0x00 0x00 0x00,0x6F15,ACK
3.4797193000,749,Data,0x100,0x8,0x00 0x0A 0x04 0x40 0x05 0x4F 0x0F 0x32,0x3B8C,ACK
3.4997193000,750,Data,0x100,0x8,0x00 0x10 0x04 0x40 0x05 0x4F 0x0F 0x32,0x77F1,ACK
3.5197393000,751,Data,0x100,0x8,0x00 0x1C 0x04 0x40 0x05 0x4F 0x0F 0x32,0x4572,ACK
3.5199795000,752,Data,0x203,0x8,0x04 0x00 0x57 0x00 0x57 0x00 0x00 0x00,0x6097,ACK
3.5202257000,753,Data,0x204,0x8,0x00 0x00 0x00 0x00 0x00 0x00 0x00 0x00,0x79D1,ACK
3.5204840000,754,Data,0x205,0x8,0x00 0x00 0x00 0x00 0x00 0x00 0x00 0x00,0x72CA,ACK
3.5207942000,755,Data,0x209,0x8,0x9F 0x27 0x10 0x04 0x90 0x49 0x00 0x00,0x59C2,ACK
3.5210345000,756,Data,0x20A,0x8,0x00 0x00 0x00 0x00 0x00 0x00 0x00 0x00,0x1B53,ACK
3.5212887000,757,Data,0x20B,0x8,0xBC 0x02 0x64 0x00 0x01 0xC8 0x00 0x00,0x021C,ACK
3.5215330000,758,Data,0x20C,0x8,0x00 0xE8 0x0A 0x34 0x1E 0x07 0x00 0x00,0x5480,ACK
3.5397190000,759,Data,0x100,0x8,0x00 0x2B 0x04 0x40 0x05 0x4F 0x0F 0x32,0x471B,ACK
3.5532130000,760,Extend Data,0x18EF073E,0x4,0x01 0x01 0x59 0x02,0x652F,ACK
3.5538392000,761,Extend Data,0x18EF3E07,0x5,0x01 0x04 0x59 0x00 0x00,0x4816,ACK
3.5597173000,762,Data,0x100,0x8,0x00 0x37 0x04 0x40 0x05 0x4F 0x0F 0x32,0x70EB,ACK
3.5731812000,763,Data,0x212,0x8,0x52 0x01 0x01 0xC9 0x00 0x00 0x00 0x2A,0x3262,ACK
3.5734395000,764,Data,0x211,0x8,0xE4 0x00 0x2A 0x00 0x00 0x00 0x00 0x00,0x0D4D,ACK
3.5736937000,765,Data,0x343,0x8,0x00 0x00 0x00 0x01 0x01 0x01 0x01 0x00,0x7ED7,ACK
3.5797177000,766,Data,0x100,0x8,0x00 0x41 0x04 0x40 0x05 0x4F 0x0F 0x32,0x113F,ACK
3.5997177000,767,Data,0x100,0x8,0x00 0x49 0x04 0x40 0x05 0x4F 0x0F 0x32,0x714A,ACK
3.6129738000,768,Extend Data,0x18EF073E,0x4,0x01 0x01 0x92 0x02,0x312C,ACK
3.6197439000,769,Data,0x100,0x8,0x00 0x50 0x04 0x40 0x05 0x4F 0x0F 0x32,0x623D,ACK
3.6199862000,770,Data,0x203,0x8,0x04 0x00 0x57 0x00 0x57 0x00 0x00 0x00,0x6097,ACK
3.6202344000,771,Data,0x204,0x8,0x00 0x00 0x00 0x00 0x00 0x00 0x00 0x00,0x79D1,ACK
3.6204907000,772,Data,0x205,0x8,0x00 0x00 0x00 0x00 0x00 0x00 0x00 0x00,0x72CA,ACK
3.6207929000,773,Data,0x209,0x8,0x9F 0x27 0x10 0x04 0x90 0x49 0x00 0x00,0x59C2,ACK
3.6210332000,774,Data,0x20A,0x8,0x00 0x00 0x00 0x00 0x00 0x00 0x00 0x00,0x1B53,ACK
3.6212874000,775,Data,0x20B,0x8,0xBC 0x02 0x64 0x00 0x01 0xC8 0x00 0x00,0x021C,ACK
3.6215316000,776,Data,0x20C,0x8,0x00 0xE8 0x0A 0x34 0x1E 0x07 0x00 0x00,0x5480,ACK
3.6217819000,777,Data,0x301,0x8,0x00 0x00 0x00 0x00 0x00 0x00 0x00 0x00,0x7E55,ACK
3.6220381000,778,Data,0x302,0x2,0x00 0xFF,0x6FC0,ACK
3.6221824000,779,Data,0x485,0x8,0x22 0x00 0x00 0x00 0x62 0x00 0x14 0x0C,0x569F,ACK
3.6397164000,780,Data,0x100,0x8,0x00 0x56 0x04 0x40 0x05 0x4F 0x0F 0x32,0x19B0,ACK
3.6405606000,781,Extend Data,0x18EF3E07,0x5,0x01 0x04 0x92 0x02 0x00,0x0BF9,ACK
3.6587588000,782,Data,0x311,0x8,0x39 0x1E 0x07 0x3F 0x90 0x01 0x00 0x00,0x66BC,ACK
3.6597150000,783,Data,0x100,0x8,0x00 0x5B 0x04 0x40 0x05 0x4F 0x0F 0x32,0x5D42,ACK
3.6622431000,784,Data,0x310,0x8,0xF1 0x0E 0x78 0x05 0x12 0x02 0x01 0xC8,0x2684,ACK
3.6732150000,785,Data,0x212,0x8,0x52 0x01 0x01 0xC9 0x00 0x00 0x00 0x2A,0x3262,ACK
3.6734712000,786,Data,0x211,0x8,0xE4 0x00 0x2A 0x00 0x00 0x00 0x00 0x00,0x0D4D,ACK
3.6737295000,787,Data,0x343,0x8,0x00 0x00 0x00 0x01 0x01 0x01 0x01 0x00,0x7ED7,ACK
3.6739837000,788,Data,0x341,0x8,0x00 0x00 0x00 0x00 0x02 0x00 0x00 0x00,0x1833,ACK
3.6742840000,789,Data,0x342,0x8,0x05 0x00 0x0F 0x00 0x00 0xE8 0x05 0x34,0x7FAB,ACK
3.6745422000,790,Data,0x344,0x8,0x00 0x00 0x00 0x03 0x00 0x00 0x00 0x00,0x6F15,ACK
3.6747965000,791,Data,0x401,0x8,0xFF 0xFF 0x34 0x00 0x05 0x2A 0x00 0x00,0x7AE4,ACK
3.6797045000,792,Data,0x100,0x8,0x00 0x60 0x04 0x40 0x05 0x4F 0x0F 0x32,0x6DA8,ACK
3.6803848000,793,Extend Data,0x18EF073E,0x4,0x01 0x01 0x96 0x04,0x797B,ACK
3.6810529000,794,Extend Data,0x18EF3E07,0x7,0x01 0x04 0x96 0x16 0x00 0x16 0x00,0x4DDB,ACK
3.6997147000,795,Data,0x100,0x8,0x00 0x65 0x04 0x40 0x05 0x4F 0x0F 0x32,0x492F,ACK
3.7197367000,796,Data,0x100,0x8,0x00 0x6A 0x04 0x40 0x05 0x4F 0x0F 0x32,0x24A6,ACK
3.7199789000,797,Data,0x203,0x8,0x04 0x00 0x57 0x00 0x57 0x00 0x00 0x00,0x6097,ACK
3.7202272000,798,Data,0x204,0x8,0x00 0x00 0x00 0x00 0x00 0x00 0x00 0x00,0x79D1,ACK
3.7204834000,799,Data,0x205,0x8,0x00 0x00 0x00 0x00 0x00 0x00 0x00 0x00,0x72CA,ACK
3.7207917000,800,Data,0x209,0x8,0x9F 0x27 0x10 0x04 0x90 0x49 0x00 0x00,0x59C2,ACK
3.7210319000,801,Data,0x20A,0x8,0x00 0x00 0x00 0x00 0x00 0x00 0x00 0x00,0x1B53,ACK
3.7212862000,802,Data,0x20B,0x8,0xBC 0x02 0x64 0x00 0x01 0xC8 0x00 0x00,0x021C,ACK
3.7215304000,803,Data,0x20C,0x8,0x00 0xE8 0x0A 0x34 0x1E 0x07 0x00 0x00,0x5480,ACK
3.7397144000,804,Data,0x100,0x8,0x00 0x6F 0x04 0x40 0x05 0x4F 0x0F 0x32,0x0021,ACK
3.7483165000,805,Extend Data,0x18EF073E,0x4,0x01 0x01 0xF9 0x02,0x31EB,ACK
3.7489727000,806,Extend Data,0x18EF3E07,0x5,0x01 0x04 0xF9 0x17 0x00,0x2512,ACK
3.7597046000,807,Data,0x100,0x8,0x00 0x73 0x04 0x40 0x05 0x4F 0x0F 0x32,0x37D1,ACK
3.7731565000,808,Data,0x212,0x8,0x52 0x01 0x01 0xC9 0x00 0x00 0x00 0x2A,0x3262,ACK
3.7734427000,809,Data,0x211,0x8,0xE4 0x00 0x2A 0x00 0x00 0x00 0x00 0x00,0x0D4D,ACK
3.7737010000,810,Data,0x343,0x8,0x00 0x00 0x00 0x01 0x01 0x01 0x01 0x00,0x7ED7,ACK
3.7797151000,811,Data,0x100,0x8,0x00 0x74 0x04 0x40 0x05 0x4F 0x0F 0x32,0x3A2D,ACK
3.7997150000,812,Data,0x100,0x8,0x00 0x78 0x04 0x40 0x05 0x4F 0x0F 0x32,0x08AE,ACK
3.8080372000,813,Extend Data,0x18EF073E,0x4,0x01 0x01 0xA0 0x1A,0x7FC0,ACK
3.8197412000,814,Data,0x100,0x8,0x00 0x79 0x04 0x40 0x05 0x4F 0x0F 0x32,0x7EDF,ACK
3.8199854000,815,Data,0x203,0x8,0x04 0x00 0x57 0x00 0x57 0x00 0x00 0x00,0x6097,ACK
3.8202316000,816,Data,0x204,0x8,0x00 0x00 0x00 0x00 0x00 0x00 0x00 0x00,0x79D1,ACK
3.8204879000,817,Data,0x205,0x8,0x00 0x00 0x00 0x00 0x00 0x00 0x00 0x00,0x72CA,ACK
3.8207901000,818,Data,0x209,0x8,0x9F 0x27 0x10 0x04 0x90 0x49 0x00 0x00,0x59C2,ACK
3.8210303000,819,Data,0x20A,0x8,0x00 0x00 0x00 0x00 0x00 0x00 0x00 0x00,0x1B53,ACK
3.8212846000,820,Data,0x20B,0x8,0xBC 0x02 0x64 0x00 0x01 0xC8 0x00 0x00,0x021C,ACK
3.8215308000,821,Data,0x20C,0x8,0x00 0xE8 0x0A 0x34 0x1E 0x07 0x00 0x00,0x5480,ACK
3.8217811000,822,Data,0x301,0x8,0x00 0x00 0x00 0x00 0x00 0x00 0x00 0x00,0x7E55,ACK
3.8220373000,823,Data,0x302,0x2,0x00 0xFF,0x6FC0,ACK
3.8221816000,824,Data,0x485,0x8,0x22 0x00 0x00 0x00 0x62 0x00 0x14 0x0C,0x569F,ACK
3.8397156000,825,Data,0x100,0x8,0x00 0x7D 0x04 0x40 0x05 0x4F 0x0F 0x32,0x2C29,ACK
3.8552978000,826,Data,0x424,0x8,0x76 0x49 0x4D 0x69 0x00 0x00 0x00 0x00,0x0854,ACK
3.8555381000,827,Data,0x425,0x8,0x01 0x64 0x49 0x57 0x57 0x58 0x01 0xFF,0x3E52,ACK
3.8557743000,828,Data,0x429,0x8,0x20 0x00 0x00 0x00 0x00 0x00 0x00 0x00,0x7AC7,ACK
3.8561186000,829,Data,0x420,0x8,0xA0 0x14 0xF0 0xFF 0x66 0x03 0x00 0x00,0x0CD6,ACK
3.8563549000,830,Data,0x421,0x8,0x38 0x36 0x31 0x34 0xFB 0x04 0x55 0x04,0x0DC7,ACK
3.8565891000,831,Extend Data,0x1CEC3E07,0x8,0x10 0x1F 0x00 0x05 0xFF 0x00 0xEF 0x00,0x330A,ACK
3.8568713000,832,Data,0x422,0x8,0x00 0x00 0x20 0x00 0x15 0x00 0x02 0x00,0x33F1,ACK
3.8571174000,833,Extend Data,0x18EC073E,0x8,0x11 0x05 0x01 0xFF 0xFF 0x00 0xEF 0x00,0x4F54,ACK
3.8574016000,834,Data,0x423,0x8,0xBC 0x02 0x64 0x00 0x3C 0x00 0x01 0x00,0x500B,ACK
3.8576599000,835,Data,0x501,0x8,0xB4 0xC1 0x83 0x58 0x51 0xE5 0xB2 0x6B,0x057E,ACK
3.8579061000,836,Data,0x502,0x8,0x32 0xAC 0x86 0x0E 0x1A 0xB9 0x00 0x00,0x0E93,ACK
3.8583563000,837,Extend Data,0x1CEB3E07,0x8,0x01 0x01 0x04 0xA0 0xDE 0x0F 0xDD 0x0F,0x126B,ACK
3.8586366000,838,Extend Data,0x1CEB3E07,0x8,0x02 0xDD 0x0F 0xDD 0x0F 0xDE 0x0F 0xDD,0x79F9,ACK
3.8589169000,839,Extend Data,0x1CEB3E07,0x8,0x03 0x0F 0xDE 0x0F 0xDE 0x0F 0xDF 0x0F,0x05EA,ACK
3.8592031000,840,Extend Data,0x1CEB3E07,0x8,0x04 0xDF 0x0F 0xDE 0x0F 0xDF 0x0F 0xE0,0x2B4D,ACK
3.8594894000,841,Extend Data,0x1CEB3E07,0x8,0x05 0x0F 0x50 0xF3 0xFF 0xFF 0xFF 0xFF,0x626D,ACK
3.8597715000,842,Data,0x100,0x8,0x00 0x7E 0x04 0x40 0x05 0x4F 0x0F 0x32,0x7323,ACK
3.8600136000,843,Extend Data,0x18EC073E,0x8,0x13 0x1F 0x00 0x05 0xFF 0x00 0xEF 0x00,0x6E4D,ACK
3.8603838000,844,Data,0x311,0x8,0x39 0x1E 0x07 0x3F 0x90 0x01 0x00 0x00,0x66BC,ACK
3.8638741000,845,Data,0x310,0x8,0xF1 0x0E 0x78 0x05 0x12 0x02 0x01 0xC8,0x2684,ACK
3.8731881000,846,Data,0x212,0x8,0x52 0x01 0x01 0xC9 0x00 0x00 0x00 0x2A,0x3262,ACK
3.8734482000,847,Data,0x211,0x8,0xE4 0x00 0x2A 0x00 0x00 0x00 0x00 0x00,0x0D4D,ACK
3.8737024000,848,Data,0x343,0x8,0x00 0x00 0x00 0x01 0x01 0x01 0x01 0x00,0x7ED7,ACK
3.8739865000,849,Data,0x341,0x8,0x00 0x00 0x00 0x00 0x02 0x00 0x00 0x00,0x1833,ACK
3.8742626000,850,Data,0x342,0x8,0x05 0x00 0x0F 0x00 0x00 0xE8 0x05 0x34,0x7FAB,ACK
3.8745427000,851,Data,0x344,0x8,0x00 0x00 0x00 0x03 0x00 0x00 0x00 0x00,0x6F15,ACK
3.8797147000,852,Data,0x100,0x8,0x00 0x7E 0x04 0x40 0x05 0x4F 0x0F 0x32,0x7323,ACK
3.8829388000,853,Extend Data,0x18EF073E,0x4,0x01 0x01 0x82 0x02,0x074B,ACK
3.8835469000,854,Extend Data,0x18EF3E07,0x5,0x01 0x04 0x82 0x64 0x00,0x0BF7,ACK
3.8997128000,855,Data,0x100,0x8,0x00 0x7E 0x04 0x40 0x05 0x4F 0x0F 0x32,0x7323,ACK
3.9197328000,856,Data,0x100,0x8,0x00 0x7E 0x04 0x40 0x05 0x4F 0x0F 0x32,0x7323,ACK
3.9199750000,857,Data,0x203,0x8,0x04 0x00 0x57 0x00 0x57 0x00 0x00 0x00,0x6097,ACK
3.9202233000,858,Data,0x204,0x8,0x00 0x00 0x00 0x00 0x00 0x00 0x00 0x00,0x79D1,ACK
3.9204795000,859,Data,0x205,0x8,0x00 0x00 0x00 0x00 0x00 0x00 0x00 0x00,0x72CA,ACK
3.9207898000,860,Data,0x209,0x8,0x9F 0x27 0x10 0x04 0x90 0x49 0x00 0x00,0x59C2,ACK
3.9210300000,861,Data,0x20A,0x8,0x00 0x00 0x00 0x00 0x00 0x00 0x00 0x00,0x1B53,ACK
3.9212843000,862,Data,0x20B,0x8,0xBC 0x02 0x64 0x00 0x01 0xC8 0x00 0x00,0x021C,ACK
3.9215285000,863,Data,0x20C,0x8,0x00 0xE8 0x0A 0x34 0x1E 0x07 0x00 0x00,0x5480,ACK
3.9397125000,864,Data,0x100,0x8,0x00 0x80 0x04 0x40 0x05 0x4F 0x0F 0x32,0x591A,ACK
3.9579845000,865,Extend Data,0x18EF073E,0x4,0x01 0x01 0x02 0x0E,0x1389,ACK
3.9593787000,866,Extend Data,0x1CEC3E07,0x8,0x10 0x13 0x00 0x03 0xFF 0x00 0xEF 0x00,0x1F52,ACK
3.9596788000,867,Extend Data,0x18EC073E,0x8,0x11 0x03 0x01 0xFF 0xFF 0x00 0xEF 0x00,0x34D9,ACK
3.9599671000,868,Data,0x100,0x8,0x00 0x80 0x04 0x40 0x05 0x4F 0x0F 0x32,0x591A,ACK
3.9603052000,869,Extend Data,0x1CEB3E07,0x8,0x01 0x01 0x04 0x02 0xB4 0xC1 0x83 0x58,0x140B,ACK
3.9605895000,870,Extend Data,0x1CEB3E07,0x8,0x02 0x51 0xE5 0xB2 0x6B 0x32 0xAC 0x86,0x3C30,ACK
3.9608577000,871,Extend Data,0x1CEB3E07,0x8,0x03 0x0E 0x1A 0xB9 0x10 0xF9 0xFF 0xFF,0x4FA2,ACK
3.9611679000,872,Extend Data,0x18EC073E,0x8,0x13 0x13 0x00 0x03 0xFF 0x00 0xEF 0x00,0x4215,ACK
3.9731659000,873,Data,0x212,0x8,0x52 0x01 0x01 0xC9 0x00 0x00 0x00 0x2A,0x3262,ACK
3.9734221000,874,Data,0x211,0x8,0xE4 0x00 0x2A 0x00 0x00 0x00 0x00 0x00,0x0D4D,ACK
3.9737064000,875,Data,0x343,0x8,0x00 0x00 0x00 0x01 0x01 0x01 0x01 0x00,0x7ED7,ACK
3.9797124000,876,Data,0x100,0x8,0x00 0x80 0x04 0x40 0x05 0x4F 0x0F 0x32,0x591A,ACK
3.9997123000,877,Data,0x100,0x8,0x00 0x80 0x04 0x40 0x05 0x4F 0x0F 0x32,0x591A,ACK
4.0197523000,878,Data,0x100,0x8,0x00 0x80 0x04 0x40 0x05 0x4F 0x0F 0x32,0x591A,ACK
4.0199966000,879,Data,0x203,0x8,0x04 0x00 0x57 0x00 0x57 0x00 0x00 0x00,0x6097,ACK
4.0202448000,880,Data,0x204,0x8,0x00 0x00 0x00 0x00 0x00 0x00 0x00 0x00,0x79D1,ACK
4.0205010000,881,Data,0x205,0x8,0x00 0x00 0x00 0x00 0x00 0x00 0x00 0x00,0x72CA,ACK
4.0207753000,882,Data,0x209,0x8,0x9F 0x27 0x10 0x04 0x90 0x49 0x00 0x00,0x59C2,ACK
4.0210155000,883,Data,0x20A,0x8,0x00 0x00 0x00 0x00 0x00 0x00 0x00 0x00,0x1B53,ACK
4.0212698000,884,Data,0x20B,0x8,0xBC 0x02 0x64 0x00 0x01 0xC8 0x00 0x00,0x021C,ACK
4.0215140000,885,Data,0x20C,0x8,0x00 0xE8 0x0A 0x34 0x1E 0x07 0x00 0x00,0x5480,ACK
4.0217643000,886,Data,0x301,0x8,0x00 0x00 0x00 0x00 0x00 0x00 0x00 0x00,0x7E55,ACK
4.0220205000,887,Data,0x302,0x2,0x00 0xFF,0x6FC0,ACK
4.0221648000,888,Data,0x485,0x8,0x22 0x00 0x00 0x00 0x62 0x00 0x14 0x0C,0x569F,ACK
4.0224130000,889,Data,0x480,0x8,0x00 0x00 0x00 0x00 0x21 0x00 0x00 0x00,0x32BE,ACK
4.0226691000,890,Data,0x481,0x8,0xCA 0x17 0x08 0x13 0x00 0x00 0x00 0x00,0x1AA4,ACK
4.0229114000,891,Data,0x482,0x8,0x52 0x01 0x02 0x00 0x00 0x00 0x00 0x00,0x36EA,ACK
4.0231596000,892,Data,0x483,0x8,0x31 0x4B 0x31 0x55 0x41 0x32 0x35 0x35,0x717E,ACK
4.0233939000,893,Data,0x484,0x8,0x31 0x50 0x33 0x39 0x36 0x35 0x00 0x00,0x0196,ACK
4.0329920000,894,Extend Data,0x18EF073E,0x4,0x01 0x01 0x0A 0x04,0x50DA,ACK
4.0397121000,895,Data,0x100,0x8,0x00 0x7E 0x04 0x40 0x05 0x4F 0x0F 0x32,0x7323,ACK
4.0407003000,896,Extend Data,0x18EF3E07,0x7,0x01 0x04 0x0A 0x7C 0x33 0x00 0x00,0x2745,ACK
4.0597102000,897,Data,0x100,0x8,0x00 0x7D 0x04 0x40 0x05 0x4F 0x0F 0x32,0x2C29,ACK
4.0609864000,898,Data,0x311,0x8,0x39 0x1E 0x07 0x3F 0x90 0x01 0x00 0x00,0x66BC,ACK
4.0644386000,899,Data,0x310,0x8,0xF1 0x0E 0x78 0x05 0x12 0x02 0x01 0xC8,0x2684,ACK
4.0731846000,900,Data,0x212,0x8,0x52 0x01 0x01 0xC9 0x00 0x00 0x00 0x2A,0x3262,ACK
4.0734409000,901,Data,0x211,0x8,0xE4 0x00 0x2A 0x00 0x00 0x00 0x00 0x00,0x0D4D,ACK
4.0736991000,902,Data,0x343,0x8,0x00 0x00 0x00 0x01 0x01 0x01 0x01 0x00,0x7ED7,ACK
4.0739514000,903,Data,0x341,0x8,0x00 0x00 0x00 0x00 0x02 0x00 0x00 0x00,0x1833,ACK
4.0742516000,904,Data,0x342,0x8,0x05 0x00 0x0F 0x00 0x00 0xE8 0x05 0x34,0x7FAB,ACK
4.0745099000,905,Data,0x344,0x8,0x00 0x00 0x00 0x03 0x00 0x00 0x00 0x00,0x6F15,ACK
4.0797119000,906,Data,0x100,0x8,0x00 0x7D 0x04 0x40 0x05 0x4F 0x0F 0x32,0x2C29,ACK
4.0997119000,907,Data,0x100,0x8,0x00 0x7D 0x04 0x40 0x05 0x4F 0x0F 0x32,0x2C29,ACK
4.1081440000,908,Extend Data,0x18EF073E,0x4,0x01 0x01 0x10 0x02,0x44F3,ACK
4.1197281000,909,Data,0x100,0x8,0x00 0x7D 0x04 0x40 0x05 0x4F 0x0F 0x32,0x2C29,ACK
4.1199723000,910,Data,0x203,0x8,0x04 0x00 0x57 0x00 0x57 0x00 0x00 0x00,0x6097,ACK
4.1202186000,911,Data,0x204,0x8,0x00 0x00 0x00 0x00 0x00 0x00 0x00 0x00,0x79D1,ACK
4.1204748000,912,Data,0x205,0x8,0x00 0x00 0x00 0x00 0x00 0x00 0x00 0x00,0x72CA,ACK
4.1207871000,913,Data,0x209,0x8,0x9F 0x27 0x10 0x04 0x90 0x49 0x00 0x00,0x59C2,ACK
4.1210273000,914,Data,0x20A,0x8,0x00 0x00 0x00 0x00 0x00 0x00 0x00 0x00,0x1B53,ACK
4.1212816000,915,Data,0x20B,0x8,0xBC 0x02 0x64 0x00 0x01 0xC8 0x00 0x00,0x021C,ACK
4.1215258000,916,Data,0x20C,0x8,0x00 0xE8 0x0A 0x34 0x1E 0x07 0x00 0x00,0x5480,ACK
4.1397098000,917,Data,0x100,0x8,0x00 0x7D 0x04 0x40 0x05 0x4F 0x0F 0x32,0x2C29,ACK
4.1409860000,918,Extend Data,0x18EF3E07,0x5,0x01 0x04 0x10 0x0D 0x00,0x0F0B,ACK
4.1597079000,919,Data,0x100,0x8,0x00 0x7D 0x04 0x40 0x05 0x4F 0x0F 0x32,0x2C29,ACK
4.1731678000,920,Data,0x212,0x8,0x52 0x01 0x01 0xC9 0x00 0x00 0x00 0x2A,0x3262,ACK
4.1734280000,921,Data,0x211,0x8,0xE4 0x00 0x2A 0x00 0x00 0x00 0x00 0x00,0x0D4D,ACK
4.1736822000,922,Data,0x343,0x8,0x00 0x00 0x00 0x01 0x01 0x01 0x01 0x00,0x7ED7,ACK
4.1739405000,923,Data,0x401,0x8,0xFF 0xFF 0x34 0x00 0x05 0x2A 0x00 0x00,0x7AE4,ACK
4.1797086000,924,Data,0x100,0x8,0x00 0x7D 0x04 0x40 0x05 0x4F 0x0F 0x32,0x2C29,ACK
4.1829548000,925,Extend Data,0x18EF073E,0x4,0x01 0x01 0x11 0x02,0x00D5,ACK
4.1836150000,926,Extend Data,0x18EF3E07,0x5,0x01 0x04 0x11 0xE0 0x01,0x11AD,ACK
4.1997069000,927,Data,0x100,0x8,0x00 0x7D 0x04 0x40 0x05 0x4F 0x0F 0x32,0x2C29,ACK
4.2197349000,928,Data,0x100,0x8,0x00 0x7D 0x04 0x40 0x05 0x4F 0x0F 0x32,0x2C29,ACK
4.2199771000,929,Data,0x203,0x8,0x04 0x00 0x57 0x00 0x57 0x00 0x00 0x00,0x6097,ACK
4.2202254000,930,Data,0x204,0x8,0x00 0x00 0x00 0x00 0x00 0x00 0x00 0x00,0x79D1,ACK
4.2204816000,931,Data,0x205,0x8,0x00 0x00 0x00 0x00 0x00 0x00 0x00 0x00,0x72CA,ACK
4.2207839000,932,Data,0x209,0x8,0x9F 0x27 0x10 0x04 0x90 0x49 0x00 0x00,0x59C2,ACK
4.2210241000,933,Data,0x20A,0x8,0x00 0x00 0x00 0x00 0x00 0x00 0x00 0x00,0x1B53,ACK
4.2212783000,934,Data,0x20B,0x8,0xBC 0x02 0x64 0x00 0x01 0xC8 0x00 0x00,0x021C,ACK
4.2215226000,935,Data,0x20C,0x8,0x00 0xE8 0x0A 0x34 0x1E 0x07 0x00 0x00,0x5480,ACK
4.2217728000,936,Data,0x301,0x8,0x00 0x00 0x00 0x00 0x00 0x00 0x00 0x00,0x7E55,ACK
4.2220291000,937,Data,0x302,0x2,0x00 0xFF,0x6FC0,ACK
4.2221733000,938,Data,0x485,0x8,0x22 0x00 0x00 0x00 0x62 0x00 0x14 0x0C,0x569F,ACK
4.2397073000,939,Data,0x100,0x8,0x00 0x7D 0x04 0x40 0x05 0x4F 0x0F 0x32,0x2C29,ACK
4.2580473000,940,Extend Data,0x18EF073E,0x4,0x01 0x01 0x13 0x02,0x4D00,ACK
4.2587434000,941,Extend Data,0x18EF3E07,0x5,0x01 0x04 0x13 0xFB 0x04,0x6F21,ACK
4.2597075000,942,Data,0x100,0x8,0x00 0x7D 0x04 0x40 0x05 0x4F 0x0F 0x32,0x2C29,ACK
4.2606856000,943,Data,0x311,0x8,0x39 0x1E 0x07 0x3F 0x90 0x01 0x00 0x00,0x66BC,ACK
4.2661479000,944,Data,0x310,0x8,0xF1 0x0E 0x78 0x05 0x12 0x02 0x01 0xC8,0x2684,ACK
4.2731559000,945,Data,0x212,0x8,0x52 0x01 0x01 0xC9 0x00 0x00 0x00 0x2A,0x3262,ACK
4.2734160000,946,Data,0x211,0x8,0xE4 0x00 0x2A 0x00 0x00 0x00 0x00 0x00,0x0D4D,ACK
4.2736961000,947,Data,0x343,0x8,0x00 0x00 0x00 0x01 0x01 0x01 0x01 0x00,0x7ED7,ACK
4.2739563000,948,Data,0x341,0x8,0x00 0x00 0x00 0x00 0x02 0x00 0x00 0x00,0x1833,ACK
4.2742224000,949,Data,0x342,0x8,0x05 0x00 0x0F 0x00 0x00 0xE8 0x05 0x34,0x7FAB,ACK
4.2744806000,950,Data,0x344,0x8,0x00 0x00 0x00 0x03 0x00 0x00 0x00 0x00,0x6F15,ACK
4.2797066000,951,Data,0x100,0x8,0x00 0x7D 0x04 0x40 0x05 0x4F 0x0F 0x32,0x2C29,ACK
4.2997064000,952,Data,0x100,0x8,0x00 0x7D 0x04 0x40 0x05 0x4F 0x0F 0x32,0x2C29,ACK
4.3197263000,953,Data,0x100,0x8,0x00 0x7D 0x04 0x40 0x05 0x4F 0x0F 0x32,0x2C29,ACK
4.3199684000,954,Data,0x203,0x8,0x04 0x00 0x57 0x00 0x57 0x00 0x00 0x00,0x6097,ACK
4.3202145000,955,Data,0x204,0x8,0x00 0x00 0x00 0x00 0x00 0x00 0x00 0x00,0x79D1,ACK
4.3204706000,956,Data,0x205,0x8,0x00 0x00 0x00 0x00 0x00 0x00 0x00 0x00,0x72CA,ACK
4.3207688000,957,Data,0x209,0x8,0x9F 0x27 0x10 0x04 0x90 0x49 0x00 0x00,0x59C2,ACK
4.3210089000,958,Data,0x20A,0x8,0x00 0x00 0x00 0x00 0x00 0x00 0x00 0x00,0x1B53,ACK
4.3212650000,959,Data,0x20B,0x8,0xBC 0x02 0x64 0x00 0x01 0xC8 0x00 0x00,0x021C,ACK
4.3215091000,960,Data,0x20C,0x8,0x00 0xE8 0x0A 0x34 0x1E 0x07 0x00 0x00,0x5480,ACK
4.3332131000,961,Extend Data,0x18EF073E,0x4,0x01 0x01 0x94 0x02,0x22CA,ACK
4.3395772000,962,Extend Data,0x18EF3E07,0x5,0x01 0x04 0x94 0x3C 0x00,0x559A,ACK
4.3398054000,963,Data,0x100,0x8,0x00 0x7D 0x04 0x40 0x05 0x4F 0x0F 0x32,0x2C29,ACK
4.3564315000,964,Data,0x425,0x8,0x01 0x64 0x49 0x57 0x57 0x58 0x01 0xFF,0x3E52,ACK
4.3566678000,965,Data,0x429,0x8,0x20 0x00 0x00 0x00 0x00 0x00 0x00 0x00,0x7AC7,ACK
4.3569160000,966,Data,0x420,0x8,0xA0 0x14 0xF2 0xFF 0x66 0x03 0x00 0x00,0x308E,ACK
4.3571523000,967,Data,0x421,0x8,0x38 0x36 0x31 0x34 0xFB 0x04 0x55 0x04,0x0DC7,ACK
4.3574885000,968,Data,0x422,0x8,0x00 0x00 0x20 0x00 0x15 0x00 0x02 0x00,0x33F1,ACK
4.3578668000,969,Data,0x423,0x8,0xBC 0x02 0x64 0x00 0x3C 0x00 0x01 0x00,0x500B,ACK
4.3597048000,970,Data,0x100,0x8,0x00 0x7D 0x04 0x40 0x05 0x4F 0x0F 0x32,0x2C29,ACK
4.3731448000,971,Data,0x212,0x8,0x52 0x01 0x01 0xC9 0x00 0x00 0x00 0x2A,0x3262,ACK
4.3734290000,972,Data,0x211,0x8,0xE4 0x00 0x2A 0x00 0x00 0x00 0x00 0x00,0x0D4D,ACK
4.3736873000,973,Data,0x343,0x8,0x00 0x00 0x00 0x01 0x01 0x01 0x01 0x00,0x7ED7,ACK
4.3797053000,974,Data,0x100,0x8,0x00 0x7D 0x04 0x40 0x05 0x4F 0x0F 0x32,0x2C29,ACK
4.3997052000,975,Data,0x100,0x8,0x00 0x7D 0x04 0x40 0x05 0x4F 0x0F 0x32,0x2C29,ACK
4.4080934000,976,Extend Data,0x18EF023E,0x4,0x01 0x01 0x86 0x02,0x29F7,ACK
4.4083835000,977,Extend Data,0x18EF3E02,0x5,0x01 0x04 0x86 0x00 0x00,0x1EE2,ACK
4.4197214000,978,Data,0x100,0x8,0x00 0x7D 0x04 0x40 0x05 0x4F 0x0F 0x32,0x2C29,ACK
4.4199637000,979,Data,0x203,0x8,0x04 0x00 0x57 0x00 0x57 0x00 0x00 0x00,0x6097,ACK
4.4202099000,980,Data,0x204,0x8,0x00 0x00 0x00 0x00 0x00 0x00 0x00 0x00,0x79D1,ACK
4.4204682000,981,Data,0x205,0x8,0x00 0x00 0x00 0x00 0x00 0x00 0x00 0x00,0x72CA,ACK
4.4207804000,982,Data,0x209,0x8,0x9F 0x27 0x10 0x04 0x90 0x49 0x00 0x00,0x59C2,ACK
4.4210207000,983,Data,0x20A,0x8,0x00 0x00 0x00 0x00 0x00 0x00 0x00 0x00,0x1B53,ACK
4.4212749000,984,Data,0x20B,0x8,0xBC 0x02 0x64 0x00 0x01 0xC8 0x00 0x00,0x021C,ACK
4.4215212000,985,Data,0x20C,0x8,0x00 0xE8 0x0A 0x34 0x1E 0x07 0x00 0x00,0x5480,ACK
4.4217714000,986,Data,0x301,0x8,0x00 0x00 0x00 0x00 0x00 0x00 0x00 0x00,0x7E55,ACK
4.4220277000,987,Data,0x302,0x2,0x00 0xFF,0x6FC0,ACK
4.4221719000,988,Data,0x485,0x8,0x22 0x00 0x00 0x00 0x62 0x00 0x14 0x0C,0x569F,ACK
4.4397059000,989,Data,0x100,0x8,0x00 0x7D 0x04 0x40 0x05 0x4F 0x0F 0x32,0x2C29,ACK
4.4597039000,990,Data,0x100,0x8,0x00 0x7D 0x04 0x40 0x05 0x4F 0x0F 0x32,0x2C29,ACK
4.4603481000,991,Data,0x311,0x8,0x39 0x1E 0x07 0x3F 0x90 0x01 0x00 0x00,0x66BC,ACK
4.4658744000,992,Data,0x310,0x8,0xF1 0x0E 0x78 0x05 0x12 0x02 0x01 0xC8,0x2684,ACK
4.4731764000,993,Data,0x212,0x8,0x52 0x01 0x01 0xC9 0x00 0x00 0x00 0x2A,0x3262,ACK
4.4734326000,994,Data,0x211,0x8,0xE4 0x00 0x2A 0x00 0x00 0x00 0x00 0x00,0x0D4D,ACK
4.4737189000,995,Data,0x343,0x8,0x00 0x00 0x00 0x01 0x01 0x01 0x01 0x00,0x7ED7,ACK
4.4739731000,996,Data,0x341,0x8,0x00 0x00 0x00 0x00 0x02 0x00 0x00 0x00,0x1833,ACK
4.4742434000,997,Data,0x342,0x8,0x05 0x00 0x0F 0x00 0x00 0xE8 0x05 0x34,0x7FAB,ACK
4.4745276000,998,Data,0x344,0x8,0x00 0x00 0x00 0x03 0x00 0x00 0x00 0x00,0x6F15,ACK
4.4797057000,999,Data,0x100,0x8,0x00 0x7B 0x04 0x40 0x05 0x4F 0x0F 0x32,0x57A4,ACK
4.4830499000,1000,Extend Data,0x18EF023E,0x4,0x01 0x01 0x48 0x02,0x67E1,ACK
4.4833620000,1001,Extend Data,0x18EF3E02,0x5,0x01 0x04 0x48 0x00 0x00,0x2BAE,ACK
4.4997039000,1002,Data,0x100,0x8,0x00 0x79 0x04 0x40 0x05 0x4F 0x0F 0x32,0x7EDF,ACK
4.5197237000,1003,Data,0x100,0x8,0x00 0x78 0x04 0x40 0x05 0x4F 0x0F 0x32,0x08AE,ACK
4.5199640000,1004,Data,0x203,0x8,0x04 0x00 0x57 0x00 0x57 0x00 0x00 0x00,0x6097,ACK
4.5202122000,1005,Data,0x204,0x8,0x00 0x00 0x00 0x00 0x00 0x00 0x00 0x00,0x79D1,ACK
4.5204685000,1006,Data,0x205,0x8,0x00 0x00 0x00 0x00 0x00 0x00 0x00 0x00,0x72CA,ACK
4.5207687000,1007,Data,0x209,0x8,0x9F 0x27 0x10 0x04 0x90 0x49 0x00 0x00,0x59C2,ACK
4.5210090000,1008,Data,0x20A,0x8,0x00 0x00 0x00 0x00 0x00 0x00 0x00 0x00,0x1B53,ACK
4.5212652000,1009,Data,0x20B,0x8,0xBC 0x02 0x64 0x00 0x01 0xC8 0x00 0x00,0x021C,ACK
4.5215094000,1010,Data,0x20C,0x8,0x00 0xE8 0x0A 0x34 0x1E 0x07 0x00 0x00,0x5480,ACK
4.5397054000,1011,Data,0x100,0x8,0x00 0x78 0x04 0x40 0x05 0x4F 0x0F 0x32,0x08AE,ACK
4.5428956000,1012,Extend Data,0x18EF023E,0x4,0x01 0x01 0x49 0x02,0x23C7,ACK
4.5432197000,1013,Extend Data,0x18EF3E02,0x5,0x01 0x04 0x49 0x00 0x00,0x5BBA,ACK
4.5597036000,1014,Data,0x100,0x8,0x00 0x78 0x04 0x40 0x05 0x4F 0x0F 0x32,0x08AE,ACK
4.5731495000,1015,Data,0x212,0x8,0x52 0x01 0x01 0xC9 0x00 0x00 0x00 0x2A,0x3262,ACK
4.5734098000,1016,Data,0x211,0x8,0xE4 0x00 0x2A 0x00 0x00 0x00 0x00 0x00,0x0D4D,ACK
4.5736900000,1017,Data,0x343,0x8,0x00 0x00 0x00 0x01 0x01 0x01 0x01 0x00,0x7ED7,ACK
4.5797021000,1018,Data,0x100,0x8,0x00 0x76 0x04 0x40 0x05 0x4F 0x0F 0x32,0x1356,ACK
4.5997020000,1019,Data,0x100,0x8,0x00 0x76 0x04 0x40 0x05 0x4F 0x0F 0x32,0x1356,ACK
4.6180400000,1020,Extend Data,0x18EF023E,0x4,0x01 0x01 0x40 0x02,0x1E1E,ACK
4.6183741000,1021,Extend Data,0x18EF3E02,0x5,0x01 0x04 0x40 0x00 0x00,0x78F3,ACK
4.6197283000,1022,Data,0x100,0x8,0x00 0x74 0x04 0x40 0x05 0x4F 0x0F 0x32,0x3A2D,ACK
4.6199685000,1023,Data,0x203,0x8,0x04 0x00 0x57 0x00 0x57 0x00 0x00 0x00,0x6097,ACK
4.6202167000,1024,Data,0x204,0x8,0x00 0x00 0x00 0x00 0x00 0x00 0x00 0x00,0x79D1,ACK
4.6204730000,1025,Data,0x205,0x8,0x00 0x00 0x00 0x00 0x00 0x00 0x00 0x00,0x72CA,ACK
4.6207792000,1026,Data,0x209,0x8,0x9F 0x27 0x10 0x04 0x90 0x49 0x00 0x00,0x59C2,ACK
4.6210195000,1027,Data,0x20A,0x8,0x00 0x00 0x00 0x00 0x00 0x00 0x00 0x00,0x1B53,ACK
4.6212757000,1028,Data,0x20B,0x8,0xBC 0x02 0x64 0x00 0x01 0xC8 0x00 0x00,0x021C,ACK
4.6215200000,1029,Data,0x20C,0x8,0x00 0xE8 0x0A 0x34 0x1E 0x07 0x00 0x00,0x5480,ACK
4.6217702000,1030,Data,0x301,0x8,0x00 0x00 0x00 0x00 0x00 0x00 0x00 0x00,0x7E55,ACK
4.6220265000,1031,Data,0x302,0x2,0x00 0xFF,0x6FC0,ACK
4.6221707000,1032,Data,0x485,0x8,0x22 0x00 0x00 0x00 0x62 0x00 0x14 0x0C,0x569F,ACK
4.6397027000,1033,Data,0x100,0x8,0x00 0x74 0x04 0x40 0x05 0x4F 0x0F 0x32,0x3A2D,ACK
4.6597027000,1034,Data,0x100,0x8,0x00 0x74 0x04 0x40 0x05 0x4F 0x0F 0x32,0x3A2D,ACK
4.6609449000,1035,Data,0x311,0x8,0x39 0x1E 0x07 0x3F 0x90 0x01 0x00 0x00,0x66BC,ACK
4.6664312000,1036,Data,0x310,0x8,0xF1 0x0E 0x78 0x05 0x12 0x02 0x01 0xC8,0x2684,ACK
4.6731871000,1037,Data,0x212,0x8,0x52 0x01 0x01 0xC9 0x00 0x00 0x00 0x2A,0x3262,ACK
4.6734454000,1038,Data,0x211,0x8,0xE4 0x00 0x2A 0x00 0x00 0x00 0x00 0x00,0x0D4D,ACK
4.6737277000,1039,Data,0x343,0x8,0x00 0x00 0x00 0x01 0x01 0x01 0x01 0x00,0x7ED7,ACK
4.6739859000,1040,Data,0x341,0x8,0x00 0x00 0x00 0x00 0x02 0x00 0x00 0x00,0x1833,ACK
4.6742581000,1041,Data,0x342,0x8,0x05 0x00 0x0F 0x00 0x00 0xE8 0x05 0x34,0x7FAB,ACK
4.6745424000,1042,Data,0x344,0x8,0x00 0x00 0x00 0x03 0x00 0x00 0x00 0x00,0x6F15,ACK
4.6748006000,1043,Data,0x401,0x8,0x00 0x00 0x34 0x00 0x05 0x2A 0x00 0x00,0x4E01,ACK
4.6781388000,1044,Extend Data,0x18EF023E,0x4,0x01 0x01 0x3E 0x02,0x32AB,ACK
4.6784788000,1045,Extend Data,0x18EF3E02,0x5,0x01 0x04 0x3E 0x00 0x00,0x223F,ACK
4.6797010000,1046,Data,0x100,0x8,0x00 0x74 0x04 0x40 0x05 0x4F 0x0F 0x32,0x3A2D,ACK
4.6997010000,1047,Data,0x100,0x8,0x00 0x74 0x04 0x40 0x05 0x4F 0x0F 0x32,0x3A2D,ACK
4.7197209000,1048,Data,0x100,0x8,0x00 0x74 0x04 0x40 0x05 0x4F 0x0F 0x32,0x3A2D,ACK
4.7199610000,1049,Data,0x203,0x8,0x04 0x00 0x57 0x00 0x57 0x00 0x00 0x00,0x6097,ACK
4.7202092000,1050,Data,0x204,0x8,0x00 0x00 0x00 0x00 0x00 0x00 0x00 0x00,0x79D1,ACK
4.7204653000,1051,Data,0x205,0x8,0x00 0x00 0x00 0x00 0x00 0x00 0x00 0x00,0x72CA,ACK
4.7207654000,1052,Data,0x209,0x8,0x9F 0x27 0x10 0x04 0x90 0x49 0x00 0x00,0x59C2,ACK
4.7210055000,1053,Data,0x20A,0x8,0x00 0x00 0x00 0x00 0x00 0x00 0x00 0x00,0x1B53,ACK
4.7212596000,1054,Data,0x20B,0x8,0xBC 0x02 0x64 0x00 0x01 0xC8 0x00 0x00,0x021C,ACK
4.7215038000,1055,Data,0x20C,0x8,0x00 0xE8 0x0A 0x34 0x1E 0x07 0x00 0x00,0x5480,ACK
4.7396896000,1056,Data,0x100,0x8,0x00 0x74 0x04 0x40 0x05 0x4F 0x0F 0x32,0x3A2D,ACK
4.7583355000,1057,Extend Data,0x18EF023E,0x4,0x01 0x01 0x10 0x0E,0x18B4,ACK
4.7591496000,1058,Extend Data,0x00EC3E02,0x8,0x10 0x13 0x00 0x03 0xFF 0x00 0xEF 0x00,0x4279,ACK
4.7594477000,1059,Extend Data,0x18EC023E,0x8,0x11 0x03 0x01 0xFF 0xFF 0x00 0xEF 0x00,0x527F,ACK
4.7597379000,1060,Data,0x100,0x8,0x00 0x74 0x04 0x40 0x05 0x4F 0x0F 0x32,0x3A2D,ACK
4.7604141000,1061,Extend Data,0x00EB3E02,0x8,0x01 0x01 0x04 0x10 0x5A 0x30 0x37 0x58,0x6721,ACK
4.7607204000,1062,Extend Data,0x00EB3E02,0x8,0x02 0x42 0x34 0x47 0x32 0x35 0x4D 0x48,0x0168,ACK
4.7612786000,1063,Extend Data,0x00EB3E02,0x8,0x03 0x33 0x30 0x36 0x7F 0xFC 0xFF 0xFF,0x5CF3,ACK
4.7615927000,1064,Extend Data,0x18EC023E,0x8,0x13 0x13 0x00 0x03 0xFF 0x00 0xEF 0x00,0x24B3,ACK
4.7731647000,1065,Data,0x212,0x8,0x52 0x01 0x01 0xC9 0x00 0x00 0x00 0x2A,0x3262,ACK
4.7734209000,1066,Data,0x211,0x8,0xE4 0x00 0x2A 0x00 0x00 0x00 0x00 0x00,0x0D4D,ACK
4.7737052000,1067,Data,0x343,0x8,0x00 0x00 0x00 0x01 0x01 0x01 0x01 0x00,0x7ED7,ACK
4.7797012000,1068,Data,0x100,0x8,0x00 0x74 0x04 0x40 0x05 0x4F 0x0F 0x32,0x3A2D,ACK
4.7997011000,1069,Data,0x100,0x8,0x00 0x74 0x04 0x40 0x05 0x4F 0x0F 0x32,0x3A2D,ACK
4.8129852000,1070,Extend Data,0x18EF023E,0x4,0x01 0x01 0x83 0x02,0x33E2,ACK
4.8132873000,1071,Extend Data,0x18EF3E02,0x5,0x01 0x04 0x83 0x00 0x00,0x2594,ACK
4.8197273000,1072,Data,0x100,0x8,0x00 0x74 0x04 0x40 0x05 0x4F 0x0F 0x32,0x3A2D,ACK
4.8199694000,1073,Data,0x203,0x8,0x04 0x00 0x57 0x00 0x57 0x00 0x00 0x00,0x6097,ACK
4.8202177000,1074,Data,0x204,0x8,0x00 0x00 0x00 0x00 0x00 0x00 0x00 0x00,0x79D1,ACK
4.8204739000,1075,Data,0x205,0x8,0x00 0x00 0x00 0x00 0x00 0x00 0x00 0x00,0x72CA,ACK
4.8207762000,1076,Data,0x209,0x8,0x9F 0x27 0x10 0x04 0x90 0x49 0x00 0x00,0x59C2,ACK
4.8210164000,1077,Data,0x20A,0x8,0x00 0x00 0x00 0x00 0x00 0x00 0x00 0x00,0x1B53,ACK
4.8212707000,1078,Data,0x20B,0x8,0xBC 0x02 0x64 0x00 0x01 0xC8 0x00 0x00,0x021C,ACK
4.8215149000,1079,Data,0x20C,0x8,0x00 0xE8 0x0A 0x34 0x1E 0x07 0x00 0x00,0x5480,ACK
4.8217652000,1080,Data,0x301,0x8,0x00 0x00 0x00 0x00 0x00 0x00 0x00 0x00,0x7E55,ACK
4.8220214000,1081,Data,0x302,0x2,0x00 0xFF,0x6FC0,ACK
4.8221657000,1082,Data,0x485,0x8,0x22 0x00 0x00 0x00 0x62 0x00 0x14 0x0C,0x569F,ACK
4.8396997000,1083,Data,0x100,0x8,0x00 0x74 0x04 0x40 0x05 0x4F 0x0F 0x32,0x3A2D,ACK
4.8560939000,1084,Data,0x500,0x8,0x48 0x48 0x49 0xFF 0x48 0x48 0x48 0xFF,0x3C42,ACK
4.8570502000,1085,Data,0x424,0x8,0x77 0x49 0x4D 0x69 0x00 0x00 0x00 0x00,0x5F64,ACK
4.8572884000,1086,Data,0x425,0x8,0x01 0x64 0x49 0x57 0x57 0x58 0x01 0xFF,0x3E52,ACK
4.8575247000,1087,Data,0x429,0x8,0x20 0x00 0x00 0x00 0x00 0x00 0x00 0x00,0x7AC7,ACK
4.8577729000,1088,Data,0x420,0x8,0xA0 0x14 0xF2 0xFF 0x66 0x03 0x00 0x00,0x308E,ACK
4.8580092000,1089,Data,0x421,0x8,0x38 0x36 0x31 0x34 0xFB 0x04 0x55 0x04,0x0DC7,ACK
4.8583734000,1090,Data,0x422,0x8,0x00 0x00 0x20 0x00 0x15 0x00 0x02 0x00,0x33F1,ACK
4.8587737000,1091,Data,0x423,0x8,0xBC 0x02 0x64 0x00 0x3C 0x00 0x01 0x00,0x500B,ACK
4.8596977000,1092,Data,0x100,0x8,0x00 0x74 0x04 0x40 0x05 0x4F 0x0F 0x32,0x3A2D,ACK
4.8610179000,1093,Data,0x311,0x8,0x39 0x1E 0x07 0x3F 0x90 0x01 0x00 0x00,0x66BC,ACK
4.8665542000,1094,Data,0x310,0x8,0xF1 0x0E 0x78 0x05 0x12 0x02 0x01 0xC8,0x2684,ACK
4.8731402000,1095,Data,0x212,0x8,0x52 0x01 0x01 0xC9 0x00 0x00 0x00 0x2A,0x3262,ACK
4.8734004000,1096,Data,0x211,0x8,0xE4 0x00 0x2A 0x00 0x00 0x00 0x00 0x00,0x0D4D,ACK
4.8736847000,1097,Data,0x343,0x8,0x00 0x00 0x00 0x01 0x01 0x01 0x01 0x00,0x7ED7,ACK
4.8739389000,1098,Data,0x341,0x8,0x00 0x00 0x00 0x00 0x02 0x00 0x00 0x00,0x1833,ACK
4.8742112000,1099,Data,0x342,0x8,0x05 0x00 0x0F 0x00 0x00 0xE8 0x05 0x34,0x7FAB,ACK
4.8744914000,1100,Data,0x344,0x8,0x00 0x00 0x00 0x03 0x00 0x00 0x00 0x00,0x6F15,ACK
4.8796974000,1101,Data,0x100,0x8,0x00 0x74 0x04 0x40 0x05 0x4F 0x0F 0x32,0x3A2D,ACK
4.8881596000,1102,Extend Data,0x18EF023E,0x4,0x01 0x01 0x8F 0x02,0x142E,ACK
4.8884577000,1103,Extend Data,0x18EF3E02,0x5,0x01 0x04 0x8F 0x00 0x00,0x3DAB,ACK
4.8996976000,1104,Data,0x100,0x8,0x00 0x74 0x04 0x40 0x05 0x4F 0x0F 0x32,0x3A2D,ACK
4.9197176000,1105,Data,0x100,0x8,0x00 0x74 0x04 0x40 0x05 0x4F 0x0F 0x32,0x3A2D,ACK
4.9199578000,1106,Data,0x203,0x8,0x04 0x00 0x57 0x00 0x57 0x00 0x00 0x00,0x6097,ACK
4.9202061000,1107,Data,0x204,0x8,0x00 0x00 0x00 0x00 0x00 0x00 0x00 0x00,0x79D1,ACK
4.9204623000,1108,Data,0x205,0x8,0x00 0x00 0x00 0x00 0x00 0x00 0x00 0x00,0x72CA,ACK
4.9207626000,1109,Data,0x209,0x8,0x9F 0x27 0x10 0x04 0x90 0x49 0x00 0x00,0x59C2,ACK
4.9210028000,1110,Data,0x20A,0x8,0x00 0x00 0x00 0x00 0x00 0x00 0x00 0x00,0x1B53,ACK
4.9212591000,1111,Data,0x20B,0x8,0xBC 0x02 0x64 0x00 0x01 0xC8 0x00 0x00,0x021C,ACK
4.9215033000,1112,Data,0x20C,0x8,0x00 0xE8 0x0A 0x34 0x1E 0x07 0x00 0x00,0x5480,ACK
4.9396973000,1113,Data,0x100,0x8,0x00 0x74 0x04 0x40 0x05 0x4F 0x0F 0x32,0x3A2D,ACK
4.9596973000,1114,Data,0x100,0x8,0x00 0x74 0x04 0x40 0x05 0x4F 0x0F 0x32,0x3A2D,ACK
4.9731692000,1115,Data,0x212,0x8,0x52 0x01 0x01 0xC9 0x00 0x00 0x00 0x2A,0x3262,ACK
4.9734274000,1116,Data,0x211,0x8,0xE4 0x00 0x2A 0x00 0x00 0x00 0x00 0x00,0x0D4D,ACK
4.9736817000,1117,Data,0x343,0x8,0x00 0x00 0x00 0x01 0x01 0x01 0x01 0x00,0x7ED7,ACK
4.9796977000,1118,Data,0x100,0x8,0x00 0x74 0x04 0x40 0x05 0x4F 0x0F 0x32,0x3A2D,ACK
4.9996977000,1119,Data,0x100,0x8,0x00 0x73 0x04 0x40 0x05 0x4F 0x0F 0x32,0x37D1,ACK
5.0197376000,1120,Data,0x100,0x8,0x00 0x71 0x04 0x40 0x05 0x4F 0x0F 0x32,0x1EAA,ACK
5.0199779000,1121,Data,0x203,0x8,0x04 0x00 0x57 0x00 0x57 0x00 0x00 0x00,0x6097,ACK
5.0202241000,1122,Data,0x204,0x8,0x00 0x00 0x00 0x00 0x00 0x00 0x00 0x00,0x79D1,ACK
5.0204804000,1123,Data,0x205,0x8,0x00 0x00 0x00 0x00 0x00 0x00 0x00 0x00,0x72CA,ACK
5.0207726000,1124,Data,0x209,0x8,0x9F 0x27 0x10 0x04 0x90 0x49 0x00 0x00,0x59C2,ACK
5.0210129000,1125,Data,0x20A,0x8,0x00 0x00 0x00 0x00 0x00 0x00 0x00 0x00,0x1B53,ACK
5.0212671000,1126,Data,0x20B,0x8,0xBC 0x02 0x64 0x00 0x01 0xC8 0x00 0x00,0x021C,ACK
5.0215114000,1127,Data,0x20C,0x8,0x00 0xE8 0x0A 0x34 0x1E 0x07 0x00 0x00,0x5480,ACK
5.0217616000,1128,Data,0x301,0x8,0x00 0x00 0x00 0x00 0x00 0x00 0x00 0x00,0x7E55,ACK
5.0220179000,1129,Data,0x302,0x2,0x00 0xFF,0x6FC0,ACK
5.0221621000,1130,Data,0x485,0x8,0x22 0x00 0x00 0x00 0x62 0x00 0x14 0x0C,0x569F,ACK
5.0224103000,1131,Data,0x480,0x8,0x00 0x00 0x00 0x00 0x21 0x00 0x00 0x00,0x32BE,ACK
5.0226666000,1132,Data,0x481,0x8,0xCA 0x17 0x08 0x13 0x00 0x00 0x00 0x00,0x1AA4,ACK
5.0229088000,1133,Data,0x482,0x8,0x52 0x01 0x02 0x00 0x00 0x00 0x00 0x00,0x36EA,ACK
5.0231571000,1134,Data,0x483,0x8,0x31 0x4B 0x31 0x55 0x41 0x32 0x35 0x35,0x717E,ACK
5.0233912000,1135,Data,0x484,0x8,0x31 0x50 0x33 0x39 0x36 0x35 0x00 0x00,0x0196,ACK
5.0396952000,1136,Data,0x100,0x8,0x00 0x71 0x04 0x40 0x05 0x4F 0x0F 0x32,0x1EAA,ACK
5.0596972000,1137,Data,0x100,0x8,0x00 0x6E 0x04 0x40 0x05 0x4F 0x0F 0x32,0x7650,ACK
5.0609234000,1138,Data,0x311,0x8,0x39 0x1E 0x07 0x3F 0x90 0x01 0x00 0x00,0x66BC,ACK
5.0664077000,1139,Data,0x310,0x8,0xF1 0x0E 0x78 0x05 0x12 0x02 0x01 0xC8,0x2684,ACK
5.0731957000,1140,Data,0x212,0x8,0x52 0x01 0x01 0xC9 0x00 0x00 0x00 0x2A,0x3262,ACK
5.0734539000,1141,Data,0x211,0x8,0xE4 0x00 0x2A 0x00 0x00 0x00 0x00 0x00,0x0D4D,ACK
5.0737102000,1142,Data,0x343,0x8,0x00 0x00 0x00 0x01 0x01 0x01 0x01 0x00,0x7ED7,ACK
5.0739664000,1143,Data,0x341,0x8,0x00 0x00 0x00 0x00 0x02 0x00 0x00 0x00,0x1833,ACK
5.0742627000,1144,Data,0x342,0x8,0x05 0x00 0x0F 0x00 0x00 0xE8 0x05 0x34,0x7FAB,ACK
5.0745209000,1145,Data,0x344,0x8,0x00 0x00 0x00 0x03 0x00 0x00 0x00 0x00,0x6F15,ACK
5.0796950000,1146,Data,0x100,0x8,0x00 0x6C 0x04 0x40 0x05 0x4F 0x0F 0x32,0x5F2B,ACK
5.0996950000,1147,Data,0x100,0x8,0x00 0x6A 0x04 0x40 0x05 0x4F 0x0F 0x32,0x24A6,ACK
5.1197149000,1148,Data,0x100,0x8,0x00 0x65 0x04 0x40 0x05 0x4F 0x0F 0x32,0x492F,ACK
5.1199552000,1149,Data,0x203,0x8,0x04 0x00 0x57 0x00 0x57 0x00 0x00 0x00,0x6097,ACK
5.1202034000,1150,Data,0x204,0x8,0x00 0x00 0x00 0x00 0x00 0x00 0x00 0x00,0x79D1,ACK
5.1204597000,1151,Data,0x205,0x8,0x00 0x00 0x00 0x00 0x00 0x00 0x00 0x00,0x72CA,ACK
5.1207699000,1152,Data,0x209,0x8,0x9F 0x27 0x10 0x04 0x90 0x49 0x00 0x00,0x59C2,ACK
5.1210102000,1153,Data,0x20A,0x8,0x00 0x00 0x00 0x00 0x00 0x00 0x00 0x00,0x1B53,ACK
5.1212644000,1154,Data,0x20B,0x8,0xBC 0x02 0x64 0x00 0x01 0xC8 0x00 0x00,0x021C,ACK
5.1215106000,1155,Data,0x20C,0x8,0x00 0xE8 0x0A 0x34 0x1E 0x07 0x00 0x00,0x5480,ACK
5.1396946000,1156,Data,0x100,0x8,0x00 0x5D 0x04 0x40 0x05 0x4F 0x0F 0x32,0x26CF,ACK
5.1596946000,1157,Data,0x100,0x8,0x00 0x4C 0x04 0x40 0x05 0x4F 0x0F 0x32,0x55CD,ACK
5.1731784000,1158,Data,0x212,0x8,0x52 0x01 0x01 0xC9 0x00 0x00 0x00 0x2A,0x3262,ACK
5.1734326000,1159,Data,0x211,0x8,0xE4 0x00 0x2A 0x00 0x00 0x00 0x00 0x00,0x0D4D,ACK
5.1736907000,1160,Data,0x343,0x8,0x00 0x00 0x00 0x01 0x01 0x01 0x01 0x00,0x7ED7,ACK
5.1739468000,1161,Data,0x401,0x8,0xFF 0xFF 0x34 0x00 0x05 0x2A 0x00 0x00,0x7AE4,ACK
5.1796948000,1162,Data,0x100,0x8,0x00 0x37 0x04 0x40 0x05 0x4F 0x0F 0x32,0x70EB,ACK
5.1996946000,1163,Data,0x100,0x8,0x00 0x1C 0x04 0x40 0x05 0x4F 0x0F 0x32,0x4572,ACK
5.2197206000,1164,Data,0x100,0x8,0x00 0x01 0x04 0x40 0x05 0x4F 0x0F 0x32,0x04F3,ACK
5.2199648000,1165,Data,0x203,0x8,0x04 0x00 0x57 0x00 0x57 0x00 0x00 0x00,0x6097,ACK
5.2202111000,1166,Data,0x204,0x8,0x00 0x00 0x00 0x00 0x00 0x00 0x00 0x00,0x79D1,ACK
5.2204673000,1167,Data,0x205,0x8,0x00 0x00 0x00 0x00 0x00 0x00 0x00 0x00,0x72CA,ACK
5.2207696000,1168,Data,0x209,0x8,0x9F 0x27 0x10 0x04 0x90 0x49 0x00 0x00,0x59C2,ACK
5.2210098000,1169,Data,0x20A,0x8,0x00 0x00 0x00 0x00 0x00 0x00 0x00 0x00,0x1B53,ACK
5.2212641000,1170,Data,0x20B,0x8,0xBC 0x02 0x64 0x00 0x01 0xC8 0x00 0x00,0x021C,ACK
5.2215083000,1171,Data,0x20C,0x8,0x00 0xE8 0x0A 0x34 0x1E 0x07 0x00 0x00,0x5480,ACK
5.2217585000,1172,Data,0x301,0x8,0x00 0x00 0x00 0x00 0x00 0x00 0x00 0x00,0x7E55,ACK
5.2220148000,1173,Data,0x302,0x2,0x00 0xFF,0x6FC0,ACK
5.2221590000,1174,Data,0x485,0x8,0x22 0x00 0x00 0x00 0x62 0x00 0x14 0x0C,0x569F,ACK
5.2396930000,1175,Data,0x100,0x8,0x00 0x00 0x04 0x40 0x05 0x4F 0x0F 0x32,0x7282,ACK
5.2596930000,1176,Data,0x100,0x8,0x00 0x00 0x04 0x40 0x05 0x4F 0x0F 0x32,0x7282,ACK
5.2604592000,1177,Data,0x311,0x8,0x39 0x1E 0x07 0x3F 0x90 0x01 0x00 0x00,0x66BC,ACK
5.2679515000,1178,Data,0x310,0x8,0xF1 0x0E 0x78 0x05 0x12 0x02 0x01 0xC8,0x2684,ACK
5.2731714000,1179,Data,0x212,0x8,0x52 0x01 0x01 0xC9 0x00 0x00 0x00 0x2A,0x3262,ACK
5.2734297000,1180,Data,0x211,0x8,0xE4 0x00 0x2A 0x00 0x00 0x00 0x00 0x00,0x0D4D,ACK
5.2737139000,1181,Data,0x343,0x8,0x00 0x00 0x00 0x01 0x00 0x01 0x01 0x00,0x602F,ACK
5.2739702000,1182,Data,0x341,0x8,0x00 0x00 0x00 0x00 0x02 0x00 0x00 0x00,0x1833,ACK
5.2742724000,1183,Data,0x342,0x8,0x05 0x00 0x0F 0x00 0x00 0xE8 0x05 0x34,0x7FAB,ACK
5.2745266000,1184,Data,0x344,0x8,0x00 0x00 0x00 0x03 0x00 0x00 0x00 0x00,0x6F15,ACK
5.2796926000,1185,Data,0x100,0x8,0x00 0x00 0x04 0x40 0x05 0x4F 0x0F 0x32,0x7282,ACK
5.2996925000,1186,Data,0x100,0x8,0x00 0x00 0x04 0x40 0x05 0x4F 0x0F 0x32,0x7282,ACK
5.3197125000,1187,Data,0x100,0x8,0x00 0x00 0x04 0x40 0x05 0x4F 0x0F 0x32,0x7282,ACK
5.3199567000,1188,Data,0x203,0x8,0x04 0x00 0x57 0x00 0x57 0x00 0x00 0x00,0x6097,ACK
5.3202030000,1189,Data,0x204,0x8,0x00 0x00 0x00 0x00 0x00 0x00 0x00 0x00,0x79D1,ACK
5.3204591000,1190,Data,0x205,0x8,0x00 0x00 0x00 0x00 0x00 0x00 0x00 0x00,0x72CA,ACK
5.3207553000,1191,Data,0x209,0x8,0x9F 0x27 0x10 0x04 0x90 0x49 0x00 0x00,0x59C2,ACK
5.3209956000,1192,Data,0x20A,0x8,0x00 0x00 0x00 0x00 0x00 0x00 0x00 0x00,0x1B53,ACK
5.3212498000,1193,Data,0x20B,0x8,0xBC 0x02 0x64 0x00 0x01 0xC8 0x00 0x00,0x021C,ACK
5.3214961000,1194,Data,0x20C,0x8,0x00 0xE4 0x0A 0x34 0x1E 0x07 0x00 0x00,0x6603,ACK
5.3396921000,1195,Data,0x100,0x8,0x00 0x00 0x04 0x40 0x05 0x4F 0x0F 0x32,0x7282,ACK
5.3573543000,1196,Data,0x425,0x8,0x01 0x64 0x49 0x57 0x57 0x58 0x01 0xFF,0x3E52,ACK
5.3575906000,1197,Data,0x429,0x8,0x20 0x00 0x00 0x00 0x00 0x00 0x00 0x00,0x7AC7,ACK
5.3578388000,1198,Data,0x420,0x8,0xA0 0x14 0xEE 0xFF 0x66 0x03 0x00 0x00,0x1535,ACK
5.3580751000,1199,Data,0x421,0x8,0x38 0x36 0x31 0x34 0xFB 0x04 0x55 0x04,0x0DC7,ACK
5.3584273000,1200,Data,0x422,0x8,0x00 0x00 0x20 0x00 0x15 0x00 0x02 0x00,0x33F1,ACK
5.3588056000,1201,Data,0x423,0x8,0xBC 0x02 0x64 0x00 0x3C 0x00 0x01 0x00,0x500B,ACK
5.3596916000,1202,Data,0x100,0x8,0x00 0x00 0x04 0x40 0x05 0x4F 0x0F 0x32,0x7282,ACK
5.3731476000,1203,Data,0x212,0x8,0x52 0x01 0x01 0xC9 0x00 0x00 0x00 0x2A,0x3262,ACK
5.3734078000,1204,Data,0x211,0x8,0xE4 0x00 0x2A 0x00 0x00 0x00 0x00 0x00,0x0D4D,ACK
5.3736901000,1205,Data,0x343,0x8,0x00 0x00 0x00 0x01 0x00 0x01 0x01 0x00,0x602F,ACK
5.3796901000,1206,Data,0x100,0x8,0x00 0x00 0x04 0x40 0x05 0x4F 0x0F 0x32,0x7282,ACK
5.3996901000,1207,Data,0x100,0x8,0x00 0x00 0x04 0x40 0x05 0x4F 0x0F 0x32,0x7282,ACK
5.4197180000,1208,Data,0x100,0x8,0x00 0x00 0x04 0x40 0x05 0x4F 0x0F 0x32,0x7282,ACK
5.4199623000,1209,Data,0x203,0x8,0x04 0x00 0x57 0x00 0x57 0x00 0x00 0x00,0x6097,ACK
5.4202085000,1210,Data,0x204,0x8,0x00 0x00 0x00 0x00 0x00 0x00 0x00 0x00,0x79D1,ACK
5.4204648000,1211,Data,0x205,0x8,0x00 0x00 0x00 0x00 0x00 0x00 0x00 0x00,0x72CA,ACK
5.4207690000,1212,Data,0x209,0x8,0x9F 0x27 0x10 0x04 0x90 0x49 0x00 0x00,0x59C2,ACK
5.4210092000,1213,Data,0x20A,0x8,0x00 0x00 0x00 0x00 0x00 0x00 0x00 0x00,0x1B53,ACK
5.4212635000,1214,Data,0x20B,0x8,0xBC 0x02 0x64 0x00 0x01 0xC8 0x00 0x00,0x021C,ACK
5.4215077000,1215,Data,0x20C,0x8,0x00 0xE4 0x0A 0x34 0x1E 0x07 0x00 0x00,0x6603,ACK
5.4217580000,1216,Data,0x301,0x8,0x00 0x00 0x00 0x00 0x00 0x00 0x00 0x00,0x7E55,ACK
5.4220142000,1217,Data,0x302,0x2,0x00 0xFF,0x6FC0,ACK
5.4221585000,1218,Data,0x485,0x8,0x22 0x00 0x00 0x00 0x62 0x00 0x14 0x0C,0x569F,ACK
5.4396905000,1219,Data,0x100,0x8,0x00 0x00 0x04 0x40 0x05 0x4F 0x0F 0x32,0x7282,ACK
5.4596884000,1220,Data,0x100,0x8,0x00 0x00 0x04 0x40 0x05 0x4F 0x0F 0x32,0x7282,ACK
5.4618147000,1221,Data,0x311,0x8,0x39 0x1E 0x07 0x3F 0x90 0x01 0x00 0x00,0x66BC,ACK
5.4672810000,1222,Data,0x310,0x8,0xF1 0x0E 0x78 0x05 0x12 0x02 0x01 0xC8,0x2684,ACK
5.4731249000,1223,Data,0x212,0x8,0x52 0x01 0x01 0xC9 0x00 0x00 0x00 0x2A,0x3262,ACK
5.4733832000,1224,Data,0x211,0x8,0xE4 0x00 0x2A 0x00 0x00 0x00 0x00 0x00,0x0D4D,ACK
5.4736694000,1225,Data,0x343,0x8,0x00 0x00 0x00 0x01 0x00 0x01 0x01 0x00,0x602F,ACK
5.4739237000,1226,Data,0x341,0x8,0x00 0x00 0x00 0x00 0x02 0x00 0x00 0x00,0x1833,ACK
5.4741978000,1227,Data,0x342,0x8,0x05 0x00 0x0F 0x00 0x00 0xE4 0x05 0x34,0x6794,ACK
5.4744821000,1228,Data,0x344,0x8,0x00 0x00 0x00 0x03 0x00 0x00 0x00 0x00,0x6F15,ACK
5.4796901000,1229,Data,0x100,0x8,0x00 0x00 0x04 0x40 0x05 0x4F 0x0F 0x32,0x7282,ACK
5.4996901000,1230,Data,0x100,0x8,0x00 0x00 0x04 0x40 0x05 0x4F 0x0F 0x32,0x7282,ACK
5.5197081000,1231,Data,0x100,0x8,0x00 0x00 0x04 0x40 0x05 0x4F 0x0F 0x32,0x7282,ACK
5.5199543000,1232,Data,0x203,0x8,0x04 0x00 0x57 0x00 0x57 0x00 0x00 0x00,0x6097,ACK
5.5202026000,1233,Data,0x204,0x8,0x00 0x00 0x00 0x00 0x00 0x00 0x00 0x00,0x79D1,ACK
5.5204588000,1234,Data,0x205,0x8,0x00 0x00 0x00 0x00 0x00 0x00 0x00 0x00,0x72CA,ACK
5.5207670000,1235,Data,0x209,0x8,0x9F 0x27 0x10 0x04 0x90 0x49 0x00 0x00,0x59C2,ACK
5.5210073000,1236,Data,0x20A,0x8,0x00 0x00 0x00 0x00 0x00 0x00 0x00 0x00,0x1B53,ACK
5.5212635000,1237,Data,0x20B,0x8,0xBC 0x02 0x64 0x00 0x01 0xC8 0x00 0x00,0x021C,ACK
5.5215078000,1238,Data,0x20C,0x8,0x00 0xE4 0x0A 0x34 0x1E 0x07 0x00 0x00,0x6603,ACK
5.5396898000,1239,Data,0x100,0x8,0x00 0x00 0x04 0x40 0x05 0x4F 0x0F 0x32,0x7282,ACK
5.5596876000,1240,Data,0x100,0x8,0x00 0x00 0x04 0x40 0x05 0x4F 0x0F 0x32,0x7282,ACK
5.5731614000,1241,Data,0x212,0x8,0x52 0x01 0x01 0xC9 0x00 0x00 0x00 0x2A,0x3262,ACK
5.5734157000,1242,Data,0x211,0x8,0xE4 0x00 0x2A 0x00 0x00 0x00 0x00 0x00,0x0D4D,ACK
5.5736999000,1243,Data,0x343,0x8,0x00 0x00 0x00 0x01 0x00 0x01 0x01 0x00,0x602F,ACK
5.5796880000,1244,Data,0x100,0x8,0x00 0x00 0x04 0x40 0x05 0x4F 0x0F 0x32,0x7282,ACK
5.5996879000,1245,Data,0x100,0x8,0x00 0x00 0x04 0x40 0x05 0x4F 0x0F 0x32,0x7282,ACK
5.6197137000,1246,Data,0x100,0x8,0x00 0x00 0x04 0x40 0x05 0x4F 0x0F 0x32,0x7282,ACK
5.6199598000,1247,Data,0x203,0x8,0x04 0x00 0x57 0x00 0x57 0x00 0x00 0x00,0x6097,ACK
5.6202080000,1248,Data,0x204,0x8,0x00 0x00 0x00 0x00 0x00 0x00 0x00 0x00,0x79D1,ACK
5.6204641000,1249,Data,0x205,0x8,0x00 0x00 0x00 0x00 0x00 0x00 0x00 0x00,0x72CA,ACK
5.6207642000,1250,Data,0x209,0x8,0x9F 0x27 0x10 0x04 0x90 0x49 0x00 0x00,0x59C2,ACK
5.6210043000,1251,Data,0x20A,0x8,0x00 0x00 0x00 0x00 0x00 0x00 0x00 0x00,0x1B53,ACK
5.6212604000,1252,Data,0x20B,0x8,0xBC 0x02 0x64 0x00 0x01 0xC8 0x00 0x00,0x021C,ACK
5.6215046000,1253,Data,0x20C,0x8,0x00 0xE4 0x0A 0x34 0x1E 0x07 0x00 0x00,0x6603,ACK
5.6217567000,1254,Data,0x301,0x8,0x00 0x00 0x00 0x00 0x00 0x00 0x00 0x00,0x7E55,ACK
5.6220128000,1255,Data,0x302,0x2,0x00 0xFF,0x6FC0,ACK
5.6221569000,1256,Data,0x485,0x8,0x22 0x00 0x00 0x00 0x62 0x00 0x14 0x0C,0x569F,ACK
5.6396768000,1257,Data,0x100,0x8,0x00 0x00 0x04 0x40 0x05 0x4F 0x0F 0x32,0x7282,ACK
5.6596867000,1258,Data,0x100,0x8,0x00 0x00 0x04 0x40 0x05 0x4F 0x0F 0x32,0x7282,ACK
5.6615910000,1259,Data,0x311,0x8,0x39 0x1E 0x07 0x3F 0x90 0x01 0x00 0x00,0x66BC,ACK
5.6690932000,1260,Data,0x310,0x8,0xF1 0x0E 0x78 0x05 0x12 0x02 0x01 0xC8,0x2684,ACK
5.6731393000,1261,Data,0x212,0x8,0x52 0x01 0x01 0xC9 0x00 0x00 0x00 0x2A,0x3262,ACK
5.6734276000,1262,Data,0x211,0x8,0xE4 0x00 0x2A 0x00 0x00 0x00 0x00 0x00,0x0D4D,ACK
5.6736818000,1263,Data,0x343,0x8,0x00 0x00 0x00 0x01 0x00 0x01 0x01 0x00,0x602F,ACK
5.6739401000,1264,Data,0x341,0x8,0x00 0x00 0x00 0x00 0x02 0x00 0x00 0x00,0x1833,ACK
5.6742123000,1265,Data,0x342,0x8,0x05 0x00 0x0F 0x00 0x00 0xE4 0x05 0x34,0x6794,ACK
5.6744946000,1266,Data,0x344,0x8,0x00 0x00 0x00 0x03 0x00 0x00 0x00 0x00,0x6F15,ACK
5.6747528000,1267,Data,0x401,0x8,0xFF 0xFF 0x34 0x01 0x05 0x2A 0x00 0x00,0x1D0C,ACK
5.6796868000,1268,Data,0x100,0x8,0x00 0x00 0x04 0x40 0x05 0x4F 0x0F 0x32,0x7282,ACK
5.6996848000,1269,Data,0x100,0x8,0x00 0x00 0x04 0x40 0x05 0x4F 0x0F 0x32,0x7282,ACK
5.7197067000,1270,Data,0x100,0x8,0x00 0x00 0x04 0x40 0x05 0x4F 0x0F 0x32,0x7282,ACK
5.7199510000,1271,Data,0x203,0x8,0x04 0x00 0x57 0x00 0x57 0x00 0x00 0x00,0x6097,ACK
5.7201972000,1272,Data,0x204,0x8,0x00 0x00 0x00 0x00 0x00 0x00 0x00 0x00,0x79D1,ACK
5.7204535000,1273,Data,0x205,0x8,0x00 0x00 0x00 0x00 0x00 0x00 0x00 0x00,0x72CA,ACK
5.7207477000,1274,Data,0x209,0x8,0x9F 0x27 0x10 0x04 0x90 0x49 0x00 0x00,0x59C2,ACK
5.7209880000,1275,Data,0x20A,0x8,0x00 0x00 0x00 0x00 0x00 0x00 0x00 0x00,0x1B53,ACK
5.7212402000,1276,Data,0x20B,0x8,0xBC 0x02 0x64 0x00 0x01 0xC8 0x00 0x00,0x021C,ACK
5.7214845000,1277,Data,0x20C,0x8,0x00 0xE4 0x0A 0x34 0x1E 0x07 0x00 0x00,0x6603,ACK
5.7396864000,1278,Data,0x100,0x8,0x00 0x00 0x04 0x40 0x05 0x4F 0x0F 0x32,0x7282,ACK
5.7596864000,1279,Data,0x100,0x8,0x00 0x00 0x04 0x40 0x05 0x4F 0x0F 0x32,0x7282,ACK
5.7731183000,1280,Data,0x212,0x8,0x52 0x01 0x00 0xC9 0x00 0x00 0x00 0x2A,0x2C4E,ACK
5.7734026000,1281,Data,0x211,0x8,0xE4 0x00 0x2A 0x00 0x00 0x00 0x00 0x00,0x0D4D,ACK
5.7736607000,1282,Data,0x343,0x8,0x00 0x00 0x00 0x01 0x00 0x00 0x01 0x00,0x103B,ACK
5.7796867000,1283,Data,0x100,0x8,0x00 0x00 0x04 0x40 0x05 0x4F 0x0F 0x32,0x7282,ACK
5.7996847000,1284,Data,0x100,0x8,0x00 0x00 0x04 0x40 0x05 0x4F 0x0F 0x32,0x7282,ACK
5.8197106000,1285,Data,0x100,0x8,0x00 0x00 0x04 0x40 0x05 0x4F 0x0F 0x32,0x7282,ACK
5.8199569000,1286,Data,0x203,0x8,0x04 0x00 0x57 0x00 0x57 0x00 0x00 0x00,0x6097,ACK
5.8202051000,1287,Data,0x204,0x8,0x00 0x00 0x00 0x00 0x00 0x00 0x00 0x00,0x79D1,ACK
5.8204614000,1288,Data,0x205,0x8,0x00 0x00 0x00 0x00 0x00 0x00 0x00 0x00,0x72CA,ACK
5.8207615000,1289,Data,0x209,0x8,0x9F 0x27 0x10 0x04 0x90 0x49 0x00 0x00,0x59C2,ACK
5.8210018000,1290,Data,0x20A,0x8,0x00 0x00 0x00 0x00 0x00 0x00 0x00 0x00,0x1B53,ACK
5.8212580000,1291,Data,0x20B,0x8,0xBC 0x02 0x64 0x00 0x01 0xC8 0x00 0x00,0x021C,ACK
5.8215022000,1292,Data,0x20C,0x8,0x00 0xE4 0x0A 0x34 0x1E 0x07 0x00 0x00,0x6603,ACK
5.8217525000,1293,Data,0x301,0x8,0x00 0x00 0x00 0x00 0x00 0x00 0x00 0x00,0x7E55,ACK
5.8220087000,1294,Data,0x302,0x2,0x00 0xFF,0x6FC0,ACK
5.8221530000,1295,Data,0x485,0x8,0x22 0x00 0x00 0x00 0x62 0x00 0x14 0x0C,0x569F,ACK
5.8396850000,1296,Data,0x100,0x8,0x00 0x00 0x04 0x40 0x05 0x4F 0x0F 0x32,0x7282,ACK
5.8572772000,1297,Data,0x502,0x8,0x32 0xAC 0x86 0x0E 0x1A 0xB9 0x00 0x00,0x0E93,ACK
5.8575235000,1298,Data,0x424,0x8,0x78 0x49 0x4D 0x69 0x00 0x00 0x00 0x00,0x5510,ACK
5.8577597000,1299,Data,0x425,0x8,0x01 0x64 0x49 0x57 0x57 0x58 0x01 0xFF,0x3E52,ACK
5.8579960000,1300,Data,0x429,0x8,0x20 0x00 0x00 0x00 0x00 0x00 0x00 0x00,0x7AC7,ACK
5.8582442000,1301,Data,0x420,0x8,0xA0 0x14 0xF6 0xFF 0x66 0x03 0x00 0x00,0x483E,ACK
5.8584845000,1302,Data,0x421,0x8,0x38 0x36 0x31 0x34 0xFB 0x04 0x55 0x04,0x0DC7,ACK
5.8587927000,1303,Data,0x422,0x8,0x00 0x00 0x20 0x00 0x15 0x00 0x02 0x00,0x33F1,ACK
5.8591750000,1304,Data,0x423,0x8,0xBC 0x02 0x64 0x00 0x3C 0x00 0x01 0x00,0x500B,ACK
5.8595792000,1305,Data,0x501,0x8,0xB4 0xC1 0x83 0x58 0x51 0xE5 0xB2 0x6B,0x057E,ACK
5.8598093000,1306,Data,0x100,0x8,0x00 0x00 0x04 0x40 0x05 0x4F 0x0F 0x32,0x7282,ACK
5.8614975000,1307,Data,0x311,0x8,0x39 0x1E 0x07 0x3F 0x90 0x01 0x00 0x00,0x66BC,ACK
5.8690478000,1308,Data,0x310,0x8,0xF1 0x0E 0x78 0x05 0x12 0x02 0x01 0xC8,0x2684,ACK
5.8731318000,1309,Data,0x212,0x8,0x52 0x01 0x00 0xC9 0x00 0x00 0x00 0x2A,0x2C4E,ACK
5.8733921000,1310,Data,0x211,0x8,0xE4 0x00 0x2A 0x00 0x00 0x00 0x00 0x00,0x0D4D,ACK
5.8736523000,1311,Data,0x343,0x8,0x00 0x00 0x00 0x01 0x00 0x00 0x01 0x00,0x103B,ACK
5.8739086000,1312,Data,0x341,0x8,0x00 0x00 0x00 0x00 0x02 0x00 0x00 0x00,0x1833,ACK
5.8742068000,1313,Data,0x342,0x8,0x05 0x00 0x0F 0x00 0x00 0xE4 0x05 0x34,0x6794,ACK
5.8744671000,1314,Data,0x344,0x8,0x00 0x00 0x00 0x03 0x00 0x00 0x00 0x00,0x6F15,ACK
5.8796831000,1315,Data,0x100,0x8,0x00 0x00 0x04 0x40 0x05 0x4F 0x0F 0x32,0x7282,ACK
5.8996831000,1316,Data,0x100,0x8,0x00 0x00 0x04 0x40 0x05 0x4F 0x0F 0x32,0x7282,ACK
5.9197011000,1317,Data,0x100,0x8,0x00 0x00 0x04 0x40 0x05 0x4F 0x0F 0x32,0x7282,ACK
5.9199453000,1318,Data,0x203,0x8,0x04 0x00 0x57 0x00 0x57 0x00 0x00 0x00,0x6097,ACK
5.9201916000,1319,Data,0x204,0x8,0x00 0x00 0x00 0x00 0x00 0x00 0x00 0x00,0x79D1,ACK
5.9204478000,1320,Data,0x205,0x8,0x00 0x00 0x00 0x00 0x00 0x00 0x00 0x00,0x72CA,ACK
5.9207580000,1321,Data,0x209,0x8,0x9F 0x27 0x10 0x04 0x90 0x49 0x00 0x00,0x59C2,ACK
5.9209983000,1322,Data,0x20A,0x8,0x00 0x00 0x00 0x00 0x00 0x00 0x00 0x00,0x1B53,ACK
5.9212525000,1323,Data,0x20B,0x8,0xBC 0x02 0x64 0x00 0x01 0xC8 0x00 0x00,0x021C,ACK
5.9214988000,1324,Data,0x20C,0x8,0x00 0xE4 0x0A 0x34 0x1E 0x07 0x00 0x00,0x6603,ACK
5.9396848000,1325,Data,0x100,0x8,0x00 0x00 0x04 0x40 0x05 0x4F 0x0F 0x32,0x7282,ACK
5.9596707000,1326,Data,0x100,0x8,0x00 0x00 0x04 0x40 0x05 0x4F 0x0F 0x32,0x7282,ACK
5.9731226000,1327,Data,0x212,0x8,0x52 0x01 0x00 0xC9 0x00 0x00 0x00 0x2A,0x2C4E,ACK
5.9733847000,1328,Data,0x211,0x8,0xE4 0x00 0x2A 0x00 0x00 0x00 0x00 0x00,0x0D4D,ACK
5.9736650000,1329,Data,0x343,0x8,0x00 0x00 0x00 0x01 0x00 0x00 0x01 0x00,0x103B,ACK
5.9796831000,1330,Data,0x100,0x8,0x00 0x00 0x04 0x40 0x05 0x4F 0x0F 0x32,0x7282,ACK
5.9996830000,1331,Data,0x100,0x8,0x00 0x00 0x04 0x40 0x05 0x4F 0x0F 0x32,0x7282,ACK
6.0197230000,1332,Data,0x100,0x8,0x00 0x00 0x04 0x40 0x05 0x4F 0x0F 0x32,0x7282,ACK
6.0199672000,1333,Data,0x203,0x8,0x04 0x00 0x57 0x00 0x57 0x00 0x00 0x00,0x6097,ACK
6.0202135000,1334,Data,0x204,0x8,0x00 0x00 0x00 0x00 0x00 0x00 0x00 0x00,0x79D1,ACK
6.0204697000,1335,Data,0x205,0x8,0x00 0x00 0x00 0x00 0x00 0x00 0x00 0x00,0x72CA,ACK
6.0207580000,1336,Data,0x209,0x8,0x9F 0x27 0x10 0x04 0x90 0x49 0x00 0x00,0x59C2,ACK
6.0209981000,1337,Data,0x20A,0x8,0x00 0x00 0x00 0x00 0x00 0x00 0x00 0x00,0x1B53,ACK
6.0212522000,1338,Data,0x20B,0x8,0xBC 0x02 0x64 0x00 0x01 0xC8 0x00 0x00,0x021C,ACK
6.0214983000,1339,Data,0x20C,0x8,0x00 0xE4 0x0A 0x34 0x1E 0x07 0x00 0x00,0x6603,ACK
6.0217484000,1340,Data,0x301,0x8,0x00 0x00 0x00 0x00 0x00 0x00 0x00 0x00,0x7E55,ACK
6.0220046000,1341,Data,0x302,0x2,0x00 0xFF,0x6FC0,ACK
6.0221507000,1342,Data,0x485,0x8,0x22 0x00 0x00 0x00 0x62 0x00 0x14 0x0C,0x569F,ACK
6.0223988000,1343,Data,0x480,0x8,0x00 0x00 0x00 0x00 0x21 0x00 0x00 0x00,0x32BE,ACK
6.0226549000,1344,Data,0x481,0x8,0xCA 0x17 0x08 0x13 0x00 0x00 0x00 0x00,0x1AA4,ACK
6.0228970000,1345,Data,0x482,0x8,0x52 0x01 0x02 0x00 0x00 0x00 0x00 0x00,0x36EA,ACK
6.0231452000,1346,Data,0x483,0x8,0x31 0x4B 0x31 0x55 0x41 0x32 0x35 0x35,0x717E,ACK
6.0233793000,1347,Data,0x484,0x8,0x31 0x50 0x33 0x39 0x36 0x35 0x00 0x00,0x0196,ACK
6.0396812000,1348,Data,0x100,0x8,0x00 0x00 0x04 0x40 0x05 0x4F 0x0F 0x32,0x7282,ACK
6.0596810000,1349,Data,0x100,0x8,0x00 0x00 0x04 0x40 0x05 0x4F 0x0F 0x32,0x7282,ACK
6.0628453000,1350,Data,0x311,0x8,0x39 0x1E 0x07 0x3F 0x90 0x01 0x00 0x00,0x66BC,ACK
6.0683195000,1351,Data,0x310,0x8,0xF1 0x0E 0x78 0x05 0x12 0x02 0x01 0xC8,0x2684,ACK
6.0731156000,1352,Data,0x212,0x8,0x52 0x01 0x00 0xC9 0x00 0x00 0x00 0x2A,0x2C4E,ACK
6.0733558000,1353,Data,0x211,0x8,0xE4 0x00 0x2A 0x00 0x00 0x00 0x00 0x00,0x0D4D,ACK
6.0736121000,1354,Data,0x343,0x8,0x00 0x00 0x00 0x01 0x00 0x00 0x01 0x00,0x103B,ACK
6.0738923000,1355,Data,0x341,0x8,0x00 0x00 0x00 0x00 0x02 0x00 0x00 0x00,0x1833,ACK
6.0741665000,1356,Data,0x342,0x8,0x05 0x00 0x0F 0x00 0x00 0xE4 0x05 0x34,0x6794,ACK
6.0744246000,1357,Data,0x344,0x8,0x00 0x00 0x00 0x03 0x00 0x00 0x00 0x00,0x6F15,ACK
6.0796806000,1358,Data,0x100,0x8,0x00 0x00 0x04 0x40 0x05 0x4F 0x0F 0x32,0x7282,ACK
6.0996805000,1359,Data,0x100,0x8,0x00 0x00 0x04 0x40 0x05 0x4F 0x0F 0x32,0x7282,ACK
6.1196985000,1360,Data,0x100,0x8,0x00 0x00 0x04 0x40 0x05 0x4F 0x0F 0x32,0x7282,ACK
6.1199427000,1361,Data,0x203,0x8,0x04 0x00 0x57 0x00 0x57 0x00 0x00 0x00,0x6097,ACK
6.1201890000,1362,Data,0x204,0x8,0x00 0x00 0x00 0x00 0x00 0x00 0x00 0x00,0x79D1,ACK
6.1204452000,1363,Data,0x205,0x8,0x00 0x00 0x00 0x00 0x00 0x00 0x00 0x00,0x72CA,ACK
6.1207555000,1364,Data,0x209,0x8,0x9F 0x27 0x10 0x04 0x90 0x49 0x00 0x00,0x59C2,ACK
6.1209957000,1365,Data,0x20A,0x8,0x00 0x00 0x00 0x00 0x00 0x00 0x00 0x00,0x1B53,ACK
6.1212500000,1366,Data,0x20B,0x8,0xBC 0x02 0x64 0x00 0x01 0xC8 0x00 0x00,0x021C,ACK
6.1214962000,1367,Data,0x20C,0x8,0x00 0xE4 0x0A 0x34 0x1E 0x07 0x00 0x00,0x6603,ACK
6.1396682000,1368,Data,0x100,0x8,0x00 0x00 0x04 0x40 0x05 0x4F 0x0F 0x32,0x7282,ACK
6.1596802000,1369,Data,0x100,0x8,0x00 0x00 0x04 0x40 0x05 0x4F 0x0F 0x32,0x7282,ACK
6.1731221000,1370,Data,0x212,0x8,0x52 0x01 0x00 0xC9 0x00 0x00 0x00 0x2A,0x2C4E,ACK
6.1733802000,1371,Data,0x211,0x8,0xE4 0x00 0x2A 0x00 0x00 0x00 0x00 0x00,0x0D4D,ACK
6.1736425000,1372,Data,0x343,0x8,0x00 0x00 0x00 0x01 0x00 0x00 0x01 0x00,0x103B,ACK
6.1739007000,1373,Data,0x401,0x8,0xFF 0xFF 0x34 0x00 0x05 0x2A 0x00 0x00,0x7AE4,ACK
6.1796787000,1374,Data,0x100,0x8,0x00 0x00 0x04 0x40 0x05 0x4F 0x0F 0x32,0x7282,ACK
6.1996787000,1375,Data,0x100,0x8,0x00 0x00 0x04 0x40 0x05 0x4F 0x0F 0x32,0x7282,ACK
6.2197067000,1376,Data,0x100,0x8,0x00 0x00 0x04 0x40 0x05 0x4F 0x0F 0x32,0x7282,ACK
6.2199508000,1377,Data,0x203,0x8,0x04 0x00 0x57 0x00 0x57 0x00 0x00 0x00,0x6097,ACK
6.2201970000,1378,Data,0x204,0x8,0x00 0x00 0x00 0x00 0x00 0x00 0x00 0x00,0x79D1,ACK
6.2204533000,1379,Data,0x205,0x8,0x00 0x00 0x00 0x00 0x00 0x00 0x00 0x00,0x72CA,ACK
6.2207555000,1380,Data,0x209,0x8,0x9F 0x27 0x10 0x04 0x90 0x49 0x00 0x00,0x59C2,ACK
6.2209958000,1381,Data,0x20A,0x8,0x00 0x00 0x00 0x00 0x00 0x00 0x00 0x00,0x1B53,ACK
6.2212500000,1382,Data,0x20B,0x8,0xBC 0x02 0x64 0x00 0x01 0xC8 0x00 0x00,0x021C,ACK
6.2214943000,1383,Data,0x20C,0x8,0x00 0xE4 0x0A 0x34 0x1E 0x07 0x00 0x00,0x6603,ACK
6.2217445000,1384,Data,0x301,0x8,0x00 0x00 0x00 0x00 0x00 0x00 0x00 0x00,0x7E55,ACK
6.2220007000,1385,Data,0x302,0x2,0x00 0xFF,0x6FC0,ACK
6.2221450000,1386,Data,0x485,0x8,0x22 0x00 0x00 0x00 0x62 0x00 0x14 0x0C,0x569F,ACK
6.2396790000,1387,Data,0x100,0x8,0x00 0x00 0x04 0x40 0x05 0x4F 0x0F 0x32,0x7282,ACK
6.2596789000,1388,Data,0x100,0x8,0x00 0x00 0x04 0x40 0x05 0x4F 0x0F 0x32,0x7282,ACK
6.2623390000,1389,Data,0x311,0x8,0x39 0x1E 0x07 0x3F 0x90 0x01 0x00 0x00,0x66BC,ACK
6.2699033000,1390,Data,0x310,0x8,0xF1 0x0E 0x78 0x05 0x12 0x02 0x01 0xC8,0x2684,ACK
6.2731214000,1391,Data,0x212,0x8,0x52 0x01 0x00 0xC9 0x00 0x00 0x00 0x2A,0x2C4E,ACK
6.2733796000,1392,Data,0x211,0x8,0xE4 0x00 0x2A 0x00 0x00 0x00 0x00 0x00,0x0D4D,ACK
6.2736598000,1393,Data,0x343,0x8,0x00 0x00 0x00 0x01 0x00 0x00 0x01 0x00,0x103B,ACK
6.2739161000,1394,Data,0x341,0x8,0x00 0x00 0x00 0x00 0x02 0x00 0x00 0x00,0x1833,ACK
6.2741923000,1395,Data,0x342,0x8,0x05 0x00 0x0F 0x00 0x00 0xE4 0x05 0x34,0x6794,ACK
6.2744726000,1396,Data,0x344,0x8,0x00 0x00 0x00 0x03 0x00 0x00 0x00 0x00,0x6F15,ACK
6.2796786000,1397,Data,0x100,0x8,0x00 0x00 0x04 0x40 0x05 0x4F 0x0F 0x32,0x7282,ACK
6.2996786000,1398,Data,0x100,0x8,0x00 0x00 0x04 0x40 0x05 0x4F 0x0F 0x32,0x7282,ACK
6.3196966000,1399,Data,0x100,0x8,0x00 0x00 0x04 0x40 0x05 0x4F 0x0F 0x32,0x7282,ACK
6.3199408000,1400,Data,0x203,0x8,0x04 0x00 0x57 0x00 0x57 0x00 0x00 0x00,0x6097,ACK
6.3201871000,1401,Data,0x204,0x8,0x00 0x00 0x00 0x00 0x00 0x00 0x00 0x00,0x79D1,ACK
6.3204433000,1402,Data,0x205,0x8,0x00 0x00 0x00 0x00 0x00 0x00 0x00 0x00,0x72CA,ACK
6.3207415000,1403,Data,0x209,0x8,0x9F 0x27 0x10 0x04 0x90 0x49 0x00 0x00,0x59C2,ACK
6.3209818000,1404,Data,0x20A,0x8,0x00 0x00 0x00 0x00 0x00 0x00 0x00 0x00,0x1B53,ACK
6.3212359000,1405,Data,0x20B,0x8,0xBC 0x02 0x64 0x00 0x01 0xC8 0x00 0x00,0x021C,ACK
6.3214802000,1406,Data,0x20C,0x8,0x00 0xE4 0x0A 0x34 0x1E 0x07 0x00 0x00,0x6603,ACK
6.3396781000,1407,Data,0x100,0x8,0x00 0x00 0x04 0x40 0x05 0x4F 0x0F 0x32,0x7282,ACK
6.3580004000,1408,Data,0x425,0x8,0x01 0x64 0x49 0x57 0x57 0x58 0x01 0xFF,0x3E52,ACK
6.3582367000,1409,Data,0x429,0x8,0x20 0x00 0x00 0x00 0x00 0x00 0x00 0x00,0x7AC7,ACK
6.3585009000,1410,Data,0x420,0x8,0xA0 0x14 0xF4 0xFF 0x66 0x03 0x00 0x00,0x7466,ACK
6.3587371000,1411,Data,0x421,0x8,0x38 0x36 0x31 0x34 0xFB 0x04 0x55 0x04,0x0DC7,ACK
6.3591074000,1412,Data,0x422,0x8,0x00 0x00 0x20 0x00 0x15 0x00 0x02 0x00,0x33F1,ACK
6.3595096000,1413,Data,0x423,0x8,0xBC 0x02 0x64 0x00 0x3C 0x00 0x01 0x00,0x500B,ACK
6.3597477000,1414,Data,0x100,0x8,0x00 0x00 0x04 0x40 0x05 0x4F 0x0F 0x32,0x7282,ACK
6.3731336000,1415,Data,0x212,0x8,0x52 0x01 0x00 0xC9 0x00 0x00 0x00 0x2A,0x2C4E,ACK
6.3733957000,1416,Data,0x211,0x8,0xE4 0x00 0x2A 0x00 0x00 0x00 0x00 0x00,0x0D4D,ACK
6.3736520000,1417,Data,0x343,0x8,0x00 0x00 0x00 0x01 0x00 0x00 0x01 0x00,0x103B,ACK
6.3796641000,1418,Data,0x100,0x8,0x00 0x00 0x04 0x40 0x05 0x4F 0x0F 0x32,0x7282,ACK
6.3996760000,1419,Data,0x100,0x8,0x00 0x00 0x04 0x40 0x05 0x4F 0x0F 0x32,0x7282,ACK
6.4196920000,1420,Data,0x100,0x8,0x00 0x00 0x04 0x40 0x05 0x4F 0x0F 0x32,0x7282,ACK
6.4199362000,1421,Data,0x203,0x8,0x04 0x00 0x57 0x00 0x57 0x00 0x00 0x00,0x6097,ACK
6.4201845000,1422,Data,0x204,0x8,0x00 0x00 0x00 0x00 0x00 0x00 0x00 0x00,0x79D1,ACK
6.4204407000,1423,Data,0x205,0x8,0x00 0x00 0x00 0x00 0x00 0x00 0x00 0x00,0x72CA,ACK
6.4207510000,1424,Data,0x209,0x8,0x9F 0x27 0x10 0x04 0x90 0x49 0x00 0x00,0x59C2,ACK
6.4209912000,1425,Data,0x20A,0x8,0x00 0x00 0x00 0x00 0x00 0x00 0x00 0x00,0x1B53,ACK
6.4212455000,1426,Data,0x20B,0x8,0xBC 0x02 0x64 0x00 0x01 0xC8 0x00 0x00,0x021C,ACK
6.4214897000,1427,Data,0x20C,0x8,0x00 0xE4 0x0A 0x34 0x1E 0x07 0x00 0x00,0x6603,ACK
6.4217399000,1428,Data,0x301,0x8,0x00 0x00 0x00 0x00 0x00 0x00 0x00 0x00,0x7E55,ACK
6.4219982000,1429,Data,0x302,0x2,0x00 0xFF,0x6FC0,ACK
6.4221424000,1430,Data,0x485,0x8,0x22 0x00 0x00 0x00 0x62 0x00 0x14 0x0C,0x569F,ACK
6.4396744000,1431,Data,0x100,0x8,0x00 0x00 0x04 0x40 0x05 0x4F 0x0F 0x32,0x7282,ACK
6.4596743000,1432,Data,0x100,0x8,0x00 0x00 0x04 0x40 0x05 0x4F 0x0F 0x32,0x7282,ACK
6.4625765000,1433,Data,0x311,0x8,0x39 0x1E 0x07 0x3F 0x90 0x01 0x00 0x00,0x66BC,ACK
6.4701228000,1434,Data,0x310,0x8,0xF1 0x0E 0x78 0x05 0x12 0x02 0x01 0xC8,0x2684,ACK
6.4731289000,1435,Data,0x212,0x8,0x52 0x01 0x00 0xC9 0x00 0x00 0x00 0x2A,0x2C4E,ACK
6.4733910000,1436,Data,0x211,0x8,0xE4 0x00 0x2A 0x00 0x00 0x00 0x00 0x00,0x0D4D,ACK
6.4736471000,1437,Data,0x343,0x8,0x00 0x00 0x00 0x01 0x00 0x00 0x01 0x00,0x103B,ACK
6.4739292000,1438,Data,0x341,0x8,0x00 0x00 0x00 0x00 0x02 0x00 0x00 0x00,0x1833,ACK
6.4742034000,1439,Data,0x342,0x8,0x05 0x00 0x0F 0x00 0x00 0xE4 0x05 0x34,0x6794,ACK
6.4744835000,1440,Data,0x344,0x8,0x00 0x00 0x00 0x03 0x00 0x00 0x00 0x00,0x6F15,ACK
6.4796755000,1441,Data,0x100,0x8,0x00 0x00 0x04 0x40 0x05 0x4F 0x0F 0x32,0x7282,ACK
6.4996733000,1442,Data,0x100,0x8,0x00 0x00 0x04 0x40 0x05 0x4F 0x0F 0x32,0x7282,ACK
6.5196931000,1443,Data,0x100,0x8,0x00 0x00 0x04 0x40 0x05 0x4F 0x0F 0x32,0x7282,ACK
6.5199394000,1444,Data,0x203,0x8,0x04 0x00 0x57 0x00 0x57 0x00 0x00 0x00,0x6097,ACK
6.5201856000,1445,Data,0x204,0x8,0x00 0x00 0x00 0x00 0x00 0x00 0x00 0x00,0x79D1,ACK
6.5204437000,1446,Data,0x205,0x8,0x00 0x00 0x00 0x00 0x00 0x00 0x00 0x00,0x72CA,ACK
6.5207520000,1447,Data,0x209,0x8,0x9F 0x27 0x10 0x04 0x90 0x49 0x00 0x00,0x59C2,ACK
6.5209922000,1448,Data,0x20A,0x8,0x00 0x00 0x00 0x00 0x00 0x00 0x00 0x00,0x1B53,ACK
6.5212485000,1449,Data,0x20B,0x8,0xBC 0x02 0x64 0x00 0x01 0xC8 0x00 0x00,0x021C,ACK
6.5214927000,1450,Data,0x20C,0x8,0x00 0xE4 0x0A 0x34 0x1E 0x07 0x00 0x00,0x6603,ACK
6.5396747000,1451,Data,0x100,0x8,0x00 0x00 0x04 0x40 0x05 0x4F 0x0F 0x32,0x7282,ACK
6.5596747000,1452,Data,0x100,0x8,0x00 0x00 0x04 0x40 0x05 0x4F 0x0F 0x32,0x7282,ACK
6.5731046000,1453,Data,0x212,0x8,0x52 0x01 0x00 0xC9 0x00 0x00 0x00 0x2A,0x2C4E,ACK
6.5733627000,1454,Data,0x211,0x8,0xE4 0x00 0x2A 0x00 0x00 0x00 0x00 0x00,0x0D4D,ACK
6.5736230000,1455,Data,0x343,0x8,0x00 0x00 0x00 0x01 0x00 0x00 0x01 0x00,0x103B,ACK
6.5796730000,1456,Data,0x100,0x8,0x00 0x00 0x04 0x40 0x05 0x4F 0x0F 0x32,0x7282,ACK
6.5996610000,1457,Data,0x100,0x8,0x00 0x00 0x04 0x40 0x05 0x4F 0x0F 0x32,0x7282,ACK
6.6197009000,1458,Data,0x100,0x8,0x00 0x00 0x04 0x40 0x05 0x4F 0x0F 0x32,0x7282,ACK
6.6199472000,1459,Data,0x203,0x8,0x04 0x00 0x57 0x00 0x57 0x00 0x00 0x00,0x6097,ACK
6.6201954000,1460,Data,0x204,0x8,0x00 0x00 0x00 0x00 0x00 0x00 0x00 0x00,0x79D1,ACK
6.6204516000,1461,Data,0x205,0x8,0x00 0x00 0x00 0x00 0x00 0x00 0x00 0x00,0x72CA,ACK
6.6207359000,1462,Data,0x209,0x8,0x9F 0x27 0x10 0x04 0x90 0x49 0x00 0x00,0x59C2,ACK
6.6209781000,1463,Data,0x20A,0x8,0x00 0x00 0x00 0x00 0x00 0x00 0x00 0x00,0x1B53,ACK
6.6212344000,1464,Data,0x20B,0x8,0xBC 0x02 0x64 0x00 0x01 0xC8 0x00 0x00,0x021C,ACK
6.6214786000,1465,Data,0x20C,0x8,0x00 0xE4 0x0A 0x34 0x1E 0x07 0x00 0x00,0x6603,ACK
6.6217289000,1466,Data,0x301,0x8,0x00 0x00 0x00 0x00 0x00 0x00 0x00 0x00,0x7E55,ACK
6.6219851000,1467,Data,0x302,0x2,0x00 0xFF,0x6FC0,ACK
6.6221294000,1468,Data,0x485,0x8,0x22 0x00 0x00 0x00 0x62 0x00 0x14 0x0C,0x569F,ACK
6.6396734000,1469,Data,0x100,0x8,0x00 0x00 0x04 0x40 0x05 0x4F 0x0F 0x32,0x7282,ACK
6.6596733000,1470,Data,0x100,0x8,0x00 0x00 0x04 0x40 0x05 0x4F 0x0F 0x32,0x7282,ACK
6.6627175000,1471,Data,0x311,0x8,0x39 0x1E 0x07 0x3F 0x90 0x01 0x00 0x00,0x66BC,ACK
6.6702218000,1472,Data,0x310,0x8,0xF1 0x0E 0x78 0x05 0x12 0x02 0x01 0xC8,0x2684,ACK
6.6730979000,1473,Data,0x212,0x8,0x52 0x01 0x00 0xC9 0x00 0x00 0x00 0x2A,0x2C4E,ACK
6.6733381000,1474,Data,0x211,0x8,0xE4 0x00 0x2A 0x00 0x00 0x00 0x00 0x00,0x0D4D,ACK
6.6735984000,1475,Data,0x343,0x8,0x00 0x00 0x00 0x01 0x00 0x00 0x01 0x00,0x103B,ACK
6.6738766000,1476,Data,0x341,0x8,0x00 0x00 0x00 0x00 0x02 0x00 0x00 0x00,0x1833,ACK
6.6741549000,1477,Data,0x342,0x8,0x05 0x00 0x0F 0x00 0x00 0xE4 0x05 0x34,0x6794,ACK
6.6744111000,1478,Data,0x344,0x8,0x00 0x00 0x00 0x03 0x00 0x00 0x00 0x00,0x6F15,ACK
6.6746934000,1479,Data,0x401,0x8,0xFF 0xFF 0x34 0x00 0x05 0x2A 0x00 0x00,0x7AE4,ACK
6.6796714000,1480,Data,0x100,0x8,0x00 0x00 0x04 0x40 0x05 0x4F 0x0F 0x32,0x7282,ACK
6.6996714000,1481,Data,0x100,0x8,0x00 0x00 0x04 0x40 0x05 0x4F 0x0F 0x32,0x7282,ACK
6.7196913000,1482,Data,0x100,0x8,0x00 0x00 0x04 0x40 0x05 0x4F 0x0F 0x32,0x7282,ACK
6.7199354000,1483,Data,0x203,0x8,0x04 0x00 0x57 0x00 0x57 0x00 0x00 0x00,0x6097,ACK
6.7201817000,1484,Data,0x204,0x8,0x00 0x00 0x00 0x00 0x00 0x00 0x00 0x00,0x79D1,ACK
6.7204399000,1485,Data,0x205,0x8,0x00 0x00 0x00 0x00 0x00 0x00 0x00 0x00,0x72CA,ACK
6.7207482000,1486,Data,0x209,0x8,0x9F 0x27 0x10 0x04 0x90 0x49 0x00 0x00,0x59C2,ACK
6.7209884000,1487,Data,0x20A,0x8,0x00 0x00 0x00 0x00 0x00 0x00 0x00 0x00,0x1B53,ACK
6.7212447000,1488,Data,0x20B,0x8,0xBC 0x02 0x64 0x00 0x01 0xC8 0x00 0x00,0x021C,ACK
6.7214889000,1489,Data,0x20C,0x8,0x00 0xE4 0x0A 0x34 0x1E 0x07 0x00 0x00,0x6603,ACK
6.7396609000,1490,Data,0x100,0x8,0x00 0x00 0x04 0x40 0x05 0x4F 0x0F 0x32,0x7282,ACK
6.7596709000,1491,Data,0x100,0x8,0x00 0x00 0x04 0x40 0x05 0x4F 0x0F 0x32,0x7282,ACK
6.7731147000,1492,Data,0x212,0x8,0x52 0x01 0x00 0xC9 0x00 0x00 0x00 0x2A,0x2C4E,ACK
6.7733750000,1493,Data,0x211,0x8,0xE4 0x00 0x2A 0x00 0x00 0x00 0x00 0x00,0x0D4D,ACK
6.7736312000,1494,Data,0x343,0x8,0x00 0x00 0x00 0x01 0x00 0x00 0x01 0x00,0x103B,ACK
6.7796713000,1495,Data,0x100,0x8,0x00 0x00 0x04 0x40 0x05 0x4F 0x0F 0x32,0x7282,ACK
6.7996713000,1496,Data,0x100,0x8,0x00 0x00 0x04 0x40 0x05 0x4F 0x0F 0x32,0x7282,ACK
6.8196972000,1497,Data,0x100,0x8,0x00 0x00 0x04 0x40 0x05 0x4F 0x0F 0x32,0x7282,ACK
6.8199435000,1498,Data,0x203,0x8,0x04 0x00 0x57 0x00 0x57 0x00 0x00 0x00,0x6097,ACK
6.8201897000,1499,Data,0x204,0x8,0x00 0x00 0x00 0x00 0x00 0x00 0x00 0x00,0x79D1,ACK
6.8204460000,1500,Data,0x205,0x8,0x00 0x00 0x00 0x00 0x00 0x00 0x00 0x00,0x72CA,ACK
6.8207462000,1501,Data,0x209,0x8,0x9F 0x27 0x10 0x04 0x90 0x49 0x00 0x00,0x59C2,ACK
6.8209865000,1502,Data,0x20A,0x8,0x00 0x00 0x00 0x00 0x00 0x00 0x00 0x00,0x1B53,ACK
6.8212407000,1503,Data,0x20B,0x8,0xBC 0x02 0x64 0x00 0x01 0xC8 0x00 0x00,0x021C,ACK
6.8214868000,1504,Data,0x20C,0x8,0x00 0xE4 0x0A 0x34 0x1E 0x07 0x00 0x00,0x6603,ACK
6.8217371000,1505,Data,0x301,0x8,0x00 0x00 0x00 0x00 0x00 0x00 0x00 0x00,0x7E55,ACK
6.8219933000,1506,Data,0x302,0x2,0x00 0xFF,0x6FC0,ACK
6.8221396000,1507,Data,0x485,0x8,0x22 0x00 0x00 0x00 0x62 0x00 0x14 0x0C,0x569F,ACK
6.8396716000,1508,Data,0x100,0x8,0x00 0x00 0x04 0x40 0x05 0x4F 0x0F 0x32,0x7282,ACK
6.8555798000,1509,Data,0x500,0x8,0x48 0x48 0x49 0xFF 0x48 0x48 0x48 0xFF,0x3C42,ACK
6.8585560000,1510,Data,0x424,0x8,0x79 0x49 0x4D 0x69 0x00 0x00 0x00 0x00,0x0220,ACK
6.8587963000,1511,Data,0x425,0x8,0x01 0x64 0x49 0x57 0x57 0x58 0x01 0xFF,0x3E52,ACK
6.8590326000,1512,Data,0x429,0x8,0x20 0x00 0x00 0x00 0x00 0x00 0x00 0x00,0x7AC7,ACK
6.8592808000,1513,Data,0x420,0x8,0xA0 0x14 0xF6 0xFF 0x66 0x03 0x00 0x00,0x483E,ACK
6.8595211000,1514,Data,0x421,0x8,0x38 0x36 0x31 0x34 0xFB 0x04 0x55 0x04,0x0DC7,ACK
6.8597551000,1515,Data,0x100,0x8,0x00 0x00 0x04 0x40 0x05 0x4F 0x0F 0x32,0x7282,ACK
6.8599953000,1516,Data,0x422,0x8,0x00 0x00 0x20 0x00 0x15 0x00 0x02 0x00,0x33F1,ACK
6.8602416000,1517,Data,0x423,0x8,0xBC 0x02 0x64 0x00 0x3C 0x00 0x01 0x00,0x500B,ACK
6.8624738000,1518,Data,0x311,0x8,0x39 0x1E 0x07 0x3F 0x90 0x01 0x00 0x00,0x66BC,ACK
6.8700221000,1519,Data,0x310,0x8,0xF1 0x0E 0x78 0x05 0x12 0x02 0x01 0xC8,0x2684,ACK
6.8731161000,1520,Data,0x212,0x8,0x52 0x01 0x00 0xC9 0x00 0x00 0x00 0x2A,0x2C4E,ACK
6.8733984000,1521,Data,0x211,0x8,0xE4 0x00 0x2A 0x00 0x00 0x00 0x00 0x00,0x0D4D,ACK
6.8736546000,1522,Data,0x343,0x8,0x00 0x00 0x00 0x01 0x00 0x00 0x01 0x00,0x103B,ACK
6.8739149000,1523,Data,0x341,0x8,0x00 0x00 0x00 0x00 0x02 0x00 0x00 0x00,0x1833,ACK
6.8742091000,1524,Data,0x342,0x8,0x05 0x00 0x0F 0x00 0x00 0xE4 0x05 0x34,0x6794,ACK
6.8744694000,1525,Data,0x344,0x8,0x00 0x00 0x00 0x03 0x00 0x00 0x00 0x00,0x6F15,ACK
6.8796695000,1526,Data,0x100,0x8,0x00 0x00 0x04 0x40 0x05 0x4F 0x0F 0x32,0x7282,ACK
6.8996694000,1527,Data,0x100,0x8,0x00 0x00 0x04 0x40 0x05 0x4F 0x0F 0x32,0x7282,ACK
6.9196874000,1528,Data,0x100,0x8,0x00 0x00 0x04 0x40 0x05 0x4F 0x0F 0x32,0x7282,ACK
6.9199335000,1529,Data,0x203,0x8,0x04 0x00 0x57 0x00 0x57 0x00 0x00 0x00,0x6097,ACK
6.9201816000,1530,Data,0x204,0x8,0x00 0x00 0x00 0x00 0x00 0x00 0x00 0x00,0x79D1,ACK
6.9204377000,1531,Data,0x205,0x8,0x00 0x00 0x00 0x00 0x00 0x00 0x00 0x00,0x72CA,ACK
6.9207459000,1532,Data,0x209,0x8,0x9F 0x27 0x10 0x04 0x90 0x49 0x00 0x00,0x59C2,ACK
6.9209860000,1533,Data,0x20A,0x8,0x00 0x00 0x00 0x00 0x00 0x00 0x00 0x00,0x1B53,ACK
6.9212401000,1534,Data,0x20B,0x8,0xBC 0x02 0x64 0x00 0x01 0xC8 0x00 0x00,0x021C,ACK
6.9214842000,1535,Data,0x20C,0x8,0x00 0xE4 0x0A 0x34 0x1E 0x07 0x00 0x00,0x6603,ACK
6.9396681000,1536,Data,0x100,0x8,0x00 0x00 0x04 0x40 0x05 0x4F 0x0F 0x32,0x7282,ACK
6.9596679000,1537,Data,0x100,0x8,0x00 0x00 0x04 0x40 0x05 0x4F 0x0F 0x32,0x7282,ACK
6.9731158000,1538,Data,0x212,0x8,0x52 0x01 0x00 0xC9 0x00 0x00 0x00 0x2A,0x2C4E,ACK
6.9733760000,1539,Data,0x211,0x8,0xE4 0x00 0x2A 0x00 0x00 0x00 0x00 0x00,0x0D4D,ACK
6.9736343000,1540,Data,0x343,0x8,0x00 0x00 0x00 0x01 0x00 0x00 0x01 0x00,0x103B,ACK
6.9796682000,1541,Data,0x100,0x8,0x00 0x00 0x04 0x40 0x05 0x4F 0x0F 0x32,0x7282,ACK
6.9996682000,1542,Data,0x100,0x8,0x00 0x00 0x04 0x40 0x05 0x4F 0x0F 0x32,0x7282,ACK
7.0197082000,1543,Data,0x100,0x8,0x00 0x00 0x04 0x40 0x05 0x4F 0x0F 0x32,0x7282,ACK
7.0199524000,1544,Data,0x203,0x8,0x04 0x00 0x57 0x00 0x57 0x00 0x00 0x00,0x6097,ACK
7.0201987000,1545,Data,0x204,0x8,0x00 0x00 0x00 0x00 0x00 0x00 0x00 0x00,0x79D1,ACK
7.0204549000,1546,Data,0x205,0x8,0x00 0x00 0x00 0x00 0x00 0x00 0x00 0x00,0x72CA,ACK
7.0207451000,1547,Data,0x209,0x8,0x9F 0x27 0x10 0x04 0x90 0x49 0x00 0x00,0x59C2,ACK
7.0209854000,1548,Data,0x20A,0x8,0x00 0x00 0x00 0x00 0x00 0x00 0x00 0x00,0x1B53,ACK
7.0212396000,1549,Data,0x20B,0x8,0xBC 0x02 0x64 0x00 0x01 0xC8 0x00 0x00,0x021C,ACK
7.0214839000,1550,Data,0x20C,0x8,0x00 0xE4 0x0A 0x34 0x1E 0x07 0x00 0x00,0x6603,ACK
7.0217341000,1551,Data,0x301,0x8,0x00 0x00 0x00 0x00 0x00 0x00 0x00 0x00,0x7E55,ACK
7.0219924000,1552,Data,0x302,0x2,0x00 0xFF,0x6FC0,ACK
7.0221366000,1553,Data,0x485,0x8,0x22 0x00 0x00 0x00 0x62 0x00 0x14 0x0C,0x569F,ACK
7.0223829000,1554,Data,0x480,0x8,0x00 0x00 0x00 0x00 0x21 0x00 0x00 0x00,0x32BE,ACK
7.0226391000,1555,Data,0x481,0x8,0xCA 0x17 0x08 0x13 0x00 0x00 0x00 0x00,0x1AA4,ACK
7.0228814000,1556,Data,0x482,0x8,0x52 0x01 0x02 0x00 0x00 0x00 0x00 0x00,0x36EA,ACK
7.0231296000,1557,Data,0x483,0x8,0x31 0x4B 0x31 0x55 0x41 0x32 0x35 0x35,0x717E,ACK
7.0233639000,1558,Data,0x484,0x8,0x31 0x50 0x33 0x39 0x36 0x35 0x00 0x00,0x0196,ACK
7.0396659000,1559,Data,0x100,0x8,0x00 0x00 0x04 0x40 0x05 0x4F 0x0F 0x32,0x7282,ACK
7.0596658000,1560,Data,0x100,0x8,0x00 0x00 0x04 0x40 0x05 0x4F 0x0F 0x32,0x7282,ACK
7.0631521000,1561,Data,0x311,0x8,0x39 0x1E 0x07 0x3F 0x90 0x01 0x00 0x00,0x66BC,ACK
7.0707223000,1562,Data,0x310,0x8,0xF1 0x0E 0x78 0x05 0x12 0x02 0x01 0xC8,0x2684,ACK
7.0731064000,1563,Data,0x212,0x8,0x52 0x01 0x00 0xC9 0x00 0x00 0x00 0x2A,0x2C4E,ACK
7.0733666000,1564,Data,0x211,0x8,0xE4 0x00 0x2A 0x00 0x00 0x00 0x00 0x00,0x0D4D,ACK
7.0736229000,1565,Data,0x343,0x8,0x00 0x00 0x00 0x01 0x00 0x00 0x01 0x00,0x103B,ACK
7.0739051000,1566,Data,0x341,0x8,0x00 0x00 0x00 0x00 0x02 0x00 0x00 0x00,0x1833,ACK
7.0741834000,1567,Data,0x342,0x8,0x05 0x00 0x0F 0x00 0x00 0xE4 0x05 0x34,0x6794,ACK
7.0744396000,1568,Data,0x344,0x8,0x00 0x00 0x00 0x03 0x00 0x00 0x00 0x00,0x6F15,ACK
7.0796657000,1569,Data,0x100,0x8,0x00 0x00 0x04 0x40 0x05 0x4F 0x0F 0x32,0x7282,ACK
7.0996656000,1570,Data,0x100,0x8,0x00 0x00 0x04 0x40 0x05 0x4F 0x0F 0x32,0x7282,ACK
7.1196836000,1571,Data,0x100,0x8,0x00 0x00 0x04 0x40 0x05 0x4F 0x0F 0x32,0x7282,ACK
7.1199278000,1572,Data,0x203,0x8,0x04 0x00 0x57 0x00 0x57 0x00 0x00 0x00,0x6097,ACK
7.1201761000,1573,Data,0x204,0x8,0x00 0x00 0x00 0x00 0x00 0x00 0x00 0x00,0x79D1,ACK
7.1204323000,1574,Data,0x205,0x8,0x00 0x00 0x00 0x00 0x00 0x00 0x00 0x00,0x72CA,ACK
7.1207425000,1575,Data,0x209,0x8,0x9F 0x27 0x10 0x04 0x90 0x49 0x00 0x00,0x59C2,ACK
7.1209828000,1576,Data,0x20A,0x8,0x00 0x00 0x00 0x00 0x00 0x00 0x00 0x00,0x1B53,ACK
7.1212370000,1577,Data,0x20B,0x8,0xBC 0x02 0x64 0x00 0x01 0xC8 0x00 0x00,0x021C,ACK
7.1214813000,1578,Data,0x20C,0x8,0x00 0xE4 0x0A 0x34 0x1E 0x07 0x00 0x00,0x6603,ACK
7.1396653000,1579,Data,0x100,0x8,0x00 0x00 0x04 0x40 0x05 0x4F 0x0F 0x32,0x7282,ACK
7.1596652000,1580,Data,0x100,0x8,0x00 0x00 0x04 0x40 0x05 0x4F 0x0F 0x32,0x7282,ACK
7.1730811000,1581,Data,0x212,0x8,0x52 0x01 0x00 0xC9 0x00 0x00 0x00 0x2A,0x2C4E,ACK
7.1733233000,1582,Data,0x211,0x8,0xE4 0x00 0x2A 0x00 0x00 0x00 0x00 0x00,0x0D4D,ACK
7.1735795000,1583,Data,0x343,0x8,0x00 0x00 0x00 0x01 0x00 0x00 0x01 0x00,0x103B,ACK
7.1738398000,1584,Data,0x401,0x8,0xFF 0xFF 0x34 0x00 0x05 0x2A 0x00 0x00,0x7AE4,ACK
7.1796658000,1585,Data,0x100,0x8,0x00 0x00 0x04 0x40 0x05 0x4F 0x0F 0x32,0x7282,ACK
7.1996658000,1586,Data,0x100,0x8,0x00 0x00 0x04 0x40 0x05 0x4F 0x0F 0x32,0x7282,ACK
7.2196917000,1587,Data,0x100,0x8,0x00 0x00 0x04 0x40 0x05 0x4F 0x0F 0x32,0x7282,ACK
7.2199380000,1588,Data,0x203,0x8,0x04 0x00 0x57 0x00 0x57 0x00 0x00 0x00,0x6097,ACK
7.2201842000,1589,Data,0x204,0x8,0x00 0x00 0x00 0x00 0x00 0x00 0x00 0x00,0x79D1,ACK
7.2204403000,1590,Data,0x205,0x8,0x00 0x00 0x00 0x00 0x00 0x00 0x00 0x00,0x72CA,ACK
7.2207406000,1591,Data,0x209,0x8,0x9F 0x27 0x10 0x04 0x90 0x49 0x00 0x00,0x59C2,ACK
7.2209828000,1592,Data,0x20A,0x8,0x00 0x00 0x00 0x00 0x00 0x00 0x00 0x00,0x1B53,ACK
7.2212371000,1593,Data,0x20B,0x8,0xBC 0x02 0x64 0x00 0x01 0xC8 0x00 0x00,0x021C,ACK
7.2214833000,1594,Data,0x20C,0x8,0x00 0xE4 0x0A 0x34 0x1E 0x07 0x00 0x00,0x6603,ACK
7.2217336000,1595,Data,0x301,0x8,0x00 0x00 0x00 0x00 0x00 0x00 0x00 0x00,0x7E55,ACK
7.2219918000,1596,Data,0x302,0x2,0x00 0xFF,0x6FC0,ACK
7.2221361000,1597,Data,0x485,0x8,0x22 0x00 0x00 0x00 0x62 0x00 0x14 0x0C,0x569F,ACK
7.2396641000,1598,Data,0x100,0x8,0x00 0x00 0x04 0x40 0x05 0x4F 0x0F 0x32,0x7282,ACK
7.2596640000,1599,Data,0x100,0x8,0x00 0x0D 0x04 0x40 0x05 0x4F 0x0F 0x32,0x3670,ACK
7.2642221000,1600,Data,0x311,0x8,0x39 0x1E 0x07 0x3F 0x90 0x01 0x00 0x00,0x66BC,ACK
7.2717823000,1601,Data,0x310,0x8,0xF1 0x0E 0x78 0x05 0x12 0x02 0x01 0xC8,0x2684,ACK
7.2731744000,1602,Data,0x212,0x8,0x52 0x01 0x01 0xC9 0x00 0x00 0x00 0x2A,0x3262,ACK
7.2734366000,1603,Data,0x211,0x8,0xE4 0x00 0x2A 0x00 0x00 0x00 0x00 0x00,0x0D4D,ACK
7.2736929000,1604,Data,0x343,0x8,0x00 0x00 0x00 0x01 0x01 0x01 0x01 0x00,0x7ED7,ACK
7.2739511000,1605,Data,0x341,0x8,0x00 0x00 0x00 0x00 0x02 0x00 0x00 0x00,0x1833,ACK
7.2742494000,1606,Data,0x342,0x8,0x05 0x00 0x0F 0x00 0x00 0xE4 0x05 0x34,0x6794,ACK
7.2745076000,1607,Data,0x344,0x8,0x00 0x00 0x00 0x03 0x00 0x00 0x00 0x00,0x6F15,ACK
7.2796637000,1608,Data,0x100,0x8,0x00 0x1A 0x04 0x40 0x05 0x4F 0x0F 0x32,0x3EFF,ACK
7.2996637000,1609,Data,0x100,0x8,0x00 0x23 0x04 0x40 0x05 0x4F 0x0F 0x32,0x276E,ACK
7.3196816000,1610,Data,0x100,0x8,0x00 0x29 0x04 0x40 0x05 0x4F 0x0F 0x32,0x6E60,ACK
7.3199259000,1611,Data,0x203,0x8,0x04 0x00 0x57 0x00 0x57 0x00 0x00 0x00,0x6097,ACK
7.3201721000,1612,Data,0x204,0x8,0x00 0x00 0x00 0x00 0x00 0x00 0x00 0x00,0x79D1,ACK
7.3204304000,1613,Data,0x205,0x8,0x00 0x00 0x00 0x00 0x00 0x00 0x00 0x00,0x72CA,ACK
7.3207406000,1614,Data,0x209,0x8,0x9F 0x27 0x10 0x04 0x90 0x49 0x00 0x00,0x59C2,ACK
7.3209809000,1615,Data,0x20A,0x8,0x00 0x00 0x00 0x00 0x00 0x00 0x00 0x00,0x1B53,ACK
7.3212351000,1616,Data,0x20B,0x8,0xBC 0x02 0x64 0x00 0x01 0xC8 0x00 0x00,0x021C,ACK
7.3214794000,1617,Data,0x20C,0x8,0x00 0xE8 0x0A 0x34 0x1E 0x07 0x00 0x00,0x5480,ACK
7.3396633000,1618,Data,0x100,0x8,0x00 0x32 0x04 0x40 0x05 0x4F 0x0F 0x32,0x546C,ACK
7.3583654000,1619,Data,0x429,0x8,0x20 0x00 0x00 0x00 0x00 0x00 0x00 0x00,0x7AC7,ACK
7.3586137000,1620,Data,0x420,0x8,0xA0 0x14 0xF2 0xFF 0x66 0x03 0x00 0x00,0x308E,ACK
7.3595420000,1621,Data,0x423,0x8,0xBC 0x02 0x64 0x00 0x3C 0x00 0x01 0x00,0x500B,ACK
7.3597800000,1622,Data,0x100,0x8,0x00 0x3C 0x04 0x40 0x05 0x4F 0x0F 0x32,0x4F94,ACK
7.3604422000,1623,Data,0x425,0x8,0x01 0x64 0x49 0x57 0x57 0x58 0x01 0xFF,0x3E52,ACK
7.3609864000,1624,Data,0x421,0x8,0x38 0x36 0x31 0x34 0xFB 0x04 0x55 0x04,0x0DC7,ACK
7.3613847000,1625,Data,0x422,0x8,0x00 0x00 0x20 0x00 0x15 0x00 0x02 0x00,0x33F1,ACK
7.3731066000,1626,Data,0x212,0x8,0x52 0x01 0x01 0xC9 0x00 0x00 0x00 0x2A,0x3262,ACK
7.3733628000,1627,Data,0x211,0x8,0xE4 0x00 0x2A 0x00 0x00 0x00 0x00 0x00,0x0D4D,ACK
7.3736189000,1628,Data,0x343,0x8,0x00 0x00 0x00 0x01 0x01 0x01 0x01 0x00,0x7ED7,ACK
7.3796509000,1629,Data,0x100,0x8,0x00 0x46 0x04 0x40 0x05 0x4F 0x0F 0x32,0x1CC3,ACK
7.3996507000,1630,Data,0x100,0x8,0x00 0x50 0x04 0x40 0x05 0x4F 0x0F 0x32,0x623D,ACK
7.4196885000,1631,Data,0x100,0x8,0x00 0x5A 0x04 0x40 0x05 0x4F 0x0F 0x32,0x2B33,ACK
7.4199287000,1632,Data,0x203,0x8,0x04 0x00 0x57 0x00 0x57 0x00 0x00 0x00,0x6097,ACK
7.4201748000,1633,Data,0x204,0x8,0x00 0x00 0x00 0x00 0x00 0x00 0x00 0x00,0x79D1,ACK
7.4204309000,1634,Data,0x205,0x8,0x00 0x00 0x00 0x00 0x00 0x00 0x00 0x00,0x72CA,ACK
7.4207270000,1635,Data,0x209,0x8,0x9F 0x27 0x10 0x04 0x90 0x49 0x00 0x00,0x59C2,ACK
7.4209691000,1636,Data,0x20A,0x8,0x00 0x00 0x00 0x00 0x00 0x00 0x00 0x00,0x1B53,ACK
7.4212253000,1637,Data,0x20B,0x8,0xBC 0x02 0x64 0x00 0x01 0xC8 0x00 0x00,0x021C,ACK
7.4214694000,1638,Data,0x20C,0x8,0x00 0xE8 0x0A 0x34 0x1E 0x07 0x00 0x00,0x5480,ACK
7.4217195000,1639,Data,0x301,0x8,0x00 0x00 0x00 0x00 0x00 0x00 0x00 0x00,0x7E55,ACK
7.4219776000,1640,Data,0x302,0x2,0x00 0xFF,0x6FC0,ACK
7.4221218000,1641,Data,0x485,0x8,0x22 0x00 0x00 0x00 0x62 0x00 0x14 0x0C,0x569F,ACK
7.4396596000,1642,Data,0x100,0x8,0x00 0x60 0x04 0x40 0x05 0x4F 0x0F 0x32,0x6DA8,ACK
7.4596616000,1643,Data,0x100,0x8,0x00 0x67 0x04 0x40 0x05 0x4F 0x0F 0x32,0x6054,ACK
7.4635598000,1644,Data,0x311,0x8,0x39 0x1E 0x07 0x3F 0x90 0x01 0x00 0x00,0x66BC,ACK
7.4731361000,1645,Data,0x310,0x8,0xF1 0x0E 0x78 0x05 0x12 0x02 0x01 0xC8,0x2684,ACK
7.4733662000,1646,Data,0x212,0x8,0x52 0x01 0x01 0xC9 0x00 0x00 0x00 0x2A,0x3262,ACK
7.4736024000,1647,Data,0x211,0x8,0xE4 0x00 0x2A 0x00 0x00 0x00 0x00 0x00,0x0D4D,ACK
7.4738446000,1648,Data,0x343,0x8,0x00 0x00 0x00 0x01 0x01 0x01 0x01 0x00,0x7ED7,ACK
7.4741429000,1649,Data,0x341,0x8,0x00 0x00 0x00 0x00 0x02 0x00 0x00 0x00,0x1833,ACK
7.4744471000,1650,Data,0x342,0x8,0x05 0x00 0x0F 0x00 0x00 0xE8 0x05 0x34,0x7FAB,ACK
7.4747054000,1651,Data,0x344,0x8,0x00 0x00 0x00 0x03 0x00 0x00 0x00 0x00,0x6F15,ACK
7.4796594000,1652,Data,0x100,0x8,0x00 0x6C 0x04 0x40 0x05 0x4F 0x0F 0x32,0x5F2B,ACK
7.4996614000,1653,Data,0x100,0x8,0x00 0x71 0x04 0x40 0x05 0x4F 0x0F 0x32,0x1EAA,ACK
7.5196793000,1654,Data,0x100,0x8,0x00 0x74 0x04 0x40 0x05 0x4F 0x0F 0x32,0x3A2D,ACK
7.5199196000,1655,Data,0x203,0x8,0x04 0x00 0x57 0x00 0x57 0x00 0x00 0x00,0x6097,ACK
7.5201658000,1656,Data,0x204,0x8,0x00 0x00 0x00 0x00 0x00 0x00 0x00 0x00,0x79D1,ACK
7.5204241000,1657,Data,0x205,0x8,0x00 0x00 0x00 0x00 0x00 0x00 0x00 0x00,0x72CA,ACK
7.5207363000,1658,Data,0x209,0x8,0x9F 0x27 0x10 0x04 0x90 0x49 0x00 0x00,0x59C2,ACK
7.5209766000,1659,Data,0x20A,0x8,0x00 0x00 0x00 0x00 0x00 0x00 0x00 0x00,0x1B53,ACK
7.5212308000,1660,Data,0x20B,0x8,0xBC 0x02 0x64 0x00 0x01 0xC8 0x00 0x00,0x021C,ACK
7.5214770000,1661,Data,0x20C,0x8,0x00 0xE8 0x0A 0x34 0x1E 0x07 0x00 0x00,0x5480,ACK
7.5396610000,1662,Data,0x100,0x8,0x00 0x78 0x04 0x40 0x05 0x4F 0x0F 0x32,0x08AE,ACK
7.5596590000,1663,Data,0x100,0x8,0x00 0x7B 0x04 0x40 0x05 0x4F 0x0F 0x32,0x57A4,ACK
7.5731189000,1664,Data,0x212,0x8,0x52 0x01 0x01 0xC9 0x00 0x00 0x00 0x2A,0x3262,ACK
7.5733770000,1665,Data,0x211,0x8,0xE4 0x00 0x2A 0x00 0x00 0x00 0x00 0x00,0x0D4D,ACK
7.5736313000,1666,Data,0x343,0x8,0x00 0x00 0x00 0x01 0x01 0x01 0x01 0x00,0x7ED7,ACK
7.5796593000,1667,Data,0x100,0x8,0x00 0x7D 0x04 0x40 0x05 0x4F 0x0F 0x32,0x2C29,ACK
7.5996573000,1668,Data,0x100,0x8,0x00 0x7E 0x04 0x40 0x05 0x4F 0x0F 0x32,0x7323,ACK
7.6196852000,1669,Data,0x100,0x8,0x00 0x7E 0x04 0x40 0x05 0x4F 0x0F 0x32,0x7323,ACK
7.6199275000,1670,Data,0x203,0x8,0x04 0x00 0x57 0x00 0x57 0x00 0x00 0x00,0x6097,ACK
7.6201737000,1671,Data,0x204,0x8,0x00 0x00 0x00 0x00 0x00 0x00 0x00 0x00,0x79D1,ACK
7.6204300000,1672,Data,0x205,0x8,0x00 0x00 0x00 0x00 0x00 0x00 0x00 0x00,0x72CA,ACK
7.6207362000,1673,Data,0x209,0x8,0x9F 0x27 0x10 0x04 0x90 0x49 0x00 0x00,0x59C2,ACK
7.6209765000,1674,Data,0x20A,0x8,0x00 0x00 0x00 0x00 0x00 0x00 0x00 0x00,0x1B53,ACK
7.6212327000,1675,Data,0x20B,0x8,0xBC 0x02 0x64 0x00 0x01 0xC8 0x00 0x00,0x021C,ACK
7.6214770000,1676,Data,0x20C,0x8,0x00 0xE8 0x0A 0x34 0x1E 0x07 0x00 0x00,0x5480,ACK
7.6217272000,1677,Data,0x301,0x8,0x00 0x00 0x00 0x00 0x00 0x00 0x00 0x00,0x7E55,ACK
7.6219834000,1678,Data,0x302,0x2,0x00 0xFF,0x6FC0,ACK
7.6221277000,1679,Data,0x485,0x8,0x22 0x00 0x00 0x00 0x62 0x00 0x14 0x0C,0x569F,ACK
7.6396577000,1680,Data,0x100,0x8,0x00 0x7E 0x04 0x40 0x05 0x4F 0x0F 0x32,0x7323,ACK
7.6596576000,1681,Data,0x100,0x8,0x00 0x80 0x04 0x40 0x05 0x4F 0x0F 0x32,0x591A,ACK
7.6648819000,1682,Data,0x311,0x8,0x39 0x1E 0x07 0x3F 0x90 0x01 0x00 0x00,0x66BC,ACK
7.6724481000,1683,Data,0x310,0x8,0xF1 0x0E 0x78 0x05 0x12 0x02 0x01 0xC8,0x2684,ACK
7.6731142000,1684,Data,0x212,0x8,0x52 0x01 0x01 0xC9 0x00 0x00 0x00 0x2A,0x3262,ACK
7.6733944000,1685,Data,0x211,0x8,0xE4 0x00 0x2A 0x00 0x00 0x00 0x00 0x00,0x0D4D,ACK
7.6736527000,1686,Data,0x343,0x8,0x00 0x00 0x00 0x01 0x01 0x01 0x01 0x00,0x7ED7,ACK
7.6739109000,1687,Data,0x341,0x8,0x00 0x00 0x00 0x00 0x02 0x00 0x00 0x00,0x1833,ACK
7.6742072000,1688,Data,0x342,0x8,0x05 0x00 0x0F 0x00 0x00 0xE8 0x05 0x34,0x7FAB,ACK
7.6744654000,1689,Data,0x344,0x8,0x00 0x00 0x00 0x03 0x00 0x00 0x00 0x00,0x6F15,ACK
7.6747196000,1690,Data,0x401,0x8,0xFE 0xFF 0x34 0x01 0x05 0x2A 0x00 0x00,0x4A3C,ACK
7.6796577000,1691,Data,0x100,0x8,0x00 0x80 0x04 0x40 0x05 0x4F 0x0F 0x32,0x591A,ACK
7.6996577000,1692,Data,0x100,0x8,0x00 0x82 0x04 0x40 0x05 0x4F 0x0F 0x32,0x7061,ACK
7.7196756000,1693,Data,0x100,0x8,0x00 0x82 0x04 0x40 0x05 0x4F 0x0F 0x32,0x7061,ACK
7.7199219000,1694,Data,0x203,0x8,0x04 0x00 0x57 0x00 0x57 0x00 0x00 0x00,0x6097,ACK
7.7201681000,1695,Data,0x204,0x8,0x00 0x00 0x00 0x00 0x00 0x00 0x00 0x00,0x79D1,ACK
7.7204244000,1696,Data,0x205,0x8,0x00 0x00 0x00 0x00 0x00 0x00 0x00 0x00,0x72CA,ACK
7.7207325000,1697,Data,0x209,0x8,0x9F 0x27 0x10 0x04 0x90 0x49 0x00 0x00,0x59C2,ACK
7.7209747000,1698,Data,0x20A,0x8,0x00 0x00 0x00 0x00 0x00 0x00 0x00 0x00,0x1B53,ACK
7.7212310000,1699,Data,0x20B,0x8,0xBC 0x02 0x64 0x00 0x01 0xC8 0x00 0x00,0x021C,ACK
7.7214752000,1700,Data,0x20C,0x8,0x00 0xE8 0x0A 0x34 0x1E 0x07 0x00 0x00,0x5480,ACK
7.7396572000,1701,Data,0x100,0x8,0x00 0x82 0x04 0x40 0x05 0x4F 0x0F 0x32,0x7061,ACK
7.7596572000,1702,Data,0x100,0x8,0x00 0x82 0x04 0x40 0x05 0x4F 0x0F 0x32,0x7061,ACK
7.7730790000,1703,Data,0x212,0x8,0x52 0x01 0x01 0xC9 0x00 0x00 0x00 0x2A,0x3262,ACK
7.7733673000,1704,Data,0x211,0x8,0xE4 0x00 0x2A 0x00 0x00 0x00 0x00 0x00,0x0D4D,ACK
7.7736255000,1705,Data,0x343,0x8,0x00 0x00 0x00 0x01 0x01 0x01 0x01 0x00,0x7ED7,ACK
7.7796576000,1706,Data,0x100,0x8,0x00 0x82 0x04 0x40 0x05 0x4F 0x0F 0x32,0x7061,ACK
7.7996576000,1707,Data,0x100,0x8,0x00 0x82 0x04 0x40 0x05 0x4F 0x0F 0x32,0x7061,ACK
7.8196835000,1708,Data,0x100,0x8,0x00 0x82 0x04 0x40 0x05 0x4F 0x0F 0x32,0x7061,ACK
7.8199278000,1709,Data,0x203,0x8,0x04 0x00 0x57 0x00 0x57 0x00 0x00 0x00,0x6097,ACK
7.8201740000,1710,Data,0x204,0x8,0x00 0x00 0x00 0x00 0x00 0x00 0x00 0x00,0x79D1,ACK
7.8204303000,1711,Data,0x205,0x8,0x00 0x00 0x00 0x00 0x00 0x00 0x00 0x00,0x72CA,ACK
7.8207325000,1712,Data,0x209,0x8,0x9F 0x27 0x10 0x04 0x90 0x49 0x00 0x00,0x59C2,ACK
7.8209728000,1713,Data,0x20A,0x8,0x00 0x00 0x00 0x00 0x00 0x00 0x00 0x00,0x1B53,ACK
7.8212270000,1714,Data,0x20B,0x8,0xBC 0x02 0x64 0x00 0x01 0xC8 0x00 0x00,0x021C,ACK
7.8214733000,1715,Data,0x20C,0x8,0x00 0xE8 0x0A 0x34 0x1E 0x07 0x00 0x00,0x5480,ACK
7.8217235000,1716,Data,0x301,0x8,0x00 0x00 0x00 0x00 0x00 0x00 0x00 0x00,0x7E55,ACK
7.8219798000,1717,Data,0x302,0x2,0x00 0xFF,0x6FC0,ACK
7.8221240000,1718,Data,0x485,0x8,0x22 0x00 0x00 0x00 0x62 0x00 0x14 0x0C,0x569F,ACK
7.8396539000,1719,Data,0x100,0x8,0x00 0x80 0x04 0x40 0x05 0x4F 0x0F 0x32,0x591A,ACK
7.8596537000,1720,Data,0x100,0x8,0x00 0x7E 0x04 0x40 0x05 0x4F 0x0F 0x32,0x7323,ACK
7.8640339000,1721,Data,0x424,0x8,0x7A 0x49 0x4D 0x69 0x00 0x00 0x00 0x00,0x3EE9,ACK
7.8642801000,1722,Data,0x425,0x8,0x01 0x64 0x49 0x57 0x57 0x58 0x01 0xFF,0x3E52,ACK
7.8645164000,1723,Data,0x429,0x8,0x20 0x00 0x00 0x00 0x00 0x00 0x00 0x00,0x7AC7,ACK
7.8647646000,1724,Data,0x420,0x8,0xA0 0x14 0xEE 0xFF 0x66 0x03 0x00 0x00,0x1535,ACK
7.8650009000,1725,Data,0x421,0x8,0x38 0x36 0x31 0x34 0xFB 0x04 0x55 0x04,0x0DC7,ACK
7.8653371000,1726,Data,0x422,0x8,0x00 0x00 0x20 0x00 0x15 0x00 0x02 0x00,0x33F1,ACK
7.8657334000,1727,Data,0x423,0x8,0xBC 0x02 0x64 0x00 0x3C 0x00 0x01 0x00,0x500B,ACK
7.8659716000,1728,Data,0x311,0x8,0x39 0x1E 0x07 0x3F 0x90 0x01 0x00 0x00,0x66BC,ACK
7.8662099000,1729,Data,0x501,0x8,0xB4 0xC1 0x83 0x58 0x51 0xE5 0xB2 0x6B,0x057E,ACK
7.8664401000,1730,Data,0x502,0x8,0x32 0xAC 0x86 0x0E 0x1A 0xB9 0x00 0x00,0x0E93,ACK
7.8731120000,1731,Data,0x212,0x8,0x52 0x01 0x01 0xC9 0x00 0x00 0x00 0x2A,0x3262,ACK
7.8733742000,1732,Data,0x211,0x8,0xE4 0x00 0x2A 0x00 0x00 0x00 0x00 0x00,0x0D4D,ACK
7.8736263000,1733,Data,0x343,0x8,0x00 0x00 0x00 0x01 0x01 0x01 0x01 0x00,0x7ED7,ACK
7.8738704000,1734,Data,0x310,0x8,0xF1 0x0E 0x78 0x05 0x12 0x02 0x01 0xC8,0x2684,ACK
7.8741004000,1735,Data,0x341,0x8,0x00 0x00 0x00 0x00 0x02 0x00 0x00 0x00,0x1833,ACK
7.8743525000,1736,Data,0x342,0x8,0x05 0x00 0x0F 0x00 0x00 0xE8 0x05 0x34,0x7FAB,ACK
7.8745967000,1737,Data,0x344,0x8,0x00 0x00 0x00 0x03 0x00 0x00 0x00 0x00,0x6F15,ACK
7.8796547000,1738,Data,0x100,0x8,0x00 0x79 0x04 0x40 0x05 0x4F 0x0F 0x32,0x7EDF,ACK
7.8996525000,1739,Data,0x100,0x8,0x00 0x6F 0x04 0x40 0x05 0x4F 0x0F 0x32,0x0021,ACK
7.9196724000,1740,Data,0x100,0x8,0x00 0x5F 0x04 0x40 0x05 0x4F 0x0F 0x32,0x0FB4,ACK
7.9199187000,1741,Data,0x203,0x8,0x04 0x00 0x57 0x00 0x57 0x00 0x00 0x00,0x6097,ACK
7.9201669000,1742,Data,0x204,0x8,0x00 0x00 0x00 0x00 0x00 0x00 0x00 0x00,0x79D1,ACK
7.9204232000,1743,Data,0x205,0x8,0x00 0x00 0x00 0x00 0x00 0x00 0x00 0x00,0x72CA,ACK
7.9207314000,1744,Data,0x209,0x8,0x9F 0x27 0x10 0x04 0x90 0x49 0x00 0x00,0x59C2,ACK
7.9209717000,1745,Data,0x20A,0x8,0x00 0x00 0x00 0x00 0x00 0x00 0x00 0x00,0x1B53,ACK
7.9212259000,1746,Data,0x20B,0x8,0xBC 0x02 0x64 0x00 0x01 0xC8 0x00 0x00,0x021C,ACK
7.9214702000,1747,Data,0x20C,0x8,0x00 0xE8 0x0A 0x34 0x1E 0x07 0x00 0x00,0x5480,ACK
7.9396522000,1748,Data,0x100,0x8,0x00 0x4B 0x04 0x40 0x05 0x4F 0x0F 0x32,0x5831,ACK
7.9596520000,1749,Data,0x100,0x8,0x00 0x3A 0x04 0x40 0x05 0x4F 0x0F 0x32,0x3419,ACK
7.9730839000,1750,Data,0x212,0x8,0x52 0x01 0x01 0xC9 0x00 0x00 0x00 0x2A,0x3262,ACK
7.9733400000,1751,Data,0x211,0x8,0xE4 0x00 0x2A 0x00 0x00 0x00 0x00 0x00,0x0D4D,ACK
7.9735983000,1752,Data,0x343,0x8,0x00 0x00 0x00 0x01 0x01 0x01 0x01 0x00,0x7ED7,ACK
7.9796543000,1753,Data,0x100,0x8,0x00 0x24 0x04 0x40 0x05 0x4F 0x0F 0x32,0x2A92,ACK
7.9996523000,1754,Data,0x100,0x8,0x00 0x05 0x04 0x40 0x05 0x4F 0x0F 0x32,0x5605,ACK
8.0196922000,1755,Data,0x100,0x8,0x00 0x00 0x04 0x40 0x05 0x4F 0x0F 0x32,0x7282,ACK
8.0199385000,1756,Data,0x203,0x8,0x04 0x00 0x57 0x00 0x57 0x00 0x00 0x00,0x6097,ACK
8.0201847000,1757,Data,0x204,0x8,0x00 0x00 0x00 0x00 0x00 0x00 0x00 0x00,0x79D1,ACK
8.0204430000,1758,Data,0x205,0x8,0x00 0x00 0x00 0x00 0x00 0x00 0x00 0x00,0x72CA,ACK
8.0207292000,1759,Data,0x209,0x8,0x9F 0x27 0x10 0x04 0x90 0x49 0x00 0x00,0x59C2,ACK
8.0209695000,1760,Data,0x20A,0x8,0x00 0x00 0x00 0x00 0x00 0x00 0x00 0x00,0x1B53,ACK
8.0212257000,1761,Data,0x20B,0x8,0xBC 0x02 0x64 0x00 0x01 0xC8 0x00 0x00,0x021C,ACK
8.0214699000,1762,Data,0x20C,0x8,0x00 0xE4 0x0A 0x34 0x1E 0x07 0x00 0x00,0x6603,ACK
8.0217202000,1763,Data,0x301,0x8,0x00 0x00 0x00 0x00 0x00 0x00 0x00 0x00,0x7E55,ACK
8.0219764000,1764,Data,0x302,0x2,0x00 0xFF,0x6FC0,ACK
8.0221207000,1765,Data,0x485,0x8,0x22 0x00 0x00 0x00 0x62 0x00 0x14 0x0C,0x569F,ACK
8.0223689000,1766,Data,0x480,0x8,0x00 0x00 0x00 0x00 0x21 0x00 0x00 0x00,0x32BE,ACK
8.0226252000,1767,Data,0x481,0x8,0xCA 0x17 0x08 0x13 0x00 0x00 0x00 0x00,0x1AA4,ACK
8.0228654000,1768,Data,0x482,0x8,0x52 0x01 0x02 0x00 0x00 0x00 0x00 0x00,0x36EA,ACK
8.0231137000,1769,Data,0x483,0x8,0x31 0x4B 0x31 0x55 0x41 0x32 0x35 0x35,0x717E,ACK
8.0233479000,1770,Data,0x484,0x8,0x31 0x50 0x33 0x39 0x36 0x35 0x00 0x00,0x0196,ACK
8.0396539000,1771,Data,0x100,0x8,0x00 0x00 0x04 0x40 0x05 0x4F 0x0F 0x32,0x7282,ACK
8.0596519000,1772,Data,0x100,0x8,0x00 0x00 0x04 0x40 0x05 0x4F 0x0F 0x32,0x7282,ACK
8.0656001000,1773,Data,0x311,0x8,0x39 0x1E 0x07 0x3F 0x90 0x01 0x00 0x00,0x66BC,ACK
8.0731261000,1774,Data,0x212,0x8,0x52 0x01 0x01 0xC9 0x00 0x00 0x00 0x2A,0x3262,ACK
8.0733802000,1775,Data,0x211,0x8,0xE4 0x00 0x2A 0x00 0x00 0x00 0x00 0x00,0x0D4D,ACK
8.0736384000,1776,Data,0x343,0x8,0x00 0x00 0x00 0x01 0x00 0x01 0x01 0x00,0x602F,ACK
8.0738927000,1777,Data,0x341,0x8,0x00 0x00 0x00 0x00 0x02 0x00 0x00 0x00,0x1833,ACK
8.0741909000,1778,Data,0x342,0x8,0x05 0x00 0x0F 0x00 0x00 0xE4 0x05 0x34,0x6794,ACK
8.0744492000,1779,Data,0x344,0x8,0x00 0x00 0x00 0x03 0x00 0x00 0x00 0x00,0x6F15,ACK
8.0752434000,1780,Data,0x310,0x8,0xF1 0x0E 0x78 0x05 0x12 0x02 0x01 0xC8,0x2684,ACK
8.0796515000,1781,Data,0x100,0x8,0x00 0x00 0x04 0x40 0x05 0x4F 0x0F 0x32,0x7282,ACK
8.0996514000,1782,Data,0x100,0x8,0x00 0x00 0x04 0x40 0x05 0x4F 0x0F 0x32,0x7282,ACK
8.1196714000,1783,Data,0x100,0x8,0x00 0x00 0x04 0x40 0x05 0x4F 0x0F 0x32,0x7282,ACK
8.1199175000,1784,Data,0x203,0x8,0x04 0x00 0x57 0x00 0x57 0x00 0x00 0x00,0x6097,ACK
8.1201658000,1785,Data,0x204,0x8,0x00 0x00 0x00 0x00 0x00 0x00 0x00 0x00,0x79D1,ACK
8.1204220000,1786,Data,0x205,0x8,0x00 0x00 0x00 0x00 0x00 0x00 0x00 0x00,0x72CA,ACK
8.1207262000,1787,Data,0x209,0x8,0x9F 0x27 0x10 0x04 0x90 0x49 0x00 0x00,0x59C2,ACK
8.1209665000,1788,Data,0x20A,0x8,0x00 0x00 0x00 0x00 0x00 0x00 0x00 0x00,0x1B53,ACK
8.1212207000,1789,Data,0x20B,0x8,0xBC 0x02 0x64 0x00 0x01 0xC8 0x00 0x00,0x021C,ACK
8.1214670000,1790,Data,0x20C,0x8,0x00 0xE4 0x0A 0x34 0x1E 0x07 0x00 0x00,0x6603,ACK
8.1396510000,1791,Data,0x100,0x8,0x00 0x00 0x04 0x40 0x05 0x4F 0x0F 0x32,0x7282,ACK
8.1596509000,1792,Data,0x100,0x8,0x00 0x00 0x04 0x40 0x05 0x4F 0x0F 0x32,0x7282,ACK
8.1731008000,1793,Data,0x212,0x8,0x52 0x01 0x01 0xC9 0x00 0x00 0x00 0x2A,0x3262,ACK
8.1733611000,1794,Data,0x211,0x8,0xE4 0x00 0x2A 0x00 0x00 0x00 0x00 0x00,0x0D4D,ACK
8.1736193000,1795,Data,0x343,0x8,0x00 0x00 0x00 0x01 0x00 0x01 0x01 0x00,0x602F,ACK
8.1738996000,1796,Data,0x401,0x8,0xFF 0xFF 0x34 0x00 0x05 0x2A 0x00 0x00,0x7AE4,ACK
8.1796496000,1797,Data,0x100,0x8,0x00 0x00 0x04 0x40 0x05 0x4F 0x0F 0x32,0x7282,ACK
8.1996496000,1798,Data,0x100,0x8,0x00 0x00 0x04 0x40 0x05 0x4F 0x0F 0x32,0x7282,ACK
8.2196775000,1799,Data,0x100,0x8,0x00 0x00 0x04 0x40 0x05 0x4F 0x0F 0x32,0x7282,ACK
8.2199218000,1800,Data,0x203,0x8,0x04 0x00 0x57 0x00 0x57 0x00 0x00 0x00,0x6097,ACK
8.2201680000,1801,Data,0x204,0x8,0x00 0x00 0x00 0x00 0x00 0x00 0x00 0x00,0x79D1,ACK
8.2204243000,1802,Data,0x205,0x8,0x00 0x00 0x00 0x00 0x00 0x00 0x00 0x00,0x72CA,ACK
8.2207265000,1803,Data,0x209,0x8,0x9F 0x27 0x10 0x04 0x90 0x49 0x00 0x00,0x59C2,ACK
8.2209668000,1804,Data,0x20A,0x8,0x00 0x00 0x00 0x00 0x00 0x00 0x00 0x00,0x1B53,ACK
8.2212209000,1805,Data,0x20B,0x8,0xBC 0x02 0x64 0x00 0x01 0xC8 0x00 0x00,0x021C,ACK
8.2214671000,1806,Data,0x20C,0x8,0x00 0xE4 0x0A 0x34 0x1E 0x07 0x00 0x00,0x6603,ACK
8.2217174000,1807,Data,0x301,0x8,0x00 0x00 0x00 0x00 0x00 0x00 0x00 0x00,0x7E55,ACK
8.2219736000,1808,Data,0x302,0x2,0x00 0xFF,0x6FC0,ACK
8.2221199000,1809,Data,0x485,0x8,0x22 0x00 0x00 0x00 0x62 0x00 0x14 0x0C,0x569F,ACK
8.2396479000,1810,Data,0x100,0x8,0x00 0x00 0x04 0x40 0x05 0x4F 0x0F 0x32,0x7282,ACK
8.2596498000,1811,Data,0x100,0x8,0x00 0x00 0x04 0x40 0x05 0x4F 0x0F 0x32,0x7282,ACK
8.2658821000,1812,Data,0x311,0x8,0x39 0x1E 0x07 0x3F 0x90 0x01 0x00 0x00,0x66BC,ACK
8.2730801000,1813,Data,0x212,0x8,0x52 0x01 0x01 0xC9 0x00 0x00 0x00 0x2A,0x3262,ACK
8.2733422000,1814,Data,0x211,0x8,0xE4 0x00 0x2A 0x00 0x00 0x00 0x00 0x00,0x0D4D,ACK
8.2735944000,1815,Data,0x343,0x8,0x00 0x00 0x00 0x01 0x00 0x01 0x01 0x00,0x602F,ACK
8.2738807000,1816,Data,0x341,0x8,0x00 0x00 0x00 0x00 0x02 0x00 0x00 0x00,0x1833,ACK
8.2741469000,1817,Data,0x342,0x8,0x05 0x00 0x0F 0x00 0x00 0xE4 0x05 0x34,0x6794,ACK
8.2744052000,1818,Data,0x344,0x8,0x00 0x00 0x00 0x03 0x00 0x00 0x00 0x00,0x6F15,ACK
8.2755414000,1819,Data,0x310,0x8,0xF1 0x0E 0x78 0x05 0x12 0x02 0x01 0xC8,0x2684,ACK
8.2796494000,1820,Data,0x100,0x8,0x00 0x00 0x04 0x40 0x05 0x4F 0x0F 0x32,0x7282,ACK
8.2996494000,1821,Data,0x100,0x8,0x00 0x00 0x04 0x40 0x05 0x4F 0x0F 0x32,0x7282,ACK
8.3196672000,1822,Data,0x100,0x8,0x00 0x00 0x04 0x40 0x05 0x4F 0x0F 0x32,0x7282,ACK
8.3199113000,1823,Data,0x203,0x8,0x04 0x00 0x57 0x00 0x57 0x00 0x00 0x00,0x6097,ACK
8.3201574000,1824,Data,0x204,0x8,0x00 0x00 0x00 0x00 0x00 0x00 0x00 0x00,0x79D1,ACK
8.3204136000,1825,Data,0x205,0x8,0x00 0x00 0x00 0x00 0x00 0x00 0x00 0x00,0x72CA,ACK
8.3207257000,1826,Data,0x209,0x8,0x9F 0x27 0x10 0x04 0x90 0x49 0x00 0x00,0x59C2,ACK
8.3209678000,1827,Data,0x20A,0x8,0x00 0x00 0x00 0x00 0x00 0x00 0x00 0x00,0x1B53,ACK
8.3212219000,1828,Data,0x20B,0x8,0xBC 0x02 0x64 0x00 0x01 0xC8 0x00 0x00,0x021C,ACK
8.3214660000,1829,Data,0x20C,0x8,0x00 0xE4 0x0A 0x34 0x1E 0x07 0x00 0x00,0x6603,ACK
8.3396479000,1830,Data,0x100,0x8,0x00 0x00 0x04 0x40 0x05 0x4F 0x0F 0x32,0x7282,ACK
8.3596477000,1831,Data,0x100,0x8,0x00 0x00 0x04 0x40 0x05 0x4F 0x0F 0x32,0x7282,ACK
8.3647640000,1832,Data,0x425,0x8,0x01 0x64 0x49 0x57 0x57 0x58 0x01 0xFF,0x3E52,ACK
8.3650002000,1833,Data,0x429,0x8,0x20 0x00 0x00 0x00 0x00 0x00 0x00 0x00,0x7AC7,ACK
8.3652485000,1834,Data,0x420,0x8,0xA0 0x14 0xF2 0xFF 0x66 0x03 0x00 0x00,0x308E,ACK
8.3654848000,1835,Data,0x421,0x8,0x38 0x36 0x31 0x34 0xFB 0x04 0x55 0x04,0x0DC7,ACK
8.3658210000,1836,Data,0x422,0x8,0x00 0x00 0x20 0x00 0x15 0x00 0x02 0x00,0x33F1,ACK
8.3662013000,1837,Data,0x423,0x8,0xBC 0x02 0x64 0x00 0x3C 0x00 0x01 0x00,0x500B,ACK
8.3731212000,1838,Data,0x212,0x8,0x52 0x01 0x01 0xC9 0x00 0x00 0x00 0x2A,0x3262,ACK
8.3733753000,1839,Data,0x211,0x8,0xE4 0x00 0x2A 0x00 0x00 0x00 0x00 0x00,0x0D4D,ACK
8.3736316000,1840,Data,0x343,0x8,0x00 0x00 0x00 0x01 0x00 0x01 0x01 0x00,0x602F,ACK
8.3796476000,1841,Data,0x100,0x8,0x00 0x00 0x04 0x40 0x05 0x4F 0x0F 0x32,0x7282,ACK
8.3996455000,1842,Data,0x100,0x8,0x00 0x00 0x04 0x40 0x05 0x4F 0x0F 0x32,0x7282,ACK
8.4196735000,1843,Data,0x100,0x8,0x00 0x00 0x04 0x40 0x05 0x4F 0x0F 0x32,0x7282,ACK
8.4199197000,1844,Data,0x203,0x8,0x04 0x00 0x57 0x00 0x57 0x00 0x00 0x00,0x6097,ACK
8.4201660000,1845,Data,0x204,0x8,0x00 0x00 0x00 0x00 0x00 0x00 0x00 0x00,0x79D1,ACK
8.4204222000,1846,Data,0x205,0x8,0x00 0x00 0x00 0x00 0x00 0x00 0x00 0x00,0x72CA,ACK
8.4207225000,1847,Data,0x209,0x8,0x9F 0x27 0x10 0x04 0x90 0x49 0x00 0x00,0x59C2,ACK
8.4209627000,1848,Data,0x20A,0x8,0x00 0x00 0x00 0x00 0x00 0x00 0x00 0x00,0x1B53,ACK
8.4212170000,1849,Data,0x20B,0x8,0xBC 0x02 0x64 0x00 0x01 0xC8 0x00 0x00,0x021C,ACK
8.4214632000,1850,Data,0x20C,0x8,0x00 0xE4 0x0A 0x34 0x1E 0x07 0x00 0x00,0x6603,ACK
8.4217134000,1851,Data,0x301,0x8,0x00 0x00 0x00 0x00 0x00 0x00 0x00 0x00,0x7E55,ACK
8.4219697000,1852,Data,0x302,0x2,0x00 0xFF,0x6FC0,ACK
8.4221139000,1853,Data,0x485,0x8,0x22 0x00 0x00 0x00 0x62 0x00 0x14 0x0C,0x569F,ACK
8.4396459000,1854,Data,0x100,0x8,0x00 0x00 0x04 0x40 0x05 0x4F 0x0F 0x32,0x7282,ACK
8.4596459000,1855,Data,0x100,0x8,0x00 0x00 0x04 0x40 0x05 0x4F 0x0F 0x32,0x7282,ACK
8.4670741000,1856,Data,0x311,0x8,0x39 0x1E 0x07 0x3F 0x90 0x01 0x00 0x00,0x66BC,ACK
8.4731042000,1857,Data,0x212,0x8,0x52 0x01 0x01 0xC9 0x00 0x00 0x00 0x2A,0x3262,ACK
8.4733604000,1858,Data,0x211,0x8,0xE4 0x00 0x2A 0x00 0x00 0x00 0x00 0x00,0x0D4D,ACK
8.4736447000,1859,Data,0x343,0x8,0x00 0x00 0x00 0x01 0x00 0x01 0x01 0x00,0x602F,ACK
8.4738989000,1860,Data,0x341,0x8,0x00 0x00 0x00 0x00 0x02 0x00 0x00 0x00,0x1833,ACK
8.4741732000,1861,Data,0x342,0x8,0x05 0x00 0x0F 0x00 0x00 0xE4 0x05 0x34,0x6794,ACK
8.4744554000,1862,Data,0x344,0x8,0x00 0x00 0x00 0x03 0x00 0x00 0x00 0x00,0x6F15,ACK
8.4767296000,1863,Data,0x310,0x8,0xF1 0x0E 0x78 0x05 0x12 0x02 0x01 0xC8,0x2684,ACK
8.4796437000,1864,Data,0x100,0x8,0x00 0x00 0x04 0x40 0x05 0x4F 0x0F 0x32,0x7282,ACK
8.4996437000,1865,Data,0x100,0x8,0x00 0x00 0x04 0x40 0x05 0x4F 0x0F 0x32,0x7282,ACK
8.5196656000,1866,Data,0x100,0x8,0x00 0x00 0x04 0x40 0x05 0x4F 0x0F 0x32,0x7282,ACK
8.5199099000,1867,Data,0x203,0x8,0x04 0x00 0x57 0x00 0x57 0x00 0x00 0x00,0x6097,ACK
8.5201561000,1868,Data,0x204,0x8,0x00 0x00 0x00 0x00 0x00 0x00 0x00 0x00,0x79D1,ACK
8.5204124000,1869,Data,0x205,0x8,0x00 0x00 0x00 0x00 0x00 0x00 0x00 0x00,0x72CA,ACK
8.5207206000,1870,Data,0x209,0x8,0x9F 0x27 0x10 0x04 0x90 0x49 0x00 0x00,0x59C2,ACK
8.5209609000,1871,Data,0x20A,0x8,0x00 0x00 0x00 0x00 0x00 0x00 0x00 0x00,0x1B53,ACK
8.5212151000,1872,Data,0x20B,0x8,0xBC 0x02 0x64 0x00 0x01 0xC8 0x00 0x00,0x021C,ACK
8.5214593000,1873,Data,0x20C,0x8,0x00 0xE4 0x0A 0x34 0x1E 0x07 0x00 0x00,0x6603,ACK
8.5396453000,1874,Data,0x100,0x8,0x00 0x00 0x04 0x40 0x05 0x4F 0x0F 0x32,0x7282,ACK
8.5596453000,1875,Data,0x100,0x8,0x00 0x00 0x04 0x40 0x05 0x4F 0x0F 0x32,0x7282,ACK
8.5730792000,1876,Data,0x212,0x8,0x52 0x01 0x01 0xC9 0x00 0x00 0x00 0x2A,0x3262,ACK
8.5733653000,1877,Data,0x211,0x8,0xE4 0x00 0x2A 0x00 0x00 0x00 0x00 0x00,0x0D4D,ACK
8.5736196000,1878,Data,0x343,0x8,0x00 0x00 0x00 0x01 0x00 0x01 0x01 0x00,0x602F,ACK
8.5796436000,1879,Data,0x100,0x8,0x00 0x00 0x04 0x40 0x05 0x4F 0x0F 0x32,0x7282,ACK
8.5996436000,1880,Data,0x100,0x8,0x00 0x00 0x04 0x40 0x05 0x4F 0x0F 0x32,0x7282,ACK
8.6196695000,1881,Data,0x100,0x8,0x00 0x00 0x04 0x40 0x05 0x4F 0x0F 0x32,0x7282,ACK
8.6199137000,1882,Data,0x203,0x8,0x04 0x00 0x57 0x00 0x57 0x00 0x00 0x00,0x6097,ACK
8.6201599000,1883,Data,0x204,0x8,0x00 0x00 0x00 0x00 0x00 0x00 0x00 0x00,0x79D1,ACK
8.6204162000,1884,Data,0x205,0x8,0x00 0x00 0x00 0x00 0x00 0x00 0x00 0x00,0x72CA,ACK
8.6207204000,1885,Data,0x209,0x8,0x9F 0x27 0x10 0x04 0x90 0x49 0x00 0x00,0x59C2,ACK
8.6209606000,1886,Data,0x20A,0x8,0x00 0x00 0x00 0x00 0x00 0x00 0x00 0x00,0x1B53,ACK
8.6212149000,1887,Data,0x20B,0x8,0xBC 0x02 0x64 0x00 0x01 0xC8 0x00 0x00,0x021C,ACK
8.6214591000,1888,Data,0x20C,0x8,0x00 0xE4 0x0A 0x34 0x1E 0x07 0x00 0x00,0x6603,ACK
8.6217094000,1889,Data,0x301,0x8,0x00 0x00 0x00 0x00 0x00 0x00 0x00 0x00,0x7E55,ACK
8.6219656000,1890,Data,0x302,0x2,0x00 0xFF,0x6FC0,ACK
8.6221099000,1891,Data,0x485,0x8,0x22 0x00 0x00 0x00 0x62 0x00 0x14 0x0C,0x569F,ACK
8.6396439000,1892,Data,0x100,0x8,0x00 0x00 0x04 0x40 0x05 0x4F 0x0F 0x32,0x7282,ACK
8.6596438000,1893,Data,0x100,0x8,0x00 0x00 0x04 0x40 0x05 0x4F 0x0F 0x32,0x7282,ACK
8.6682259000,1894,Data,0x311,0x8,0x39 0x1E 0x07 0x3F 0x90 0x01 0x00 0x00,0x66BC,ACK
8.6731020000,1895,Data,0x212,0x8,0x52 0x01 0x00 0xC9 0x00 0x00 0x00 0x2A,0x2C4E,ACK
8.6733642000,1896,Data,0x211,0x8,0xE4 0x00 0x2A 0x00 0x00 0x00 0x00 0x00,0x0D4D,ACK
8.6736205000,1897,Data,0x343,0x8,0x00 0x00 0x00 0x01 0x00 0x00 0x01 0x00,0x103B,ACK
8.6739007000,1898,Data,0x341,0x8,0x00 0x00 0x00 0x00 0x02 0x00 0x00 0x00,0x1833,ACK
8.6741750000,1899,Data,0x342,0x8,0x05 0x00 0x0F 0x00 0x00 0xE4 0x05 0x34,0x6794,ACK
8.6744352000,1900,Data,0x344,0x8,0x00 0x00 0x00 0x03 0x00 0x00 0x00 0x00,0x6F15,ACK
8.6747174000,1901,Data,0x401,0x8,0x00 0x00 0x34 0x00 0x05 0x2A 0x00 0x00,0x4E01,ACK
8.6778757000,1902,Data,0x310,0x8,0xF1 0x0E 0x78 0x05 0x12 0x02 0x01 0xC8,0x2684,ACK
8.6796438000,1903,Data,0x100,0x8,0x00 0x00 0x04 0x40 0x05 0x4F 0x0F 0x32,0x7282,ACK
8.6830000000,1904,Extend Data,0x18EF073E,0x4,0x01 0x01 0x8F 0x02,0x64A1,ACK
8.6837002000,1905,Extend Data,0x18EF3E07,0x5,0x01 0x04 0x8F 0x57 0x00,0x3086,ACK
8.6996441000,1906,Data,0x100,0x8,0x00 0x00 0x04 0x40 0x05 0x4F 0x0F 0x32,0x7282,ACK
8.7196621000,1907,Data,0x100,0x8,0x00 0x00 0x04 0x40 0x05 0x4F 0x0F 0x32,0x7282,ACK
8.7199083000,1908,Data,0x203,0x8,0x04 0x00 0x57 0x00 0x57 0x00 0x00 0x00,0x6097,ACK
8.7201566000,1909,Data,0x204,0x8,0x00 0x00 0x00 0x00 0x00 0x00 0x00 0x00,0x79D1,ACK
8.7204128000,1910,Data,0x205,0x8,0x00 0x00 0x00 0x00 0x00 0x00 0x00 0x00,0x72CA,ACK
8.7207171000,1911,Data,0x209,0x8,0x9F 0x27 0x10 0x04 0x90 0x49 0x00 0x00,0x59C2,ACK
8.7209573000,1912,Data,0x20A,0x8,0x00 0x00 0x00 0x00 0x00 0x00 0x00 0x00,0x1B53,ACK
8.7212115000,1913,Data,0x20B,0x8,0xBC 0x02 0x64 0x00 0x01 0xC8 0x00 0x00,0x021C,ACK
8.7214578000,1914,Data,0x20C,0x8,0x00 0xE4 0x0A 0x34 0x1E 0x07 0x00 0x00,0x6603,ACK
8.7396418000,1915,Data,0x100,0x8,0x00 0x00 0x04 0x40 0x05 0x4F 0x0F 0x32,0x7282,ACK
8.7580897000,1916,Extend Data,0x18EF073E,0x4,0x01 0x01 0x8C 0x02,0x6D52,ACK
8.7588220000,1917,Extend Data,0x18EF3E07,0x5,0x01 0x04 0x8C 0xA0 0x14,0x391D,ACK
8.7596421000,1918,Data,0x100,0x8,0x00 0x00 0x04 0x40 0x05 0x4F 0x0F 0x32,0x7282,ACK
8.7730840000,1919,Data,0x212,0x8,0x52 0x01 0x00 0xC9 0x00 0x00 0x00 0x2A,0x2C4E,ACK
8.7733401000,1920,Data,0x211,0x8,0xE4 0x00 0x2A 0x00 0x00 0x00 0x00 0x00,0x0D4D,ACK
8.7736002000,1921,Data,0x343,0x8,0x00 0x00 0x00 0x01 0x00 0x00 0x01 0x00,0x103B,ACK
8.7796423000,1922,Data,0x100,0x8,0x00 0x00 0x04 0x40 0x05 0x4F 0x0F 0x32,0x7282,ACK
8.7996401000,1923,Data,0x100,0x8,0x00 0x00 0x04 0x40 0x05 0x4F 0x0F 0x32,0x7282,ACK
8.8196680000,1924,Data,0x100,0x8,0x00 0x00 0x04 0x40 0x05 0x4F 0x0F 0x32,0x7282,ACK
8.8199121000,1925,Data,0x203,0x8,0x04 0x00 0x57 0x00 0x57 0x00 0x00 0x00,0x6097,ACK
8.8201582000,1926,Data,0x204,0x8,0x00 0x00 0x00 0x00 0x00 0x00 0x00 0x00,0x79D1,ACK
8.8204163000,1927,Data,0x205,0x8,0x00 0x00 0x00 0x00 0x00 0x00 0x00 0x00,0x72CA,ACK
8.8207065000,1928,Data,0x209,0x8,0x9F 0x27 0x10 0x04 0x90 0x49 0x00 0x00,0x59C2,ACK
8.8209466000,1929,Data,0x20A,0x8,0x00 0x00 0x00 0x00 0x00 0x00 0x00 0x00,0x1B53,ACK
8.8212007000,1930,Data,0x20B,0x8,0xBC 0x02 0x64 0x00 0x01 0xC8 0x00 0x00,0x021C,ACK
8.8214448000,1931,Data,0x20C,0x8,0x00 0xE4 0x0A 0x34 0x1E 0x07 0x00 0x00,0x6603,ACK
8.8216949000,1932,Data,0x301,0x8,0x00 0x00 0x00 0x00 0x00 0x00 0x00 0x00,0x7E55,ACK
8.8219531000,1933,Data,0x302,0x2,0x00 0xFF,0x6FC0,ACK
8.8220972000,1934,Data,0x485,0x8,0x22 0x00 0x00 0x00 0x62 0x00 0x14 0x0C,0x569F,ACK
8.8223433000,1935,Extend Data,0x18EF073E,0x4,0x01 0x01 0x8D 0x02,0x2974,ACK
8.8396412000,1936,Data,0x100,0x8,0x00 0x00 0x04 0x40 0x05 0x4F 0x0F 0x32,0x7282,ACK
8.8596391000,1937,Data,0x100,0x8,0x00 0x00 0x04 0x40 0x05 0x4F 0x0F 0x32,0x7282,ACK
8.8659714000,1938,Data,0x422,0x8,0x00 0x00 0x20 0x00 0x15 0x00 0x02 0x00,0x33F1,ACK
8.8662177000,1939,Data,0x500,0x8,0x48 0x48 0x49 0xFF 0x48 0x48 0x48 0xFF,0x3C42,ACK
8.8664479000,1940,Extend Data,0x18EF3E07,0x5,0x01 0x04 0x8D 0xF4 0xFF,0x4895,ACK
8.8666762000,1941,Data,0x423,0x8,0xBC 0x02 0x64 0x00 0x3C 0x00 0x01 0x00,0x500B,ACK
8.8672764000,1942,Data,0x424,0x8,0x7B 0x49 0x4D 0x69 0x00 0x00 0x00 0x00,0x69D9,ACK
8.8675127000,1943,Data,0x425,0x8,0x01 0x64 0x49 0x57 0x57 0x58 0x01 0xFF,0x3E52,ACK
8.8677489000,1944,Data,0x429,0x8,0x20 0x00 0x00 0x00 0x00 0x00 0x00 0x00,0x7AC7,ACK
8.8679972000,1945,Data,0x420,0x8,0xA0 0x14 0xF4 0xFF 0x66 0x03 0x00 0x00,0x7466,ACK
8.8682334000,1946,Data,0x421,0x8,0x38 0x36 0x31 0x34 0xFB 0x04 0x55 0x04,0x0DC7,ACK
8.8690437000,1947,Data,0x311,0x8,0x39 0x1E 0x07 0x3F 0x90 0x01 0x00 0x00,0x66BC,ACK
8.8730597000,1948,Data,0x212,0x8,0x52 0x01 0x00 0xC9 0x00 0x00 0x00 0x2A,0x2C4E,ACK
8.8733000000,1949,Data,0x211,0x8,0xE4 0x00 0x2A 0x00 0x00 0x00 0x00 0x00,0x0D4D,ACK
8.8735562000,1950,Data,0x343,0x8,0x00 0x00 0x00 0x01 0x00 0x00 0x01 0x00,0x103B,ACK
8.8738165000,1951,Data,0x341,0x8,0x00 0x00 0x00 0x00 0x02 0x00 0x00 0x00,0x1833,ACK
8.8741147000,1952,Data,0x342,0x8,0x05 0x00 0x0F 0x00 0x00 0xE4 0x05 0x34,0x6794,ACK
8.8743690000,1953,Data,0x344,0x8,0x00 0x00 0x00 0x03 0x00 0x00 0x00 0x00,0x6F15,ACK
8.8787052000,1954,Data,0x310,0x8,0xF1 0x0E 0x78 0x05 0x12 0x02 0x01 0xC8,0x2684,ACK
8.8796413000,1955,Data,0x100,0x8,0x00 0x00 0x04 0x40 0x05 0x4F 0x0F 0x32,0x7282,ACK
8.8929474000,1956,Extend Data,0x18EF073E,0x4,0x01 0x01 0x8E 0x02,0x2087,ACK
8.8996395000,1957,Data,0x100,0x8,0x00 0x00 0x04 0x40 0x05 0x4F 0x0F 0x32,0x7282,ACK
8.9196595000,1958,Data,0x100,0x8,0x00 0x00 0x04 0x40 0x05 0x4F 0x0F 0x32,0x7282,ACK
8.9199057000,1959,Data,0x203,0x8,0x04 0x00 0x57 0x00 0x57 0x00 0x00 0x00,0x6097,ACK
8.9201520000,1960,Data,0x204,0x8,0x00 0x00 0x00 0x00 0x00 0x00 0x00 0x00,0x79D1,ACK
8.9204102000,1961,Data,0x205,0x8,0x00 0x00 0x00 0x00 0x00 0x00 0x00 0x00,0x72CA,ACK
8.9207145000,1962,Data,0x209,0x8,0x9F 0x27 0x10 0x04 0x90 0x49 0x00 0x00,0x59C2,ACK
8.9209547000,1963,Data,0x20A,0x8,0x00 0x00 0x00 0x00 0x00 0x00 0x00 0x00,0x1B53,ACK
8.9212090000,1964,Data,0x20B,0x8,0xBC 0x02 0x64 0x00 0x01 0xC8 0x00 0x00,0x021C,ACK
8.9214532000,1965,Data,0x20C,0x8,0x00 0xE4 0x0A 0x34 0x1E 0x07 0x00 0x00,0x6603,ACK
8.9396372000,1966,Data,0x100,0x8,0x00 0x00 0x04 0x40 0x05 0x4F 0x0F 0x32,0x7282,ACK
8.9409055000,1967,Extend Data,0x18EF3E07,0x5,0x01 0x04 0x8E 0x64 0x00,0x13C8,ACK
8.9533794000,1968,Extend Data,0x18EF073E,0x4,0x01 0x01 0x59 0x02,0x652F,ACK
8.9539875000,1969,Extend Data,0x18EF3E07,0x5,0x01 0x04 0x59 0x00 0x00,0x4816,ACK
8.9596375000,1970,Data,0x100,0x8,0x00 0x00 0x04 0x40 0x05 0x4F 0x0F 0x32,0x7282,ACK
8.9730535000,1971,Data,0x212,0x8,0x52 0x01 0x00 0xC9 0x00 0x00 0x00 0x2A,0x2C4E,ACK
8.9732936000,1972,Data,0x211,0x8,0xE4 0x00 0x2A 0x00 0x00 0x00 0x00 0x00,0x0D4D,ACK
8.9735498000,1973,Data,0x343,0x8,0x00 0x00 0x00 0x01 0x00 0x00 0x01 0x00,0x103B,ACK
8.9796379000,1974,Data,0x100,0x8,0x00 0x00 0x04 0x40 0x05 0x4F 0x0F 0x32,0x7282,ACK
8.9996378000,1975,Data,0x100,0x8,0x00 0x00 0x04 0x40 0x05 0x4F 0x0F 0x32,0x7282,ACK
9.0196798000,1976,Data,0x100,0x8,0x00 0x00 0x04 0x40 0x05 0x4F 0x0F 0x32,0x7282,ACK
9.0199260000,1977,Data,0x203,0x8,0x04 0x00 0x57 0x00 0x57 0x00 0x00 0x00,0x6097,ACK
9.0201723000,1978,Data,0x204,0x8,0x00 0x00 0x00 0x00 0x00 0x00 0x00 0x00,0x79D1,ACK
9.0204285000,1979,Data,0x205,0x8,0x00 0x00 0x00 0x00 0x00 0x00 0x00 0x00,0x72CA,ACK
9.0207148000,1980,Data,0x209,0x8,0x9F 0x27 0x10 0x04 0x90 0x49 0x00 0x00,0x59C2,ACK
9.0209570000,1981,Data,0x20A,0x8,0x00 0x00 0x00 0x00 0x00 0x00 0x00 0x00,0x1B53,ACK
9.0212113000,1982,Data,0x20B,0x8,0xBC 0x02 0x64 0x00 0x01 0xC8 0x00 0x00,0x021C,ACK
9.0214575000,1983,Data,0x20C,0x8,0x00 0xE4 0x0A 0x34 0x1E 0x07 0x00 0x00,0x6603,ACK
9.0217078000,1984,Data,0x301,0x8,0x00 0x00 0x00 0x00 0x00 0x00 0x00 0x00,0x7E55,ACK
9.0219660000,1985,Data,0x302,0x2,0x00 0xFF,0x6FC0,ACK
9.0221103000,1986,Data,0x485,0x8,0x22 0x00 0x00 0x00 0x62 0x00 0x14 0x0C,0x569F,ACK
9.0223565000,1987,Data,0x480,0x8,0x00 0x00 0x00 0x00 0x21 0x00 0x00 0x00,0x32BE,ACK
9.0226147000,1988,Data,0x481,0x8,0xCA 0x17 0x08 0x13 0x00 0x00 0x00 0x00,0x1AA4,ACK
9.0228570000,1989,Data,0x482,0x8,0x52 0x01 0x02 0x00 0x00 0x00 0x00 0x00,0x36EA,ACK
9.0231052000,1990,Data,0x483,0x8,0x31 0x4B 0x31 0x55 0x41 0x32 0x35 0x35,0x717E,ACK
9.0233395000,1991,Data,0x484,0x8,0x31 0x50 0x33 0x39 0x36 0x35 0x00 0x00,0x0196,ACK
9.0280637000,1992,Extend Data,0x18EF073E,0x4,0x01 0x01 0x92 0x02,0x312C,ACK
9.0396357000,1993,Data,0x100,0x8,0x00 0x00 0x04 0x40 0x05 0x4F 0x0F 0x32,0x7282,ACK
9.0404599000,1994,Extend Data,0x18EF3E07,0x5,0x01 0x04 0x92 0x02 0x00,0x0BF9,ACK
9.0596377000,1995,Data,0x100,0x8,0x00 0x00 0x04 0x40 0x05 0x4F 0x0F 0x32,0x7282,ACK
9.0696319000,1996,Data,0x311,0x8,0x39 0x1E 0x07 0x3F 0x90 0x01 0x00 0x00,0x66BC,ACK
9.0730700000,1997,Data,0x212,0x8,0x52 0x01 0x00 0xC9 0x00 0x00 0x00 0x2A,0x2C4E,ACK
9.0733262000,1998,Data,0x211,0x8,0xE4 0x00 0x2A 0x00 0x00 0x00 0x00 0x00,0x0D4D,ACK
9.0735865000,1999,Data,0x343,0x8,0x00 0x00 0x00 0x01 0x00 0x00 0x01 0x00,0x103B,ACK
9.0738667000,2000,Data,0x341,0x8,0x00 0x00 0x00 0x00 0x02 0x00 0x00 0x00,0x1833,ACK
9.0741430000,2001,Data,0x342,0x8,0x05 0x00 0x0F 0x00 0x00 0xE4 0x05 0x34,0x6794,ACK
9.0744012000,2002,Data,0x344,0x8,0x00 0x00 0x00 0x03 0x00 0x00 0x00 0x00,0x6F15,ACK
9.0792234000,2003,Data,0x310,0x8,0xF1 0x0E 0x78 0x05 0x12 0x02 0x01 0xC8,0x2684,ACK
9.0796355000,2004,Data,0x100,0x8,0x00 0x00 0x04 0x40 0x05 0x4F 0x0F 0x32,0x7282,ACK
9.0879057000,2005,Extend Data,0x18EF073E,0x4,0x01 0x01 0x96 0x04,0x797B,ACK
9.0886159000,2006,Extend Data,0x18EF3E07,0x7,0x01 0x04 0x96 0x16 0x00 0x16 0x00,0x4DDB,ACK
9.0996379000,2007,Data,0x100,0x8,0x00 0x00 0x04 0x40 0x05 0x4F 0x0F 0x32,0x7282,ACK
9.1196558000,2008,Data,0x100,0x8,0x00 0x00 0x04 0x40 0x05 0x4F 0x0F 0x32,0x7282,ACK
9.1199021000,2009,Data,0x203,0x8,0x04 0x00 0x57 0x00 0x57 0x00 0x00 0x00,0x6097,ACK
9.1201503000,2010,Data,0x204,0x8,0x00 0x00 0x00 0x00 0x00 0x00 0x00 0x00,0x79D1,ACK
9.1204066000,2011,Data,0x205,0x8,0x00 0x00 0x00 0x00 0x00 0x00 0x00 0x00,0x72CA,ACK
9.1207008000,2012,Data,0x209,0x8,0x9F 0x27 0x10 0x04 0x90 0x49 0x00 0x00,0x59C2,ACK
9.1209410000,2013,Data,0x20A,0x8,0x00 0x00 0x00 0x00 0x00 0x00 0x00 0x00,0x1B53,ACK
9.1211953000,2014,Data,0x20B,0x8,0xBC 0x02 0x64 0x00 0x01 0xC8 0x00 0x00,0x021C,ACK
9.1214395000,2015,Data,0x20C,0x8,0x00 0xE4 0x0A 0x34 0x1E 0x07 0x00 0x00,0x6603,ACK
9.1396375000,2016,Data,0x100,0x8,0x00 0x00 0x04 0x40 0x05 0x4F 0x0F 0x32,0x7282,ACK
9.1596355000,2017,Data,0x100,0x8,0x00 0x00 0x04 0x40 0x05 0x4F 0x0F 0x32,0x7282,ACK
9.1630095000,2018,Extend Data,0x18EF073E,0x4,0x01 0x01 0xF9 0x02,0x31EB,ACK
9.1636978000,2019,Extend Data,0x18EF3E07,0x5,0x01 0x04 0xF9 0x17 0x00,0x2512,ACK
9.1730677000,2020,Data,0x212,0x8,0x52 0x01 0x00 0xC9 0x00 0x00 0x00 0x2A,0x2C4E,ACK
9.1733498000,2021,Data,0x211,0x8,0xE4 0x00 0x2A 0x00 0x00 0x00 0x00 0x00,0x0D4D,ACK
9.1736101000,2022,Data,0x343,0x8,0x00 0x00 0x00 0x01 0x00 0x00 0x01 0x00,0x103B,ACK
9.1738663000,2023,Data,0x401,0x8,0x00 0x00 0x34 0x00 0x05 0x2A 0x00 0x00,0x4E01,ACK
9.1796364000,2024,Data,0x100,0x8,0x00 0x00 0x04 0x40 0x05 0x4F 0x0F 0x32,0x7282,ACK
9.1996344000,2025,Data,0x100,0x8,0x00 0x00 0x04 0x40 0x05 0x4F 0x0F 0x32,0x7282,ACK
9.2196623000,2026,Data,0x100,0x8,0x00 0x00 0x04 0x40 0x05 0x4F 0x0F 0x32,0x7282,ACK
9.2199086000,2027,Data,0x203,0x8,0x04 0x00 0x57 0x00 0x57 0x00 0x00 0x00,0x6097,ACK
9.2201548000,2028,Data,0x204,0x8,0x00 0x00 0x00 0x00 0x00 0x00 0x00 0x00,0x79D1,ACK
9.2204111000,2029,Data,0x205,0x8,0x00 0x00 0x00 0x00 0x00 0x00 0x00 0x00,0x72CA,ACK
9.2207113000,2030,Data,0x209,0x8,0x9F 0x27 0x10 0x04 0x90 0x49 0x00 0x00,0x59C2,ACK
9.2209536000,2031,Data,0x20A,0x8,0x00 0x00 0x00 0x00 0x00 0x00 0x00 0x00,0x1B53,ACK
9.2212078000,2032,Data,0x20B,0x8,0xBC 0x02 0x64 0x00 0x01 0xC8 0x00 0x00,0x021C,ACK
9.2214541000,2033,Data,0x20C,0x8,0x00 0xE4 0x0A 0x34 0x1E 0x07 0x00 0x00,0x6603,ACK
9.2217043000,2034,Data,0x301,0x8,0x00 0x00 0x00 0x00 0x00 0x00 0x00 0x00,0x7E55,ACK
9.2219626000,2035,Data,0x302,0x2,0x00 0xFF,0x6FC0,ACK
9.2221067000,2036,Data,0x485,0x8,0x22 0x00 0x00 0x00 0x62 0x00 0x14 0x0C,0x569F,ACK
9.2231369000,2037,Extend Data,0x18EF073E,0x4,0x01 0x01 0xA0 0x1A,0x7FC0,ACK
9.2396349000,2038,Data,0x100,0x8,0x00 0x00 0x04 0x40 0x05 0x4F 0x0F 0x32,0x7282,ACK
9.2412771000,2039,Extend Data,0x1CEC3E07,0x8,0x10 0x1F 0x00 0x05 0xFF 0x00 0xEF 0x00,0x330A,ACK
9.2415733000,2040,Extend Data,0x18EC073E,0x8,0x11 0x05 0x01 0xFF 0xFF 0x00 0xEF 0x00,0x4F54,ACK
9.2423174000,2041,Extend Data,0x1CEB3E07,0x8,0x01 0x01 0x04 0xA0 0xDE 0x0F 0xDD 0x0F,0x126B,ACK
9.2425976000,2042,Extend Data,0x1CEB3E07,0x8,0x02 0xDD 0x0F 0xDE 0x0F 0xDE 0x0F 0xDE,0x1F6A,ACK
9.2428779000,2043,Extend Data,0x1CEB3E07,0x8,0x03 0x0F 0xDE 0x0F 0xDE 0x0F 0xDF 0x0F,0x05EA,ACK
9.2431641000,2044,Extend Data,0x1CEB3E07,0x8,0x04 0xDF 0x0F 0xDE 0x0F 0xDF 0x0F 0xE1,0x6ED4,ACK
9.2434484000,2045,Extend Data,0x1CEB3E07,0x8,0x05 0x0F 0x4D 0xF3 0xFF 0xFF 0xFF 0xFF,0x59FA,ACK
9.2437685000,2046,Extend Data,0x18EC073E,0x8,0x13 0x1F 0x00 0x05 0xFF 0x00 0xEF 0x00,0x6E4D,ACK
9.2596225000,2047,Data,0x100,0x8,0x00 0x00 0x04 0x40 0x05 0x4F 0x0F 0x32,0x7282,ACK
9.2706547000,2048,Data,0x311,0x8,0x39 0x1E 0x07 0x3F 0x90 0x01 0x00 0x00,0x66BC,ACK
9.2730887000,2049,Data,0x212,0x8,0x52 0x01 0x00 0xC9 0x00 0x00 0x00 0x2A,0x2C4E,ACK
9.2733269000,2050,Data,0x211,0x8,0xE4 0x00 0x2A 0x00 0x00 0x00 0x00 0x00,0x0D4D,ACK
9.2735830000,2051,Data,0x343,0x8,0x00 0x00 0x00 0x01 0x00 0x00 0x01 0x00,0x103B,ACK
9.2738451000,2052,Data,0x341,0x8,0x00 0x00 0x00 0x00 0x02 0x00 0x00 0x00,0x1833,ACK
9.2741432000,2053,Data,0x342,0x8,0x05 0x00 0x0F 0x00 0x00 0xE4 0x05 0x34,0x6794,ACK
9.2743993000,2054,Data,0x344,0x8,0x00 0x00 0x00 0x03 0x00 0x00 0x00 0x00,0x6F15,ACK
9.2796333000,2055,Data,0x100,0x8,0x00 0x00 0x04 0x40 0x05 0x4F 0x0F 0x32,0x7282,ACK
9.2802474000,2056,Data,0x310,0x8,0xF1 0x0E 0x78 0x05 0x12 0x02 0x01 0xC8,0x2684,ACK
9.2979313000,2057,Extend Data,0x18EF073E,0x4,0x01 0x01 0x82 0x02,0x074B,ACK
9.2996334000,2058,Data,0x100,0x8,0x00 0x00 0x04 0x40 0x05 0x4F 0x0F 0x32,0x7282,ACK
9.3196532000,2059,Data,0x100,0x8,0x00 0x00 0x04 0x40 0x05 0x4F 0x0F 0x32,0x7282,ACK
9.3198995000,2060,Data,0x203,0x8,0x04 0x00 0x57 0x00 0x57 0x00 0x00 0x00,0x6097,ACK
9.3201477000,2061,Data,0x204,0x8,0x00 0x00 0x00 0x00 0x00 0x00 0x00 0x00,0x79D1,ACK
9.3204040000,2062,Data,0x205,0x8,0x00 0x00 0x00 0x00 0x00 0x00 0x00 0x00,0x72CA,ACK
9.3207082000,2063,Data,0x209,0x8,0x9F 0x27 0x10 0x04 0x90 0x49 0x00 0x00,0x59C2,ACK
9.3209485000,2064,Data,0x20A,0x8,0x00 0x00 0x00 0x00 0x00 0x00 0x00 0x00,0x1B53,ACK
9.3212027000,2065,Data,0x20B,0x8,0xBC 0x02 0x64 0x00 0x01 0xC8 0x00 0x00,0x021C,ACK
9.3214490000,2066,Data,0x20C,0x8,0x00 0xE4 0x0A 0x34 0x1E 0x07 0x00 0x00,0x6603,ACK
9.3396330000,2067,Data,0x100,0x8,0x00 0x00 0x04 0x40 0x05 0x4F 0x0F 0x32,0x7282,ACK
9.3410590000,2068,Extend Data,0x18EF3E07,0x5,0x01 0x04 0x82 0x64 0x00,0x0BF7,ACK
9.3586689000,2069,Extend Data,0x18EF073E,0x4,0x01 0x01 0x02 0x0E,0x1389,ACK
9.3593190000,2070,Extend Data,0x1CEC3E07,0x8,0x10 0x13 0x00 0x03 0xFF 0x00 0xEF 0x00,0x1F52,ACK
9.3596372000,2071,Extend Data,0x18EC073E,0x8,0x11 0x03 0x01 0xFF 0xFF 0x00 0xEF 0x00,0x34D9,ACK
9.3599254000,2072,Data,0x100,0x8,0x00 0x00 0x04 0x40 0x05 0x4F 0x0F 0x32,0x7282,ACK
9.3603595000,2073,Extend Data,0x1CEB3E07,0x8,0x01 0x01 0x04 0x02 0xB4 0xC1 0x83 0x58,0x140B,ACK
9.3606438000,2074,Extend Data,0x1CEB3E07,0x8,0x02 0x51 0xE5 0xB2 0x6B 0x32 0xAC 0x86,0x3C30,ACK
9.3609120000,2075,Extend Data,0x1CEB3E07,0x8,0x03 0x0E 0x1A 0xB9 0x10 0xF9 0xFF 0xFF,0x4FA2,ACK
9.3612221000,2076,Extend Data,0x18EC073E,0x8,0x13 0x13 0x00 0x03 0xFF 0x00 0xEF 0x00,0x4215,ACK
9.3652943000,2077,Data,0x422,0x8,0x00 0x00 0x20 0x00 0x15 0x00 0x02 0x00,0x33F1,ACK
9.3677225000,2078,Data,0x423,0x8,0xBC 0x02 0x64 0x00 0x3C 0x00 0x01 0x00,0x500B,ACK
9.3686208000,2079,Data,0x425,0x8,0x01 0x64 0x49 0x57 0x57 0x58 0x01 0xFF,0x3E52,ACK
9.3688571000,2080,Data,0x429,0x8,0x20 0x00 0x00 0x00 0x00 0x00 0x00 0x00,0x7AC7,ACK
9.3691053000,2081,Data,0x420,0x8,0xA0 0x14 0xF8 0xFF 0x66 0x03 0x00 0x00,0x382F,ACK
9.3693456000,2082,Data,0x421,0x8,0x38 0x36 0x31 0x34 0xFB 0x04 0x55 0x04,0x0DC7,ACK
9.3730576000,2083,Data,0x212,0x8,0x52 0x01 0x00 0xC9 0x00 0x00 0x00 0x2A,0x2C4E,ACK
9.3733199000,2084,Data,0x211,0x8,0xE4 0x00 0x2A 0x00 0x00 0x00 0x00 0x00,0x0D4D,ACK
9.3735761000,2085,Data,0x343,0x8,0x00 0x00 0x00 0x01 0x00 0x00 0x01 0x00,0x103B,ACK
9.3796321000,2086,Data,0x100,0x8,0x00 0x00 0x04 0x40 0x05 0x4F 0x0F 0x32,0x7282,ACK
9.3996321000,2087,Data,0x100,0x8,0x00 0x00 0x04 0x40 0x05 0x4F 0x0F 0x32,0x7282,ACK
9.4196580000,2088,Data,0x100,0x8,0x00 0x00 0x04 0x40 0x05 0x4F 0x0F 0x32,0x7282,ACK
9.4199023000,2089,Data,0x203,0x8,0x04 0x00 0x57 0x00 0x57 0x00 0x00 0x00,0x6097,ACK
9.4201485000,2090,Data,0x204,0x8,0x00 0x00 0x00 0x00 0x00 0x00 0x00 0x00,0x79D1,ACK
9.4204048000,2091,Data,0x205,0x8,0x00 0x00 0x00 0x00 0x00 0x00 0x00 0x00,0x72CA,ACK
9.4207090000,2092,Data,0x209,0x8,0x9F 0x27 0x10 0x04 0x90 0x49 0x00 0x00,0x59C2,ACK
9.4209493000,2093,Data,0x20A,0x8,0x00 0x00 0x00 0x00 0x00 0x00 0x00 0x00,0x1B53,ACK
9.4212035000,2094,Data,0x20B,0x8,0xBC 0x02 0x64 0x00 0x01 0xC8 0x00 0x00,0x021C,ACK
9.4214458000,2095,Data,0x20C,0x8,0x00 0xE4 0x0A 0x34 0x1E 0x07 0x00 0x00,0x6603,ACK
9.4216980000,2096,Data,0x301,0x8,0x00 0x00 0x00 0x00 0x00 0x00 0x00 0x00,0x7E55,ACK
9.4219542000,2097,Data,0x302,0x2,0x00 0xFF,0x6FC0,ACK
9.4221005000,2098,Data,0x485,0x8,0x22 0x00 0x00 0x00 0x62 0x00 0x14 0x0C,0x569F,ACK
9.4331606000,2099,Extend Data,0x18EF073E,0x4,0x01 0x01 0x0A 0x04,0x50DA,ACK
9.4396326000,2100,Data,0x100,0x8,0x00 0x00 0x04 0x40 0x05 0x4F 0x0F 0x32,0x7282,ACK
9.4405649000,2101,Extend Data,0x18EF3E07,0x7,0x01 0x04 0x0A 0x7C 0x33 0x00 0x00,0x2745,ACK
9.4596307000,2102,Data,0x100,0x8,0x00 0x00 0x04 0x40 0x05 0x4F 0x0F 0x32,0x7282,ACK
9.4722469000,2103,Data,0x311,0x8,0x39 0x1E 0x07 0x3F 0x90 0x01 0x00 0x00,0x66BC,ACK
9.4730930000,2104,Data,0x212,0x8,0x52 0x01 0x00 0xC9 0x00 0x00 0x00 0x2A,0x2C4E,ACK
9.4733492000,2105,Data,0x211,0x8,0xE4 0x00 0x2A 0x00 0x00 0x00 0x00 0x00,0x0D4D,ACK
9.4736095000,2106,Data,0x343,0x8,0x00 0x00 0x00 0x01 0x00 0x00 0x01 0x00,0x103B,ACK
9.4738697000,2107,Data,0x341,0x8,0x00 0x00 0x00 0x00 0x02 0x00 0x00 0x00,0x1833,ACK
9.4741660000,2108,Data,0x342,0x8,0x05 0x00 0x0F 0x00 0x00 0xE4 0x05 0x34,0x6794,ACK
9.4744262000,2109,Data,0x344,0x8,0x00 0x00 0x00 0x03 0x00 0x00 0x00 0x00,0x6F15,ACK
9.4796323000,2110,Data,0x100,0x8,0x00 0x00 0x04 0x40 0x05 0x4F 0x0F 0x32,0x7282,ACK
9.4818964000,2111,Data,0x310,0x8,0xF1 0x0E 0x78 0x05 0x12 0x02 0x01 0xC8,0x2684,ACK
9.4996304000,2112,Data,0x100,0x8,0x00 0x00 0x04 0x40 0x05 0x4F 0x0F 0x32,0x7282,ACK
9.5079425000,2113,Extend Data,0x18EF073E,0x4,0x01 0x01 0x10 0x02,0x44F3,ACK
9.5196486000,2114,Data,0x100,0x8,0x00 0x00 0x04 0x40 0x05 0x4F 0x0F 0x32,0x7282,ACK
9.5198928000,2115,Data,0x203,0x8,0x04 0x00 0x57 0x00 0x57 0x00 0x00 0x00,0x6097,ACK
9.5201391000,2116,Data,0x204,0x8,0x00 0x00 0x00 0x00 0x00 0x00 0x00 0x00,0x79D1,ACK
9.5203973000,2117,Data,0x205,0x8,0x00 0x00 0x00 0x00 0x00 0x00 0x00 0x00,0x72CA,ACK
9.5207075000,2118,Data,0x209,0x8,0x9F 0x27 0x10 0x04 0x90 0x49 0x00 0x00,0x59C2,ACK
9.5209478000,2119,Data,0x20A,0x8,0x00 0x00 0x00 0x00 0x00 0x00 0x00 0x00,0x1B53,ACK
9.5212020000,2120,Data,0x20B,0x8,0xBC 0x02 0x64 0x00 0x01 0xC8 0x00 0x00,0x021C,ACK
9.5214463000,2121,Data,0x20C,0x8,0x00 0xE4 0x0A 0x34 0x1E 0x07 0x00 0x00,0x6603,ACK
9.5396303000,2122,Data,0x100,0x8,0x00 0x00 0x04 0x40 0x05 0x4F 0x0F 0x32,0x7282,ACK
9.5398705000,2123,Extend Data,0x18EF3E07,0x5,0x01 0x04 0x10 0x0D 0x00,0x0F0B,ACK
9.5596303000,2124,Data,0x100,0x8,0x00 0x00 0x04 0x40 0x05 0x4F 0x0F 0x32,0x7282,ACK
9.5680125000,2125,Extend Data,0x18EF073E,0x4,0x01 0x01 0x11 0x02,0x00D5,ACK
9.5686306000,2126,Extend Data,0x18EF3E07,0x5,0x01 0x04 0x11 0xE0 0x01,0x11AD,ACK
9.5730746000,2127,Data,0x212,0x8,0x52 0x01 0x00 0xC9 0x00 0x00 0x00 0x2A,0x2C4E,ACK
9.5733329000,2128,Data,0x211,0x8,0xE4 0x00 0x2A 0x00 0x00 0x00 0x00 0x00,0x0D4D,ACK
9.5735931000,2129,Data,0x343,0x8,0x00 0x00 0x00 0x01 0x00 0x00 0x01 0x00,0x103B,ACK
9.5796312000,2130,Data,0x100,0x8,0x00 0x00 0x04 0x40 0x05 0x4F 0x0F 0x32,0x7282,ACK
9.5996291000,2131,Data,0x100,0x8,0x00 0x00 0x04 0x40 0x05 0x4F 0x0F 0x32,0x7282,ACK
9.6196571000,2132,Data,0x100,0x8,0x00 0x00 0x04 0x40 0x05 0x4F 0x0F 0x32,0x7282,ACK
9.6199033000,2133,Data,0x203,0x8,0x04 0x00 0x57 0x00 0x57 0x00 0x00 0x00,0x6097,ACK
9.6201516000,2134,Data,0x204,0x8,0x00 0x00 0x00 0x00 0x00 0x00 0x00 0x00,0x79D1,ACK
9.6204078000,2135,Data,0x205,0x8,0x00 0x00 0x00 0x00 0x00 0x00 0x00 0x00,0x72CA,ACK
9.6207061000,2136,Data,0x209,0x8,0x9F 0x27 0x10 0x04 0x90 0x49 0x00 0x00,0x59C2,ACK
9.6209462000,2137,Data,0x20A,0x8,0x00 0x00 0x00 0x00 0x00 0x00 0x00 0x00,0x1B53,ACK
9.6212024000,2138,Data,0x20B,0x8,0xBC 0x02 0x64 0x00 0x01 0xC8 0x00 0x00,0x021C,ACK
9.6214467000,2139,Data,0x20C,0x8,0x00 0xE4 0x0A 0x34 0x1E 0x07 0x00 0x00,0x6603,ACK
9.6216989000,2140,Data,0x301,0x8,0x00 0x00 0x00 0x00 0x00 0x00 0x00 0x00,0x7E55,ACK
9.6219552000,2141,Data,0x302,0x2,0x00 0xFF,0x6FC0,ACK
9.6221014000,2142,Data,0x485,0x8,0x22 0x00 0x00 0x00 0x62 0x00 0x14 0x0C,0x569F,ACK
9.6396274000,2143,Data,0x100,0x8,0x00 0x00 0x04 0x40 0x05 0x4F 0x0F 0x32,0x7282,ACK
9.6432096000,2144,Extend Data,0x18EF073E,0x4,0x01 0x01 0x13 0x02,0x4D00,ACK
9.6437819000,2145,Extend Data,0x18EF3E07,0x5,0x01 0x04 0x13 0xFB 0x04,0x6F21,ACK
9.6596178000,2146,Data,0x100,0x8,0x00 0x00 0x04 0x40 0x05 0x4F 0x0F 0x32,0x7282,ACK
9.6729259000,2147,Data,0x311,0x8,0x39 0x1E 0x07 0x3F 0x90 0x01 0x00 0x00,0x66BC,ACK
9.6731640000,2148,Data,0x211,0x8,0xE4 0x00 0x2A 0x00 0x00 0x00 0x00 0x00,0x0D4D,ACK
9.6734063000,2149,Data,0x212,0x8,0x52 0x01 0x00 0xC9 0x00 0x00 0x00 0x2A,0x2C4E,ACK
9.6736425000,2150,Data,0x343,0x8,0x00 0x00 0x00 0x01 0x00 0x00 0x01 0x00,0x103B,ACK
9.6740407000,2151,Data,0x341,0x8,0x00 0x00 0x00 0x00 0x02 0x00 0x00 0x00,0x1833,ACK
9.6743010000,2152,Data,0x342,0x8,0x05 0x00 0x0F 0x00 0x00 0xE4 0x05 0x34,0x6794,ACK
9.6745612000,2153,Data,0x344,0x8,0x00 0x00 0x00 0x03 0x00 0x00 0x00 0x00,0x6F15,ACK
9.6748175000,2154,Data,0x401,0x8,0x00 0x00 0x34 0x00 0x05 0x2A 0x00 0x00,0x4E01,ACK
9.6796276000,2155,Data,0x100,0x8,0x00 0x00 0x04 0x40 0x05 0x4F 0x0F 0x32,0x7282,ACK
9.6825837000,2156,Data,0x310,0x8,0xF1 0x0E 0x78 0x05 0x12 0x02 0x01 0xC8,0x2684,ACK
9.6996275000,2157,Data,0x100,0x8,0x00 0x00 0x04 0x40 0x05 0x4F 0x0F 0x32,0x7282,ACK
9.7029457000,2158,Extend Data,0x18EF073E,0x4,0x01 0x01 0x94 0x02,0x22CA,ACK
9.7196457000,2159,Data,0x100,0x8,0x00 0x00 0x04 0x40 0x05 0x4F 0x0F 0x32,0x7282,ACK
9.7198920000,2160,Data,0x203,0x8,0x04 0x00 0x57 0x00 0x57 0x00 0x00 0x00,0x6097,ACK
9.7201402000,2161,Data,0x204,0x8,0x00 0x00 0x00 0x00 0x00 0x00 0x00 0x00,0x79D1,ACK
9.7203965000,2162,Data,0x205,0x8,0x00 0x00 0x00 0x00 0x00 0x00 0x00 0x00,0x72CA,ACK
9.7207047000,2163,Data,0x209,0x8,0x9F 0x27 0x10 0x04 0x90 0x49 0x00 0x00,0x59C2,ACK
9.7209450000,2164,Data,0x20A,0x8,0x00 0x00 0x00 0x00 0x00 0x00 0x00 0x00,0x1B53,ACK
9.7211992000,2165,Data,0x20B,0x8,0xBC 0x02 0x64 0x00 0x01 0xC8 0x00 0x00,0x021C,ACK
9.7214435000,2166,Data,0x20C,0x8,0x00 0xE4 0x0A 0x34 0x1E 0x07 0x00 0x00,0x6603,ACK
9.7392498000,2167,Extend Data,0x18EF3E07,0x5,0x01 0x04 0x94 0x3C 0x00,0x559A,ACK
9.7396259000,2168,Data,0x100,0x8,0x00 0x00 0x04 0x40 0x05 0x4F 0x0F 0x32,0x7282,ACK
9.7596278000,2169,Data,0x100,0x8,0x00 0x00 0x04 0x40 0x05 0x4F 0x0F 0x32,0x7282,ACK
9.7730756000,2170,Data,0x212,0x8,0x52 0x01 0x00 0xC9 0x00 0x00 0x00 0x2A,0x2C4E,ACK
9.7733378000,2171,Data,0x211,0x8,0xE4 0x00 0x2A 0x00 0x00 0x00 0x00 0x00,0x0D4D,ACK
9.7735939000,2172,Data,0x343,0x8,0x00 0x00 0x00 0x01 0x00 0x00 0x01 0x00,0x103B,ACK
9.7778179000,2173,Extend Data,0x18EF023E,0x4,0x01 0x01 0x86 0x02,0x29F7,ACK
9.7781379000,2174,Extend Data,0x18EF3E02,0x5,0x01 0x04 0x86 0x00 0x00,0x1EE2,ACK
9.7796260000,2175,Data,0x100,0x8,0x00 0x00 0x04 0x40 0x05 0x4F 0x0F 0x32,0x7282,ACK
9.7996258000,2176,Data,0x100,0x8,0x00 0x00 0x04 0x40 0x05 0x4F 0x0F 0x32,0x7282,ACK
9.8196538000,2177,Data,0x100,0x8,0x00 0x00 0x04 0x40 0x05 0x4F 0x0F 0x32,0x7282,ACK
9.8198980000,2178,Data,0x203,0x8,0x04 0x00 0x57 0x00 0x57 0x00 0x00 0x00,0x6097,ACK
9.8201443000,2179,Data,0x204,0x8,0x00 0x00 0x00 0x00 0x00 0x00 0x00 0x00,0x79D1,ACK
9.8204005000,2180,Data,0x205,0x8,0x00 0x00 0x00 0x00 0x00 0x00 0x00 0x00,0x72CA,ACK
9.8207028000,2181,Data,0x209,0x8,0x9F 0x27 0x10 0x04 0x90 0x49 0x00 0x00,0x59C2,ACK
9.8209430000,2182,Data,0x20A,0x8,0x00 0x00 0x00 0x00 0x00 0x00 0x00 0x00,0x1B53,ACK
9.8211973000,2183,Data,0x20B,0x8,0xBC 0x02 0x64 0x00 0x01 0xC8 0x00 0x00,0x021C,ACK
9.8214415000,2184,Data,0x20C,0x8,0x00 0xE4 0x0A 0x34 0x1E 0x07 0x00 0x00,0x6603,ACK
9.8216917000,2185,Data,0x301,0x8,0x00 0x00 0x00 0x00 0x00 0x00 0x00 0x00,0x7E55,ACK
9.8219480000,2186,Data,0x302,0x2,0x00 0xFF,0x6FC0,ACK
9.8220922000,2187,Data,0x485,0x8,0x22 0x00 0x00 0x00 0x62 0x00 0x14 0x0C,0x569F,ACK
9.8396262000,2188,Data,0x100,0x8,0x00 0x00 0x04 0x40 0x05 0x4F 0x0F 0x32,0x7282,ACK
9.8578662000,2189,Extend Data,0x18EF023E,0x4,0x01 0x01 0x48 0x02,0x67E1,ACK
9.8581804000,2190,Extend Data,0x18EF3E02,0x5,0x01 0x04 0x48 0x00 0x00,0x2BAE,ACK
9.8596244000,2191,Data,0x100,0x8,0x00 0x00 0x04 0x40 0x05 0x4F 0x0F 0x32,0x7282,ACK
9.8656347000,2192,Data,0x422,0x8,0x00 0x00 0x20 0x00 0x15 0x00 0x02 0x00,0x33F1,ACK
9.8663849000,2193,Data,0x501,0x8,0xB4 0xC1 0x83 0x58 0x51 0xE5 0xB2 0x6B,0x057E,ACK
9.8666252000,2194,Data,0x502,0x8,0x32 0xAC 0x86 0x0E 0x1A 0xB9 0x00 0x00,0x0E93,ACK
9.8681914000,2195,Data,0x423,0x8,0xBC 0x02 0x64 0x00 0x3C 0x00 0x01 0x00,0x500B,ACK
9.8689397000,2196,Data,0x424,0x8,0x80 0x49 0x4D 0x69 0x00 0x00 0x00 0x00,0x131F,ACK
9.8691799000,2197,Data,0x425,0x8,0x01 0x64 0x49 0x57 0x57 0x58 0x01 0xFF,0x3E52,ACK
9.8694162000,2198,Data,0x429,0x8,0x20 0x00 0x00 0x00 0x00 0x00 0x00 0x00,0x7AC7,ACK
9.8696644000,2199,Data,0x420,0x8,0xA0 0x14 0xF2 0xFF 0x66 0x03 0x00 0x00,0x308E,ACK
9.8699007000,2200,Data,0x421,0x8,0x38 0x36 0x31 0x34 0xFB 0x04 0x55 0x04,0x0DC7,ACK
9.8727469000,2201,Data,0x311,0x8,0x39 0x1E 0x07 0x3F 0x90 0x01 0x00 0x00,0x66BC,ACK
9.8730630000,2202,Data,0x212,0x8,0x52 0x01 0x00 0xC9 0x00 0x00 0x00 0x2A,0x2C4E,ACK
9.8733273000,2203,Data,0x211,0x8,0xE4 0x00 0x2A 0x00 0x00 0x00 0x00 0x00,0x0D4D,ACK
9.8735875000,2204,Data,0x343,0x8,0x00 0x00 0x00 0x01 0x00 0x00 0x01 0x00,0x103B,ACK
9.8738637000,2205,Data,0x341,0x8,0x00 0x00 0x00 0x00 0x02 0x00 0x00 0x00,0x1833,ACK
9.8741420000,2206,Data,0x342,0x8,0x05 0x00 0x0F 0x00 0x00 0xE4 0x05 0x34,0x6794,ACK
9.8744022000,2207,Data,0x344,0x8,0x00 0x00 0x00 0x03 0x00 0x00 0x00 0x00,0x6F15,ACK
9.8796243000,2208,Data,0x100,0x8,0x00 0x00 0x04 0x40 0x05 0x4F 0x0F 0x32,0x7282,ACK
9.8823925000,2209,Data,0x310,0x8,0xF1 0x0E 0x78 0x05 0x12 0x02 0x01 0xC8,0x2684,ACK
9.8996263000,2210,Data,0x100,0x8,0x00 0x00 0x04 0x40 0x05 0x4F 0x0F 0x32,0x7282,ACK
9.9129464000,2211,Extend Data,0x18EF023E,0x4,0x01 0x01 0x49 0x02,0x23C7,ACK
9.9132585000,2212,Extend Data,0x18EF3E02,0x5,0x01 0x04 0x49 0x00 0x00,0x5BBA,ACK
9.9196446000,2213,Data,0x100,0x8,0x00 0x00 0x04 0x40 0x05 0x4F 0x0F 0x32,0x7282,ACK
9.9198888000,2214,Data,0x203,0x8,0x04 0x00 0x57 0x00 0x57 0x00 0x00 0x00,0x6097,ACK
9.9201350000,2215,Data,0x204,0x8,0x00 0x00 0x00 0x00 0x00 0x00 0x00 0x00,0x79D1,ACK
9.9203913000,2216,Data,0x205,0x8,0x00 0x00 0x00 0x00 0x00 0x00 0x00 0x00,0x72CA,ACK
9.9207015000,2217,Data,0x209,0x8,0x9F 0x27 0x10 0x04 0x90 0x49 0x00 0x00,0x59C2,ACK
9.9209418000,2218,Data,0x20A,0x8,0x00 0x00 0x00 0x00 0x00 0x00 0x00 0x00,0x1B53,ACK
9.9211960000,2219,Data,0x20B,0x8,0xBC 0x02 0x64 0x00 0x01 0xC8 0x00 0x00,0x021C,ACK
9.9214423000,2220,Data,0x20C,0x8,0x00 0xE4 0x0A 0x34 0x1E 0x07 0x00 0x00,0x6603,ACK
9.9396263000,2221,Data,0x100,0x8,0x00 0x00 0x04 0x40 0x05 0x4F 0x0F 0x32,0x7282,ACK
9.9596242000,2222,Data,0x100,0x8,0x00 0x00 0x04 0x40 0x05 0x4F 0x0F 0x32,0x7282,ACK
9.9730361000,2223,Data,0x212,0x8,0x52 0x01 0x00 0xC9 0x00 0x00 0x00 0x2A,0x2C4E,ACK
9.9733004000,2224,Data,0x211,0x8,0xE4 0x00 0x2A 0x00 0x00 0x00 0x00 0x00,0x0D4D,ACK
9.9735606000,2225,Data,0x343,0x8,0x00 0x00 0x00 0x01 0x00 0x00 0x01 0x00,0x103B,ACK
9.9796247000,2226,Data,0x100,0x8,0x00 0x00 0x04 0x40 0x05 0x4F 0x0F 0x32,0x7282,ACK
9.9880548000,2227,Extend Data,0x18EF023E,0x4,0x01 0x01 0x40 0x02,0x1E1E,ACK
9.9883489000,2228,Extend Data,0x18EF3E02,0x5,0x01 0x04 0x40 0x00 0x00,0x78F3,ACK
9.9996249000,2229,Data,0x100,0x8,0x00 0x00 0x04 0x40 0x05 0x4F 0x0F 0x32,0x7282,ACK