Time [s],Packet,Type,ID,DLC,Data,CRC,ACK
0.0149251000,0,Data,0x100,0x8,0x00 0x00 0x00 0x40 0x23 0x4F 0x64 0x32,0x4018,ACK
0.0349230000,1,Data,0x100,0x8,0x00 0x00 0x00 0x40 0x23 0x4F 0x64 0x32,0x4018,ACK
0.0391971000,2,Data,0x212,0x8,0x52 0x01 0x00 0xC9 0x00 0x00 0x00 0x2A,0x2C4E,ACK
0.0394553000,3,Data,0x211,0x8,0xE4 0x00 0x2A 0x00 0x00 0x00 0x00 0x00,0x0D4D,ACK
0.0397156000,4,Data,0x343,0x8,0x00 0x00 0x00 0x00 0x00 0x00 0x00 0x00,0x33F5,ACK
0.0549115000,5,Data,0x100,0x8,0x00 0x00 0x00 0x40 0x23 0x4F 0x64 0x32,0x4018,ACK
0.0749415000,6,Data,0x100,0x8,0x00 0x00 0x00 0x40 0x23 0x4F 0x64 0x32,0x4018,ACK
0.0751857000,7,Data,0x203,0x8,0x03 0x00 0x58 0x00 0x58 0x00 0x00 0x00,0x4AB9,ACK
0.0754338000,8,Data,0x204,0x8,0x00 0x00 0x00 0x00 0x00 0x00 0x00 0x00,0x79D1,ACK
0.0756899000,9,Data,0x205,0x8,0x00 0x00 0x00 0x00 0x00 0x00 0x00 0x00,0x72CA,ACK
0.0760000000,10,Data,0x209,0x8,0x9F 0x27 0x10 0x04 0x90 0x49 0x00 0x00,0x59C2,ACK
0.0762401000,11,Data,0x20A,0x8,0x00 0x00 0x00 0x00 0x00 0x00 0x00 0x00,0x1B53,ACK
0.0764943000,12,Data,0x20B,0x8,0xBC 0x02 0x64 0x00 0x01 0xC8 0x00 0x00,0x021C,ACK
0.0767404000,13,Data,0x20C,0x8,0x00 0xC4 0x2C 0x34 0x1E 0x07 0x00 0x00,0x3E70,ACK
0.0852006000,14,Data,0x310,0x8,0xF1 0x0E 0x78 0x05 0x1A 0x02 0x01 0xC8,0x14DD,ACK
0.0859348000,15,Data,0x311,0x8,0x39 0x1E 0x07 0x3F 0x90 0x01 0x00 0x00,0x66BC,ACK
0.0949248000,16,Data,0x100,0x8,0x00 0x00 0x00 0x40 0x23 0x4F 0x64 0x32,0x4018,ACK
0.1149228000,17,Data,0x100,0x8,0x00 0x00 0x00 0x40 0x23 0x4F 0x64 0x32,0x4018,ACK
0.1349228000,18,Data,0x100,0x8,0x00 0x00 0x00 0x40 0x23 0x4F 0x64 0x32,0x4018,ACK
0.1391948000,19,Data,0x212,0x8,0x52 0x01 0x00 0xC9 0x00 0x00 0x00 0x2A,0x2C4E,ACK
0.1394749000,20,Data,0x211,0x8,0xE4 0x00 0x2A 0x00 0x00 0x00 0x00 0x00,0x0D4D,ACK
0.1397352000,21,Data,0x343,0x8,0x00 0x00 0x00 0x00 0x00 0x00 0x00 0x00,0x33F5,ACK
0.1399934000,22,Data,0x341,0x8,0x00 0x00 0x00 0x00 0x02 0x00 0x00 0x00,0x1833,ACK
0.1402916000,23,Data,0x342,0x8,0x23 0x00 0x64 0x00 0x00 0xC4 0x16 0x34,0x5886,ACK
0.1405519000,24,Data,0x344,0x8,0x00 0x00 0x00 0x03 0x00 0x00 0x00 0x00,0x6F15,ACK
0.1408081000,25,Data,0x401,0x8,0x00 0x00 0x34 0x00 0x05 0x2B 0x00 0x00,0x3E15,ACK
0.1549221000,26,Data,0x100,0x8,0x00 0x00 0x00 0x40 0x23 0x4F 0x64 0x32,0x4018,ACK
0.1749621000,27,Data,0x100,0x8,0x00 0x00 0x00 0x40 0x23 0x4F 0x64 0x32,0x4018,ACK
0.1752064000,28,Data,0x203,0x8,0x03 0x00 0x58 0x00 0x58 0x00 0x00 0x00,0x4AB9,ACK
0.1754546000,29,Data,0x204,0x8,0x00 0x00 0x00 0x00 0x00 0x00 0x00 0x00,0x79D1,ACK
0.1757109000,30,Data,0x205,0x8,0x00 0x00 0x00 0x00 0x00 0x00 0x00 0x00,0x72CA,ACK
0.1759851000,31,Data,0x209,0x8,0x9F 0x27 0x10 0x04 0x90 0x49 0x00 0x00,0x59C2,ACK
0.1762254000,32,Data,0x20A,0x8,0x00 0x00 0x00 0x00 0x00 0x00 0x00 0x00,0x1B53,ACK
0.1764796000,33,Data,0x20B,0x8,0xBC 0x02 0x64 0x00 0x01 0xC8 0x00 0x00,0x021C,ACK
0.1767257000,34,Data,0x20C,0x8,0x00 0xC4 0x2C 0x34 0x1E 0x07 0x00 0x00,0x3E70,ACK
0.1769760000,35,Data,0x301,0x8,0x00 0x00 0x00 0x00 0x00 0x00 0x00 0x00,0x7E55,ACK
0.1772322000,36,Data,0x302,0x2,0x00 0xFF,0x6FC0,ACK
0.1773785000,37,Data,0x485,0x8,0x22 0x00 0x00 0x00 0x0C 0x02 0x48 0x0C,0x1FCE,ACK
0.1776227000,38,Data,0x480,0x8,0x00 0x00 0x05 0x00 0x20 0x00 0x00 0x00,0x4ADA,ACK
0.1778770000,39,Data,0x481,0x8,0x50 0x0A 0x40 0x08 0x00 0x00 0x00 0x00,0x46C7,ACK
0.1781272000,40,Data,0x482,0x8,0x52 0x01 0x02 0x00 0x00 0x00 0x00 0x00,0x36EA,ACK
0.1783755000,41,Data,0x483,0x8,0x31 0x4B 0x31 0x55 0x41 0x32 0x35 0x35,0x717E,ACK
0.1786097000,42,Data,0x484,0x8,0x31 0x50 0x33 0x39 0x36 0x35 0x00 0x00,0x0196,ACK
0.1949217000,43,Data,0x100,0x8,0x00 0x00 0x00 0x40 0x23 0x4F 0x64 0x32,0x4018,ACK
0.2149217000,44,Data,0x100,0x8,0x00 0x00 0x00 0x40 0x23 0x4F 0x64 0x32,0x4018,ACK
0.2349097000,45,Data,0x100,0x8,0x00 0x00 0x00 0x40 0x23 0x4F 0x64 0x32,0x4018,ACK
0.2391977000,46,Data,0x212,0x8,0x52 0x01 0x00 0xC9 0x00 0x00 0x00 0x2A,0x2C4E,ACK
0.2394599000,47,Data,0x211,0x8,0xE4 0x00 0x2A 0x00 0x00 0x00 0x00 0x00,0x0D4D,ACK
0.2397200000,48,Data,0x343,0x8,0x00 0x00 0x00 0x00 0x00 0x00 0x00 0x00,0x33F5,ACK
0.2549218000,49,Data,0x100,0x8,0x00 0x00 0x00 0x40 0x23 0x4F 0x64 0x32,0x4018,ACK
0.2749398000,50,Data,0x100,0x8,0x00 0x00 0x00 0x40 0x23 0x4F 0x64 0x32,0x4018,ACK
0.2751841000,51,Data,0x203,0x8,0x03 0x00 0x58 0x00 0x58 0x00 0x00 0x00,0x4AB9,ACK
0.2754323000,52,Data,0x204,0x8,0x00 0x00 0x00 0x00 0x00 0x00 0x00 0x00,0x79D1,ACK
0.2756886000,53,Data,0x205,0x8,0x00 0x00 0x00 0x00 0x00 0x00 0x00 0x00,0x72CA,ACK
0.2760008000,54,Data,0x209,0x8,0x9F 0x27 0x10 0x04 0x90 0x49 0x00 0x00,0x59C2,ACK
0.2762411000,55,Data,0x20A,0x8,0x00 0x00 0x00 0x00 0x00 0x00 0x00 0x00,0x1B53,ACK
0.2764973000,56,Data,0x20B,0x8,0xBC 0x02 0x64 0x00 0x01 0xC8 0x00 0x00,0x021C,ACK
0.2767416000,57,Data,0x20C,0x8,0x00 0xC4 0x2C 0x34 0x1E 0x07 0x00 0x00,0x3E70,ACK
0.2865458000,58,Data,0x310,0x8,0xF1 0x0E 0x78 0x05 0x1A 0x02 0x01 0xC8,0x14DD,ACK
0.2872720000,59,Data,0x311,0x8,0x39 0x1E 0x07 0x3F 0x90 0x01 0x00 0x00,0x66BC,ACK
0.2949221000,60,Data,0x100,0x8,0x00 0x00 0x00 0x40 0x23 0x4F 0x64 0x32,0x4018,ACK
0.3149201000,61,Data,0x100,0x8,0x00 0x00 0x00 0x40 0x23 0x4F 0x64 0x32,0x4018,ACK
0.3349201000,62,Data,0x100,0x8,0x00 0x00 0x00 0x40 0x23 0x4F 0x64 0x32,0x4018,ACK
0.3391962000,63,Data,0x212,0x8,0x52 0x01 0x00 0xC9 0x00 0x00 0x00 0x2A,0x2C4E,ACK
0.3394584000,64,Data,0x211,0x8,0xE4 0x00 0x2A 0x00 0x00 0x00 0x00 0x00,0x0D4D,ACK
0.3397367000,65,Data,0x343,0x8,0x00 0x00 0x00 0x00 0x00 0x00 0x00 0x00,0x33F5,ACK
0.3399969000,66,Data,0x341,0x8,0x00 0x00 0x00 0x00 0x02 0x00 0x00 0x00,0x1833,ACK
0.3402692000,67,Data,0x342,0x8,0x23 0x00 0x64 0x00 0x00 0xC4 0x16 0x34,0x5886,ACK
0.3405514000,68,Data,0x344,0x8,0x00 0x00 0x00 0x03 0x00 0x00 0x00 0x00,0x6F15,ACK
0.3549213000,69,Data,0x100,0x8,0x00 0x00 0x00 0x40 0x23 0x4F 0x64 0x32,0x4018,ACK
0.3749453000,70,Data,0x100,0x8,0x00 0x00 0x00 0x40 0x23 0x4F 0x64 0x32,0x4018,ACK
0.3751894000,71,Data,0x203,0x8,0x03 0x00 0x58 0x00 0x58 0x00 0x00 0x00,0x4AB9,ACK
0.3754357000,72,Data,0x204,0x8,0x00 0x00 0x00 0x00 0x00 0x00 0x00 0x00,0x79D1,ACK
0.3756939000,73,Data,0x205,0x8,0x00 0x00 0x00 0x00 0x00 0x00 0x00 0x00,0x72CA,ACK
0.3759962000,74,Data,0x209,0x8,0x9F 0x27 0x10 0x04 0x90 0x49 0x00 0x00,0x59C2,ACK
0.3762364000,75,Data,0x20A,0x8,0x00 0x00 0x00 0x00 0x00 0x00 0x00 0x00,0x1B53,ACK
0.3764907000,76,Data,0x20B,0x8,0xBC 0x02 0x64 0x00 0x01 0xC8 0x00 0x00,0x021C,ACK
0.3767349000,77,Data,0x20C,0x8,0x00 0xC4 0x2C 0x34 0x1E 0x07 0x00 0x00,0x3E70,ACK
0.3769832000,78,Data,0x301,0x8,0x00 0x00 0x00 0x00 0x00 0x00 0x00 0x00,0x7E55,ACK
0.3772394000,79,Data,0x302,0x2,0x00 0xFF,0x6FC0,ACK
0.3773857000,80,Data,0x485,0x8,0x22 0x00 0x00 0x00 0x0C 0x02 0x48 0x0C,0x1FCE,ACK
0.3949077000,81,Data,0x100,0x8,0x00 0x00 0x00 0x40 0x23 0x4F 0x64 0x32,0x4018,ACK
0.4061939000,82,Data,0x500,0x8,0x48 0x48 0x49 0xFF 0x48 0x48 0x48 0xFF,0x3C42,ACK
0.4149179000,83,Data,0x100,0x8,0x00 0x00 0x00 0x40 0x23 0x4F 0x64 0x32,0x4018,ACK
0.4349179000,84,Data,0x100,0x8,0x00 0x00 0x00 0x40 0x23 0x4F 0x64 0x32,0x4018,ACK
0.4392100000,85,Data,0x212,0x8,0x52 0x01 0x00 0xC9 0x00 0x00 0x00 0x2A,0x2C4E,ACK
0.4394702000,86,Data,0x211,0x8,0xE4 0x00 0x2A 0x00 0x00 0x00 0x00 0x00,0x0D4D,ACK
0.4397305000,87,Data,0x343,0x8,0x00 0x00 0x00 0x00 0x00 0x00 0x00 0x00,0x33F5,ACK
0.4549164000,88,Data,0x100,0x8,0x00 0x00 0x00 0x40 0x23 0x4F 0x64 0x32,0x4018,ACK
0.4599507000,89,Data,0x424,0x8,0x2E 0x35 0x4D 0x69 0x00 0x00 0x00 0x00,0x25EF,ACK
0.4601890000,90,Data,0x425,0x8,0x01 0x64 0x49 0x58 0x58 0x58 0x01 0xFF,0x04F4,ACK
0.4607152000,91,Data,0x421,0x8,0x38 0x36 0x31 0x34 0xFB 0x04 0x62 0x04,0x00AE,ACK
0.4611234000,92,Data,0x422,0x8,0x00 0x00 0x20 0x00 0x15 0x00 0x02 0x00,0x33F1,ACK
0.4626897000,93,Data,0x420,0x8,0xA8 0x14 0xFA 0xFF 0x70 0x03 0x00 0x00,0x0203,ACK
0.4635900000,94,Data,0x423,0x8,0xBC 0x02 0x64 0x00 0x3C 0x00 0x01 0x00,0x500B,ACK
0.4646522000,95,Data,0x429,0x8,0x20 0x00 0x00 0x00 0x00 0x00 0x00 0x00,0x7AC7,ACK
0.4749381000,96,Data,0x100,0x8,0x00 0x00 0x00 0x40 0x23 0x4F 0x64 0x32,0x4018,ACK
0.4751843000,97,Data,0x203,0x8,0x03 0x00 0x58 0x00 0x58 0x00 0x00 0x00,0x4AB9,ACK
0.4754325000,98,Data,0x204,0x8,0x00 0x00 0x00 0x00 0x00 0x00 0x00 0x00,0x79D1,ACK
0.4756888000,99,Data,0x205,0x8,0x00 0x00 0x00 0x00 0x00 0x00 0x00 0x00,0x72CA,ACK
0.4759950000,100,Data,0x209,0x8,0x9F 0x27 0x10 0x04 0x90 0x49 0x00 0x00,0x59C2,ACK
0.4762353000,101,Data,0x20A,0x8,0x00 0x00 0x00 0x00 0x00 0x00 0x00 0x00,0x1B53,ACK
0.4764915000,102,Data,0x20B,0x8,0xBC 0x02 0x64 0x00 0x01 0xC8 0x00 0x00,0x021C,ACK
0.4767357000,103,Data,0x20C,0x8,0x00 0xC4 0x2C 0x34 0x1E 0x07 0x00 0x00,0x3E70,ACK
0.4856500000,104,Data,0x310,0x8,0xF1 0x0E 0x78 0x05 0x1A 0x02 0x01 0xC8,0x14DD,ACK
0.4884622000,105,Data,0x311,0x8,0x39 0x1E 0x07 0x3F 0x90 0x01 0x00 0x00,0x66BC,ACK
0.4949163000,106,Data,0x100,0x8,0x00 0x00 0x00 0x40 0x23 0x4F 0x64 0x32,0x4018,ACK
0.5149181000,107,Data,0x100,0x8,0x00 0x00 0x00 0x40 0x23 0x4F 0x64 0x32,0x4018,ACK
0.5349181000,108,Data,0x100,0x8,0x00 0x00 0x00 0x40 0x23 0x4F 0x64 0x32,0x4018,ACK
0.5392042000,109,Data,0x212,0x8,0x52 0x01 0x00 0xC9 0x00 0x00 0x00 0x2A,0x2C4E,ACK
0.5394624000,110,Data,0x211,0x8,0xE4 0x00 0x2A 0x00 0x00 0x00 0x00 0x00,0x0D4D,ACK
0.5397207000,111,Data,0x343,0x8,0x00 0x00 0x00 0x00 0x00 0x00 0x00 0x00,0x33F5,ACK
0.5399989000,112,Data,0x341,0x8,0x00 0x00 0x00 0x00 0x02 0x00 0x00 0x00,0x1833,ACK
0.5402552000,113,Data,0x342,0x8,0x23 0x00 0x64 0x00 0x00 0xC4 0x16 0x34,0x5886,ACK
0.5405114000,114,Data,0x344,0x8,0x00 0x00 0x00 0x03 0x00 0x00 0x00 0x00,0x6F15,ACK
0.5549174000,115,Data,0x100,0x8,0x00 0x00 0x00 0x40 0x23 0x4F 0x64 0x32,0x4018,ACK
0.5749434000,116,Data,0x100,0x8,0x00 0x00 0x00 0x40 0x23 0x4F 0x64 0x32,0x4018,ACK
0.5751895000,117,Data,0x203,0x8,0x03 0x00 0x58 0x00 0x58 0x00 0x00 0x00,0x4AB9,ACK
0.5754356000,118,Data,0x204,0x8,0x00 0x00 0x00 0x00 0x00 0x00 0x00 0x00,0x79D1,ACK
0.5756917000,119,Data,0x205,0x8,0x00 0x00 0x00 0x00 0x00 0x00 0x00 0x00,0x72CA,ACK
0.5759938000,120,Data,0x209,0x8,0x9F 0x27 0x10 0x04 0x90 0x49 0x00 0x00,0x59C2,ACK
0.5762340000,121,Data,0x20A,0x8,0x00 0x00 0x00 0x00 0x00 0x00 0x00 0x00,0x1B53,ACK
0.5764881000,122,Data,0x20B,0x8,0xBC 0x02 0x64 0x00 0x01 0xC8 0x00 0x00,0x021C,ACK
0.5767342000,123,Data,0x20C,0x8,0x00 0xC4 0x2C 0x34 0x1E 0x07 0x00 0x00,0x3E70,ACK
0.5769803000,124,Data,0x301,0x8,0x00 0x00 0x00 0x00 0x00 0x00 0x00 0x00,0x7E55,ACK
0.5772385000,125,Data,0x302,0x2,0x00 0xFF,0x6FC0,ACK
0.5773826000,126,Data,0x485,0x8,0x22 0x00 0x00 0x00 0x0C 0x02 0x48 0x0C,0x1FCE,ACK
0.5949165000,127,Data,0x100,0x8,0x00 0x00 0x00 0x40 0x23 0x4F 0x64 0x32,0x4018,ACK
0.6149165000,128,Data,0x100,0x8,0x00 0x00 0x00 0x40 0x23 0x4F 0x64 0x32,0x4018,ACK
0.6349045000,129,Data,0x100,0x8,0x00 0x00 0x00 0x40 0x23 0x4F 0x64 0x32,0x4018,ACK
0.6391685000,130,Data,0x212,0x8,0x52 0x01 0x00 0xC9 0x00 0x00 0x00 0x2A,0x2C4E,ACK
0.6394307000,131,Data,0x211,0x8,0xE4 0x00 0x2A 0x00 0x00 0x00 0x00 0x00,0x0D4D,ACK
0.6396890000,132,Data,0x343,0x8,0x00 0x00 0x00 0x00 0x00 0x00 0x00 0x00,0x33F5,ACK
0.6399492000,133,Data,0x401,0x8,0x00 0x00 0x34 0x00 0x05 0x2B 0x00 0x00,0x3E15,ACK
0.6549152000,134,Data,0x100,0x8,0x00 0x00 0x00 0x40 0x23 0x4F 0x64 0x32,0x4018,ACK
0.6749351000,135,Data,0x100,0x8,0x00 0x00 0x00 0x40 0x23 0x4F 0x64 0x32,0x4018,ACK
0.6751793000,136,Data,0x203,0x8,0x03 0x00 0x58 0x00 0x58 0x00 0x00 0x00,0x4AB9,ACK
0.6754276000,137,Data,0x204,0x8,0x00 0x00 0x00 0x00 0x00 0x00 0x00 0x00,0x79D1,ACK
0.6756838000,138,Data,0x205,0x8,0x00 0x00 0x00 0x00 0x00 0x00 0x00 0x00,0x72CA,ACK
0.6759921000,139,Data,0x209,0x8,0x9F 0x27 0x10 0x04 0x90 0x49 0x00 0x00,0x59C2,ACK
0.6762323000,140,Data,0x20A,0x8,0x00 0x00 0x00 0x00 0x00 0x00 0x00 0x00,0x1B53,ACK
0.6764886000,141,Data,0x20B,0x8,0xBC 0x02 0x64 0x00 0x01 0xC8 0x00 0x00,0x021C,ACK
0.6767328000,142,Data,0x20C,0x8,0x00 0xC4 0x2C 0x34 0x1E 0x07 0x00 0x00,0x3E70,ACK
0.6867449000,143,Data,0x310,0x8,0xF1 0x0E 0x78 0x05 0x1A 0x02 0x01 0xC8,0x14DD,ACK
0.6894872000,144,Data,0x311,0x8,0x39 0x1E 0x07 0x3F 0x90 0x01 0x00 0x00,0x66BC,ACK
0.6949152000,145,Data,0x100,0x8,0x00 0x00 0x00 0x40 0x23 0x4F 0x64 0x32,0x4018,ACK
0.7149152000,146,Data,0x100,0x8,0x00 0x00 0x00 0x40 0x23 0x4F 0x64 0x32,0x4018,ACK
0.7349132000,147,Data,0x100,0x8,0x00 0x00 0x00 0x40 0x23 0x4F 0x64 0x32,0x4018,ACK
0.7392112000,148,Data,0x212,0x8,0x52 0x01 0x00 0xC9 0x00 0x00 0x00 0x2A,0x2C4E,ACK
0.7394713000,149,Data,0x211,0x8,0xE4 0x00 0x2A 0x00 0x00 0x00 0x00 0x00,0x0D4D,ACK
0.7397294000,150,Data,0x343,0x8,0x00 0x00 0x00 0x00 0x00 0x00 0x00 0x00,0x33F5,ACK
0.7399895000,151,Data,0x341,0x8,0x00 0x00 0x00 0x00 0x02 0x00 0x00 0x00,0x1833,ACK
0.7402837000,152,Data,0x342,0x8,0x23 0x00 0x64 0x00 0x00 0xC4 0x16 0x34,0x5886,ACK
0.7405218000,153,Data,0x344,0x8,0x00 0x00 0x00 0x03 0x00 0x00 0x00 0x00,0x6F15,ACK
0.7549157000,154,Data,0x100,0x8,0x00 0x00 0x00 0x40 0x23 0x4F 0x64 0x32,0x4018,ACK
0.7749417000,155,Data,0x100,0x8,0x00 0x00 0x00 0x40 0x23 0x4F 0x64 0x32,0x4018,ACK
0.7751859000,156,Data,0x203,0x8,0x03 0x00 0x58 0x00 0x58 0x00 0x00 0x00,0x4AB9,ACK
0.7754322000,157,Data,0x204,0x8,0x00 0x00 0x00 0x00 0x00 0x00 0x00 0x00,0x79D1,ACK
0.7756904000,158,Data,0x205,0x8,0x00 0x00 0x00 0x00 0x00 0x00 0x00 0x00,0x72CA,ACK
0.7759787000,159,Data,0x209,0x8,0x9F 0x27 0x10 0x04 0x90 0x49 0x00 0x00,0x59C2,ACK
0.7762189000,160,Data,0x20A,0x8,0x00 0x00 0x00 0x00 0x00 0x00 0x00 0x00,0x1B53,ACK
0.7764732000,161,Data,0x20B,0x8,0xBC 0x02 0x64 0x00 0x01 0xC8 0x00 0x00,0x021C,ACK
0.7767174000,162,Data,0x20C,0x8,0x00 0xC4 0x2C 0x34 0x1E 0x07 0x00 0x00,0x3E70,ACK
0.7769656000,163,Data,0x301,0x8,0x00 0x00 0x00 0x00 0x00 0x00 0x00 0x00,0x7E55,ACK
0.7772219000,164,Data,0x302,0x2,0x00 0xFF,0x6FC0,ACK
0.7773681000,165,Data,0x485,0x8,0x22 0x00 0x00 0x00 0x0C 0x02 0x48 0x0C,0x1FCE,ACK
0.7949122000,166,Data,0x100,0x8,0x00 0x00 0x00 0x40 0x23 0x4F 0x64 0x32,0x4018,ACK
0.8149122000,167,Data,0x100,0x8,0x00 0x00 0x00 0x40 0x23 0x4F 0x64 0x32,0x4018,ACK
0.8349141000,168,Data,0x100,0x8,0x00 0x00 0x00 0x40 0x23 0x4F 0x64 0x32,0x4018,ACK
0.8391882000,169,Data,0x212,0x8,0x52 0x01 0x00 0xC9 0x00 0x00 0x00 0x2A,0x2C4E,ACK
0.8394464000,170,Data,0x211,0x8,0xE4 0x00 0x2A 0x00 0x00 0x00 0x00 0x00,0x0D4D,ACK
0.8397086000,171,Data,0x343,0x8,0x00 0x00 0x00 0x00 0x00 0x00 0x00 0x00,0x33F5,ACK
0.8549125000,172,Data,0x100,0x8,0x00 0x00 0x00 0x40 0x23 0x4F 0x64 0x32,0x4018,ACK
0.8749325000,173,Data,0x100,0x8,0x00 0x00 0x00 0x40 0x23 0x4F 0x64 0x32,0x4018,ACK
0.8751788000,174,Data,0x203,0x8,0x03 0x00 0x58 0x00 0x58 0x00 0x00 0x00,0x4AB9,ACK
0.8754270000,175,Data,0x204,0x8,0x00 0x00 0x00 0x00 0x00 0x00 0x00 0x00,0x79D1,ACK
0.8756833000,176,Data,0x205,0x8,0x00 0x00 0x00 0x00 0x00 0x00 0x00 0x00,0x72CA,ACK
0.8759895000,177,Data,0x209,0x8,0x9F 0x27 0x10 0x04 0x90 0x49 0x00 0x00,0x59C2,ACK
0.8762297000,178,Data,0x20A,0x8,0x00 0x00 0x00 0x00 0x00 0x00 0x00 0x00,0x1B53,ACK
0.8764860000,179,Data,0x20B,0x8,0xBC 0x02 0x64 0x00 0x01 0xC8 0x00 0x00,0x021C,ACK
0.8767302000,180,Data,0x20C,0x8,0x00 0xC4 0x2C 0x34 0x1E 0x07 0x00 0x00,0x3E70,ACK
0.8873604000,181,Data,0x310,0x8,0xF1 0x0E 0x78 0x05 0x1A 0x02 0x01 0xC8,0x14DD,ACK
0.8901766000,182,Data,0x311,0x8,0x39 0x1E 0x07 0x3F 0x90 0x01 0x00 0x00,0x66BC,ACK
0.8949128000,183,Data,0x100,0x8,0x00 0x00 0x00 0x40 0x23 0x4F 0x64 0x32,0x4018,ACK
0.9149127000,184,Data,0x100,0x8,0x00 0x00 0x00 0x40 0x23 0x4F 0x64 0x32,0x4018,ACK
0.9349127000,185,Data,0x100,0x8,0x00 0x00 0x00 0x40 0x23 0x4F 0x64 0x32,0x4018,ACK
0.9391748000,186,Data,0x212,0x8,0x52 0x01 0x00 0xC9 0x00 0x00 0x00 0x2A,0x2C4E,ACK
0.9394151000,187,Data,0x211,0x8,0xE4 0x00 0x2A 0x00 0x00 0x00 0x00 0x00,0x0D4D,ACK
0.9396753000,188,Data,0x343,0x8,0x00 0x00 0x00 0x00 0x00 0x00 0x00 0x00,0x33F5,ACK
0.9399316000,189,Data,0x341,0x8,0x00 0x00 0x00 0x00 0x02 0x00 0x00 0x00,0x1833,ACK
0.9402298000,190,Data,0x342,0x8,0x23 0x00 0x64 0x00 0x00 0xC4 0x16 0x34,0x5886,ACK
0.9404860000,191,Data,0x344,0x8,0x00 0x00 0x00 0x03 0x00 0x00 0x00 0x00,0x6F15,ACK
0.9549120000,192,Data,0x100,0x8,0x00 0x00 0x00 0x40 0x23 0x4F 0x64 0x32,0x4018,ACK
0.9614322000,193,Data,0x425,0x8,0x01 0x64 0x49 0x58 0x58 0x58 0x01 0xFF,0x04F4,ACK
0.9619985000,194,Data,0x421,0x8,0x38 0x36 0x31 0x34 0xFB 0x04 0x62 0x04,0x00AE,ACK
0.9623907000,195,Data,0x422,0x8,0x00 0x00 0x20 0x00 0x15 0x00 0x02 0x00,0x33F1,ACK
0.9639750000,196,Data,0x420,0x8,0xA8 0x14 0xF8 0xFF 0x70 0x03 0x00 0x00,0x3E5B,ACK
0.9648732000,197,Data,0x423,0x8,0xBC 0x02 0x64 0x00 0x3C 0x00 0x01 0x00,0x500B,ACK
0.9659375000,198,Data,0x429,0x8,0x20 0x00 0x00 0x00 0x00 0x00 0x00 0x00,0x7AC7,ACK
0.9749395000,199,Data,0x100,0x8,0x00 0x00 0x00 0x40 0x23 0x4F 0x64 0x32,0x4018,ACK
0.9751857000,200,Data,0x203,0x8,0x03 0x00 0x58 0x00 0x58 0x00 0x00 0x00,0x4AB9,ACK
0.9754340000,201,Data,0x204,0x8,0x00 0x00 0x00 0x00 0x00 0x00 0x00 0x00,0x79D1,ACK
0.9756902000,202,Data,0x205,0x8,0x00 0x00 0x00 0x00 0x00 0x00 0x00 0x00,0x72CA,ACK
0.9759865000,203,Data,0x209,0x8,0x9F 0x27 0x10 0x04 0x90 0x49 0x00 0x00,0x59C2,ACK
0.9762267000,204,Data,0x20A,0x8,0x00 0x00 0x00 0x00 0x00 0x00 0x00 0x00,0x1B53,ACK
0.9764810000,205,Data,0x20B,0x8,0xBC 0x02 0x64 0x00 0x01 0xC8 0x00 0x00,0x021C,ACK
0.9767272000,206,Data,0x20C,0x8,0x00 0xC4 0x2C 0x34 0x1E 0x07 0x00 0x00,0x3E70,ACK
0.9769775000,207,Data,0x301,0x8,0x00 0x00 0x00 0x00 0x00 0x00 0x00 0x00,0x7E55,ACK
0.9772337000,208,Data,0x302,0x2,0x00 0xFF,0x6FC0,ACK
0.9773779000,209,Data,0x485,0x8,0x22 0x00 0x00 0x00 0x0C 0x02 0x48 0x0C,0x1FCE,ACK
0.9949120000,210,Data,0x100,0x8,0x00 0x00 0x00 0x40 0x23 0x4F 0x64 0x32,0x4018,ACK
1.0149120000,211,Data,0x100,0x8,0x00 0x00 0x00 0x40 0x23 0x4F 0x64 0x32,0x4018,ACK
1.0349118000,212,Data,0x100,0x8,0x00 0x00 0x00 0x40 0x23 0x4F 0x64 0x32,0x4018,ACK
1.0391919000,213,Data,0x212,0x8,0x52 0x01 0x00 0xC9 0x00 0x00 0x00 0x2A,0x2C4E,ACK
1.0394561000,214,Data,0x211,0x8,0xE4 0x00 0x2A 0x00 0x00 0x00 0x00 0x00,0x0D4D,ACK
1.0397124000,215,Data,0x343,0x8,0x00 0x00 0x00 0x00 0x00 0x00 0x00 0x00,0x33F5,ACK
1.0549103000,216,Data,0x100,0x8,0x00 0x00 0x00 0x40 0x23 0x4F 0x64 0x32,0x4018,ACK
1.0749283000,217,Data,0x100,0x8,0x00 0x00 0x00 0x40 0x23 0x4F 0x64 0x32,0x4018,ACK
1.0751724000,218,Data,0x203,0x8,0x03 0x00 0x58 0x00 0x58 0x00 0x00 0x00,0x4AB9,ACK
1.0754206000,219,Data,0x204,0x8,0x00 0x00 0x00 0x00 0x00 0x00 0x00 0x00,0x79D1,ACK
1.0756767000,220,Data,0x205,0x8,0x00 0x00 0x00 0x00 0x00 0x00 0x00 0x00,0x72CA,ACK
1.0759868000,221,Data,0x209,0x8,0x9F 0x27 0x10 0x04 0x90 0x49 0x00 0x00,0x59C2,ACK
1.0762269000,222,Data,0x20A,0x8,0x00 0x00 0x00 0x00 0x00 0x00 0x00 0x00,0x1B53,ACK
1.0764810000,223,Data,0x20B,0x8,0xBC 0x02 0x64 0x00 0x01 0xC8 0x00 0x00,0x021C,ACK
1.0767272000,224,Data,0x20C,0x8,0x00 0xC4 0x2C 0x34 0x1E 0x07 0x00 0x00,0x3E70,ACK
1.0879673000,225,Data,0x310,0x8,0xF1 0x0E 0x78 0x05 0x1A 0x02 0x01 0xC8,0x14DD,ACK
1.0907156000,226,Data,0x311,0x8,0x39 0x1E 0x07 0x3F 0x90 0x01 0x00 0x00,0x66BC,ACK
1.0949117000,227,Data,0x100,0x8,0x00 0x00 0x00 0x40 0x23 0x4F 0x64 0x32,0x4018,ACK
1.1149097000,228,Data,0x100,0x8,0x00 0x00 0x00 0x40 0x23 0x4F 0x64 0x32,0x4018,ACK
1.1349097000,229,Data,0x100,0x8,0x00 0x00 0x00 0x40 0x23 0x4F 0x64 0x32,0x4018,ACK
1.1391937000,230,Data,0x212,0x8,0x52 0x01 0x00 0xC9 0x00 0x00 0x00 0x2A,0x2C4E,ACK
1.1394519000,231,Data,0x211,0x8,0xE4 0x00 0x2A 0x00 0x00 0x00 0x00 0x00,0x0D4D,ACK
1.1397342000,232,Data,0x343,0x8,0x00 0x00 0x00 0x00 0x00 0x00 0x00 0x00,0x33F5,ACK
1.1399944000,233,Data,0x341,0x8,0x00 0x00 0x00 0x00 0x02 0x00 0x00 0x00,0x1833,ACK
1.1402667000,234,Data,0x342,0x8,0x23 0x00 0x64 0x00 0x00 0xC4 0x16 0x34,0x5886,ACK
1.1405489000,235,Data,0x344,0x8,0x00 0x00 0x00 0x03 0x00 0x00 0x00 0x00,0x6F15,ACK
1.1408072000,236,Data,0x401,0x8,0x00 0x00 0x34 0x00 0x05 0x2B 0x00 0x00,0x3E15,ACK
1.1549112000,237,Data,0x100,0x8,0x00 0x00 0x00 0x40 0x23 0x4F 0x64 0x32,0x4018,ACK
1.1749510000,238,Data,0x100,0x8,0x00 0x00 0x00 0x40 0x23 0x4F 0x64 0x32,0x4018,ACK
1.1751953000,239,Data,0x203,0x8,0x03 0x00 0x58 0x00 0x58 0x00 0x00 0x00,0x4AB9,ACK
1.1754415000,240,Data,0x204,0x8,0x00 0x00 0x00 0x00 0x00 0x00 0x00 0x00,0x79D1,ACK
1.1756978000,241,Data,0x205,0x8,0x00 0x00 0x00 0x00 0x00 0x00 0x00 0x00,0x72CA,ACK
1.1759720000,242,Data,0x209,0x8,0x9F 0x27 0x10 0x04 0x90 0x49 0x00 0x00,0x59C2,ACK
1.1762143000,243,Data,0x20A,0x8,0x00 0x00 0x00 0x00 0x00 0x00 0x00 0x00,0x1B53,ACK
1.1764705000,244,Data,0x20B,0x8,0xBC 0x02 0x64 0x00 0x01 0xC8 0x00 0x00,0x021C,ACK
1.1767148000,245,Data,0x20C,0x8,0x00 0xC4 0x2C 0x34 0x1E 0x07 0x00 0x00,0x3E70,ACK
1.1769630000,246,Data,0x301,0x8,0x00 0x00 0x00 0x00 0x00 0x00 0x00 0x00,0x7E55,ACK
1.1772193000,247,Data,0x302,0x2,0x00 0xFF,0x6FC0,ACK
1.1773655000,248,Data,0x485,0x8,0x22 0x00 0x00 0x00 0x0C 0x02 0x48 0x0C,0x1FCE,ACK
1.1776097000,249,Data,0x480,0x8,0x00 0x00 0x05 0x00 0x20 0x00 0x00 0x00,0x4ADA,ACK
1.1778620000,250,Data,0x481,0x8,0x50 0x0A 0x40 0x08 0x00 0x00 0x00 0x00,0x46C7,ACK
1.1781122000,251,Data,0x482,0x8,0x52 0x01 0x02 0x00 0x00 0x00 0x00 0x00,0x36EA,ACK
1.1783625000,252,Data,0x483,0x8,0x31 0x4B 0x31 0x55 0x41 0x32 0x35 0x35,0x717E,ACK
1.1785967000,253,Data,0x484,0x8,0x31 0x50 0x33 0x39 0x36 0x35 0x00 0x00,0x0196,ACK
1.1949088000,254,Data,0x100,0x8,0x00 0x00 0x00 0x40 0x23 0x4F 0x64 0x32,0x4018,ACK
1.2148968000,255,Data,0x100,0x8,0x00 0x00 0x00 0x40 0x23 0x4F 0x64 0x32,0x4018,ACK
1.2349088000,256,Data,0x100,0x8,0x00 0x00 0x00 0x40 0x23 0x4F 0x64 0x32,0x4018,ACK
1.2391628000,257,Data,0x212,0x8,0x52 0x01 0x00 0xC9 0x00 0x00 0x00 0x2A,0x2C4E,ACK
1.2394209000,258,Data,0x211,0x8,0xE4 0x00 0x2A 0x00 0x00 0x00 0x00 0x00,0x0D4D,ACK
1.2396810000,259,Data,0x343,0x8,0x00 0x00 0x00 0x00 0x00 0x00 0x00 0x00,0x33F5,ACK
1.2549089000,260,Data,0x100,0x8,0x00 0x00 0x00 0x40 0x23 0x4F 0x64 0x32,0x4018,ACK
1.2749269000,261,Data,0x100,0x8,0x00 0x00 0x00 0x40 0x23 0x4F 0x64 0x32,0x4018,ACK
1.2751711000,262,Data,0x203,0x8,0x03 0x00 0x58 0x00 0x58 0x00 0x00 0x00,0x4AB9,ACK
1.2754194000,263,Data,0x204,0x8,0x00 0x00 0x00 0x00 0x00 0x00 0x00 0x00,0x79D1,ACK
1.2756756000,264,Data,0x205,0x8,0x00 0x00 0x00 0x00 0x00 0x00 0x00 0x00,0x72CA,ACK
1.2759839000,265,Data,0x209,0x8,0x9F 0x27 0x10 0x04 0x90 0x49 0x00 0x00,0x59C2,ACK
1.2762241000,266,Data,0x20A,0x8,0x00 0x00 0x00 0x00 0x00 0x00 0x00 0x00,0x1B53,ACK
1.2764804000,267,Data,0x20B,0x8,0xBC 0x02 0x64 0x00 0x01 0xC8 0x00 0x00,0x021C,ACK
1.2767246000,268,Data,0x20C,0x8,0x00 0xC4 0x2C 0x34 0x1E 0x07 0x00 0x00,0x3E70,ACK
1.2886188000,269,Data,0x310,0x8,0xF1 0x0E 0x78 0x05 0x1A 0x02 0x01 0xC8,0x14DD,ACK
1.2913770000,270,Data,0x311,0x8,0x39 0x1E 0x07 0x3F 0x90 0x01 0x00 0x00,0x66BC,ACK
1.2949071000,271,Data,0x100,0x8,0x00 0x00 0x00 0x40 0x23 0x4F 0x64 0x32,0x4018,ACK
1.3149071000,272,Data,0x100,0x8,0x00 0x00 0x00 0x40 0x23 0x4F 0x64 0x32,0x4018,ACK
1.3349071000,273,Data,0x100,0x8,0x00 0x00 0x00 0x40 0x23 0x4F 0x64 0x32,0x4018,ACK
1.3392032000,274,Data,0x212,0x8,0x52 0x01 0x00 0xC9 0x00 0x00 0x00 0x2A,0x2C4E,ACK
1.3394654000,275,Data,0x211,0x8,0xE4 0x00 0x2A 0x00 0x00 0x00 0x00 0x00,0x0D4D,ACK
1.3397457000,276,Data,0x343,0x8,0x00 0x00 0x00 0x00 0x00 0x00 0x00 0x00,0x33F5,ACK
1.3400039000,277,Data,0x341,0x8,0x00 0x00 0x00 0x00 0x02 0x00 0x00 0x00,0x1833,ACK
1.3402822000,278,Data,0x342,0x8,0x23 0x00 0x64 0x00 0x00 0xC4 0x16 0x34,0x5886,ACK
1.3405604000,279,Data,0x344,0x8,0x00 0x00 0x00 0x03 0x00 0x00 0x00 0x00,0x6F15,ACK
1.3549063000,280,Data,0x100,0x8,0x00 0x00 0x00 0x40 0x23 0x4F 0x64 0x32,0x4018,ACK
1.3749343000,281,Data,0x100,0x8,0x00 0x00 0x00 0x40 0x23 0x4F 0x64 0x32,0x4018,ACK
1.3751805000,282,Data,0x203,0x8,0x03 0x00 0x58 0x00 0x58 0x00 0x00 0x00,0x4AB9,ACK
1.3754267000,283,Data,0x204,0x8,0x00 0x00 0x00 0x00 0x00 0x00 0x00 0x00,0x79D1,ACK
1.3756850000,284,Data,0x205,0x8,0x00 0x00 0x00 0x00 0x00 0x00 0x00 0x00,0x72CA,ACK
1.3759852000,285,Data,0x209,0x8,0x9F 0x27 0x10 0x04 0x90 0x49 0x00 0x00,0x59C2,ACK
1.3762274000,286,Data,0x20A,0x8,0x00 0x00 0x00 0x00 0x00 0x00 0x00 0x00,0x1B53,ACK
1.3764817000,287,Data,0x20B,0x8,0xBC 0x02 0x64 0x00 0x01 0xC8 0x00 0x00,0x021C,ACK
1.3767259000,288,Data,0x20C,0x8,0x00 0xC4 0x2C 0x34 0x1E 0x07 0x00 0x00,0x3E70,ACK
1.3769742000,289,Data,0x301,0x8,0x00 0x00 0x00 0x00 0x00 0x00 0x00 0x00,0x7E55,ACK
1.3772304000,290,Data,0x302,0x2,0x00 0xFF,0x6FC0,ACK
1.3773767000,291,Data,0x485,0x8,0x22 0x00 0x00 0x00 0x0C 0x02 0x48 0x0C,0x1FCE,ACK
1.3949047000,292,Data,0x100,0x8,0x00 0x00 0x00 0x40 0x23 0x4F 0x64 0x32,0x4018,ACK
1.4149067000,293,Data,0x100,0x8,0x00 0x00 0x00 0x40 0x23 0x4F 0x64 0x32,0x4018,ACK
1.4349067000,294,Data,0x100,0x8,0x00 0x00 0x00 0x40 0x23 0x4F 0x64 0x32,0x4018,ACK
1.4391728000,295,Data,0x212,0x8,0x52 0x01 0x00 0xC9 0x00 0x00 0x00 0x2A,0x2C4E,ACK
1.4394350000,296,Data,0x211,0x8,0xE4 0x00 0x2A 0x00 0x00 0x00 0x00 0x00,0x0D4D,ACK
1.4396913000,297,Data,0x343,0x8,0x00 0x00 0x00 0x00 0x00 0x00 0x00 0x00,0x33F5,ACK
1.4549052000,298,Data,0x100,0x8,0x00 0x00 0x00 0x40 0x23 0x4F 0x64 0x32,0x4018,ACK
1.4640975000,299,Data,0x422,0x8,0x00 0x00 0x20 0x00 0x15 0x00 0x02 0x00,0x33F1,ACK
1.4648417000,300,Data,0x501,0x8,0xB4 0xC1 0x83 0x58 0x51 0xE5 0xB2 0x6B,0x057E,ACK
1.4650720000,301,Data,0x502,0x8,0x32 0xAC 0x86 0x0E 0x1A 0xB9 0x00 0x00,0x0E93,ACK
1.4653062000,302,Data,0x424,0x8,0x2F 0x35 0x4D 0x69 0x00 0x00 0x00 0x00,0x72DF,ACK
1.4655465000,303,Data,0x425,0x8,0x01 0x64 0x49 0x58 0x58 0x58 0x01 0xFF,0x04F4,ACK
1.4657827000,304,Data,0x429,0x8,0x20 0x00 0x00 0x00 0x00 0x00 0x00 0x00,0x7AC7,ACK
1.4660310000,305,Data,0x420,0x8,0xA8 0x14 0xFA 0xFF 0x70 0x03 0x00 0x00,0x0203,ACK
1.4662752000,306,Data,0x421,0x8,0x38 0x36 0x31 0x34 0xFB 0x04 0x62 0x04,0x00AE,ACK
1.4668955000,307,Data,0x423,0x8,0xBC 0x02 0x64 0x00 0x3C 0x00 0x01 0x00,0x500B,ACK
1.4749236000,308,Data,0x100,0x8,0x00 0x00 0x00 0x40 0x23 0x4F 0x64 0x32,0x4018,ACK
1.4751678000,309,Data,0x203,0x8,0x03 0x00 0x58 0x00 0x58 0x00 0x00 0x00,0x4AB9,ACK
1.4754141000,310,Data,0x204,0x8,0x00 0x00 0x00 0x00 0x00 0x00 0x00 0x00,0x79D1,ACK
1.4756703000,311,Data,0x205,0x8,0x00 0x00 0x00 0x00 0x00 0x00 0x00 0x00,0x72CA,ACK
1.4759865000,312,Data,0x209,0x8,0x9F 0x27 0x10 0x04 0x90 0x49 0x00 0x00,0x59C2,ACK
1.4762268000,313,Data,0x20A,0x8,0x00 0x00 0x00 0x00 0x00 0x00 0x00 0x00,0x1B53,ACK
1.4764810000,314,Data,0x20B,0x8,0xBC 0x02 0x64 0x00 0x01 0xC8 0x00 0x00,0x021C,ACK
1.4767253000,315,Data,0x20C,0x8,0x00 0xC4 0x2C 0x34 0x1E 0x07 0x00 0x00,0x3E70,ACK
1.4889075000,316,Data,0x310,0x8,0xF1 0x0E 0x78 0x05 0x1A 0x02 0x01 0xC8,0x14DD,ACK
1.4916558000,317,Data,0x311,0x8,0x39 0x1E 0x07 0x3F 0x90 0x01 0x00 0x00,0x66BC,ACK
1.4949038000,318,Data,0x100,0x8,0x00 0x00 0x00 0x40 0x23 0x4F 0x64 0x32,0x4018,ACK
1.5149038000,319,Data,0x100,0x8,0x00 0x00 0x00 0x40 0x23 0x4F 0x64 0x32,0x4018,ACK
1.5349038000,320,Data,0x100,0x8,0x00 0x00 0x00 0x40 0x23 0x4F 0x64 0x32,0x4018,ACK
1.5392038000,321,Data,0x212,0x8,0x52 0x01 0x00 0xC9 0x00 0x00 0x00 0x2A,0x2C4E,ACK
1.5394621000,322,Data,0x211,0x8,0xE4 0x00 0x2A 0x00 0x00 0x00 0x00 0x00,0x0D4D,ACK
1.5397223000,323,Data,0x343,0x8,0x00 0x00 0x00 0x00 0x00 0x00 0x00 0x00,0x33F5,ACK
1.5399826000,324,Data,0x341,0x8,0x00 0x00 0x00 0x00 0x02 0x00 0x00 0x00,0x1833,ACK
1.5402788000,325,Data,0x342,0x8,0x23 0x00 0x64 0x00 0x00 0xC4 0x16 0x34,0x5886,ACK
1.5405391000,326,Data,0x344,0x8,0x00 0x00 0x00 0x03 0x00 0x00 0x00 0x00,0x6F15,ACK
1.5549050000,327,Data,0x100,0x8,0x00 0x00 0x00 0x40 0x23 0x4F 0x64 0x32,0x4018,ACK
1.5749310000,328,Data,0x100,0x8,0x00 0x00 0x00 0x40 0x23 0x4F 0x64 0x32,0x4018,ACK
1.5751751000,329,Data,0x203,0x8,0x03 0x00 0x58 0x00 0x58 0x00 0x00 0x00,0x4AB9,ACK
1.5754213000,330,Data,0x204,0x8,0x00 0x00 0x00 0x00 0x00 0x00 0x00 0x00,0x79D1,ACK
1.5756774000,331,Data,0x205,0x8,0x00 0x00 0x00 0x00 0x00 0x00 0x00 0x00,0x72CA,ACK
1.5759795000,332,Data,0x209,0x8,0x9F 0x27 0x10 0x04 0x90 0x49 0x00 0x00,0x59C2,ACK
1.5762196000,333,Data,0x20A,0x8,0x00 0x00 0x00 0x00 0x00 0x00 0x00 0x00,0x1B53,ACK
1.5764738000,334,Data,0x20B,0x8,0xBC 0x02 0x64 0x00 0x01 0xC8 0x00 0x00,0x021C,ACK
1.5767199000,335,Data,0x20C,0x8,0x00 0xC4 0x2C 0x34 0x1E 0x07 0x00 0x00,0x3E70,ACK
1.5769680000,336,Data,0x301,0x8,0x00 0x00 0x00 0x00 0x00 0x00 0x00 0x00,0x7E55,ACK
1.5772242000,337,Data,0x302,0x2,0x00 0xFF,0x6FC0,ACK
1.5773685000,338,Data,0x485,0x8,0x22 0x00 0x00 0x00 0x0C 0x02 0x48 0x0C,0x1FCE,ACK
1.5949045000,339,Data,0x100,0x8,0x00 0x00 0x00 0x40 0x23 0x4F 0x64 0x32,0x4018,ACK
1.6149025000,340,Data,0x100,0x8,0x00 0x00 0x00 0x40 0x23 0x4F 0x64 0x32,0x4018,ACK
1.6349025000,341,Data,0x100,0x8,0x00 0x00 0x00 0x40 0x23 0x4F 0x64 0x32,0x4018,ACK
1.6391845000,342,Data,0x212,0x8,0x52 0x01 0x00 0xC9 0x00 0x00 0x00 0x2A,0x2C4E,ACK
1.6394428000,343,Data,0x211,0x8,0xE4 0x00 0x2A 0x00 0x00 0x00 0x00 0x00,0x0D4D,ACK
1.6397050000,344,Data,0x343,0x8,0x00 0x00 0x00 0x00 0x00 0x00 0x00 0x00,0x33F5,ACK
1.6399613000,345,Data,0x401,0x8,0x00 0x00 0x34 0x00 0x05 0x2B 0x00 0x00,0x3E15,ACK
1.6549032000,346,Data,0x100,0x8,0x00 0x00 0x00 0x40 0x23 0x4F 0x64 0x32,0x4018,ACK
1.6749211000,347,Data,0x100,0x8,0x00 0x00 0x00 0x40 0x23 0x4F 0x64 0x32,0x4018,ACK
1.6751674000,348,Data,0x203,0x8,0x03 0x00 0x58 0x00 0x58 0x00 0x00 0x00,0x4AB9,ACK
1.6754156000,349,Data,0x204,0x8,0x00 0x00 0x00 0x00 0x00 0x00 0x00 0x00,0x79D1,ACK
1.6756719000,350,Data,0x205,0x8,0x00 0x00 0x00 0x00 0x00 0x00 0x00 0x00,0x72CA,ACK
1.6759801000,351,Data,0x209,0x8,0x9F 0x27 0x10 0x04 0x90 0x49 0x00 0x00,0x59C2,ACK
1.6762203000,352,Data,0x20A,0x8,0x00 0x00 0x00 0x00 0x00 0x00 0x00 0x00,0x1B53,ACK
1.6764766000,353,Data,0x20B,0x8,0xBC 0x02 0x64 0x00 0x01 0xC8 0x00 0x00,0x021C,ACK
1.6767208000,354,Data,0x20C,0x8,0x00 0xC4 0x2C 0x34 0x1E 0x07 0x00 0x00,0x3E70,ACK
1.6902870000,355,Data,0x310,0x8,0xF1 0x0E 0x78 0x05 0x1A 0x02 0x01 0xC8,0x14DD,ACK
1.6930532000,356,Data,0x311,0x8,0x39 0x1E 0x07 0x3F 0x90 0x01 0x00 0x00,0x66BC,ACK
1.6949014000,357,Data,0x100,0x8,0x00 0x00 0x00 0x40 0x23 0x4F 0x64 0x32,0x4018,ACK
1.7149013000,358,Data,0x100,0x8,0x00 0x00 0x00 0x40 0x23 0x4F 0x64 0x32,0x4018,ACK
1.7349013000,359,Data,0x100,0x8,0x00 0x00 0x00 0x40 0x23 0x4F 0x64 0x32,0x4018,ACK
1.7391713000,360,Data,0x212,0x8,0x52 0x01 0x00 0xC9 0x00 0x00 0x00 0x2A,0x2C4E,ACK
1.7394335000,361,Data,0x211,0x8,0xE4 0x00 0x2A 0x00 0x00 0x00 0x00 0x00,0x0D4D,ACK
1.7396896000,362,Data,0x343,0x8,0x00 0x00 0x00 0x00 0x00 0x00 0x00 0x00,0x33F5,ACK
1.7399717000,363,Data,0x341,0x8,0x00 0x00 0x00 0x00 0x02 0x00 0x00 0x00,0x1833,ACK
1.7402498000,364,Data,0x342,0x8,0x23 0x00 0x64 0x00 0x00 0xC4 0x16 0x34,0x5886,ACK
1.7405279000,365,Data,0x344,0x8,0x00 0x00 0x00 0x03 0x00 0x00 0x00 0x00,0x6F15,ACK
1.7549038000,366,Data,0x100,0x8,0x00 0x00 0x00 0x40 0x23 0x4F 0x64 0x32,0x4018,ACK
1.7749298000,367,Data,0x100,0x8,0x00 0x00 0x00 0x40 0x23 0x4F 0x64 0x32,0x4018,ACK
1.7751741000,368,Data,0x203,0x8,0x03 0x00 0x58 0x00 0x58 0x00 0x00 0x00,0x4AB9,ACK
1.7754203000,369,Data,0x204,0x8,0x00 0x00 0x00 0x00 0x00 0x00 0x00 0x00,0x79D1,ACK
1.7756766000,370,Data,0x205,0x8,0x00 0x00 0x00 0x00 0x00 0x00 0x00 0x00,0x72CA,ACK
1.7759648000,371,Data,0x209,0x8,0x9F 0x27 0x10 0x04 0x90 0x49 0x00 0x00,0x59C2,ACK
1.7762051000,372,Data,0x20A,0x8,0x00 0x00 0x00 0x00 0x00 0x00 0x00 0x00,0x1B53,ACK
1.7764593000,373,Data,0x20B,0x8,0xBC 0x02 0x64 0x00 0x01 0xC8 0x00 0x00,0x021C,ACK
1.7767056000,374,Data,0x20C,0x8,0x00 0xC4 0x2C 0x34 0x1E 0x07 0x00 0x00,0x3E70,ACK
1.7769558000,375,Data,0x301,0x8,0x00 0x00 0x00 0x00 0x00 0x00 0x00 0x00,0x7E55,ACK
1.7772120000,376,Data,0x302,0x2,0x00 0xFF,0x6FC0,ACK
1.7773563000,377,Data,0x485,0x8,0x22 0x00 0x00 0x00 0x0C 0x02 0x48 0x0C,0x1FCE,ACK
1.7949003000,378,Data,0x100,0x8,0x00 0x00 0x00 0x40 0x23 0x4F 0x64 0x32,0x4018,ACK
1.8149003000,379,Data,0x100,0x8,0x00 0x00 0x00 0x40 0x23 0x4F 0x64 0x32,0x4018,ACK
1.8349023000,380,Data,0x100,0x8,0x00 0x00 0x00 0x40 0x23 0x4F 0x64 0x32,0x4018,ACK
1.8391464000,381,Data,0x212,0x8,0x52 0x01 0x00 0xC9 0x00 0x00 0x00 0x2A,0x2C4E,ACK
1.8394106000,382,Data,0x211,0x8,0xE4 0x00 0x2A 0x00 0x00 0x00 0x00 0x00,0x0D4D,ACK
1.8396889000,383,Data,0x343,0x8,0x00 0x00 0x00 0x00 0x00 0x00 0x00 0x00,0x33F5,ACK
1.8549008000,384,Data,0x100,0x8,0x00 0x00 0x00 0x40 0x23 0x4F 0x64 0x32,0x4018,ACK
1.8749208000,385,Data,0x100,0x8,0x00 0x00 0x00 0x40 0x23 0x4F 0x64 0x32,0x4018,ACK
1.8751650000,386,Data,0x203,0x8,0x03 0x00 0x58 0x00 0x58 0x00 0x00 0x00,0x4AB9,ACK
1.8754113000,387,Data,0x204,0x8,0x00 0x00 0x00 0x00 0x00 0x00 0x00 0x00,0x79D1,ACK
1.8756675000,388,Data,0x205,0x8,0x00 0x00 0x00 0x00 0x00 0x00 0x00 0x00,0x72CA,ACK
1.8759758000,389,Data,0x209,0x8,0x9F 0x27 0x10 0x04 0x90 0x49 0x00 0x00,0x59C2,ACK
1.8762160000,390,Data,0x20A,0x8,0x00 0x00 0x00 0x00 0x00 0x00 0x00 0x00,0x1B53,ACK
1.8764703000,391,Data,0x20B,0x8,0xBC 0x02 0x64 0x00 0x01 0xC8 0x00 0x00,0x021C,ACK
1.8767145000,392,Data,0x20C,0x8,0x00 0xC4 0x2C 0x34 0x1E 0x07 0x00 0x00,0x3E70,ACK
1.8911967000,393,Data,0x310,0x8,0xF1 0x0E 0x78 0x05 0x1A 0x02 0x01 0xC8,0x14DD,ACK
1.8939629000,394,Data,0x311,0x8,0x39 0x1E 0x07 0x3F 0x90 0x01 0x00 0x00,0x66BC,ACK
1.8949010000,395,Data,0x100,0x8,0x00 0x00 0x00 0x40 0x23 0x4F 0x64 0x32,0x4018,ACK
1.9148990000,396,Data,0x100,0x8,0x00 0x00 0x00 0x40 0x23 0x4F 0x64 0x32,0x4018,ACK
1.9349010000,397,Data,0x100,0x8,0x00 0x00 0x00 0x40 0x23 0x4F 0x64 0x32,0x4018,ACK
1.9391811000,398,Data,0x212,0x8,0x52 0x01 0x00 0xC9 0x00 0x00 0x00 0x2A,0x2C4E,ACK
1.9394393000,399,Data,0x211,0x8,0xE4 0x00 0x2A 0x00 0x00 0x00 0x00 0x00,0x0D4D,ACK
1.9396996000,400,Data,0x343,0x8,0x00 0x00 0x00 0x00 0x00 0x00 0x00 0x00,0x33F5,ACK
1.9399558000,401,Data,0x341,0x8,0x00 0x00 0x00 0x00 0x02 0x00 0x00 0x00,0x1833,ACK
1.9402321000,402,Data,0x342,0x8,0x23 0x00 0x64 0x00 0x00 0xC4 0x16 0x34,0x5886,ACK
1.9404943000,403,Data,0x344,0x8,0x00 0x00 0x00 0x03 0x00 0x00 0x00 0x00,0x6F15,ACK
1.9548983000,404,Data,0x100,0x8,0x00 0x00 0x00 0x40 0x23 0x4F 0x64 0x32,0x4018,ACK
1.9644165000,405,Data,0x422,0x8,0x00 0x00 0x20 0x00 0x15 0x00 0x02 0x00,0x33F1,ACK
1.9656507000,406,Data,0x425,0x8,0x01 0x64 0x49 0x58 0x58 0x58 0x01 0xFF,0x04F4,ACK
1.9658870000,407,Data,0x429,0x8,0x20 0x00 0x00 0x00 0x00 0x00 0x00 0x00,0x7AC7,ACK
1.9661353000,408,Data,0x420,0x8,0xA8 0x14 0xFA 0xFF 0x70 0x03 0x00 0x00,0x0203,ACK
1.9663795000,409,Data,0x421,0x8,0x38 0x36 0x31 0x34 0xFB 0x04 0x62 0x04,0x00AE,ACK
1.9670417000,410,Data,0x423,0x8,0xBC 0x02 0x64 0x00 0x3C 0x00 0x01 0x00,0x500B,ACK
1.9749278000,411,Data,0x100,0x8,0x00 0x00 0x00 0x40 0x23 0x4F 0x64 0x32,0x4018,ACK
1.9751740000,412,Data,0x203,0x8,0x03 0x00 0x58 0x00 0x58 0x00 0x00 0x00,0x4AB9,ACK
1.9754203000,413,Data,0x204,0x8,0x00 0x00 0x00 0x00 0x00 0x00 0x00 0x00,0x79D1,ACK
1.9756765000,414,Data,0x205,0x8,0x00 0x00 0x00 0x00 0x00 0x00 0x00 0x00,0x72CA,ACK
1.9759747000,415,Data,0x209,0x8,0x9F 0x27 0x10 0x04 0x90 0x49 0x00 0x00,0x59C2,ACK
1.9762150000,416,Data,0x20A,0x8,0x00 0x00 0x00 0x00 0x00 0x00 0x00 0x00,0x1B53,ACK
1.9764712000,417,Data,0x20B,0x8,0xBC 0x02 0x64 0x00 0x01 0xC8 0x00 0x00,0x021C,ACK
1.9767155000,418,Data,0x20C,0x8,0x00 0xC4 0x2C 0x34 0x1E 0x07 0x00 0x00,0x3E70,ACK
1.9769637000,419,Data,0x301,0x8,0x00 0x00 0x00 0x00 0x00 0x00 0x00 0x00,0x7E55,ACK
1.9772200000,420,Data,0x302,0x2,0x00 0xFF,0x6FC0,ACK
1.9773642000,421,Data,0x485,0x8,0x22 0x00 0x00 0x00 0x0C 0x02 0x48 0x0C,0x1FCE,ACK
1.9948982000,422,Data,0x100,0x8,0x00 0x00 0x00 0x40 0x23 0x4F 0x64 0x32,0x4018,ACK
2.0148982000,423,Data,0x100,0x8,0x00 0x00 0x00 0x40 0x23 0x4F 0x64 0x32,0x4018,ACK
2.0348861000,424,Data,0x100,0x8,0x00 0x00 0x00 0x40 0x23 0x4F 0x64 0x32,0x4018,ACK
2.0391601000,425,Data,0x212,0x8,0x52 0x01 0x00 0xC9 0x00 0x00 0x00 0x2A,0x2C4E,ACK
2.0394204000,426,Data,0x211,0x8,0xE4 0x00 0x2A 0x00 0x00 0x00 0x00 0x00,0x0D4D,ACK
2.0396806000,427,Data,0x343,0x8,0x00 0x00 0x00 0x00 0x00 0x00 0x00 0x00,0x33F5,ACK
2.0548986000,428,Data,0x100,0x8,0x00 0x00 0x00 0x40 0x23 0x4F 0x64 0x32,0x4018,ACK
2.0749166000,429,Data,0x100,0x8,0x00 0x00 0x00 0x40 0x23 0x4F 0x64 0x32,0x4018,ACK
2.0751627000,430,Data,0x203,0x8,0x03 0x00 0x58 0x00 0x58 0x00 0x00 0x00,0x4AB9,ACK
2.0754110000,431,Data,0x204,0x8,0x00 0x00 0x00 0x00 0x00 0x00 0x00 0x00,0x79D1,ACK
2.0756672000,432,Data,0x205,0x8,0x00 0x00 0x00 0x00 0x00 0x00 0x00 0x00,0x72CA,ACK
2.0759755000,433,Data,0x209,0x8,0x9F 0x27 0x10 0x04 0x90 0x49 0x00 0x00,0x59C2,ACK
2.0762157000,434,Data,0x20A,0x8,0x00 0x00 0x00 0x00 0x00 0x00 0x00 0x00,0x1B53,ACK
2.0764720000,435,Data,0x20B,0x8,0xBC 0x02 0x64 0x00 0x01 0xC8 0x00 0x00,0x021C,ACK
2.0767162000,436,Data,0x20C,0x8,0x00 0xC4 0x2C 0x34 0x1E 0x07 0x00 0x00,0x3E70,ACK
2.0906744000,437,Data,0x310,0x8,0xF1 0x0E 0x78 0x05 0x1A 0x02 0x01 0xC8,0x14DD,ACK
2.0948865000,438,Data,0x100,0x8,0x00 0x00 0x00 0x40 0x23 0x4F 0x64 0x32,0x4018,ACK
2.0954686000,439,Data,0x311,0x8,0x39 0x1E 0x07 0x3F 0x90 0x01 0x00 0x00,0x66BC,ACK
2.1148965000,440,Data,0x100,0x8,0x00 0x00 0x00 0x40 0x23 0x4F 0x64 0x32,0x4018,ACK
2.1348965000,441,Data,0x100,0x8,0x00 0x00 0x00 0x40 0x23 0x4F 0x64 0x32,0x4018,ACK
2.1391465000,442,Data,0x212,0x8,0x52 0x01 0x00 0xC9 0x00 0x00 0x00 0x2A,0x2C4E,ACK
2.1393887000,443,Data,0x211,0x8,0xE4 0x00 0x2A 0x00 0x00 0x00 0x00 0x00,0x0D4D,ACK
2.1396450000,444,Data,0x343,0x8,0x00 0x00 0x00 0x00 0x00 0x00 0x00 0x00,0x33F5,ACK
2.1399052000,445,Data,0x341,0x8,0x00 0x00 0x00 0x00 0x02 0x00 0x00 0x00,0x1833,ACK
2.1401995000,446,Data,0x342,0x8,0x23 0x00 0x64 0x00 0x00 0xC4 0x16 0x34,0x5886,ACK
2.1404377000,447,Data,0x344,0x8,0x00 0x00 0x00 0x03 0x00 0x00 0x00 0x00,0x6F15,ACK
2.1406980000,448,Data,0x401,0x8,0x00 0x00 0x34 0x00 0x05 0x2B 0x00 0x00,0x3E15,ACK
2.1548979000,449,Data,0x100,0x8,0x00 0x00 0x00 0x40 0x23 0x4F 0x64 0x32,0x4018,ACK
2.1749358000,450,Data,0x100,0x8,0x00 0x00 0x00 0x40 0x23 0x4F 0x64 0x32,0x4018,ACK
2.1751801000,451,Data,0x203,0x8,0x03 0x00 0x58 0x00 0x58 0x00 0x00 0x00,0x4AB9,ACK
2.1754263000,452,Data,0x204,0x8,0x00 0x00 0x00 0x00 0x00 0x00 0x00 0x00,0x79D1,ACK
2.1756826000,453,Data,0x205,0x8,0x00 0x00 0x00 0x00 0x00 0x00 0x00 0x00,0x72CA,ACK
2.1759728000,454,Data,0x209,0x8,0x9F 0x27 0x10 0x04 0x90 0x49 0x00 0x00,0x59C2,ACK
2.1762130000,455,Data,0x20A,0x8,0x00 0x00 0x00 0x00 0x00 0x00 0x00 0x00,0x1B53,ACK
2.1764673000,456,Data,0x20B,0x8,0xBC 0x02 0x64 0x00 0x01 0xC8 0x00 0x00,0x021C,ACK
2.1767115000,457,Data,0x20C,0x8,0x00 0xC4 0x2C 0x34 0x1E 0x07 0x00 0x00,0x3E70,ACK
2.1769598000,458,Data,0x301,0x8,0x00 0x00 0x00 0x00 0x00 0x00 0x00 0x00,0x7E55,ACK
2.1772160000,459,Data,0x302,0x2,0x00 0xFF,0x6FC0,ACK
2.1773603000,460,Data,0x485,0x8,0x22 0x00 0x00 0x00 0x0C 0x02 0x48 0x0C,0x1FCE,ACK
2.1776045000,461,Data,0x480,0x8,0x00 0x00 0x05 0x00 0x20 0x00 0x00 0x00,0x4ADA,ACK
2.1778568000,462,Data,0x481,0x8,0x50 0x0A 0x40 0x08 0x00 0x00 0x00 0x00,0x46C7,ACK
2.1781070000,463,Data,0x482,0x8,0x52 0x01 0x02 0x00 0x00 0x00 0x00 0x00,0x36EA,ACK
2.1783553000,464,Data,0x483,0x8,0x31 0x4B 0x31 0x55 0x41 0x32 0x35 0x35,0x717E,ACK
2.1785895000,465,Data,0x484,0x8,0x31 0x50 0x33 0x39 0x36 0x35 0x00 0x00,0x0196,ACK
2.1948956000,466,Data,0x100,0x8,0x00 0x00 0x00 0x40 0x23 0x4F 0x64 0x32,0x4018,ACK
2.2148975000,467,Data,0x100,0x8,0x00 0x00 0x00 0x40 0x23 0x4F 0x64 0x32,0x4018,ACK
2.2348955000,468,Data,0x100,0x8,0x00 0x00 0x00 0x40 0x23 0x4F 0x64 0x32,0x4018,ACK
2.2391755000,469,Data,0x212,0x8,0x52 0x01 0x00 0xC9 0x00 0x00 0x00 0x2A,0x2C4E,ACK
2.2394337000,470,Data,0x211,0x8,0xE4 0x00 0x2A 0x00 0x00 0x00 0x00 0x00,0x0D4D,ACK
2.2396958000,471,Data,0x343,0x8,0x00 0x00 0x00 0x00 0x00 0x00 0x00 0x00,0x33F5,ACK
2.2548957000,472,Data,0x100,0x8,0x00 0x00 0x00 0x40 0x23 0x4F 0x64 0x32,0x4018,ACK
2.2749137000,473,Data,0x100,0x8,0x00 0x00 0x00 0x40 0x23 0x4F 0x64 0x32,0x4018,ACK
2.2751579000,474,Data,0x203,0x8,0x03 0x00 0x58 0x00 0x58 0x00 0x00 0x00,0x4AB9,ACK
2.2754041000,475,Data,0x204,0x8,0x00 0x00 0x00 0x00 0x00 0x00 0x00 0x00,0x79D1,ACK
2.2756604000,476,Data,0x205,0x8,0x00 0x00 0x00 0x00 0x00 0x00 0x00 0x00,0x72CA,ACK
2.2759726000,477,Data,0x209,0x8,0x9F 0x27 0x10 0x04 0x90 0x49 0x00 0x00,0x59C2,ACK
2.2762149000,478,Data,0x20A,0x8,0x00 0x00 0x00 0x00 0x00 0x00 0x00 0x00,0x1B53,ACK
2.2764691000,479,Data,0x20B,0x8,0xBC 0x02 0x64 0x00 0x01 0xC8 0x00 0x00,0x021C,ACK
2.2767134000,480,Data,0x20C,0x8,0x00 0xC4 0x2C 0x34 0x1E 0x07 0x00 0x00,0x3E70,ACK
2.2920216000,481,Data,0x310,0x8,0xF1 0x0E 0x78 0x05 0x1A 0x02 0x01 0xC8,0x14DD,ACK
2.2947878000,482,Data,0x311,0x8,0x39 0x1E 0x07 0x3F 0x90 0x01 0x00 0x00,0x66BC,ACK
2.2950260000,483,Data,0x100,0x8,0x00 0x00 0x00 0x40 0x23 0x4F 0x64 0x32,0x4018,ACK
2.3148959000,484,Data,0x100,0x8,0x00 0x00 0x00 0x40 0x23 0x4F 0x64 0x32,0x4018,ACK
2.3348939000,485,Data,0x100,0x8,0x00 0x00 0x00 0x40 0x23 0x4F 0x64 0x32,0x4018,ACK
2.3391620000,486,Data,0x212,0x8,0x52 0x01 0x00 0xC9 0x00 0x00 0x00 0x2A,0x2C4E,ACK
2.3394202000,487,Data,0x211,0x8,0xE4 0x00 0x2A 0x00 0x00 0x00 0x00 0x00,0x0D4D,ACK
2.3397025000,488,Data,0x343,0x8,0x00 0x00 0x00 0x00 0x00 0x00 0x00 0x00,0x33F5,ACK
2.3399607000,489,Data,0x341,0x8,0x00 0x00 0x00 0x00 0x02 0x00 0x00 0x00,0x1833,ACK
2.3402350000,490,Data,0x342,0x8,0x23 0x00 0x64 0x00 0x00 0xC4 0x16 0x34,0x5886,ACK
2.3405192000,491,Data,0x344,0x8,0x00 0x00 0x00 0x03 0x00 0x00 0x00 0x00,0x6F15,ACK
2.3548931000,492,Data,0x100,0x8,0x00 0x00 0x00 0x40 0x23 0x4F 0x64 0x32,0x4018,ACK
2.3749211000,493,Data,0x100,0x8,0x00 0x00 0x00 0x40 0x23 0x4F 0x64 0x32,0x4018,ACK
2.3751674000,494,Data,0x203,0x8,0x03 0x00 0x58 0x00 0x58 0x00 0x00 0x00,0x4AB9,ACK
2.3754135000,495,Data,0x204,0x8,0x00 0x00 0x00 0x00 0x00 0x00 0x00 0x00,0x79D1,ACK
2.3756697000,496,Data,0x205,0x8,0x00 0x00 0x00 0x00 0x00 0x00 0x00 0x00,0x72CA,ACK
2.3759700000,497,Data,0x209,0x8,0x9F 0x27 0x10 0x04 0x90 0x49 0x00 0x00,0x59C2,ACK
2.3762122000,498,Data,0x20A,0x8,0x00 0x00 0x00 0x00 0x00 0x00 0x00 0x00,0x1B53,ACK
2.3764665000,499,Data,0x20B,0x8,0xBC 0x02 0x64 0x00 0x01 0xC8 0x00 0x00,0x021C,ACK
2.3767127000,500,Data,0x20C,0x8,0x00 0xC4 0x2C 0x34 0x1E 0x07 0x00 0x00,0x3E70,ACK
2.3769610000,501,Data,0x301,0x8,0x00 0x00 0x00 0x00 0x00 0x00 0x00 0x00,0x7E55,ACK
2.3772172000,502,Data,0x302,0x2,0x00 0xFF,0x6FC0,ACK
2.3773615000,503,Data,0x485,0x8,0x22 0x00 0x00 0x00 0x0C 0x02 0x48 0x0C,0x1FCE,ACK
2.3948935000,504,Data,0x100,0x8,0x00 0x00 0x00 0x40 0x23 0x4F 0x64 0x32,0x4018,ACK
2.4148935000,505,Data,0x100,0x8,0x00 0x00 0x00 0x40 0x23 0x4F 0x64 0x32,0x4018,ACK
2.4348915000,506,Data,0x100,0x8,0x00 0x00 0x00 0x40 0x23 0x4F 0x64 0x32,0x4018,ACK
2.4391455000,507,Data,0x212,0x8,0x52 0x01 0x00 0xC9 0x00 0x00 0x00 0x2A,0x2C4E,ACK
2.4393858000,508,Data,0x211,0x8,0xE4 0x00 0x2A 0x00 0x00 0x00 0x00 0x00,0x0D4D,ACK
2.4396420000,509,Data,0x343,0x8,0x00 0x00 0x00 0x00 0x00 0x00 0x00 0x00,0x33F5,ACK
2.4548800000,510,Data,0x100,0x8,0x00 0x00 0x00 0x40 0x23 0x4F 0x64 0x32,0x4018,ACK
2.4648183000,511,Data,0x422,0x8,0x00 0x00 0x20 0x00 0x15 0x00 0x02 0x00,0x33F1,ACK
2.4650645000,512,Data,0x500,0x8,0x48 0x48 0x49 0xFF 0x48 0x48 0x48 0xFF,0x3C42,ACK
2.4659548000,513,Data,0x424,0x8,0x30 0x35 0x4D 0x69 0x00 0x00 0x00 0x00,0x3107,ACK
2.4661970000,514,Data,0x425,0x8,0x01 0x64 0x49 0x58 0x58 0x58 0x01 0xFF,0x04F4,ACK
2.4664333000,515,Data,0x429,0x8,0x20 0x00 0x00 0x00 0x00 0x00 0x00 0x00,0x7AC7,ACK
2.4666815000,516,Data,0x420,0x8,0xA8 0x14 0x00 0x00 0x70 0x03 0x00 0x00,0x6BE8,ACK
2.4669258000,517,Data,0x421,0x8,0x38 0x36 0x31 0x34 0xFB 0x04 0x62 0x04,0x00AE,ACK
2.4675480000,518,Data,0x423,0x8,0xBC 0x02 0x64 0x00 0x3C 0x00 0x01 0x00,0x500B,ACK
2.4749121000,519,Data,0x100,0x8,0x00 0x00 0x00 0x40 0x23 0x4F 0x64 0x32,0x4018,ACK
2.4751583000,520,Data,0x203,0x8,0x03 0x00 0x58 0x00 0x58 0x00 0x00 0x00,0x4AB9,ACK
2.4754066000,521,Data,0x204,0x8,0x00 0x00 0x00 0x00 0x00 0x00 0x00 0x00,0x79D1,ACK
2.4756628000,522,Data,0x205,0x8,0x00 0x00 0x00 0x00 0x00 0x00 0x00 0x00,0x72CA,ACK
2.4759571000,523,Data,0x209,0x8,0x9F 0x27 0x10 0x04 0x90 0x49 0x00 0x00,0x59C2,ACK
2.4761973000,524,Data,0x20A,0x8,0x00 0x00 0x00 0x00 0x00 0x00 0x00 0x00,0x1B53,ACK
2.4764516000,525,Data,0x20B,0x8,0xBC 0x02 0x64 0x00 0x01 0xC8 0x00 0x00,0x021C,ACK
2.4766958000,526,Data,0x20C,0x8,0x00 0xC4 0x2C 0x34 0x1E 0x07 0x00 0x00,0x3E70,ACK
2.4915960000,527,Data,0x310,0x8,0xF1 0x0E 0x78 0x05 0x1A 0x02 0x01 0xC8,0x14DD,ACK
2.4948921000,528,Data,0x100,0x8,0x00 0x00 0x00 0x40 0x23 0x4F 0x64 0x32,0x4018,ACK
2.4964403000,529,Data,0x311,0x8,0x39 0x1E 0x07 0x3F 0x90 0x01 0x00 0x00,0x66BC,ACK
2.5148902000,530,Data,0x100,0x8,0x00 0x00 0x00 0x40 0x23 0x4F 0x64 0x32,0x4018,ACK
2.5348922000,531,Data,0x100,0x8,0x00 0x00 0x00 0x40 0x23 0x4F 0x64 0x32,0x4018,ACK
2.5391582000,532,Data,0x212,0x8,0x52 0x01 0x00 0xC9 0x00 0x00 0x00 0x2A,0x2C4E,ACK
2.5394205000,533,Data,0x211,0x8,0xE4 0x00 0x2A 0x00 0x00 0x00 0x00 0x00,0x0D4D,ACK
2.5396767000,534,Data,0x343,0x8,0x00 0x00 0x00 0x00 0x00 0x00 0x00 0x00,0x33F5,ACK
2.5399370000,535,Data,0x341,0x8,0x00 0x00 0x00 0x00 0x02 0x00 0x00 0x00,0x1833,ACK
2.5402332000,536,Data,0x342,0x8,0x23 0x00 0x64 0x00 0x00 0xC4 0x16 0x34,0x5886,ACK
2.5404715000,537,Data,0x344,0x8,0x00 0x00 0x00 0x03 0x00 0x00 0x00 0x00,0x6F15,ACK
2.5548894000,538,Data,0x100,0x8,0x00 0x00 0x00 0x40 0x23 0x4F 0x64 0x32,0x4018,ACK
2.5749174000,539,Data,0x100,0x8,0x00 0x00 0x00 0x40 0x23 0x4F 0x64 0x32,0x4018,ACK
2.5751617000,540,Data,0x203,0x8,0x03 0x00 0x58 0x00 0x58 0x00 0x00 0x00,0x4AB9,ACK
2.5754079000,541,Data,0x204,0x8,0x00 0x00 0x00 0x00 0x00 0x00 0x00 0x00,0x79D1,ACK
2.5756642000,542,Data,0x205,0x8,0x00 0x00 0x00 0x00 0x00 0x00 0x00 0x00,0x72CA,ACK
2.5759664000,543,Data,0x209,0x8,0x9F 0x27 0x10 0x04 0x90 0x49 0x00 0x00,0x59C2,ACK
2.5762067000,544,Data,0x20A,0x8,0x00 0x00 0x00 0x00 0x00 0x00 0x00 0x00,0x1B53,ACK
2.5764609000,545,Data,0x20B,0x8,0xBC 0x02 0x64 0x00 0x01 0xC8 0x00 0x00,0x021C,ACK
2.5767072000,546,Data,0x20C,0x8,0x00 0xC4 0x2C 0x34 0x1E 0x07 0x00 0x00,0x3E70,ACK
2.5769574000,547,Data,0x301,0x8,0x00 0x00 0x00 0x00 0x00 0x00 0x00 0x00,0x7E55,ACK
2.5772136000,548,Data,0x302,0x2,0x00 0xFF,0x6FC0,ACK
2.5773579000,549,Data,0x485,0x8,0x22 0x00 0x00 0x00 0x0C 0x02 0x48 0x0C,0x1FCE,ACK
2.5948919000,550,Data,0x100,0x8,0x00 0x00 0x00 0x40 0x23 0x4F 0x64 0x32,0x4018,ACK
2.6148919000,551,Data,0x100,0x8,0x00 0x00 0x00 0x40 0x23 0x4F 0x64 0x32,0x4018,ACK
2.6348899000,552,Data,0x100,0x8,0x00 0x00 0x00 0x40 0x23 0x4F 0x64 0x32,0x4018,ACK
2.6391459000,553,Data,0x212,0x8,0x52 0x01 0x00 0xC9 0x00 0x00 0x00 0x2A,0x2C4E,ACK
2.6394062000,554,Data,0x211,0x8,0xE4 0x00 0x2A 0x00 0x00 0x00 0x00 0x00,0x0D4D,ACK
2.6396644000,555,Data,0x343,0x8,0x00 0x00 0x00 0x00 0x00 0x00 0x00 0x00,0x33F5,ACK
2.6399487000,556,Data,0x401,0x8,0x00 0x00 0x34 0x00 0x05 0x2B 0x00 0x00,0x3E15,ACK
2.6548906000,557,Data,0x100,0x8,0x00 0x00 0x00 0x40 0x23 0x4F 0x64 0x32,0x4018,ACK
2.6749105000,558,Data,0x100,0x8,0x00 0x00 0x00 0x40 0x23 0x4F 0x64 0x32,0x4018,ACK
2.6751548000,559,Data,0x203,0x8,0x03 0x00 0x58 0x00 0x58 0x00 0x00 0x00,0x4AB9,ACK
2.6754010000,560,Data,0x204,0x8,0x00 0x00 0x00 0x00 0x00 0x00 0x00 0x00,0x79D1,ACK
2.6756573000,561,Data,0x205,0x8,0x00 0x00 0x00 0x00 0x00 0x00 0x00 0x00,0x72CA,ACK
2.6759695000,562,Data,0x209,0x8,0x9F 0x27 0x10 0x04 0x90 0x49 0x00 0x00,0x59C2,ACK
2.6762097000,563,Data,0x20A,0x8,0x00 0x00 0x00 0x00 0x00 0x00 0x00 0x00,0x1B53,ACK
2.6764640000,564,Data,0x20B,0x8,0xBC 0x02 0x64 0x00 0x01 0xC8 0x00 0x00,0x021C,ACK
2.6767082000,565,Data,0x20C,0x8,0x00 0xC4 0x2C 0x34 0x1E 0x07 0x00 0x00,0x3E70,ACK
2.6924125000,566,Data,0x310,0x8,0xF1 0x0E 0x78 0x05 0x1A 0x02 0x01 0xC8,0x14DD,ACK
2.6948886000,567,Data,0x100,0x8,0x00 0x00 0x00 0x40 0x23 0x4F 0x64 0x32,0x4018,ACK
2.6972127000,568,Data,0x311,0x8,0x39 0x1E 0x07 0x3F 0x90 0x01 0x00 0x00,0x66BC,ACK
2.7148886000,569,Data,0x100,0x8,0x00 0x00 0x00 0x40 0x23 0x4F 0x64 0x32,0x4018,ACK
2.7348886000,570,Data,0x100,0x8,0x00 0x00 0x00 0x40 0x23 0x4F 0x64 0x32,0x4018,ACK
2.7391866000,571,Data,0x212,0x8,0x52 0x01 0x00 0xC9 0x00 0x00 0x00 0x2A,0x2C4E,ACK
2.7394449000,572,Data,0x211,0x8,0xE4 0x00 0x2A 0x00 0x00 0x00 0x00 0x00,0x0D4D,ACK
2.7397051000,573,Data,0x343,0x8,0x00 0x00 0x00 0x00 0x00 0x00 0x00 0x00,0x33F5,ACK
2.7399833000,574,Data,0x341,0x8,0x00 0x00 0x00 0x00 0x02 0x00 0x00 0x00,0x1833,ACK
2.7402616000,575,Data,0x342,0x8,0x23 0x00 0x64 0x00 0x00 0xC4 0x16 0x34,0x5886,ACK
2.7405438000,576,Data,0x344,0x8,0x00 0x00 0x00 0x03 0x00 0x00 0x00 0x00,0x6F15,ACK
2.7548897000,577,Data,0x100,0x8,0x00 0x00 0x00 0x40 0x23 0x4F 0x64 0x32,0x4018,ACK
2.7749137000,578,Data,0x100,0x8,0x00 0x00 0x00 0x40 0x23 0x4F 0x64 0x32,0x4018,ACK
2.7751580000,579,Data,0x203,0x8,0x03 0x00 0x58 0x00 0x58 0x00 0x00 0x00,0x4AB9,ACK
2.7754062000,580,Data,0x204,0x8,0x00 0x00 0x00 0x00 0x00 0x00 0x00 0x00,0x79D1,ACK
2.7756625000,581,Data,0x205,0x8,0x00 0x00 0x00 0x00 0x00 0x00 0x00 0x00,0x72CA,ACK
2.7759647000,582,Data,0x209,0x8,0x9F 0x27 0x10 0x04 0x90 0x49 0x00 0x00,0x59C2,ACK
2.7762050000,583,Data,0x20A,0x8,0x00 0x00 0x00 0x00 0x00 0x00 0x00 0x00,0x1B53,ACK
2.7764592000,584,Data,0x20B,0x8,0xBC 0x02 0x64 0x00 0x01 0xC8 0x00 0x00,0x021C,ACK
2.7767035000,585,Data,0x20C,0x8,0x00 0xC4 0x2C 0x34 0x1E 0x07 0x00 0x00,0x3E70,ACK
2.7769517000,586,Data,0x301,0x8,0x00 0x00 0x00 0x00 0x00 0x00 0x00 0x00,0x7E55,ACK
2.7772080000,587,Data,0x302,0x2,0x00 0xFF,0x6FC0,ACK
2.7773542000,588,Data,0x485,0x8,0x22 0x00 0x00 0x00 0x0C 0x02 0x48 0x0C,0x1FCE,ACK
2.7948882000,589,Data,0x100,0x8,0x00 0x00 0x00 0x40 0x23 0x4F 0x64 0x32,0x4018,ACK
2.8148882000,590,Data,0x100,0x8,0x00 0x00 0x00 0x40 0x23 0x4F 0x64 0x32,0x4018,ACK
2.8348861000,591,Data,0x100,0x8,0x00 0x00 0x00 0x40 0x23 0x4F 0x64 0x32,0x4018,ACK
2.8391522000,592,Data,0x212,0x8,0x52 0x01 0x00 0xC9 0x00 0x00 0x00 0x2A,0x2C4E,ACK
2.8394144000,593,Data,0x211,0x8,0xE4 0x00 0x2A 0x00 0x00 0x00 0x00 0x00,0x0D4D,ACK
2.8396707000,594,Data,0x343,0x8,0x00 0x00 0x00 0x00 0x00 0x00 0x00 0x00,0x33F5,ACK
2.8548886000,595,Data,0x100,0x8,0x00 0x00 0x00 0x40 0x23 0x4F 0x64 0x32,0x4018,ACK
2.8749066000,596,Data,0x100,0x8,0x00 0x00 0x00 0x40 0x23 0x4F 0x64 0x32,0x4018,ACK
2.8751528000,597,Data,0x203,0x8,0x03 0x00 0x58 0x00 0x58 0x00 0x00 0x00,0x4AB9,ACK
2.8753971000,598,Data,0x204,0x8,0x00 0x00 0x00 0x00 0x00 0x00 0x00 0x00,0x79D1,ACK
2.8756533000,599,Data,0x205,0x8,0x00 0x00 0x00 0x00 0x00 0x00 0x00 0x00,0x72CA,ACK
2.8759636000,600,Data,0x209,0x8,0x9F 0x27 0x10 0x04 0x90 0x49 0x00 0x00,0x59C2,ACK
2.8762038000,601,Data,0x20A,0x8,0x00 0x00 0x00 0x00 0x00 0x00 0x00 0x00,0x1B53,ACK
2.8764581000,602,Data,0x20B,0x8,0xBC 0x02 0x64 0x00 0x01 0xC8 0x00 0x00,0x021C,ACK
2.8767043000,603,Data,0x20C,0x8,0x00 0xC4 0x2C 0x34 0x1E 0x07 0x00 0x00,0x3E70,ACK
2.8926604000,604,Data,0x310,0x8,0xF1 0x0E 0x78 0x05 0x1A 0x02 0x01 0xC8,0x14DD,ACK
2.8948866000,605,Data,0x100,0x8,0x00 0x00 0x00 0x40 0x23 0x4F 0x64 0x32,0x4018,ACK
2.8974587000,606,Data,0x311,0x8,0x39 0x1E 0x07 0x3F 0x90 0x01 0x00 0x00,0x66BC,ACK
2.9148866000,607,Data,0x100,0x8,0x00 0x00 0x00 0x40 0x23 0x4F 0x64 0x32,0x4018,ACK
2.9348866000,608,Data,0x100,0x8,0x00 0x00 0x00 0x40 0x23 0x4F 0x64 0x32,0x4018,ACK
2.9391426000,609,Data,0x212,0x8,0x52 0x01 0x00 0xC9 0x00 0x00 0x00 0x2A,0x2C4E,ACK
2.9394049000,610,Data,0x211,0x8,0xE4 0x00 0x2A 0x00 0x00 0x00 0x00 0x00,0x0D4D,ACK
2.9396831000,611,Data,0x343,0x8,0x00 0x00 0x00 0x00 0x00 0x00 0x00 0x00,0x33F5,ACK
2.9399454000,612,Data,0x341,0x8,0x00 0x00 0x00 0x00 0x02 0x00 0x00 0x00,0x1833,ACK
2.9402176000,613,Data,0x342,0x8,0x23 0x00 0x64 0x00 0x00 0xC4 0x16 0x34,0x5886,ACK
2.9404558000,614,Data,0x344,0x8,0x00 0x00 0x00 0x03 0x00 0x00 0x00 0x00,0x6F15,ACK
2.9548858000,615,Data,0x100,0x8,0x00 0x00 0x00 0x40 0x23 0x4F 0x64 0x32,0x4018,ACK
2.9659540000,616,Data,0x422,0x8,0x00 0x00 0x20 0x00 0x15 0x00 0x02 0x00,0x33F1,ACK
2.9671843000,617,Data,0x425,0x8,0x01 0x64 0x49 0x58 0x58 0x58 0x01 0xFF,0x04F4,ACK
2.9674205000,618,Data,0x429,0x8,0x20 0x00 0x00 0x00 0x00 0x00 0x00 0x00,0x7AC7,ACK
2.9676688000,619,Data,0x420,0x8,0xA8 0x14 0xF8 0xFF 0x70 0x03 0x00 0x00,0x3E5B,ACK
2.9679110000,620,Data,0x421,0x8,0x38 0x36 0x31 0x34 0xFB 0x04 0x62 0x04,0x00AE,ACK
2.9686193000,621,Data,0x423,0x8,0xBC 0x02 0x64 0x00 0x3C 0x00 0x01 0x00,0x500B,ACK
2.9749133000,622,Data,0x100,0x8,0x00 0x00 0x00 0x40 0x23 0x4F 0x64 0x32,0x4018,ACK
2.9751575000,623,Data,0x203,0x8,0x03 0x00 0x58 0x00 0x58 0x00 0x00 0x00,0x4AB9,ACK
2.9754058000,624,Data,0x204,0x8,0x00 0x00 0x00 0x00 0x00 0x00 0x00 0x00,0x79D1,ACK
2.9756620000,625,Data,0x205,0x8,0x00 0x00 0x00 0x00 0x00 0x00 0x00 0x00,0x72CA,ACK
2.9759623000,626,Data,0x209,0x8,0x9F 0x27 0x10 0x04 0x90 0x49 0x00 0x00,0x59C2,ACK
2.9762025000,627,Data,0x20A,0x8,0x00 0x00 0x00 0x00 0x00 0x00 0x00 0x00,0x1B53,ACK
2.9764588000,628,Data,0x20B,0x8,0xBC 0x02 0x64 0x00 0x01 0xC8 0x00 0x00,0x021C,ACK
2.9767030000,629,Data,0x20C,0x8,0x00 0xC4 0x2C 0x34 0x1E 0x07 0x00 0x00,0x3E70,ACK
2.9769513000,630,Data,0x301,0x8,0x00 0x00 0x00 0x00 0x00 0x00 0x00 0x00,0x7E55,ACK
2.9772075000,631,Data,0x302,0x2,0x00 0xFF,0x6FC0,ACK
2.9773538000,632,Data,0x485,0x8,0x22 0x00 0x00 0x00 0x0C 0x02 0x48 0x0C,0x1FCE,ACK
2.9948858000,633,Data,0x100,0x8,0x00 0x00 0x00 0x40 0x23 0x4F 0x64 0x32,0x4018,ACK
3.0148858000,634,Data,0x100,0x8,0x00 0x00 0x00 0x40 0x23 0x4F 0x64 0x32,0x4018,ACK
3.0348838000,635,Data,0x100,0x8,0x00 0x00 0x00 0x40 0x23 0x4F 0x64 0x32,0x4018,ACK
3.0391658000,636,Data,0x212,0x8,0x52 0x01 0x00 0xC9 0x00 0x00 0x00 0x2A,0x2C4E,ACK
3.0394239000,637,Data,0x211,0x8,0xE4 0x00 0x2A 0x00 0x00 0x00 0x00 0x00,0x0D4D,ACK
3.0396842000,638,Data,0x343,0x8,0x00 0x00 0x00 0x00 0x00 0x00 0x00 0x00,0x33F5,ACK
3.0548741000,639,Data,0x100,0x8,0x00 0x00 0x00 0x40 0x23 0x4F 0x64 0x32,0x4018,ACK
3.0749041000,640,Data,0x100,0x8,0x00 0x00 0x00 0x40 0x23 0x4F 0x64 0x32,0x4018,ACK
3.0751484000,641,Data,0x203,0x8,0x03 0x00 0x58 0x00 0x58 0x00 0x00 0x00,0x4AB9,ACK
3.0753946000,642,Data,0x204,0x8,0x00 0x00 0x00 0x00 0x00 0x00 0x00 0x00,0x79D1,ACK
3.0756509000,643,Data,0x205,0x8,0x00 0x00 0x00 0x00 0x00 0x00 0x00 0x00,0x72CA,ACK
3.0759611000,644,Data,0x209,0x8,0x9F 0x27 0x10 0x04 0x90 0x49 0x00 0x00,0x59C2,ACK
3.0762014000,645,Data,0x20A,0x8,0x00 0x00 0x00 0x00 0x00 0x00 0x00 0x00,0x1B53,ACK
3.0764556000,646,Data,0x20B,0x8,0xBC 0x02 0x64 0x00 0x01 0xC8 0x00 0x00,0x021C,ACK
3.0767019000,647,Data,0x20C,0x8,0x00 0xC4 0x2C 0x34 0x1E 0x07 0x00 0x00,0x3E70,ACK
3.0941701000,648,Data,0x310,0x8,0xF1 0x0E 0x78 0x05 0x1A 0x02 0x01 0xC8,0x14DD,ACK
3.0948822000,649,Data,0x100,0x8,0x00 0x00 0x00 0x40 0x23 0x4F 0x64 0x32,0x4018,ACK
3.0969404000,650,Data,0x311,0x8,0x39 0x1E 0x07 0x3F 0x90 0x01 0x00 0x00,0x66BC,ACK
3.1148844000,651,Data,0x100,0x8,0x00 0x00 0x00 0x40 0x23 0x4F 0x64 0x32,0x4018,ACK
3.1348842000,652,Data,0x100,0x8,0x00 0x00 0x00 0x40 0x23 0x4F 0x64 0x32,0x4018,ACK
3.1391502000,653,Data,0x212,0x8,0x52 0x01 0x00 0xC9 0x00 0x00 0x00 0x2A,0x2C4E,ACK
3.1394125000,654,Data,0x211,0x8,0xE4 0x00 0x2A 0x00 0x00 0x00 0x00 0x00,0x0D4D,ACK
3.1396727000,655,Data,0x343,0x8,0x00 0x00 0x00 0x00 0x00 0x00 0x00 0x00,0x33F5,ACK
3.1399510000,656,Data,0x341,0x8,0x00 0x00 0x00 0x00 0x02 0x00 0x00 0x00,0x1833,ACK
3.1402292000,657,Data,0x342,0x8,0x23 0x00 0x64 0x00 0x00 0xC4 0x16 0x34,0x5886,ACK
3.1405075000,658,Data,0x344,0x8,0x00 0x00 0x00 0x03 0x00 0x00 0x00 0x00,0x6F15,ACK
3.1407677000,659,Data,0x401,0x8,0x00 0x00 0x34 0x00 0x05 0x2B 0x00 0x00,0x3E15,ACK
3.1548837000,660,Data,0x100,0x8,0x00 0x00 0x00 0x40 0x23 0x4F 0x64 0x32,0x4018,ACK
3.1749237000,661,Data,0x100,0x8,0x00 0x00 0x00 0x40 0x23 0x4F 0x64 0x32,0x4018,ACK
3.1751680000,662,Data,0x203,0x8,0x03 0x00 0x58 0x00 0x58 0x00 0x00 0x00,0x4AB9,ACK
3.1754142000,663,Data,0x204,0x8,0x00 0x00 0x00 0x00 0x00 0x00 0x00 0x00,0x79D1,ACK
3.1756705000,664,Data,0x205,0x8,0x00 0x00 0x00 0x00 0x00 0x00 0x00 0x00,0x72CA,ACK
3.1759607000,665,Data,0x209,0x8,0x9F 0x27 0x10 0x04 0x90 0x49 0x00 0x00,0x59C2,ACK
3.1762030000,666,Data,0x20A,0x8,0x00 0x00 0x00 0x00 0x00 0x00 0x00 0x00,0x1B53,ACK
3.1764572000,667,Data,0x20B,0x8,0xBC 0x02 0x64 0x00 0x01 0xC8 0x00 0x00,0x021C,ACK
3.1767014000,668,Data,0x20C,0x8,0x00 0xC4 0x2C 0x34 0x1E 0x07 0x00 0x00,0x3E70,ACK
3.1769497000,669,Data,0x301,0x8,0x00 0x00 0x00 0x00 0x00 0x00 0x00 0x00,0x7E55,ACK
3.1772059000,670,Data,0x302,0x2,0x00 0xFF,0x6FC0,ACK
3.1773522000,671,Data,0x485,0x8,0x22 0x00 0x00 0x00 0x0C 0x02 0x48 0x0C,0x1FCE,ACK
3.1775963000,672,Data,0x480,0x8,0x00 0x00 0x05 0x00 0x20 0x00 0x00 0x00,0x4ADA,ACK
3.1778506000,673,Data,0x481,0x8,0x50 0x0A 0x40 0x08 0x00 0x00 0x00 0x00,0x46C7,ACK
3.1781008000,674,Data,0x482,0x8,0x52 0x01 0x02 0x00 0x00 0x00 0x00 0x00,0x36EA,ACK
3.1783491000,675,Data,0x483,0x8,0x31 0x4B 0x31 0x55 0x41 0x32 0x35 0x35,0x717E,ACK
3.1785833000,676,Data,0x484,0x8,0x31 0x50 0x33 0x39 0x36 0x35 0x00 0x00,0x0196,ACK
3.1948813000,677,Data,0x100,0x8,0x00 0x00 0x00 0x40 0x23 0x4F 0x64 0x32,0x4018,ACK
3.2148833000,678,Data,0x100,0x8,0x00 0x00 0x00 0x40 0x23 0x4F 0x64 0x32,0x4018,ACK
3.2348833000,679,Data,0x100,0x8,0x00 0x00 0x00 0x40 0x23 0x4F 0x64 0x32,0x4018,ACK
3.2391213000,680,Data,0x212,0x8,0x52 0x01 0x00 0xC9 0x00 0x00 0x00 0x2A,0x2C4E,ACK
3.2393636000,681,Data,0x211,0x8,0xE4 0x00 0x2A 0x00 0x00 0x00 0x00 0x00,0x0D4D,ACK
3.2396218000,682,Data,0x343,0x8,0x00 0x00 0x00 0x00 0x00 0x00 0x00 0x00,0x33F5,ACK
3.2548817000,683,Data,0x100,0x8,0x00 0x00 0x00 0x40 0x23 0x4F 0x64 0x32,0x4018,ACK
3.2749017000,684,Data,0x100,0x8,0x00 0x00 0x00 0x40 0x23 0x4F 0x64 0x32,0x4018,ACK
3.2751459000,685,Data,0x203,0x8,0x03 0x00 0x58 0x00 0x58 0x00 0x00 0x00,0x4AB9,ACK
3.2753922000,686,Data,0x204,0x8,0x00 0x00 0x00 0x00 0x00 0x00 0x00 0x00,0x79D1,ACK
3.2756504000,687,Data,0x205,0x8,0x00 0x00 0x00 0x00 0x00 0x00 0x00 0x00,0x72CA,ACK
3.2759587000,688,Data,0x209,0x8,0x9F 0x27 0x10 0x04 0x90 0x49 0x00 0x00,0x59C2,ACK
3.2761989000,689,Data,0x20A,0x8,0x00 0x00 0x00 0x00 0x00 0x00 0x00 0x00,0x1B53,ACK
3.2764552000,690,Data,0x20B,0x8,0xBC 0x02 0x64 0x00 0x01 0xC8 0x00 0x00,0x021C,ACK
3.2766994000,691,Data,0x20C,0x8,0x00 0xC4 0x2C 0x34 0x1E 0x07 0x00 0x00,0x3E70,ACK
3.2948814000,692,Data,0x100,0x8,0x00 0x00 0x00 0x40 0x23 0x4F 0x64 0x32,0x4018,ACK
3.2952556000,693,Data,0x310,0x8,0xF1 0x0E 0x78 0x05 0x1A 0x02 0x01 0xC8,0x14DD,ACK
3.2980839000,694,Data,0x311,0x8,0x39 0x1E 0x07 0x3F 0x90 0x01 0x00 0x00,0x66BC,ACK
3.3148818000,695,Data,0x100,0x8,0x00 0x00 0x00 0x40 0x23 0x4F 0x64 0x32,0x4018,ACK
3.3348817000,696,Data,0x100,0x8,0x00 0x00 0x00 0x40 0x23 0x4F 0x64 0x32,0x4018,ACK
3.3391577000,697,Data,0x212,0x8,0x52 0x01 0x00 0xC9 0x00 0x00 0x00 0x2A,0x2C4E,ACK
3.3394160000,698,Data,0x211,0x8,0xE4 0x00 0x2A 0x00 0x00 0x00 0x00 0x00,0x0D4D,ACK
3.3396762000,699,Data,0x343,0x8,0x00 0x00 0x00 0x00 0x00 0x00 0x00 0x00,0x33F5,ACK
3.3399365000,700,Data,0x341,0x8,0x00 0x00 0x00 0x00 0x02 0x00 0x00 0x00,0x1833,ACK
3.3402327000,701,Data,0x342,0x8,0x23 0x00 0x64 0x00 0x00 0xC4 0x16 0x34,0x5886,ACK
3.3404710000,702,Data,0x344,0x8,0x00 0x00 0x00 0x03 0x00 0x00 0x00 0x00,0x6F15,ACK
3.3548809000,703,Data,0x100,0x8,0x00 0x00 0x00 0x40 0x23 0x4F 0x64 0x32,0x4018,ACK
3.3749089000,704,Data,0x100,0x8,0x00 0x00 0x00 0x40 0x23 0x4F 0x64 0x32,0x4018,ACK
3.3751531000,705,Data,0x203,0x8,0x03 0x00 0x58 0x00 0x58 0x00 0x00 0x00,0x4AB9,ACK
3.3753994000,706,Data,0x204,0x8,0x00 0x00 0x00 0x00 0x00 0x00 0x00 0x00,0x79D1,ACK
3.3756555000,707,Data,0x205,0x8,0x00 0x00 0x00 0x00 0x00 0x00 0x00 0x00,0x72CA,ACK
3.3759578000,708,Data,0x209,0x8,0x9F 0x27 0x10 0x04 0x90 0x49 0x00 0x00,0x59C2,ACK
3.3761980000,709,Data,0x20A,0x8,0x00 0x00 0x00 0x00 0x00 0x00 0x00 0x00,0x1B53,ACK
3.3764523000,710,Data,0x20B,0x8,0xBC 0x02 0x64 0x00 0x01 0xC8 0x00 0x00,0x021C,ACK
3.3766965000,711,Data,0x20C,0x8,0x00 0xC4 0x2C 0x34 0x1E 0x07 0x00 0x00,0x3E70,ACK
3.3769447000,712,Data,0x301,0x8,0x00 0x00 0x00 0x00 0x00 0x00 0x00 0x00,0x7E55,ACK
3.3772010000,713,Data,0x302,0x2,0x00 0xFF,0x6FC0,ACK
3.3773432000,714,Data,0x485,0x8,0x22 0x00 0x00 0x00 0x0C 0x02 0x48 0x0C,0x1FCE,ACK
3.3948793000,715,Data,0x100,0x8,0x00 0x00 0x00 0x40 0x23 0x4F 0x64 0x32,0x4018,ACK
3.4148791000,716,Data,0x100,0x8,0x00 0x00 0x00 0x40 0x23 0x4F 0x64 0x32,0x4018,ACK
3.4348811000,717,Data,0x100,0x8,0x00 0x00 0x00 0x40 0x23 0x4F 0x64 0x32,0x4018,ACK
3.4391512000,718,Data,0x212,0x8,0x52 0x01 0x00 0xC9 0x00 0x00 0x00 0x2A,0x2C4E,ACK
3.4394093000,719,Data,0x211,0x8,0xE4 0x00 0x2A 0x00 0x00 0x00 0x00 0x00,0x0D4D,ACK
3.4396916000,720,Data,0x343,0x8,0x00 0x00 0x00 0x00 0x00 0x00 0x00 0x00,0x33F5,ACK
3.4548795000,721,Data,0x100,0x8,0x00 0x00 0x00 0x40 0x23 0x4F 0x64 0x32,0x4018,ACK
3.4663218000,722,Data,0x422,0x8,0x00 0x00 0x20 0x00 0x15 0x00 0x02 0x00,0x33F1,ACK
3.4670600000,723,Data,0x501,0x8,0xB4 0xC1 0x83 0x58 0x51 0xE5 0xB2 0x6B,0x057E,ACK
3.4672903000,724,Data,0x502,0x8,0x32 0xAC 0x86 0x0E 0x1A 0xB9 0x00 0x00,0x0E93,ACK
3.4675245000,725,Data,0x424,0x8,0x31 0x35 0x4D 0x69 0x00 0x00 0x00 0x00,0x6637,ACK
3.4677628000,726,Data,0x425,0x8,0x01 0x64 0x49 0x58 0x58 0x58 0x01 0xFF,0x04F4,ACK
3.4679990000,727,Data,0x429,0x8,0x20 0x00 0x00 0x00 0x00 0x00 0x00 0x00,0x7AC7,ACK
3.4682473000,728,Data,0x420,0x8,0xA8 0x14 0x00 0x00 0x70 0x03 0x00 0x00,0x6BE8,ACK
3.4684915000,729,Data,0x421,0x8,0x38 0x36 0x31 0x34 0xFB 0x04 0x62 0x04,0x00AE,ACK
3.4691138000,730,Data,0x423,0x8,0xBC 0x02 0x64 0x00 0x3C 0x00 0x01 0x00,0x500B,ACK
3.4748999000,731,Data,0x100,0x8,0x00 0x00 0x00 0x40 0x23 0x4F 0x64 0x32,0x4018,ACK
3.4751441000,732,Data,0x203,0x8,0x03 0x00 0x58 0x00 0x58 0x00 0x00 0x00,0x4AB9,ACK
3.4753904000,733,Data,0x204,0x8,0x00 0x00 0x00 0x00 0x00 0x00 0x00 0x00,0x79D1,ACK
3.4756466000,734,Data,0x205,0x8,0x00 0x00 0x00 0x00 0x00 0x00 0x00 0x00,0x72CA,ACK
3.4759448000,735,Data,0x209,0x8,0x9F 0x27 0x10 0x04 0x90 0x49 0x00 0x00,0x59C2,ACK
3.4761871000,736,Data,0x20A,0x8,0x00 0x00 0x00 0x00 0x00 0x00 0x00 0x00,0x1B53,ACK
3.4764433000,737,Data,0x20B,0x8,0xBC 0x02 0x64 0x00 0x01 0xC8 0x00 0x00,0x021C,ACK
3.4766876000,738,Data,0x20C,0x8,0x00 0xC4 0x2C 0x34 0x1E 0x07 0x00 0x00,0x3E70,ACK
3.4948796000,739,Data,0x100,0x8,0x00 0x0A 0x00 0x40 0x23 0x4F 0x64 0x32,0x0916,ACK
3.4952058000,740,Data,0x310,0x8,0xF1 0x0E 0x78 0x05 0x1A 0x02 0x01 0xC8,0x14DD,ACK
3.4980261000,741,Data,0x311,0x8,0x39 0x1E 0x07 0x3F 0x90 0x01 0x00 0x00,0x66BC,ACK
3.5148800000,742,Data,0x100,0x8,0x00 0x0F 0x00 0x40 0x23 0x4F 0x64 0x32,0x2D91,ACK
3.5348780000,743,Data,0x100,0x8,0x00 0x14 0x00 0x40 0x23 0x4F 0x64 0x32,0x179D,ACK
3.5391660000,744,Data,0x212,0x8,0x52 0x01 0x00 0xC9 0x00 0x00 0x00 0x2A,0x2C4E,ACK
3.5394282000,745,Data,0x211,0x8,0xE4 0x00 0x2A 0x00 0x00 0x00 0x00 0x00,0x0D4D,ACK
3.5396885000,746,Data,0x343,0x8,0x00 0x00 0x00 0x00 0x00 0x00 0x00 0x00,0x33F5,ACK
3.5399467000,747,Data,0x341,0x8,0x00 0x00 0x00 0x00 0x02 0x00 0x00 0x00,0x1833,ACK
3.5402450000,748,Data,0x342,0x8,0x23 0x00 0x64 0x00 0x00 0xC4 0x16 0x34,0x5886,ACK
3.5405012000,749,Data,0x344,0x8,0x00 0x00 0x00 0x03 0x00 0x00 0x00 0x00,0x6F15,ACK
3.5548772000,750,Data,0x100,0x8,0x00 0x1A 0x00 0x40 0x23 0x4F 0x64 0x32,0x0C65,ACK
3.5749072000,751,Data,0x100,0x8,0x00 0x1E 0x00 0x40 0x23 0x4F 0x64 0x32,0x5E93,ACK
3.5751475000,752,Data,0x203,0x8,0x03 0x00 0x58 0x00 0x58 0x00 0x00 0x00,0x4AB9,ACK
3.5753937000,753,Data,0x204,0x8,0x00 0x00 0x00 0x00 0x00 0x00 0x00 0x00,0x79D1,ACK
3.5756499000,754,Data,0x205,0x8,0x00 0x00 0x00 0x00 0x00 0x00 0x00 0x00,0x72CA,ACK
3.5759562000,755,Data,0x209,0x8,0x9F 0x27 0x10 0x04 0x90 0x49 0x00 0x00,0x59C2,ACK
3.5761984000,756,Data,0x20A,0x8,0x00 0x00 0x00 0x00 0x00 0x00 0x00 0x00,0x1B53,ACK
3.5764527000,757,Data,0x20B,0x8,0xBC 0x02 0x64 0x00 0x01 0xC8 0x00 0x00,0x021C,ACK
3.5766969000,758,Data,0x20C,0x8,0x00 0xC8 0x2C 0x34 0x1E 0x07 0x00 0x00,0x0CF3,ACK
3.5769452000,759,Data,0x301,0x8,0x00 0x00 0x00 0x00 0x00 0x00 0x00 0x00,0x7E55,ACK
3.5772014000,760,Data,0x302,0x2,0x00 0xFF,0x6FC0,ACK
3.5773477000,761,Data,0x485,0x8,0x22 0x00 0x00 0x00 0x0C 0x02 0x48 0x0C,0x1FCE,ACK
3.5948797000,762,Data,0x100,0x8,0x00 0x21 0x00 0x40 0x23 0x4F 0x64 0x32,0x3C8F,ACK
3.6148657000,763,Data,0x100,0x8,0x00 0x24 0x00 0x40 0x23 0x4F 0x64 0x32,0x1808,ACK
3.6348757000,764,Data,0x100,0x8,0x00 0x26 0x00 0x40 0x23 0x4F 0x64 0x32,0x3173,ACK
3.6391557000,765,Data,0x212,0x8,0x52 0x01 0x00 0xC9 0x00 0x00 0x00 0x2A,0x2C4E,ACK
3.6394179000,766,Data,0x211,0x8,0xE4 0x00 0x2A 0x00 0x00 0x00 0x00 0x00,0x0D4D,ACK
3.6396742000,767,Data,0x343,0x8,0x00 0x00 0x00 0x00 0x00 0x00 0x00 0x00,0x33F5,ACK
3.6399564000,768,Data,0x401,0x8,0x00 0x00 0x34 0x00 0x05 0x2B 0x00 0x00,0x3E15,ACK
3.6548764000,769,Data,0x100,0x8,0x00 0x29 0x00 0x40 0x23 0x4F 0x64 0x32,0x5CFA,ACK
3.6748963000,770,Data,0x100,0x8,0x00 0x2E 0x00 0x40 0x23 0x4F 0x64 0x32,0x5106,ACK
3.6751385000,771,Data,0x203,0x8,0x03 0x00 0x58 0x00 0x58 0x00 0x00 0x00,0x4AB9,ACK
3.6753848000,772,Data,0x204,0x8,0x00 0x00 0x00 0x00 0x00 0x00 0x00 0x00,0x79D1,ACK
3.6756410000,773,Data,0x205,0x8,0x00 0x00 0x00 0x00 0x00 0x00 0x00 0x00,0x72CA,ACK
3.6759553000,774,Data,0x209,0x8,0x9F 0x27 0x10 0x04 0x90 0x49 0x00 0x00,0x59C2,ACK
3.6761955000,775,Data,0x20A,0x8,0x00 0x00 0x00 0x00 0x00 0x00 0x00 0x00,0x1B53,ACK
3.6764518000,776,Data,0x20B,0x8,0xBC 0x02 0x64 0x00 0x01 0xC8 0x00 0x00,0x021C,ACK
3.6766960000,777,Data,0x20C,0x8,0x00 0xC8 0x2C 0x34 0x1E 0x07 0x00 0x00,0x0CF3,ACK
3.6948780000,778,Data,0x100,0x8,0x00 0x33 0x00 0x40 0x23 0x4F 0x64 0x32,0x1087,ACK
3.6953583000,779,Data,0x310,0x8,0xF1 0x0E 0x78 0x05 0x1A 0x02 0x01 0xC8,0x14DD,ACK
3.6981785000,780,Data,0x311,0x8,0x39 0x1E 0x07 0x3F 0x90 0x01 0x00 0x00,0x66BC,ACK
3.7148764000,781,Data,0x100,0x8,0x00 0x35 0x00 0x40 0x23 0x4F 0x64 0x32,0x6B0A,ACK
3.7348764000,782,Data,0x100,0x8,0x00 0x37 0x00 0x40 0x23 0x4F 0x64 0x32,0x4271,ACK
3.7391484000,783,Data,0x212,0x8,0x52 0x01 0x00 0xC9 0x00 0x00 0x00 0x2A,0x2C4E,ACK
3.7394286000,784,Data,0x211,0x8,0xE4 0x00 0x2A 0x00 0x00 0x00 0x00 0x00,0x0D4D,ACK
3.7396909000,785,Data,0x343,0x8,0x00 0x00 0x00 0x00 0x00 0x00 0x00 0x00,0x33F5,ACK
3.7399511000,786,Data,0x341,0x8,0x00 0x00 0x00 0x00 0x02 0x00 0x00 0x00,0x1833,ACK
3.7402494000,787,Data,0x342,0x8,0x23 0x00 0x64 0x00 0x00 0xC8 0x16 0x34,0x40B9,ACK
3.7405096000,788,Data,0x344,0x8,0x00 0x00 0x00 0x03 0x00 0x00 0x00 0x00,0x6F15,ACK
3.7548755000,789,Data,0x100,0x8,0x00 0x37 0x00 0x40 0x23 0x4F 0x64 0x32,0x4271,ACK
3.7749015000,790,Data,0x100,0x8,0x00 0x38 0x00 0x40 0x23 0x4F 0x64 0x32,0x2FF8,ACK
3.7751438000,791,Data,0x203,0x8,0x03 0x00 0x58 0x00 0x58 0x00 0x00 0x00,0x4AB9,ACK
3.7753900000,792,Data,0x204,0x8,0x00 0x00 0x00 0x00 0x00 0x00 0x00 0x00,0x79D1,ACK
3.7756462000,793,Data,0x205,0x8,0x00 0x00 0x00 0x00 0x00 0x00 0x00 0x00,0x72CA,ACK
3.7759525000,794,Data,0x209,0x8,0x9F 0x27 0x10 0x04 0x90 0x49 0x00 0x00,0x59C2,ACK
3.7761927000,795,Data,0x20A,0x8,0x00 0x00 0x00 0x00 0x00 0x00 0x00 0x00,0x1B53,ACK
3.7764470000,796,Data,0x20B,0x8,0xBC 0x02 0x64 0x00 0x01 0xC8 0x00 0x00,0x021C,ACK
3.7766912000,797,Data,0x20C,0x8,0x00 0xC8 0x2C 0x34 0x1E 0x07 0x00 0x00,0x0CF3,ACK
3.7769395000,798,Data,0x301,0x8,0x00 0x00 0x00 0x00 0x00 0x00 0x00 0x00,0x7E55,ACK
3.7771957000,799,Data,0x302,0x2,0x00 0xFF,0x6FC0,ACK
3.7773400000,800,Data,0x485,0x8,0x22 0x00 0x00 0x00 0x0C 0x02 0x48 0x0C,0x1FCE,ACK
3.7948760000,801,Data,0x100,0x8,0x00 0x3A 0x00 0x40 0x23 0x4F 0x64 0x32,0x0683,ACK
3.8148760000,802,Data,0x100,0x8,0x00 0x3C 0x00 0x40 0x23 0x4F 0x64 0x32,0x7D0E,ACK
3.8348759000,803,Data,0x100,0x8,0x00 0x3D 0x00 0x40 0x23 0x4F 0x64 0x32,0x0B7F,ACK
3.8391239000,804,Data,0x212,0x8,0x52 0x01 0x00 0xC9 0x00 0x00 0x00 0x2A,0x2C4E,ACK
3.8393642000,805,Data,0x211,0x8,0xE4 0x00 0x2A 0x00 0x00 0x00 0x00 0x00,0x0D4D,ACK
3.8396244000,806,Data,0x343,0x8,0x00 0x00 0x00 0x00 0x00 0x00 0x00 0x00,0x33F5,ACK
3.8548744000,807,Data,0x100,0x8,0x00 0x3D 0x00 0x40 0x23 0x4F 0x64 0x32,0x0B7F,ACK
3.8748943000,808,Data,0x100,0x8,0x00 0x3D 0x00 0x40 0x23 0x4F 0x64 0x32,0x0B7F,ACK
3.8751346000,809,Data,0x203,0x8,0x03 0x00 0x58 0x00 0x58 0x00 0x00 0x00,0x4AB9,ACK
3.8753808000,810,Data,0x204,0x8,0x00 0x00 0x00 0x00 0x00 0x00 0x00 0x00,0x79D1,ACK
3.8756371000,811,Data,0x205,0x8,0x00 0x00 0x00 0x00 0x00 0x00 0x00 0x00,0x72CA,ACK
3.8759533000,812,Data,0x209,0x8,0x9F 0x27 0x10 0x04 0x90 0x49 0x00 0x00,0x59C2,ACK
3.8761936000,813,Data,0x20A,0x8,0x00 0x00 0x00 0x00 0x00 0x00 0x00 0x00,0x1B53,ACK
3.8764478000,814,Data,0x20B,0x8,0xBC 0x02 0x64 0x00 0x01 0xC8 0x00 0x00,0x021C,ACK
3.8766941000,815,Data,0x20C,0x8,0x00 0xC8 0x2C 0x34 0x1E 0x07 0x00 0x00,0x0CF3,ACK
3.8948741000,816,Data,0x100,0x8,0x00 0x3F 0x00 0x40 0x23 0x4F 0x64 0x32,0x2204,ACK
3.8954962000,817,Data,0x310,0x8,0xF1 0x0E 0x78 0x05 0x1A 0x02 0x01 0xC8,0x14DD,ACK
3.8982605000,818,Data,0x311,0x8,0x39 0x1E 0x07 0x3F 0x90 0x01 0x00 0x00,0x66BC,ACK
3.9148743000,819,Data,0x100,0x8,0x00 0x41 0x00 0x40 0x23 0x4F 0x64 0x32,0x23A5,ACK
3.9348743000,820,Data,0x100,0x8,0x00 0x42 0x00 0x40 0x23 0x4F 0x64 0x32,0x7CAF,ACK
3.9391404000,821,Data,0x212,0x8,0x52 0x01 0x00 0xC9 0x00 0x00 0x00 0x2A,0x2C4E,ACK
3.9394026000,822,Data,0x211,0x8,0xE4 0x00 0x2A 0x00 0x00 0x00 0x00 0x00,0x0D4D,ACK
3.9396589000,823,Data,0x343,0x8,0x00 0x00 0x00 0x00 0x00 0x00 0x00 0x00,0x33F5,ACK
3.9399191000,824,Data,0x341,0x8,0x00 0x00 0x00 0x00 0x02 0x00 0x00 0x00,0x1833,ACK
3.9401974000,825,Data,0x342,0x8,0x23 0x00 0x64 0x00 0x00 0xC8 0x16 0x34,0x40B9,ACK
3.9404536000,826,Data,0x344,0x8,0x00 0x00 0x00 0x03 0x00 0x00 0x00 0x00,0x6F15,ACK
3.9548736000,827,Data,0x100,0x8,0x00 0x44 0x00 0x40 0x23 0x4F 0x64 0x32,0x0722,ACK
3.9673198000,828,Data,0x422,0x8,0x00 0x00 0x20 0x00 0x15 0x00 0x02 0x00,0x33F1,ACK
3.9685580000,829,Data,0x425,0x8,0x01 0x64 0x49 0x58 0x58 0x58 0x01 0xFF,0x04F4,ACK
3.9688383000,830,Data,0x429,0x8,0x20 0x00 0x00 0x00 0x00 0x00 0x00 0x00,0x7AC7,ACK
3.9690865000,831,Data,0x420,0x8,0xA8 0x14 0xFA 0xFF 0x70 0x03 0x00 0x00,0x0203,ACK
3.9693308000,832,Data,0x421,0x8,0x38 0x36 0x31 0x34 0xFB 0x04 0x62 0x04,0x00AE,ACK
3.9700010000,833,Data,0x423,0x8,0xBC 0x02 0x64 0x00 0x3C 0x00 0x01 0x00,0x500B,ACK
3.9748991000,834,Data,0x100,0x8,0x00 0x46 0x00 0x40 0x23 0x4F 0x64 0x32,0x2E59,ACK
3.9751393000,835,Data,0x203,0x8,0x03 0x00 0x58 0x00 0x58 0x00 0x00 0x00,0x4AB9,ACK
3.9753876000,836,Data,0x204,0x8,0x00 0x00 0x00 0x00 0x00 0x00 0x00 0x00,0x79D1,ACK
3.9756438000,837,Data,0x205,0x8,0x00 0x00 0x00 0x00 0x00 0x00 0x00 0x00,0x72CA,ACK
3.9759500000,838,Data,0x209,0x8,0x9F 0x27 0x10 0x04 0x90 0x49 0x00 0x00,0x59C2,ACK
3.9761902000,839,Data,0x20A,0x8,0x00 0x00 0x00 0x00 0x00 0x00 0x00 0x00,0x1B53,ACK
3.9764463000,840,Data,0x20B,0x8,0xBC 0x02 0x64 0x00 0x01 0xC8 0x00 0x00,0x021C,ACK
3.9766904000,841,Data,0x20C,0x8,0x00 0xC8 0x2C 0x34 0x1E 0x07 0x00 0x00,0x0CF3,ACK
3.9769385000,842,Data,0x301,0x8,0x00 0x00 0x00 0x00 0x00 0x00 0x00 0x00,0x7E55,ACK
3.9771947000,843,Data,0x302,0x2,0x00 0xFF,0x6FC0,ACK
3.9773388000,844,Data,0x485,0x8,0x22 0x00 0x00 0x00 0x0C 0x02 0x48 0x0C,0x1FCE,ACK
3.9948727000,845,Data,0x100,0x8,0x00 0x46 0x00 0x40 0x23 0x4F 0x64 0x32,0x2E59,ACK
4.0148727000,846,Data,0x100,0x8,0x00 0x46 0x00 0x40 0x23 0x4F 0x64 0x32,0x2E59,ACK
4.0348727000,847,Data,0x100,0x8,0x00 0x46 0x00 0x40 0x23 0x4F 0x64 0x32,0x2E59,ACK
4.0391347000,848,Data,0x212,0x8,0x52 0x01 0x00 0xC9 0x00 0x00 0x00 0x2A,0x2C4E,ACK
4.0393949000,849,Data,0x211,0x8,0xE4 0x00 0x2A 0x00 0x00 0x00 0x00 0x00,0x0D4D,ACK
4.0396752000,850,Data,0x343,0x8,0x00 0x00 0x00 0x00 0x00 0x00 0x00 0x00,0x33F5,ACK
4.0548712000,851,Data,0x100,0x8,0x00 0x47 0x00 0x40 0x23 0x4F 0x64 0x32,0x5828,ACK
4.0748911000,852,Data,0x100,0x8,0x00 0x47 0x00 0x40 0x23 0x4F 0x64 0x32,0x5828,ACK
4.0751314000,853,Data,0x203,0x8,0x03 0x00 0x58 0x00 0x58 0x00 0x00 0x00,0x4AB9,ACK
4.0753796000,854,Data,0x204,0x8,0x00 0x00 0x00 0x00 0x00 0x00 0x00 0x00,0x79D1,ACK
4.0756359000,855,Data,0x205,0x8,0x00 0x00 0x00 0x00 0x00 0x00 0x00 0x00,0x72CA,ACK
4.0759501000,856,Data,0x209,0x8,0x9F 0x27 0x10 0x04 0x90 0x49 0x00 0x00,0x59C2,ACK
4.0761904000,857,Data,0x20A,0x8,0x00 0x00 0x00 0x00 0x00 0x00 0x00 0x00,0x1B53,ACK
4.0764466000,858,Data,0x20B,0x8,0xBC 0x02 0x64 0x00 0x01 0xC8 0x00 0x00,0x021C,ACK
4.0766909000,859,Data,0x20C,0x8,0x00 0xC8 0x2C 0x34 0x1E 0x07 0x00 0x00,0x0CF3,ACK
4.0948729000,860,Data,0x100,0x8,0x00 0x49 0x00 0x40 0x23 0x4F 0x64 0x32,0x43D0,ACK
4.0956032000,861,Data,0x310,0x8,0xF1 0x0E 0x78 0x05 0x1A 0x02 0x01 0xC8,0x14DD,ACK
4.0984134000,862,Data,0x311,0x8,0x39 0x1E 0x07 0x3F 0x90 0x01 0x00 0x00,0x66BC,ACK
4.1148714000,863,Data,0x100,0x8,0x00 0x49 0x00 0x40 0x23 0x4F 0x64 0x32,0x43D0,ACK
4.1348593000,864,Data,0x100,0x8,0x00 0x4B 0x00 0x40 0x23 0x4F 0x64 0x32,0x6AAB,ACK
4.1391213000,865,Data,0x212,0x8,0x52 0x01 0x00 0xC9 0x00 0x00 0x00 0x2A,0x2C4E,ACK
4.1394055000,866,Data,0x211,0x8,0xE4 0x00 0x2A 0x00 0x00 0x00 0x00 0x00,0x0D4D,ACK
4.1396658000,867,Data,0x343,0x8,0x00 0x00 0x00 0x00 0x00 0x00 0x00 0x00,0x33F5,ACK
4.1399220000,868,Data,0x341,0x8,0x00 0x00 0x00 0x00 0x02 0x00 0x00 0x00,0x1833,ACK
4.1402222000,869,Data,0x342,0x8,0x23 0x00 0x64 0x00 0x00 0xC8 0x16 0x34,0x40B9,ACK
4.1404845000,870,Data,0x344,0x8,0x00 0x00 0x00 0x03 0x00 0x00 0x00 0x00,0x6F15,ACK
4.1407407000,871,Data,0x401,0x8,0x00 0x00 0x34 0x00 0x05 0x2B 0x00 0x00,0x3E15,ACK
4.1548687000,872,Data,0x100,0x8,0x00 0x4B 0x00 0x40 0x23 0x4F 0x64 0x32,0x6AAB,ACK
4.1749127000,873,Data,0x100,0x8,0x00 0x4B 0x00 0x40 0x23 0x4F 0x64 0x32,0x6AAB,ACK
4.1751530000,874,Data,0x203,0x8,0x03 0x00 0x58 0x00 0x58 0x00 0x00 0x00,0x4AB9,ACK
4.1754012000,875,Data,0x204,0x8,0x00 0x00 0x00 0x00 0x00 0x00 0x00 0x00,0x79D1,ACK
4.1756575000,876,Data,0x205,0x8,0x00 0x00 0x00 0x00 0x00 0x00 0x00 0x00,0x72CA,ACK
4.1759357000,877,Data,0x209,0x8,0x9F 0x27 0x10 0x04 0x90 0x49 0x00 0x00,0x59C2,ACK
4.1761760000,878,Data,0x20A,0x8,0x00 0x00 0x00 0x00 0x00 0x00 0x00 0x00,0x1B53,ACK
4.1764322000,879,Data,0x20B,0x8,0xBC 0x02 0x64 0x00 0x01 0xC8 0x00 0x00,0x021C,ACK
4.1766765000,880,Data,0x20C,0x8,0x00 0xC8 0x2C 0x34 0x1E 0x07 0x00 0x00,0x0CF3,ACK
4.1769247000,881,Data,0x301,0x8,0x00 0x00 0x00 0x00 0x00 0x00 0x00 0x00,0x7E55,ACK
4.1771810000,882,Data,0x302,0x2,0x00 0xFF,0x6FC0,ACK
4.1773272000,883,Data,0x485,0x8,0x22 0x00 0x00 0x00 0x0C 0x02 0x48 0x0C,0x1FCE,ACK
4.1775715000,884,Data,0x480,0x8,0x00 0x00 0x05 0x00 0x20 0x00 0x00 0x00,0x4ADA,ACK
4.1778236000,885,Data,0x481,0x8,0x50 0x0A 0x40 0x08 0x00 0x00 0x00 0x00,0x46C7,ACK
4.1780738000,886,Data,0x482,0x8,0x52 0x01 0x02 0x00 0x00 0x00 0x00 0x00,0x36EA,ACK
4.1783221000,887,Data,0x483,0x8,0x31 0x4B 0x31 0x55 0x41 0x32 0x35 0x35,0x717E,ACK
4.1785563000,888,Data,0x484,0x8,0x31 0x50 0x33 0x39 0x36 0x35 0x00 0x00,0x0196,ACK
4.1948704000,889,Data,0x100,0x8,0x00 0x4C 0x00 0x40 0x23 0x4F 0x64 0x32,0x6757,ACK
4.2148703000,890,Data,0x100,0x8,0x00 0x4E 0x00 0x40 0x23 0x4F 0x64 0x32,0x4E2C,ACK
4.2348703000,891,Data,0x100,0x8,0x00 0x4E 0x00 0x40 0x23 0x4F 0x64 0x32,0x4E2C,ACK
4.2391444000,892,Data,0x212,0x8,0x52 0x01 0x00 0xC9 0x00 0x00 0x00 0x2A,0x2C4E,ACK
4.2394047000,893,Data,0x211,0x8,0xE4 0x00 0x2A 0x00 0x00 0x00 0x00 0x00,0x0D4D,ACK
4.2396869000,894,Data,0x343,0x8,0x00 0x00 0x00 0x00 0x00 0x00 0x00 0x00,0x33F5,ACK
4.2548688000,895,Data,0x100,0x8,0x00 0x4E 0x00 0x40 0x23 0x4F 0x64 0x32,0x4E2C,ACK
4.2748888000,896,Data,0x100,0x8,0x00 0x4E 0x00 0x40 0x23 0x4F 0x64 0x32,0x4E2C,ACK
4.2751291000,897,Data,0x203,0x8,0x03 0x00 0x58 0x00 0x58 0x00 0x00 0x00,0x4AB9,ACK
4.2753773000,898,Data,0x204,0x8,0x00 0x00 0x00 0x00 0x00 0x00 0x00 0x00,0x79D1,ACK
4.2756336000,899,Data,0x205,0x8,0x00 0x00 0x00 0x00 0x00 0x00 0x00 0x00,0x72CA,ACK
4.2759478000,900,Data,0x209,0x8,0x9F 0x27 0x10 0x04 0x90 0x49 0x00 0x00,0x59C2,ACK
4.2761901000,901,Data,0x20A,0x8,0x00 0x00 0x00 0x00 0x00 0x00 0x00 0x00,0x1B53,ACK
4.2764443000,902,Data,0x20B,0x8,0xBC 0x02 0x64 0x00 0x01 0xC8 0x00 0x00,0x021C,ACK
4.2766886000,903,Data,0x20C,0x8,0x00 0xC8 0x2C 0x34 0x1E 0x07 0x00 0x00,0x0CF3,ACK
4.2948684000,904,Data,0x100,0x8,0x00 0x50 0x00 0x40 0x23 0x4F 0x64 0x32,0x50A7,ACK
4.2958006000,905,Data,0x310,0x8,0xF1 0x0E 0x78 0x05 0x1A 0x02 0x01 0xC8,0x14DD,ACK
4.2985969000,906,Data,0x311,0x8,0x39 0x1E 0x07 0x3F 0x90 0x01 0x00 0x00,0x66BC,ACK
4.3148688000,907,Data,0x100,0x8,0x00 0x4E 0x00 0x40 0x23 0x4F 0x64 0x32,0x4E2C,ACK
4.3348687000,908,Data,0x100,0x8,0x00 0x4E 0x00 0x40 0x23 0x4F 0x64 0x32,0x4E2C,ACK
4.3391148000,909,Data,0x212,0x8,0x52 0x01 0x00 0xC9 0x00 0x00 0x00 0x2A,0x2C4E,ACK
4.3393570000,910,Data,0x211,0x8,0xE4 0x00 0x2A 0x00 0x00 0x00 0x00 0x00,0x0D4D,ACK
4.3396133000,911,Data,0x343,0x8,0x00 0x00 0x00 0x00 0x00 0x00 0x00 0x00,0x33F5,ACK
4.3398735000,912,Data,0x341,0x8,0x00 0x00 0x00 0x00 0x02 0x00 0x00 0x00,0x1833,ACK
4.3401698000,913,Data,0x342,0x8,0x23 0x00 0x64 0x00 0x00 0xC8 0x16 0x34,0x40B9,ACK
4.3404300000,914,Data,0x344,0x8,0x00 0x00 0x00 0x03 0x00 0x00 0x00 0x00,0x6F15,ACK
4.3548699000,915,Data,0x100,0x8,0x00 0x4E 0x00 0x40 0x23 0x4F 0x64 0x32,0x4E2C,ACK
4.3748939000,916,Data,0x100,0x8,0x00 0x50 0x00 0x40 0x23 0x4F 0x64 0x32,0x50A7,ACK
4.3751342000,917,Data,0x203,0x8,0x03 0x00 0x58 0x00 0x58 0x00 0x00 0x00,0x4AB9,ACK
4.3753824000,918,Data,0x204,0x8,0x00 0x00 0x00 0x00 0x00 0x00 0x00 0x00,0x79D1,ACK
4.3756387000,919,Data,0x205,0x8,0x00 0x00 0x00 0x00 0x00 0x00 0x00 0x00,0x72CA,ACK
4.3759429000,920,Data,0x209,0x8,0x9F 0x27 0x10 0x04 0x90 0x49 0x00 0x00,0x59C2,ACK
4.3761830000,921,Data,0x20A,0x8,0x00 0x00 0x00 0x00 0x00 0x00 0x00 0x00,0x1B53,ACK
4.3764373000,922,Data,0x20B,0x8,0xBC 0x02 0x64 0x00 0x01 0xC8 0x00 0x00,0x021C,ACK
4.3766835000,923,Data,0x20C,0x8,0x00 0xC8 0x2C 0x34 0x1E 0x07 0x00 0x00,0x0CF3,ACK
4.3769338000,924,Data,0x301,0x8,0x00 0x00 0x00 0x00 0x00 0x00 0x00 0x00,0x7E55,ACK
4.3771900000,925,Data,0x302,0x2,0x00 0xFF,0x6FC0,ACK
4.3773363000,926,Data,0x485,0x8,0x22 0x00 0x00 0x00 0x0C 0x02 0x48 0x0C,0x1FCE,ACK
4.3948683000,927,Data,0x100,0x8,0x00 0x50 0x00 0x40 0x23 0x4F 0x64 0x32,0x50A7,ACK
4.4148662000,928,Data,0x100,0x8,0x00 0x50 0x00 0x40 0x23 0x4F 0x64 0x32,0x50A7,ACK
4.4348661000,929,Data,0x100,0x8,0x00 0x50 0x00 0x40 0x23 0x4F 0x64 0x32,0x50A7,ACK
4.4391482000,930,Data,0x212,0x8,0x52 0x01 0x00 0xC9 0x00 0x00 0x00 0x2A,0x2C4E,ACK
4.4394063000,931,Data,0x211,0x8,0xE4 0x00 0x2A 0x00 0x00 0x00 0x00 0x00,0x0D4D,ACK
4.4396666000,932,Data,0x343,0x8,0x00 0x00 0x00 0x00 0x00 0x00 0x00 0x00,0x33F5,ACK
4.4548685000,933,Data,0x100,0x8,0x00 0x50 0x00 0x40 0x23 0x4F 0x64 0x32,0x50A7,ACK
4.4669048000,934,Data,0x422,0x8,0x00 0x00 0x20 0x00 0x15 0x00 0x02 0x00,0x33F1,ACK
4.4671510000,935,Data,0x500,0x8,0x48 0x48 0x49 0xFF 0x48 0x48 0x48 0xFF,0x3C42,ACK
4.4680413000,936,Data,0x424,0x8,0x32 0x35 0x4D 0x69 0x00 0x00 0x00 0x00,0x5AFE,ACK
4.4682816000,937,Data,0x425,0x8,0x01 0x64 0x49 0x58 0x58 0x58 0x01 0xFF,0x04F4,ACK
4.4686398000,938,Data,0x420,0x8,0xA8 0x14 0xF8 0xFF 0x70 0x03 0x00 0x00,0x3E5B,ACK
4.4688821000,939,Data,0x421,0x8,0x38 0x36 0x31 0x34 0xFB 0x04 0x62 0x04,0x00AE,ACK
4.4695883000,940,Data,0x423,0x8,0xBC 0x02 0x64 0x00 0x3C 0x00 0x01 0x00,0x500B,ACK
4.4706505000,941,Data,0x429,0x8,0x20 0x00 0x00 0x00 0x00 0x00 0x00 0x00,0x7AC7,ACK
4.4748866000,942,Data,0x100,0x8,0x00 0x50 0x00 0x40 0x23 0x4F 0x64 0x32,0x50A7,ACK
4.4751268000,943,Data,0x203,0x8,0x03 0x00 0x58 0x00 0x58 0x00 0x00 0x00,0x4AB9,ACK
4.4753729000,944,Data,0x204,0x8,0x00 0x00 0x00 0x00 0x00 0x00 0x00 0x00,0x79D1,ACK
4.4756290000,945,Data,0x205,0x8,0x00 0x00 0x00 0x00 0x00 0x00 0x00 0x00,0x72CA,ACK
4.4759431000,946,Data,0x209,0x8,0x9F 0x27 0x10 0x04 0x90 0x49 0x00 0x00,0x59C2,ACK
4.4761832000,947,Data,0x20A,0x8,0x00 0x00 0x00 0x00 0x00 0x00 0x00 0x00,0x1B53,ACK
4.4764374000,948,Data,0x20B,0x8,0xBC 0x02 0x64 0x00 0x01 0xC8 0x00 0x00,0x021C,ACK
4.4766835000,949,Data,0x20C,0x8,0x00 0xC8 0x2C 0x34 0x1E 0x07 0x00 0x00,0x0CF3,ACK
4.4948674000,950,Data,0x100,0x8,0x00 0x50 0x00 0x40 0x23 0x4F 0x64 0x32,0x50A7,ACK
4.4957836000,951,Data,0x310,0x8,0xF1 0x0E 0x78 0x05 0x1A 0x02 0x01 0xC8,0x14DD,ACK
4.5005638000,952,Data,0x311,0x8,0x39 0x1E 0x07 0x3F 0x90 0x01 0x00 0x00,0x66BC,ACK
4.5148657000,953,Data,0x100,0x8,0x00 0x50 0x00 0x40 0x23 0x4F 0x64 0x32,0x50A7,ACK
4.5348657000,954,Data,0x100,0x8,0x00 0x50 0x00 0x40 0x23 0x4F 0x64 0x32,0x50A7,ACK
4.5391338000,955,Data,0x212,0x8,0x52 0x01 0x00 0xC9 0x00 0x00 0x00 0x2A,0x2C4E,ACK
4.5393940000,956,Data,0x211,0x8,0xE4 0x00 0x2A 0x00 0x00 0x00 0x00 0x00,0x0D4D,ACK
4.5396523000,957,Data,0x343,0x8,0x00 0x00 0x00 0x00 0x00 0x00 0x00 0x00,0x33F5,ACK
4.5399325000,958,Data,0x341,0x8,0x00 0x00 0x00 0x00 0x02 0x00 0x00 0x00,0x1833,ACK
4.5402088000,959,Data,0x342,0x8,0x23 0x00 0x64 0x00 0x00 0xC8 0x16 0x34,0x40B9,ACK
4.5404910000,960,Data,0x344,0x8,0x00 0x00 0x00 0x03 0x00 0x00 0x00 0x00,0x6F15,ACK
4.5548670000,961,Data,0x100,0x8,0x00 0x50 0x00 0x40 0x23 0x4F 0x64 0x32,0x50A7,ACK
4.5748930000,962,Data,0x100,0x8,0x00 0x50 0x00 0x40 0x23 0x4F 0x64 0x32,0x50A7,ACK
4.5751332000,963,Data,0x203,0x8,0x03 0x00 0x58 0x00 0x58 0x00 0x00 0x00,0x4AB9,ACK
4.5753795000,964,Data,0x204,0x8,0x00 0x00 0x00 0x00 0x00 0x00 0x00 0x00,0x79D1,ACK
4.5756357000,965,Data,0x205,0x8,0x00 0x00 0x00 0x00 0x00 0x00 0x00 0x00,0x72CA,ACK
4.5759300000,966,Data,0x209,0x8,0x9F 0x27 0x10 0x04 0x90 0x49 0x00 0x00,0x59C2,ACK
4.5761702000,967,Data,0x20A,0x8,0x00 0x00 0x00 0x00 0x00 0x00 0x00 0x00,0x1B53,ACK
4.5764225000,968,Data,0x20B,0x8,0xBC 0x02 0x64 0x00 0x01 0xC8 0x00 0x00,0x021C,ACK
4.5766667000,969,Data,0x20C,0x8,0x00 0xC8 0x2C 0x34 0x1E 0x07 0x00 0x00,0x0CF3,ACK
4.5769169000,970,Data,0x301,0x8,0x00 0x00 0x00 0x00 0x00 0x00 0x00 0x00,0x7E55,ACK
4.5771732000,971,Data,0x302,0x2,0x00 0xFF,0x6FC0,ACK
4.5773174000,972,Data,0x485,0x8,0x22 0x00 0x00 0x00 0x0C 0x02 0x48 0x0C,0x1FCE,ACK
4.5948655000,973,Data,0x100,0x8,0x00 0x50 0x00 0x40 0x23 0x4F 0x64 0x32,0x50A7,ACK
4.6148635000,974,Data,0x100,0x8,0x00 0x50 0x00 0x40 0x23 0x4F 0x64 0x32,0x50A7,ACK
4.6348635000,975,Data,0x100,0x8,0x00 0x50 0x00 0x40 0x23 0x4F 0x64 0x32,0x50A7,ACK
4.6391535000,976,Data,0x212,0x8,0x52 0x01 0x00 0xC9 0x00 0x00 0x00 0x2A,0x2C4E,ACK
4.6394157000,977,Data,0x211,0x8,0xE4 0x00 0x2A 0x00 0x00 0x00 0x00 0x00,0x0D4D,ACK
4.6396759000,978,Data,0x343,0x8,0x00 0x00 0x00 0x00 0x00 0x00 0x00 0x00,0x33F5,ACK
4.6399322000,979,Data,0x401,0x8,0x00 0x00 0x34 0x00 0x05 0x2B 0x00 0x00,0x3E15,ACK
4.6548641000,980,Data,0x100,0x8,0x00 0x50 0x00 0x40 0x23 0x4F 0x64 0x32,0x50A7,ACK
4.6748841000,981,Data,0x100,0x8,0x00 0x50 0x00 0x40 0x23 0x4F 0x64 0x32,0x50A7,ACK
4.6751243000,982,Data,0x203,0x8,0x03 0x00 0x58 0x00 0x58 0x00 0x00 0x00,0x4AB9,ACK
4.6753706000,983,Data,0x204,0x8,0x00 0x00 0x00 0x00 0x00 0x00 0x00 0x00,0x79D1,ACK
4.6756268000,984,Data,0x205,0x8,0x00 0x00 0x00 0x00 0x00 0x00 0x00 0x00,0x72CA,ACK
4.6759410000,985,Data,0x209,0x8,0x9F 0x27 0x10 0x04 0x90 0x49 0x00 0x00,0x59C2,ACK
4.6761833000,986,Data,0x20A,0x8,0x00 0x00 0x00 0x00 0x00 0x00 0x00 0x00,0x1B53,ACK
4.6764375000,987,Data,0x20B,0x8,0xBC 0x02 0x64 0x00 0x01 0xC8 0x00 0x00,0x021C,ACK
4.6766838000,988,Data,0x20C,0x8,0x00 0xC8 0x2C 0x34 0x1E 0x07 0x00 0x00,0x0CF3,ACK
4.6948638000,989,Data,0x100,0x8,0x00 0x50 0x00 0x40 0x23 0x4F 0x64 0x32,0x50A7,ACK
4.6969260000,990,Data,0x310,0x8,0xF1 0x0E 0x78 0x05 0x1A 0x02 0x01 0xC8,0x14DD,ACK
4.6997443000,991,Data,0x311,0x8,0x39 0x1E 0x07 0x3F 0x90 0x01 0x00 0x00,0x66BC,ACK
4.7148642000,992,Data,0x100,0x8,0x00 0x50 0x00 0x40 0x23 0x4F 0x64 0x32,0x50A7,ACK
4.7348642000,993,Data,0x100,0x8,0x00 0x50 0x00 0x40 0x23 0x4F 0x64 0x32,0x50A7,ACK
4.7391443000,994,Data,0x212,0x8,0x52 0x01 0x00 0xC9 0x00 0x00 0x00 0x2A,0x2C4E,ACK
4.7394064000,995,Data,0x211,0x8,0xE4 0x00 0x2A 0x00 0x00 0x00 0x00 0x00,0x0D4D,ACK
4.7396626000,996,Data,0x343,0x8,0x00 0x00 0x00 0x00 0x00 0x00 0x00 0x00,0x33F5,ACK
4.7399449000,997,Data,0x341,0x8,0x00 0x00 0x00 0x00 0x02 0x00 0x00 0x00,0x1833,ACK
4.7402191000,998,Data,0x342,0x8,0x23 0x00 0x64 0x00 0x00 0xC8 0x16 0x34,0x40B9,ACK
4.7404794000,999,Data,0x344,0x8,0x00 0x00 0x00 0x03 0x00 0x00 0x00 0x00,0x6F15,ACK
4.7548633000,1000,Data,0x100,0x8,0x00 0x50 0x00 0x40 0x23 0x4F 0x64 0x32,0x50A7,ACK
4.7748891000,1001,Data,0x100,0x8,0x00 0x50 0x00 0x40 0x23 0x4F 0x64 0x32,0x50A7,ACK
4.7751294000,1002,Data,0x203,0x8,0x03 0x00 0x58 0x00 0x58 0x00 0x00 0x00,0x4AB9,ACK
4.7753756000,1003,Data,0x204,0x8,0x00 0x00 0x00 0x00 0x00 0x00 0x00 0x00,0x79D1,ACK
4.7756319000,1004,Data,0x205,0x8,0x00 0x00 0x00 0x00 0x00 0x00 0x00 0x00,0x72CA,ACK
4.7759401000,1005,Data,0x209,0x8,0x9F 0x27 0x10 0x04 0x90 0x49 0x00 0x00,0x59C2,ACK
4.7761804000,1006,Data,0x20A,0x8,0x00 0x00 0x00 0x00 0x00 0x00 0x00 0x00,0x1B53,ACK
4.7764346000,1007,Data,0x20B,0x8,0xBC 0x02 0x64 0x00 0x01 0xC8 0x00 0x00,0x021C,ACK
4.7766789000,1008,Data,0x20C,0x8,0x00 0xC8 0x2C 0x34 0x1E 0x07 0x00 0x00,0x0CF3,ACK
4.7769271000,1009,Data,0x301,0x8,0x00 0x00 0x00 0x00 0x00 0x00 0x00 0x00,0x7E55,ACK
4.7771834000,1010,Data,0x302,0x2,0x00 0xFF,0x6FC0,ACK
4.7773296000,1011,Data,0x485,0x8,0x22 0x00 0x00 0x00 0x0C 0x02 0x48 0x0C,0x1FCE,ACK
4.7948616000,1012,Data,0x100,0x8,0x00 0x50 0x00 0x40 0x23 0x4F 0x64 0x32,0x50A7,ACK
4.8148616000,1013,Data,0x100,0x8,0x00 0x50 0x00 0x40 0x23 0x4F 0x64 0x32,0x50A7,ACK
4.8348616000,1014,Data,0x100,0x8,0x00 0x50 0x00 0x40 0x23 0x4F 0x64 0x32,0x50A7,ACK
4.8391317000,1015,Data,0x212,0x8,0x52 0x01 0x00 0xC9 0x00 0x00 0x00 0x2A,0x2C4E,ACK
4.8393880000,1016,Data,0x211,0x8,0xE4 0x00 0x2A 0x00 0x00 0x00 0x00 0x00,0x0D4D,ACK
4.8396702000,1017,Data,0x343,0x8,0x00 0x00 0x00 0x00 0x00 0x00 0x00 0x00,0x33F5,ACK
4.8548621000,1018,Data,0x100,0x8,0x00 0x50 0x00 0x40 0x23 0x4F 0x64 0x32,0x50A7,ACK
4.8748801000,1019,Data,0x100,0x8,0x00 0x50 0x00 0x40 0x23 0x4F 0x64 0x32,0x50A7,ACK
4.8751204000,1020,Data,0x203,0x8,0x03 0x00 0x58 0x00 0x58 0x00 0x00 0x00,0x4AB9,ACK
4.8753686000,1021,Data,0x204,0x8,0x00 0x00 0x00 0x00 0x00 0x00 0x00 0x00,0x79D1,ACK
4.8756249000,1022,Data,0x205,0x8,0x00 0x00 0x00 0x00 0x00 0x00 0x00 0x00,0x72CA,ACK
4.8759391000,1023,Data,0x209,0x8,0x9F 0x27 0x10 0x04 0x90 0x49 0x00 0x00,0x59C2,ACK
4.8761813000,1024,Data,0x20A,0x8,0x00 0x00 0x00 0x00 0x00 0x00 0x00 0x00,0x1B53,ACK
4.8764356000,1025,Data,0x20B,0x8,0xBC 0x02 0x64 0x00 0x01 0xC8 0x00 0x00,0x021C,ACK
4.8766798000,1026,Data,0x20C,0x8,0x00 0xC8 0x2C 0x34 0x1E 0x07 0x00 0x00,0x0CF3,ACK
4.8948599000,1027,Data,0x100,0x8,0x00 0x50 0x00 0x40 0x23 0x4F 0x64 0x32,0x50A7,ACK
4.8977760000,1028,Data,0x310,0x8,0xF1 0x0E 0x78 0x05 0x1A 0x02 0x01 0xC8,0x14DD,ACK
4.9005762000,1029,Data,0x311,0x8,0x39 0x1E 0x07 0x3F 0x90 0x01 0x00 0x00,0x66BC,ACK
4.9148602000,1030,Data,0x100,0x8,0x00 0x50 0x00 0x40 0x23 0x4F 0x64 0x32,0x50A7,ACK
4.9348602000,1031,Data,0x100,0x8,0x00 0x50 0x00 0x40 0x23 0x4F 0x64 0x32,0x50A7,ACK
4.9391483000,1032,Data,0x212,0x8,0x52 0x01 0x00 0xC9 0x00 0x00 0x00 0x2A,0x2C4E,ACK
4.9394065000,1033,Data,0x211,0x8,0xE4 0x00 0x2A 0x00 0x00 0x00 0x00 0x00,0x0D4D,ACK
4.9396668000,1034,Data,0x343,0x8,0x00 0x00 0x00 0x00 0x00 0x00 0x00 0x00,0x33F5,ACK
4.9399250000,1035,Data,0x341,0x8,0x00 0x00 0x00 0x00 0x02 0x00 0x00 0x00,0x1833,ACK
4.9402233000,1036,Data,0x342,0x8,0x23 0x00 0x64 0x00 0x00 0xC8 0x16 0x34,0x40B9,ACK
4.9404795000,1037,Data,0x344,0x8,0x00 0x00 0x00 0x03 0x00 0x00 0x00 0x00,0x6F15,ACK
4.9548615000,1038,Data,0x100,0x8,0x00 0x50 0x00 0x40 0x23 0x4F 0x64 0x32,0x50A7,ACK
4.9672556000,1039,Data,0x422,0x8,0x00 0x00 0x20 0x00 0x15 0x00 0x02 0x00,0x33F1,ACK
4.9685438000,1040,Data,0x425,0x8,0x01 0x64 0x49 0x58 0x58 0x58 0x01 0xFF,0x04F4,ACK
4.9689401000,1041,Data,0x420,0x8,0xA8 0x14 0xFA 0xFF 0x70 0x03 0x00 0x00,0x0203,ACK
4.9691843000,1042,Data,0x421,0x8,0x38 0x36 0x31 0x34 0xFB 0x04 0x62 0x04,0x00AE,ACK
4.9698886000,1043,Data,0x423,0x8,0xBC 0x02 0x64 0x00 0x3C 0x00 0x01 0x00,0x500B,ACK
4.9709508000,1044,Data,0x429,0x8,0x20 0x00 0x00 0x00 0x00 0x00 0x00 0x00,0x7AC7,ACK
4.9748888000,1045,Data,0x100,0x8,0x00 0x50 0x00 0x40 0x23 0x4F 0x64 0x32,0x50A7,ACK
4.9751290000,1046,Data,0x203,0x8,0x03 0x00 0x58 0x00 0x58 0x00 0x00 0x00,0x4AB9,ACK
4.9753771000,1047,Data,0x204,0x8,0x00 0x00 0x00 0x00 0x00 0x00 0x00 0x00,0x79D1,ACK
4.9756332000,1048,Data,0x205,0x8,0x00 0x00 0x00 0x00 0x00 0x00 0x00 0x00,0x72CA,ACK
4.9759253000,1049,Data,0x209,0x8,0x9F 0x27 0x10 0x04 0x90 0x49 0x00 0x00,0x59C2,ACK
4.9761654000,1050,Data,0x20A,0x8,0x00 0x00 0x00 0x00 0x00 0x00 0x00 0x00,0x1B53,ACK
4.9764216000,1051,Data,0x20B,0x8,0xBC 0x02 0x64 0x00 0x01 0xC8 0x00 0x00,0x021C,ACK
4.9766657000,1052,Data,0x20C,0x8,0x00 0xC8 0x2C 0x34 0x1E 0x07 0x00 0x00,0x0CF3,ACK
4.9769138000,1053,Data,0x301,0x8,0x00 0x00 0x00 0x00 0x00 0x00 0x00 0x00,0x7E55,ACK
4.9771699000,1054,Data,0x302,0x2,0x00 0xFF,0x6FC0,ACK
4.9773140000,1055,Data,0x485,0x8,0x22 0x00 0x00 0x00 0x0C 0x02 0x48 0x0C,0x1FCE,ACK
4.9948599000,1056,Data,0x100,0x8,0x00 0x50 0x00 0x40 0x23 0x4F 0x64 0x32,0x50A7,ACK
5.0148599000,1057,Data,0x100,0x8,0x00 0x50 0x00 0x40 0x23 0x4F 0x64 0x32,0x50A7,ACK
5.0348599000,1058,Data,0x100,0x8,0x00 0x50 0x00 0x40 0x23 0x4F 0x64 0x32,0x50A7,ACK
5.0391260000,1059,Data,0x212,0x8,0x52 0x01 0x00 0xC9 0x00 0x00 0x00 0x2A,0x2C4E,ACK
5.0393882000,1060,Data,0x211,0x8,0xE4 0x00 0x2A 0x00 0x00 0x00 0x00 0x00,0x0D4D,ACK
5.0396445000,1061,Data,0x343,0x8,0x00 0x00 0x00 0x00 0x00 0x00 0x00 0x00,0x33F5,ACK
5.0548584000,1062,Data,0x100,0x8,0x00 0x50 0x00 0x40 0x23 0x4F 0x64 0x32,0x50A7,ACK
5.0748784000,1063,Data,0x100,0x8,0x00 0x50 0x00 0x40 0x23 0x4F 0x64 0x32,0x50A7,ACK
5.0751207000,1064,Data,0x203,0x8,0x03 0x00 0x58 0x00 0x58 0x00 0x00 0x00,0x4AB9,ACK
5.0753689000,1065,Data,0x204,0x8,0x00 0x00 0x00 0x00 0x00 0x00 0x00 0x00,0x79D1,ACK
5.0756252000,1066,Data,0x205,0x8,0x00 0x00 0x00 0x00 0x00 0x00 0x00 0x00,0x72CA,ACK
5.0759394000,1067,Data,0x209,0x8,0x9F 0x27 0x10 0x04 0x90 0x49 0x00 0x00,0x59C2,ACK
5.0761797000,1068,Data,0x20A,0x8,0x00 0x00 0x00 0x00 0x00 0x00 0x00 0x00,0x1B53,ACK
5.0764339000,1069,Data,0x20B,0x8,0xBC 0x02 0x64 0x00 0x01 0xC8 0x00 0x00,0x021C,ACK
5.0766801000,1070,Data,0x20C,0x8,0x00 0xC8 0x2C 0x34 0x1E 0x07 0x00 0x00,0x0CF3,ACK
5.0948582000,1071,Data,0x100,0x8,0x00 0x50 0x00 0x40 0x23 0x4F 0x64 0x32,0x50A7,ACK
5.0995704000,1072,Data,0x310,0x8,0xF1 0x0E 0x78 0x05 0x1A 0x02 0x01 0xC8,0x14DD,ACK
5.1023287000,1073,Data,0x311,0x8,0x39 0x1E 0x07 0x3F 0x90 0x01 0x00 0x00,0x66BC,ACK
5.1148587000,1074,Data,0x100,0x8,0x00 0x50 0x00 0x40 0x23 0x4F 0x64 0x32,0x50A7,ACK
5.1348585000,1075,Data,0x100,0x8,0x00 0x50 0x00 0x40 0x23 0x4F 0x64 0x32,0x50A7,ACK
5.1391145000,1076,Data,0x212,0x8,0x52 0x01 0x00 0xC9 0x00 0x00 0x00 0x2A,0x2C4E,ACK
5.1393766000,1077,Data,0x211,0x8,0xE4 0x00 0x2A 0x00 0x00 0x00 0x00 0x00,0x0D4D,ACK
5.1396348000,1078,Data,0x343,0x8,0x00 0x00 0x00 0x00 0x00 0x00 0x00 0x00,0x33F5,ACK
5.1399169000,1079,Data,0x341,0x8,0x00 0x00 0x00 0x00 0x02 0x00 0x00 0x00,0x1833,ACK
5.1401910000,1080,Data,0x342,0x8,0x23 0x00 0x64 0x00 0x00 0xC8 0x16 0x34,0x40B9,ACK
5.1404731000,1081,Data,0x344,0x8,0x00 0x00 0x00 0x03 0x00 0x00 0x00 0x00,0x6F15,ACK
5.1407313000,1082,Data,0x401,0x8,0x00 0x00 0x34 0x00 0x05 0x2B 0x00 0x00,0x3E15,ACK
5.1548571000,1083,Data,0x100,0x8,0x00 0x50 0x00 0x40 0x23 0x4F 0x64 0x32,0x50A7,ACK
5.1748991000,1084,Data,0x100,0x8,0x00 0x50 0x00 0x40 0x23 0x4F 0x64 0x32,0x50A7,ACK
5.1751394000,1085,Data,0x203,0x8,0x03 0x00 0x58 0x00 0x58 0x00 0x00 0x00,0x4AB9,ACK
5.1753856000,1086,Data,0x204,0x8,0x00 0x00 0x00 0x00 0x00 0x00 0x00 0x00,0x79D1,ACK
5.1756439000,1087,Data,0x205,0x8,0x00 0x00 0x00 0x00 0x00 0x00 0x00 0x00,0x72CA,ACK
5.1759361000,1088,Data,0x209,0x8,0x9F 0x27 0x10 0x04 0x90 0x49 0x00 0x00,0x59C2,ACK
5.1761764000,1089,Data,0x20A,0x8,0x00 0x00 0x00 0x00 0x00 0x00 0x00 0x00,0x1B53,ACK
5.1764306000,1090,Data,0x20B,0x8,0xBC 0x02 0x64 0x00 0x01 0xC8 0x00 0x00,0x021C,ACK
5.1766749000,1091,Data,0x20C,0x8,0x00 0xC8 0x2C 0x34 0x1E 0x07 0x00 0x00,0x0CF3,ACK
5.1769231000,1092,Data,0x301,0x8,0x00 0x00 0x00 0x00 0x00 0x00 0x00 0x00,0x7E55,ACK
5.1771794000,1093,Data,0x302,0x2,0x00 0xFF,0x6FC0,ACK
5.1773256000,1094,Data,0x485,0x8,0x22 0x00 0x00 0x00 0x0C 0x02 0x48 0x0C,0x1FCE,ACK
5.1775698000,1095,Data,0x480,0x8,0x00 0x00 0x05 0x00 0x20 0x00 0x00 0x00,0x4ADA,ACK
5.1778221000,1096,Data,0x481,0x8,0x50 0x0A 0x40 0x08 0x00 0x00 0x00 0x00,0x46C7,ACK
5.1780723000,1097,Data,0x482,0x8,0x52 0x01 0x02 0x00 0x00 0x00 0x00 0x00,0x36EA,ACK
5.1783206000,1098,Data,0x483,0x8,0x31 0x4B 0x31 0x55 0x41 0x32 0x35 0x35,0x717E,ACK
5.1785548000,1099,Data,0x484,0x8,0x31 0x50 0x33 0x39 0x36 0x35 0x00 0x00,0x0196,ACK
5.1948589000,1100,Data,0x100,0x8,0x00 0x50 0x00 0x40 0x23 0x4F 0x64 0x32,0x50A7,ACK
5.2148569000,1101,Data,0x100,0x8,0x00 0x50 0x00 0x40 0x23 0x4F 0x64 0x32,0x50A7,ACK
5.2348549000,1102,Data,0x100,0x8,0x00 0x50 0x00 0x40 0x23 0x4F 0x64 0x32,0x50A7,ACK
5.2391390000,1103,Data,0x212,0x8,0x52 0x01 0x00 0xC9 0x00 0x00 0x00 0x2A,0x2C4E,ACK
5.2393972000,1104,Data,0x211,0x8,0xE4 0x00 0x2A 0x00 0x00 0x00 0x00 0x00,0x0D4D,ACK
5.2396575000,1105,Data,0x343,0x8,0x00 0x00 0x00 0x00 0x00 0x00 0x00 0x00,0x33F5,ACK
5.2548554000,1106,Data,0x100,0x8,0x00 0x4E 0x00 0x40 0x23 0x4F 0x64 0x32,0x4E2C,ACK
5.2748753000,1107,Data,0x100,0x8,0x00 0x4C 0x00 0x40 0x23 0x4F 0x64 0x32,0x6757,ACK
5.2751156000,1108,Data,0x203,0x8,0x03 0x00 0x58 0x00 0x58 0x00 0x00 0x00,0x4AB9,ACK
5.2753618000,1109,Data,0x204,0x8,0x00 0x00 0x00 0x00 0x00 0x00 0x00 0x00,0x79D1,ACK
5.2756181000,1110,Data,0x205,0x8,0x00 0x00 0x00 0x00 0x00 0x00 0x00 0x00,0x72CA,ACK
5.2759343000,1111,Data,0x209,0x8,0x9F 0x27 0x10 0x04 0x90 0x49 0x00 0x00,0x59C2,ACK
5.2761746000,1112,Data,0x20A,0x8,0x00 0x00 0x00 0x00 0x00 0x00 0x00 0x00,0x1B53,ACK
5.2764288000,1113,Data,0x20B,0x8,0xBC 0x02 0x64 0x00 0x01 0xC8 0x00 0x00,0x021C,ACK
5.2766731000,1114,Data,0x20C,0x8,0x00 0xC8 0x2C 0x34 0x1E 0x07 0x00 0x00,0x0CF3,ACK
5.2948571000,1115,Data,0x100,0x8,0x00 0x4B 0x00 0x40 0x23 0x4F 0x64 0x32,0x6AAB,ACK
5.3001914000,1116,Data,0x310,0x8,0xF1 0x0E 0x78 0x05 0x1A 0x02 0x01 0xC8,0x14DD,ACK
5.3029576000,1117,Data,0x311,0x8,0x39 0x1E 0x07 0x3F 0x90 0x01 0x00 0x00,0x66BC,ACK
5.3148556000,1118,Data,0x100,0x8,0x00 0x49 0x00 0x40 0x23 0x4F 0x64 0x32,0x43D0,ACK
5.3348556000,1119,Data,0x100,0x8,0x00 0x46 0x00 0x40 0x23 0x4F 0x64 0x32,0x2E59,ACK
5.3391276000,1120,Data,0x212,0x8,0x52 0x01 0x00 0xC9 0x00 0x00 0x00 0x2A,0x2C4E,ACK
5.3393899000,1121,Data,0x211,0x8,0xE4 0x00 0x2A 0x00 0x00 0x00 0x00 0x00,0x0D4D,ACK
5.3396501000,1122,Data,0x343,0x8,0x00 0x00 0x00 0x00 0x00 0x00 0x00 0x00,0x33F5,ACK
5.3399284000,1123,Data,0x341,0x8,0x00 0x00 0x00 0x00 0x02 0x00 0x00 0x00,0x1833,ACK
5.3401825000,1124,Data,0x342,0x8,0x23 0x00 0x64 0x00 0x00 0xC8 0x16 0x34,0x40B9,ACK
5.3404408000,1125,Data,0x344,0x8,0x00 0x00 0x00 0x03 0x00 0x00 0x00 0x00,0x6F15,ACK
5.3548567000,1126,Data,0x100,0x8,0x00 0x3D 0x00 0x40 0x23 0x4F 0x64 0x32,0x0B7F,ACK
5.3748807000,1127,Data,0x100,0x8,0x00 0x33 0x00 0x40 0x23 0x4F 0x64 0x32,0x1087,ACK
5.3751189000,1128,Data,0x203,0x8,0x03 0x00 0x58 0x00 0x58 0x00 0x00 0x00,0x4AB9,ACK
5.3753652000,1129,Data,0x204,0x8,0x00 0x00 0x00 0x00 0x00 0x00 0x00 0x00,0x79D1,ACK
5.3756234000,1130,Data,0x205,0x8,0x00 0x00 0x00 0x00 0x00 0x00 0x00 0x00,0x72CA,ACK
5.3759317000,1131,Data,0x209,0x8,0x9F 0x27 0x10 0x04 0x90 0x49 0x00 0x00,0x59C2,ACK
5.3761719000,1132,Data,0x20A,0x8,0x00 0x00 0x00 0x00 0x00 0x00 0x00 0x00,0x1B53,ACK
5.3764260000,1133,Data,0x20B,0x8,0xBC 0x02 0x64 0x00 0x01 0xC8 0x00 0x00,0x021C,ACK
5.3766723000,1134,Data,0x20C,0x8,0x00 0xC8 0x2C 0x34 0x1E 0x07 0x00 0x00,0x0CF3,ACK
5.3769225000,1135,Data,0x301,0x8,0x00 0x00 0x00 0x00 0x00 0x00 0x00 0x00,0x7E55,ACK
5.3771788000,1136,Data,0x302,0x2,0x00 0xFF,0x6FC0,ACK
5.3773230000,1137,Data,0x485,0x8,0x22 0x00 0x00 0x00 0x0C 0x02 0x48 0x0C,0x1FCE,ACK
5.3948551000,1138,Data,0x100,0x8,0x00 0x2B 0x00 0x40 0x23 0x4F 0x64 0x32,0x7581,ACK
5.4148429000,1139,Data,0x100,0x8,0x00 0x28 0x00 0x40 0x23 0x4F 0x64 0x32,0x2A8B,ACK
5.4348549000,1140,Data,0x100,0x8,0x00 0x21 0x00 0x40 0x23 0x4F 0x64 0x32,0x3C8F,ACK
5.4391010000,1141,Data,0x212,0x8,0x52 0x01 0x00 0xC9 0x00 0x00 0x00 0x2A,0x2C4E,ACK
5.4393631000,1142,Data,0x211,0x8,0xE4 0x00 0x2A 0x00 0x00 0x00 0x00 0x00,0x0D4D,ACK
5.4396193000,1143,Data,0x343,0x8,0x00 0x00 0x00 0x00 0x00 0x00 0x00 0x00,0x33F5,ACK
5.4548533000,1144,Data,0x100,0x8,0x00 0x19 0x00 0x40 0x23 0x4F 0x64 0x32,0x536F,ACK
5.4747336000,1145,Data,0x501,0x8,0xB4 0xC1 0x83 0x58 0x51 0xE5 0xB2 0x6B,0x057E,ACK
5.4749636000,1146,Data,0x100,0x8,0x00 0x0D 0x00 0x40 0x23 0x4F 0x64 0x32,0x04EA,ACK
5.4752018000,1147,Data,0x203,0x8,0x03 0x00 0x58 0x00 0x58 0x00 0x00 0x00,0x4AB9,ACK
5.4754439000,1148,Data,0x204,0x8,0x00 0x00 0x00 0x00 0x00 0x00 0x00 0x00,0x79D1,ACK
5.4756961000,1149,Data,0x502,0x8,0x32 0xAC 0x86 0x0E 0x1A 0xB9 0x00 0x00,0x0E93,ACK
5.4759301000,1150,Data,0x205,0x8,0x00 0x00 0x00 0x00 0x00 0x00 0x00 0x00,0x72CA,ACK
5.4761803000,1151,Data,0x209,0x8,0x9F 0x27 0x10 0x04 0x90 0x49 0x00 0x00,0x59C2,ACK
5.4764163000,1152,Data,0x20A,0x8,0x00 0x00 0x00 0x00 0x00 0x00 0x00 0x00,0x1B53,ACK
5.4766666000,1153,Data,0x424,0x8,0x33 0x35 0x4D 0x69 0x00 0x00 0x00 0x00,0x0DCE,ACK
5.4769067000,1154,Data,0x20B,0x8,0xBC 0x02 0x64 0x00 0x01 0xC8 0x00 0x00,0x021C,ACK
5.4771468000,1155,Data,0x20C,0x8,0x00 0xC8 0x2C 0x34 0x1E 0x07 0x00 0x00,0x0CF3,ACK
5.4773911000,1156,Data,0x425,0x8,0x01 0x64 0x49 0x58 0x58 0x58 0x01 0xFF,0x04F4,ACK
5.4776273000,1157,Data,0x429,0x8,0x20 0x00 0x00 0x00 0x00 0x00 0x00 0x00,0x7AC7,ACK
5.4778756000,1158,Data,0x420,0x8,0xA8 0x14 0x00 0x00 0x70 0x03 0x00 0x00,0x6BE8,ACK
5.4781198000,1159,Data,0x421,0x8,0x38 0x36 0x31 0x34 0xFB 0x04 0x62 0x04,0x00AE,ACK
5.4783541000,1160,Data,0x422,0x8,0x00 0x00 0x20 0x00 0x15 0x00 0x02 0x00,0x33F1,ACK
5.4786003000,1161,Data,0x423,0x8,0xBC 0x02 0x64 0x00 0x3C 0x00 0x01 0x00,0x500B,ACK
5.4948543000,1162,Data,0x100,0x8,0x00 0x03 0x00 0x40 0x23 0x4F 0x64 0x32,0x1F12,ACK
5.5004443000,1163,Data,0x310,0x8,0xF1 0x0E 0x78 0x05 0x1A 0x02 0x01 0xC8,0x14DD,ACK
5.5032066000,1164,Data,0x311,0x8,0x39 0x1E 0x07 0x3F 0x90 0x01 0x00 0x00,0x66BC,ACK
5.5148426000,1165,Data,0x100,0x8,0x00 0x00 0x00 0x40 0x23 0x4F 0x64 0x32,0x4018,ACK
5.5348526000,1166,Data,0x100,0x8,0x00 0x00 0x00 0x40 0x23 0x4F 0x64 0x32,0x4018,ACK
5.5391426000,1167,Data,0x212,0x8,0x52 0x01 0x00 0xC9 0x00 0x00 0x00 0x2A,0x2C4E,ACK
5.5394009000,1168,Data,0x211,0x8,0xE4 0x00 0x2A 0x00 0x00 0x00 0x00 0x00,0x0D4D,ACK
5.5396611000,1169,Data,0x343,0x8,0x00 0x00 0x00 0x00 0x00 0x00 0x00 0x00,0x33F5,ACK
5.5399434000,1170,Data,0x341,0x8,0x00 0x00 0x00 0x00 0x02 0x00 0x00 0x00,0x1833,ACK
5.5402176000,1171,Data,0x342,0x8,0x23 0x00 0x64 0x00 0x00 0xC8 0x16 0x34,0x40B9,ACK
5.5404779000,1172,Data,0x344,0x8,0x00 0x00 0x00 0x03 0x00 0x00 0x00 0x00,0x6F15,ACK
5.5548539000,1173,Data,0x100,0x8,0x00 0x00 0x00 0x40 0x23 0x4F 0x64 0x32,0x4018,ACK
5.5748797000,1174,Data,0x100,0x8,0x00 0x00 0x00 0x40 0x23 0x4F 0x64 0x32,0x4018,ACK
5.5751240000,1175,Data,0x203,0x8,0x03 0x00 0x58 0x00 0x58 0x00 0x00 0x00,0x4AB9,ACK
5.5753702000,1176,Data,0x204,0x8,0x00 0x00 0x00 0x00 0x00 0x00 0x00 0x00,0x79D1,ACK
5.5756265000,1177,Data,0x205,0x8,0x00 0x00 0x00 0x00 0x00 0x00 0x00 0x00,0x72CA,ACK
5.5759167000,1178,Data,0x209,0x8,0x9F 0x27 0x10 0x04 0x90 0x49 0x00 0x00,0x59C2,ACK
5.5761570000,1179,Data,0x20A,0x8,0x00 0x00 0x00 0x00 0x00 0x00 0x00 0x00,0x1B53,ACK
5.5764112000,1180,Data,0x20B,0x8,0xBC 0x02 0x64 0x00 0x01 0xC8 0x00 0x00,0x021C,ACK
5.5766555000,1181,Data,0x20C,0x8,0x00 0xC4 0x2C 0x34 0x1E 0x07 0x00 0x00,0x3E70,ACK
5.5769037000,1182,Data,0x301,0x8,0x00 0x00 0x00 0x00 0x00 0x00 0x00 0x00,0x7E55,ACK
5.5771600000,1183,Data,0x302,0x2,0x00 0xFF,0x6FC0,ACK
5.5773042000,1184,Data,0x485,0x8,0x22 0x00 0x00 0x00 0x0C 0x02 0x48 0x0C,0x1FCE,ACK
5.5948522000,1185,Data,0x100,0x8,0x00 0x00 0x00 0x40 0x23 0x4F 0x64 0x32,0x4018,ACK
5.6148522000,1186,Data,0x100,0x8,0x00 0x00 0x00 0x40 0x23 0x4F 0x64 0x32,0x4018,ACK
5.6348402000,1187,Data,0x100,0x8,0x00 0x00 0x00 0x40 0x23 0x4F 0x64 0x32,0x4018,ACK
5.6391262000,1188,Data,0x212,0x8,0x52 0x01 0x00 0xC9 0x00 0x00 0x00 0x2A,0x2C4E,ACK
5.6393843000,1189,Data,0x211,0x8,0xE4 0x00 0x2A 0x00 0x00 0x00 0x00 0x00,0x0D4D,ACK
5.6396665000,1190,Data,0x343,0x8,0x00 0x00 0x00 0x00 0x00 0x00 0x00 0x00,0x33F5,ACK
5.6399246000,1191,Data,0x401,0x8,0x00 0x00 0x34 0x00 0x05 0x2B 0x00 0x00,0x3E15,ACK
5.6548505000,1192,Data,0x100,0x8,0x00 0x00 0x00 0x40 0x23 0x4F 0x64 0x32,0x4018,ACK
5.6748704000,1193,Data,0x100,0x8,0x00 0x00 0x00 0x40 0x23 0x4F 0x64 0x32,0x4018,ACK
5.6751147000,1194,Data,0x203,0x8,0x03 0x00 0x58 0x00 0x58 0x00 0x00 0x00,0x4AB9,ACK
5.6753609000,1195,Data,0x204,0x8,0x00 0x00 0x00 0x00 0x00 0x00 0x00 0x00,0x79D1,ACK
5.6756172000,1196,Data,0x205,0x8,0x00 0x00 0x00 0x00 0x00 0x00 0x00 0x00,0x72CA,ACK
5.6759274000,1197,Data,0x209,0x8,0x9F 0x27 0x10 0x04 0x90 0x49 0x00 0x00,0x59C2,ACK
5.6761677000,1198,Data,0x20A,0x8,0x00 0x00 0x00 0x00 0x00 0x00 0x00 0x00,0x1B53,ACK
5.6764219000,1199,Data,0x20B,0x8,0xBC 0x02 0x64 0x00 0x01 0xC8 0x00 0x00,0x021C,ACK
5.6766662000,1200,Data,0x20C,0x8,0x00 0xC4 0x2C 0x34 0x1E 0x07 0x00 0x00,0x3E70,ACK
5.6948522000,1201,Data,0x100,0x8,0x00 0x00 0x00 0x40 0x23 0x4F 0x64 0x32,0x4018,ACK
5.7014963000,1202,Data,0x310,0x8,0xF1 0x0E 0x78 0x05 0x1A 0x02 0x01 0xC8,0x14DD,ACK
5.7042585000,1203,Data,0x311,0x8,0x39 0x1E 0x07 0x3F 0x90 0x01 0x00 0x00,0x66BC,ACK
5.7148506000,1204,Data,0x100,0x8,0x00 0x00 0x00 0x40 0x23 0x4F 0x64 0x32,0x4018,ACK
5.7348506000,1205,Data,0x100,0x8,0x00 0x00 0x00 0x40 0x23 0x4F 0x64 0x32,0x4018,ACK
5.7391086000,1206,Data,0x212,0x8,0x52 0x01 0x00 0xC9 0x00 0x00 0x00 0x2A,0x2C4E,ACK
5.7393469000,1207,Data,0x211,0x8,0xE4 0x00 0x2A 0x00 0x00 0x00 0x00 0x00,0x0D4D,ACK
5.7396051000,1208,Data,0x343,0x8,0x00 0x00 0x00 0x00 0x00 0x00 0x00 0x00,0x33F5,ACK
5.7398654000,1209,Data,0x341,0x8,0x00 0x00 0x00 0x00 0x02 0x00 0x00 0x00,0x1833,ACK
5.7401636000,1210,Data,0x342,0x8,0x23 0x00 0x64 0x00 0x00 0xC4 0x16 0x34,0x5886,ACK
5.7404199000,1211,Data,0x344,0x8,0x00 0x00 0x00 0x03 0x00 0x00 0x00 0x00,0x6F15,ACK
5.7548498000,1212,Data,0x100,0x8,0x00 0x00 0x00 0x40 0x23 0x4F 0x64 0x32,0x4018,ACK
5.7748757000,1213,Data,0x100,0x8,0x00 0x00 0x00 0x40 0x23 0x4F 0x64 0x32,0x4018,ACK
5.7751219000,1214,Data,0x203,0x8,0x03 0x00 0x58 0x00 0x58 0x00 0x00 0x00,0x4AB9,ACK
5.7753702000,1215,Data,0x204,0x8,0x00 0x00 0x00 0x00 0x00 0x00 0x00 0x00,0x79D1,ACK
5.7756264000,1216,Data,0x205,0x8,0x00 0x00 0x00 0x00 0x00 0x00 0x00 0x00,0x72CA,ACK
5.7759267000,1217,Data,0x209,0x8,0x9F 0x27 0x10 0x04 0x90 0x49 0x00 0x00,0x59C2,ACK
5.7761669000,1218,Data,0x20A,0x8,0x00 0x00 0x00 0x00 0x00 0x00 0x00 0x00,0x1B53,ACK
5.7764231000,1219,Data,0x20B,0x8,0xBC 0x02 0x64 0x00 0x01 0xC8 0x00 0x00,0x021C,ACK
5.7766674000,1220,Data,0x20C,0x8,0x00 0xC4 0x2C 0x34 0x1E 0x07 0x00 0x00,0x3E70,ACK
5.7769156000,1221,Data,0x301,0x8,0x00 0x00 0x00 0x00 0x00 0x00 0x00 0x00,0x7E55,ACK
5.7771719000,1222,Data,0x302,0x2,0x00 0xFF,0x6FC0,ACK
5.7773181000,1223,Data,0x485,0x8,0x22 0x00 0x00 0x00 0x0C 0x02 0x48 0x0C,0x1FCE,ACK
5.7948502000,1224,Data,0x100,0x8,0x00 0x00 0x00 0x40 0x23 0x4F 0x64 0x32,0x4018,ACK
5.8148481000,1225,Data,0x100,0x8,0x00 0x00 0x00 0x40 0x23 0x4F 0x64 0x32,0x4018,ACK
5.8348481000,1226,Data,0x100,0x8,0x00 0x00 0x00 0x40 0x23 0x4F 0x64 0x32,0x4018,ACK
5.8391322000,1227,Data,0x212,0x8,0x52 0x01 0x00 0xC9 0x00 0x00 0x00 0x2A,0x2C4E,ACK
5.8393925000,1228,Data,0x211,0x8,0xE4 0x00 0x2A 0x00 0x00 0x00 0x00 0x00,0x0D4D,ACK
5.8396487000,1229,Data,0x343,0x8,0x00 0x00 0x00 0x00 0x00 0x00 0x00 0x00,0x33F5,ACK
5.8548506000,1230,Data,0x100,0x8,0x00 0x00 0x00 0x40 0x23 0x4F 0x64 0x32,0x4018,ACK
5.8748666000,1231,Data,0x100,0x8,0x00 0x00 0x00 0x40 0x23 0x4F 0x64 0x32,0x4018,ACK
5.8751129000,1232,Data,0x203,0x8,0x03 0x00 0x58 0x00 0x58 0x00 0x00 0x00,0x4AB9,ACK
5.8753611000,1233,Data,0x204,0x8,0x00 0x00 0x00 0x00 0x00 0x00 0x00 0x00,0x79D1,ACK
5.8756174000,1234,Data,0x205,0x8,0x00 0x00 0x00 0x00 0x00 0x00 0x00 0x00,0x72CA,ACK
5.8759256000,1235,Data,0x209,0x8,0x9F 0x27 0x10 0x04 0x90 0x49 0x00 0x00,0x59C2,ACK
5.8761659000,1236,Data,0x20A,0x8,0x00 0x00 0x00 0x00 0x00 0x00 0x00 0x00,0x1B53,ACK
5.8764201000,1237,Data,0x20B,0x8,0xBC 0x02 0x64 0x00 0x01 0xC8 0x00 0x00,0x021C,ACK
5.8766644000,1238,Data,0x20C,0x8,0x00 0xC4 0x2C 0x34 0x1E 0x07 0x00 0x00,0x3E70,ACK
5.8948484000,1239,Data,0x100,0x8,0x00 0x00 0x00 0x40 0x23 0x4F 0x64 0x32,0x4018,ACK
5.9024025000,1240,Data,0x310,0x8,0xF1 0x0E 0x78 0x05 0x1A 0x02 0x01 0xC8,0x14DD,ACK
5.9051667000,1241,Data,0x311,0x8,0x39 0x1E 0x07 0x3F 0x90 0x01 0x00 0x00,0x66BC,ACK
5.9148487000,1242,Data,0x100,0x8,0x00 0x00 0x00 0x40 0x23 0x4F 0x64 0x32,0x4018,ACK
5.9348487000,1243,Data,0x100,0x8,0x00 0x00 0x00 0x40 0x23 0x4F 0x64 0x32,0x4018,ACK
5.9391208000,1244,Data,0x212,0x8,0x52 0x01 0x00 0xC9 0x00 0x00 0x00 0x2A,0x2C4E,ACK
5.9393790000,1245,Data,0x211,0x8,0xE4 0x00 0x2A 0x00 0x00 0x00 0x00 0x00,0x0D4D,ACK
5.9396633000,1246,Data,0x343,0x8,0x00 0x00 0x00 0x00 0x00 0x00 0x00 0x00,0x33F5,ACK
5.9399235000,1247,Data,0x341,0x8,0x00 0x00 0x00 0x00 0x02 0x00 0x00 0x00,0x1833,ACK
5.9401938000,1248,Data,0x342,0x8,0x23 0x00 0x64 0x00 0x00 0xC4 0x16 0x34,0x5886,ACK
5.9404320000,1249,Data,0x344,0x8,0x00 0x00 0x00 0x03 0x00 0x00 0x00 0x00,0x6F15,ACK
5.9548460000,1250,Data,0x100,0x8,0x00 0x00 0x00 0x40 0x23 0x4F 0x64 0x32,0x4018,ACK
5.9748760000,1251,Data,0x100,0x8,0x00 0x00 0x00 0x40 0x23 0x4F 0x64 0x32,0x4018,ACK
5.9751201000,1252,Data,0x203,0x8,0x03 0x00 0x58 0x00 0x58 0x00 0x00 0x00,0x4AB9,ACK
5.9753623000,1253,Data,0x425,0x8,0x01 0x64 0x49 0x58 0x58 0x58 0x01 0xFF,0x04F4,ACK
5.9755985000,1254,Data,0x204,0x8,0x00 0x00 0x00 0x00 0x00 0x00 0x00 0x00,0x79D1,ACK
5.9758505000,1255,Data,0x205,0x8,0x00 0x00 0x00 0x00 0x00 0x00 0x00 0x00,0x72CA,ACK
5.9761007000,1256,Data,0x209,0x8,0x9F 0x27 0x10 0x04 0x90 0x49 0x00 0x00,0x59C2,ACK
5.9763368000,1257,Data,0x420,0x8,0xA8 0x14 0x00 0x00 0x70 0x03 0x00 0x00,0x6BE8,ACK
5.9765809000,1258,Data,0x20A,0x8,0x00 0x00 0x00 0x00 0x00 0x00 0x00 0x00,0x1B53,ACK
5.9768311000,1259,Data,0x20B,0x8,0xBC 0x02 0x64 0x00 0x01 0xC8 0x00 0x00,0x021C,ACK
5.9770713000,1260,Data,0x20C,0x8,0x00 0xC4 0x2C 0x34 0x1E 0x07 0x00 0x00,0x3E70,ACK
5.9773196000,1261,Data,0x301,0x8,0x00 0x00 0x00 0x00 0x00 0x00 0x00 0x00,0x7E55,ACK
5.9775758000,1262,Data,0x302,0x2,0x00 0xFF,0x6FC0,ACK
5.9777161000,1263,Data,0x429,0x8,0x20 0x00 0x00 0x00 0x00 0x00 0x00 0x00,0x7AC7,ACK
5.9779642000,1264,Data,0x485,0x8,0x22 0x00 0x00 0x00 0x0C 0x02 0x48 0x0C,0x1FCE,ACK
5.9782043000,1265,Data,0x421,0x8,0x38 0x36 0x31 0x34 0xFB 0x04 0x62 0x04,0x00AE,ACK
5.9784386000,1266,Data,0x422,0x8,0x00 0x00 0x20 0x00 0x15 0x00 0x02 0x00,0x33F1,ACK
5.9788448000,1267,Data,0x423,0x8,0xBC 0x02 0x64 0x00 0x3C 0x00 0x01 0x00,0x500B,ACK
5.9948467000,1268,Data,0x100,0x8,0x00 0x00 0x00 0x40 0x23 0x4F 0x64 0x32,0x4018,ACK
6.0148467000,1269,Data,0x100,0x8,0x00 0x00 0x00 0x40 0x23 0x4F 0x64 0x32,0x4018,ACK
6.0348467000,1270,Data,0x100,0x8,0x00 0x00 0x00 0x40 0x23 0x4F 0x64 0x32,0x4018,ACK
6.0390847000,1271,Data,0x212,0x8,0x52 0x01 0x00 0xC9 0x00 0x00 0x00 0x2A,0x2C4E,ACK
6.0393270000,1272,Data,0x211,0x8,0xE4 0x00 0x2A 0x00 0x00 0x00 0x00 0x00,0x0D4D,ACK
6.0395872000,1273,Data,0x343,0x8,0x00 0x00 0x00 0x00 0x00 0x00 0x00 0x00,0x33F5,ACK
6.0548472000,1274,Data,0x100,0x8,0x00 0x00 0x00 0x40 0x23 0x4F 0x64 0x32,0x4018,ACK
6.0748651000,1275,Data,0x100,0x8,0x00 0x00 0x00 0x40 0x23 0x4F 0x64 0x32,0x4018,ACK
6.0751113000,1276,Data,0x203,0x8,0x03 0x00 0x58 0x00 0x58 0x00 0x00 0x00,0x4AB9,ACK
6.0753575000,1277,Data,0x204,0x8,0x00 0x00 0x00 0x00 0x00 0x00 0x00 0x00,0x79D1,ACK
6.0756138000,1278,Data,0x205,0x8,0x00 0x00 0x00 0x00 0x00 0x00 0x00 0x00,0x72CA,ACK
6.0759220000,1279,Data,0x209,0x8,0x9F 0x27 0x10 0x04 0x90 0x49 0x00 0x00,0x59C2,ACK
6.0761643000,1280,Data,0x20A,0x8,0x00 0x00 0x00 0x00 0x00 0x00 0x00 0x00,0x1B53,ACK
6.0764205000,1281,Data,0x20B,0x8,0xBC 0x02 0x64 0x00 0x01 0xC8 0x00 0x00,0x021C,ACK
6.0766648000,1282,Data,0x20C,0x8,0x00 0xC4 0x2C 0x34 0x1E 0x07 0x00 0x00,0x3E70,ACK
6.0948468000,1283,Data,0x100,0x8,0x00 0x00 0x00 0x40 0x23 0x4F 0x64 0x32,0x4018,ACK
6.1019529000,1284,Data,0x310,0x8,0xF1 0x0E 0x78 0x05 0x1A 0x02 0x01 0xC8,0x14DD,ACK
6.1047012000,1285,Data,0x311,0x8,0x39 0x1E 0x07 0x3F 0x90 0x01 0x00 0x00,0x66BC,ACK
6.1148452000,1286,Data,0x100,0x8,0x00 0x00 0x00 0x40 0x23 0x4F 0x64 0x32,0x4018,ACK
6.1348452000,1287,Data,0x100,0x8,0x00 0x00 0x00 0x40 0x23 0x4F 0x64 0x32,0x4018,ACK
6.1391311000,1288,Data,0x212,0x8,0x52 0x01 0x00 0xC9 0x00 0x00 0x00 0x2A,0x2C4E,ACK
6.1393713000,1289,Data,0x211,0x8,0xE4 0x00 0x2A 0x00 0x00 0x00 0x00 0x00,0x0D4D,ACK
6.1396274000,1290,Data,0x343,0x8,0x00 0x00 0x00 0x00 0x00 0x00 0x00 0x00,0x33F5,ACK
6.1398875000,1291,Data,0x341,0x8,0x00 0x00 0x00 0x00 0x02 0x00 0x00 0x00,0x1833,ACK
6.1401876000,1292,Data,0x342,0x8,0x23 0x00 0x64 0x00 0x00 0xC4 0x16 0x34,0x5886,ACK
6.1404438000,1293,Data,0x344,0x8,0x00 0x00 0x00 0x03 0x00 0x00 0x00 0x00,0x6F15,ACK
6.1407039000,1294,Data,0x401,0x8,0x00 0x00 0x34 0x00 0x05 0x2B 0x00 0x00,0x3E15,ACK
6.1548438000,1295,Data,0x100,0x8,0x00 0x00 0x00 0x40 0x23 0x4F 0x64 0x32,0x4018,ACK
6.1748858000,1296,Data,0x100,0x8,0x00 0x00 0x00 0x40 0x23 0x4F 0x64 0x32,0x4018,ACK
6.1751320000,1297,Data,0x203,0x8,0x03 0x00 0x58 0x00 0x58 0x00 0x00 0x00,0x4AB9,ACK
6.1753803000,1298,Data,0x204,0x8,0x00 0x00 0x00 0x00 0x00 0x00 0x00 0x00,0x79D1,ACK
6.1756365000,1299,Data,0x205,0x8,0x00 0x00 0x00 0x00 0x00 0x00 0x00 0x00,0x72CA,ACK
6.1759228000,1300,Data,0x209,0x8,0x9F 0x27 0x10 0x04 0x90 0x49 0x00 0x00,0x59C2,ACK
6.1761630000,1301,Data,0x20A,0x8,0x00 0x00 0x00 0x00 0x00 0x00 0x00 0x00,0x1B53,ACK
6.1764192000,1302,Data,0x20B,0x8,0xBC 0x02 0x64 0x00 0x01 0xC8 0x00 0x00,0x021C,ACK
6.1766635000,1303,Data,0x20C,0x8,0x00 0xC4 0x2C 0x34 0x1E 0x07 0x00 0x00,0x3E70,ACK
6.1769117000,1304,Data,0x301,0x8,0x00 0x00 0x00 0x00 0x00 0x00 0x00 0x00,0x7E55,ACK
6.1771680000,1305,Data,0x302,0x2,0x00 0xFF,0x6FC0,ACK
6.1773142000,1306,Data,0x485,0x8,0x22 0x00 0x00 0x00 0x0C 0x02 0x48 0x0C,0x1FCE,ACK
6.1775585000,1307,Data,0x480,0x8,0x00 0x00 0x05 0x00 0x20 0x00 0x00 0x00,0x4ADA,ACK
6.1778107000,1308,Data,0x481,0x8,0x50 0x0A 0x40 0x08 0x00 0x00 0x00 0x00,0x46C7,ACK
6.1780610000,1309,Data,0x482,0x8,0x52 0x01 0x02 0x00 0x00 0x00 0x00 0x00,0x36EA,ACK
6.1783092000,1310,Data,0x483,0x8,0x31 0x4B 0x31 0x55 0x41 0x32 0x35 0x35,0x717E,ACK
6.1785433000,1311,Data,0x484,0x8,0x31 0x50 0x33 0x39 0x36 0x35 0x00 0x00,0x0196,ACK
6.1948454000,1312,Data,0x100,0x8,0x00 0x00 0x00 0x40 0x23 0x4F 0x64 0x32,0x4018,ACK
6.2148454000,1313,Data,0x100,0x8,0x00 0x00 0x00 0x40 0x23 0x4F 0x64 0x32,0x4018,ACK
6.2348434000,1314,Data,0x100,0x8,0x00 0x00 0x00 0x40 0x23 0x4F 0x64 0x32,0x4018,ACK
6.2390915000,1315,Data,0x212,0x8,0x52 0x01 0x00 0xC9 0x00 0x00 0x00 0x2A,0x2C4E,ACK
6.2393517000,1316,Data,0x211,0x8,0xE4 0x00 0x2A 0x00 0x00 0x00 0x00 0x00,0x0D4D,ACK
6.2396120000,1317,Data,0x343,0x8,0x00 0x00 0x00 0x00 0x00 0x00 0x00 0x00,0x33F5,ACK
6.2548439000,1318,Data,0x100,0x8,0x00 0x00 0x00 0x40 0x23 0x4F 0x64 0x32,0x4018,ACK
6.2748639000,1319,Data,0x100,0x8,0x00 0x00 0x00 0x40 0x23 0x4F 0x64 0x32,0x4018,ACK
6.2751081000,1320,Data,0x203,0x8,0x03 0x00 0x58 0x00 0x58 0x00 0x00 0x00,0x4AB9,ACK
6.2753543000,1321,Data,0x204,0x8,0x00 0x00 0x00 0x00 0x00 0x00 0x00 0x00,0x79D1,ACK
6.2756106000,1322,Data,0x205,0x8,0x00 0x00 0x00 0x00 0x00 0x00 0x00 0x00,0x72CA,ACK
6.2759228000,1323,Data,0x209,0x8,0x9F 0x27 0x10 0x04 0x90 0x49 0x00 0x00,0x59C2,ACK
6.2761651000,1324,Data,0x20A,0x8,0x00 0x00 0x00 0x00 0x00 0x00 0x00 0x00,0x1B53,ACK
6.2764213000,1325,Data,0x20B,0x8,0xBC 0x02 0x64 0x00 0x01 0xC8 0x00 0x00,0x021C,ACK
6.2766656000,1326,Data,0x20C,0x8,0x00 0xC4 0x2C 0x34 0x1E 0x07 0x00 0x00,0x3E70,ACK
6.2948416000,1327,Data,0x100,0x8,0x00 0x00 0x00 0x40 0x23 0x4F 0x64 0x32,0x4018,ACK
6.3032779000,1328,Data,0x310,0x8,0xF1 0x0E 0x78 0x05 0x1A 0x02 0x01 0xC8,0x14DD,ACK
6.3060441000,1329,Data,0x311,0x8,0x39 0x1E 0x07 0x3F 0x90 0x01 0x00 0x00,0x66BC,ACK
6.3148442000,1330,Data,0x100,0x8,0x00 0x00 0x00 0x40 0x23 0x4F 0x64 0x32,0x4018,ACK
6.3348442000,1331,Data,0x100,0x8,0x00 0x00 0x00 0x40 0x23 0x4F 0x64 0x32,0x4018,ACK
6.3391263000,1332,Data,0x212,0x8,0x52 0x01 0x00 0xC9 0x00 0x00 0x00 0x2A,0x2C4E,ACK
6.3393845000,1333,Data,0x211,0x8,0xE4 0x00 0x2A 0x00 0x00 0x00 0x00 0x00,0x0D4D,ACK
6.3396448000,1334,Data,0x343,0x8,0x00 0x00 0x00 0x00 0x00 0x00 0x00 0x00,0x33F5,ACK
6.3399010000,1335,Data,0x341,0x8,0x00 0x00 0x00 0x00 0x02 0x00 0x00 0x00,0x1833,ACK
6.3402013000,1336,Data,0x342,0x8,0x23 0x00 0x64 0x00 0x00 0xC4 0x16 0x34,0x5886,ACK
6.3404615000,1337,Data,0x344,0x8,0x00 0x00 0x00 0x03 0x00 0x00 0x00 0x00,0x6F15,ACK
6.3548415000,1338,Data,0x100,0x8,0x00 0x00 0x00 0x40 0x23 0x4F 0x64 0x32,0x4018,ACK
6.3748694000,1339,Data,0x100,0x8,0x00 0x00 0x00 0x40 0x23 0x4F 0x64 0x32,0x4018,ACK
6.3751157000,1340,Data,0x203,0x8,0x03 0x00 0x58 0x00 0x58 0x00 0x00 0x00,0x4AB9,ACK
6.3753639000,1341,Data,0x204,0x8,0x00 0x00 0x00 0x00 0x00 0x00 0x00 0x00,0x79D1,ACK
6.3756202000,1342,Data,0x205,0x8,0x00 0x00 0x00 0x00 0x00 0x00 0x00 0x00,0x72CA,ACK
6.3759204000,1343,Data,0x209,0x8,0x9F 0x27 0x10 0x04 0x90 0x49 0x00 0x00,0x59C2,ACK
6.3761607000,1344,Data,0x20A,0x8,0x00 0x00 0x00 0x00 0x00 0x00 0x00 0x00,0x1B53,ACK
6.3764169000,1345,Data,0x20B,0x8,0xBC 0x02 0x64 0x00 0x01 0xC8 0x00 0x00,0x021C,ACK
6.3766612000,1346,Data,0x20C,0x8,0x00 0xC4 0x2C 0x34 0x1E 0x07 0x00 0x00,0x3E70,ACK
6.3769093000,1347,Data,0x301,0x8,0x00 0x00 0x00 0x00 0x00 0x00 0x00 0x00,0x7E55,ACK
6.3771655000,1348,Data,0x302,0x2,0x00 0xFF,0x6FC0,ACK
6.3773118000,1349,Data,0x485,0x8,0x22 0x00 0x00 0x00 0x0C 0x02 0x48 0x0C,0x1FCE,ACK
6.3948418000,1350,Data,0x100,0x8,0x00 0x00 0x00 0x40 0x23 0x4F 0x64 0x32,0x4018,ACK
6.4148418000,1351,Data,0x100,0x8,0x00 0x00 0x00 0x40 0x23 0x4F 0x64 0x32,0x4018,ACK
6.4348398000,1352,Data,0x100,0x8,0x00 0x00 0x00 0x40 0x23 0x4F 0x64 0x32,0x4018,ACK
6.4391158000,1353,Data,0x212,0x8,0x52 0x01 0x00 0xC9 0x00 0x00 0x00 0x2A,0x2C4E,ACK
6.4393781000,1354,Data,0x211,0x8,0xE4 0x00 0x2A 0x00 0x00 0x00 0x00 0x00,0x0D4D,ACK
6.4396383000,1355,Data,0x343,0x8,0x00 0x00 0x00 0x00 0x00 0x00 0x00 0x00,0x33F5,ACK
6.4548423000,1356,Data,0x100,0x8,0x00 0x00 0x00 0x40 0x23 0x4F 0x64 0x32,0x4018,ACK
6.4748583000,1357,Data,0x100,0x8,0x00 0x00 0x00 0x40 0x23 0x4F 0x64 0x32,0x4018,ACK
6.4751025000,1358,Data,0x203,0x8,0x03 0x00 0x58 0x00 0x58 0x00 0x00 0x00,0x4AB9,ACK
6.4753448000,1359,Data,0x500,0x8,0x48 0x48 0x49 0xFF 0x48 0x48 0x48 0xFF,0x3C42,ACK
6.4755749000,1360,Data,0x204,0x8,0x00 0x00 0x00 0x00 0x00 0x00 0x00 0x00,0x79D1,ACK
6.4758271000,1361,Data,0x205,0x8,0x00 0x00 0x00 0x00 0x00 0x00 0x00 0x00,0x72CA,ACK
6.4760774000,1362,Data,0x209,0x8,0x9F 0x27 0x10 0x04 0x90 0x49 0x00 0x00,0x59C2,ACK
6.4763136000,1363,Data,0x424,0x8,0x34 0x35 0x4D 0x69 0x00 0x00 0x00 0x00,0x236C,ACK
6.4765516000,1364,Data,0x20A,0x8,0x00 0x00 0x00 0x00 0x00 0x00 0x00 0x00,0x1B53,ACK
6.4768018000,1365,Data,0x20B,0x8,0xBC 0x02 0x64 0x00 0x01 0xC8 0x00 0x00,0x021C,ACK
6.4770421000,1366,Data,0x20C,0x8,0x00 0xC4 0x2C 0x34 0x1E 0x07 0x00 0x00,0x3E70,ACK
6.4772863000,1367,Data,0x425,0x8,0x01 0x64 0x49 0x58 0x58 0x58 0x01 0xFF,0x04F4,ACK
6.4775226000,1368,Data,0x420,0x8,0xA8 0x14 0xFA 0xFF 0x70 0x03 0x00 0x00,0x0203,ACK
6.4787068000,1369,Data,0x429,0x8,0x20 0x00 0x00 0x00 0x00 0x00 0x00 0x00,0x7AC7,ACK
6.4791051000,1370,Data,0x421,0x8,0x38 0x36 0x31 0x34 0xFB 0x04 0x62 0x04,0x00AE,ACK
6.4794973000,1371,Data,0x422,0x8,0x00 0x00 0x20 0x00 0x15 0x00 0x02 0x00,0x33F1,ACK
6.4798996000,1372,Data,0x423,0x8,0xBC 0x02 0x64 0x00 0x3C 0x00 0x01 0x00,0x500B,ACK
6.4948395000,1373,Data,0x100,0x8,0x00 0x00 0x00 0x40 0x23 0x4F 0x64 0x32,0x4018,ACK
6.5039956000,1374,Data,0x310,0x8,0xF1 0x0E 0x78 0x05 0x1A 0x02 0x01 0xC8,0x14DD,ACK
6.5067618000,1375,Data,0x311,0x8,0x39 0x1E 0x07 0x3F 0x90 0x01 0x00 0x00,0x66BC,ACK
6.5148419000,1376,Data,0x100,0x8,0x00 0x00 0x00 0x40 0x23 0x4F 0x64 0x32,0x4018,ACK
6.5348279000,1377,Data,0x100,0x8,0x00 0x00 0x00 0x40 0x23 0x4F 0x64 0x32,0x4018,ACK
6.5391039000,1378,Data,0x212,0x8,0x52 0x01 0x00 0xC9 0x00 0x00 0x00 0x2A,0x2C4E,ACK
6.5393661000,1379,Data,0x211,0x8,0xE4 0x00 0x2A 0x00 0x00 0x00 0x00 0x00,0x0D4D,ACK
6.5396444000,1380,Data,0x343,0x8,0x00 0x00 0x00 0x00 0x00 0x00 0x00 0x00,0x33F5,ACK
6.5399066000,1381,Data,0x341,0x8,0x00 0x00 0x00 0x00 0x02 0x00 0x00 0x00,0x1833,ACK
6.5401769000,1382,Data,0x342,0x8,0x23 0x00 0x64 0x00 0x00 0xC4 0x16 0x34,0x5886,ACK
6.5404151000,1383,Data,0x344,0x8,0x00 0x00 0x00 0x03 0x00 0x00 0x00 0x00,0x6F15,ACK
6.5548411000,1384,Data,0x100,0x8,0x00 0x00 0x00 0x40 0x23 0x4F 0x64 0x32,0x4018,ACK
6.5748670000,1385,Data,0x100,0x8,0x00 0x00 0x00 0x40 0x23 0x4F 0x64 0x32,0x4018,ACK
6.5751112000,1386,Data,0x203,0x8,0x03 0x00 0x58 0x00 0x58 0x00 0x00 0x00,0x4AB9,ACK
6.5753575000,1387,Data,0x204,0x8,0x00 0x00 0x00 0x00 0x00 0x00 0x00 0x00,0x79D1,ACK
6.5756137000,1388,Data,0x205,0x8,0x00 0x00 0x00 0x00 0x00 0x00 0x00 0x00,0x72CA,ACK
6.5759160000,1389,Data,0x209,0x8,0x9F 0x27 0x10 0x04 0x90 0x49 0x00 0x00,0x59C2,ACK
6.5761562000,1390,Data,0x20A,0x8,0x00 0x00 0x00 0x00 0x00 0x00 0x00 0x00,0x1B53,ACK
6.5764105000,1391,Data,0x20B,0x8,0xBC 0x02 0x64 0x00 0x01 0xC8 0x00 0x00,0x021C,ACK
6.5766547000,1392,Data,0x20C,0x8,0x00 0xC4 0x2C 0x34 0x1E 0x07 0x00 0x00,0x3E70,ACK
6.5769030000,1393,Data,0x301,0x8,0x00 0x00 0x00 0x00 0x00 0x00 0x00 0x00,0x7E55,ACK
6.5771592000,1394,Data,0x302,0x2,0x00 0xFF,0x6FC0,ACK
6.5773055000,1395,Data,0x485,0x8,0x22 0x00 0x00 0x00 0x0C 0x02 0x48 0x0C,0x1FCE,ACK
6.5948395000,1396,Data,0x100,0x8,0x00 0x00 0x00 0x40 0x23 0x4F 0x64 0x32,0x4018,ACK
6.6148375000,1397,Data,0x100,0x8,0x00 0x00 0x00 0x40 0x23 0x4F 0x64 0x32,0x4018,ACK
6.6348395000,1398,Data,0x100,0x8,0x00 0x00 0x00 0x40 0x23 0x4F 0x64 0x32,0x4018,ACK
6.6391195000,1399,Data,0x212,0x8,0x52 0x01 0x00 0xC9 0x00 0x00 0x00 0x2A,0x2C4E,ACK
6.6393776000,1400,Data,0x211,0x8,0xE4 0x00 0x2A 0x00 0x00 0x00 0x00 0x00,0x0D4D,ACK
6.6396377000,1401,Data,0x343,0x8,0x00 0x00 0x00 0x00 0x00 0x00 0x00 0x00,0x33F5,ACK
6.6398998000,1402,Data,0x401,0x8,0x00 0x00 0x34 0x00 0x05 0x2B 0x00 0x00,0x3E15,ACK
6.6548377000,1403,Data,0x100,0x8,0x00 0x00 0x00 0x40 0x23 0x4F 0x64 0x32,0x4018,ACK
6.6748577000,1404,Data,0x100,0x8,0x00 0x00 0x00 0x40 0x23 0x4F 0x64 0x32,0x4018,ACK
6.6751018000,1405,Data,0x203,0x8,0x03 0x00 0x58 0x00 0x58 0x00 0x00 0x00,0x4AB9,ACK
6.6753481000,1406,Data,0x204,0x8,0x00 0x00 0x00 0x00 0x00 0x00 0x00 0x00,0x79D1,ACK
6.6756043000,1407,Data,0x205,0x8,0x00 0x00 0x00 0x00 0x00 0x00 0x00 0x00,0x72CA,ACK
6.6759166000,1408,Data,0x209,0x8,0x9F 0x27 0x10 0x04 0x90 0x49 0x00 0x00,0x59C2,ACK
6.6761588000,1409,Data,0x20A,0x8,0x00 0x00 0x00 0x00 0x00 0x00 0x00 0x00,0x1B53,ACK
6.6764131000,1410,Data,0x20B,0x8,0xBC 0x02 0x64 0x00 0x01 0xC8 0x00 0x00,0x021C,ACK
6.6766573000,1411,Data,0x20C,0x8,0x00 0xC4 0x2C 0x34 0x1E 0x07 0x00 0x00,0x3E70,ACK
6.6948393000,1412,Data,0x100,0x8,0x00 0x00 0x00 0x40 0x23 0x4F 0x64 0x32,0x4018,ACK
6.7041895000,1413,Data,0x310,0x8,0xF1 0x0E 0x78 0x05 0x1A 0x02 0x01 0xC8,0x14DD,ACK
6.7069558000,1414,Data,0x311,0x8,0x39 0x1E 0x07 0x3F 0x90 0x01 0x00 0x00,0x66BC,ACK
6.7148378000,1415,Data,0x100,0x8,0x00 0x00 0x00 0x40 0x23 0x4F 0x64 0x32,0x4018,ACK
6.7348377000,1416,Data,0x100,0x8,0x00 0x00 0x00 0x40 0x23 0x4F 0x64 0x32,0x4018,ACK
6.7391038000,1417,Data,0x212,0x8,0x52 0x01 0x00 0xC9 0x00 0x00 0x00 0x2A,0x2C4E,ACK
6.7393639000,1418,Data,0x211,0x8,0xE4 0x00 0x2A 0x00 0x00 0x00 0x00 0x00,0x0D4D,ACK
6.7396261000,1419,Data,0x343,0x8,0x00 0x00 0x00 0x00 0x00 0x00 0x00 0x00,0x33F5,ACK
6.7398824000,1420,Data,0x341,0x8,0x00 0x00 0x00 0x00 0x02 0x00 0x00 0x00,0x1833,ACK
6.7401566000,1421,Data,0x342,0x8,0x23 0x00 0x64 0x00 0x00 0xC4 0x16 0x34,0x5886,ACK
6.7404149000,1422,Data,0x344,0x8,0x00 0x00 0x00 0x03 0x00 0x00 0x00 0x00,0x6F15,ACK
6.7548368000,1423,Data,0x100,0x8,0x00 0x00 0x00 0x40 0x23 0x4F 0x64 0x32,0x4018,ACK
6.7748648000,1424,Data,0x100,0x8,0x00 0x00 0x00 0x40 0x23 0x4F 0x64 0x32,0x4018,ACK
6.7751110000,1425,Data,0x203,0x8,0x03 0x00 0x58 0x00 0x58 0x00 0x00 0x00,0x4AB9,ACK
6.7753573000,1426,Data,0x204,0x8,0x00 0x00 0x00 0x00 0x00 0x00 0x00 0x00,0x79D1,ACK
6.7756135000,1427,Data,0x205,0x8,0x00 0x00 0x00 0x00 0x00 0x00 0x00 0x00,0x72CA,ACK
6.7759138000,1428,Data,0x209,0x8,0x9F 0x27 0x10 0x04 0x90 0x49 0x00 0x00,0x59C2,ACK
6.7761540000,1429,Data,0x20A,0x8,0x00 0x00 0x00 0x00 0x00 0x00 0x00 0x00,0x1B53,ACK
6.7764083000,1430,Data,0x20B,0x8,0xBC 0x02 0x64 0x00 0x01 0xC8 0x00 0x00,0x021C,ACK
6.7766525000,1431,Data,0x20C,0x8,0x00 0xC4 0x2C 0x34 0x1E 0x07 0x00 0x00,0x3E70,ACK
6.7769008000,1432,Data,0x301,0x8,0x00 0x00 0x00 0x00 0x00 0x00 0x00 0x00,0x7E55,ACK
6.7771570000,1433,Data,0x302,0x2,0x00 0xFF,0x6FC0,ACK
6.7773013000,1434,Data,0x485,0x8,0x22 0x00 0x00 0x00 0x0C 0x02 0x48 0x0C,0x1FCE,ACK
6.7948253000,1435,Data,0x100,0x8,0x00 0x00 0x00 0x40 0x23 0x4F 0x64 0x32,0x4018,ACK
6.8148353000,1436,Data,0x100,0x8,0x00 0x00 0x00 0x40 0x23 0x4F 0x64 0x32,0x4018,ACK
6.8348353000,1437,Data,0x100,0x8,0x00 0x00 0x00 0x40 0x23 0x4F 0x64 0x32,0x4018,ACK
6.8390813000,1438,Data,0x212,0x8,0x52 0x01 0x00 0xC9 0x00 0x00 0x00 0x2A,0x2C4E,ACK
6.8393436000,1439,Data,0x211,0x8,0xE4 0x00 0x2A 0x00 0x00 0x00 0x00 0x00,0x0D4D,ACK
6.8395998000,1440,Data,0x343,0x8,0x00 0x00 0x00 0x00 0x00 0x00 0x00 0x00,0x33F5,ACK
6.8548358000,1441,Data,0x100,0x8,0x00 0x00 0x00 0x40 0x23 0x4F 0x64 0x32,0x4018,ACK
6.8748558000,1442,Data,0x100,0x8,0x00 0x00 0x00 0x40 0x23 0x4F 0x64 0x32,0x4018,ACK
6.8751020000,1443,Data,0x203,0x8,0x03 0x00 0x58 0x00 0x58 0x00 0x00 0x00,0x4AB9,ACK
6.8753502000,1444,Data,0x204,0x8,0x00 0x00 0x00 0x00 0x00 0x00 0x00 0x00,0x79D1,ACK
6.8756065000,1445,Data,0x205,0x8,0x00 0x00 0x00 0x00 0x00 0x00 0x00 0x00,0x72CA,ACK
6.8759107000,1446,Data,0x209,0x8,0x9F 0x27 0x10 0x04 0x90 0x49 0x00 0x00,0x59C2,ACK
6.8761510000,1447,Data,0x20A,0x8,0x00 0x00 0x00 0x00 0x00 0x00 0x00 0x00,0x1B53,ACK
6.8764052000,1448,Data,0x20B,0x8,0xBC 0x02 0x64 0x00 0x01 0xC8 0x00 0x00,0x021C,ACK
6.8766515000,1449,Data,0x20C,0x8,0x00 0xC4 0x2C 0x34 0x1E 0x07 0x00 0x00,0x3E70,ACK
6.8948355000,1450,Data,0x100,0x8,0x00 0x00 0x00 0x40 0x23 0x4F 0x64 0x32,0x4018,ACK
6.9049017000,1451,Data,0x310,0x8,0xF1 0x0E 0x78 0x05 0x1A 0x02 0x01 0xC8,0x14DD,ACK
6.9076500000,1452,Data,0x311,0x8,0x39 0x1E 0x07 0x3F 0x90 0x01 0x00 0x00,0x66BC,ACK
6.9148360000,1453,Data,0x100,0x8,0x00 0x00 0x00 0x40 0x23 0x4F 0x64 0x32,0x4018,ACK
6.9348360000,1454,Data,0x100,0x8,0x00 0x00 0x00 0x40 0x23 0x4F 0x64 0x32,0x4018,ACK
6.9391140000,1455,Data,0x212,0x8,0x52 0x01 0x00 0xC9 0x00 0x00 0x00 0x2A,0x2C4E,ACK
6.9393763000,1456,Data,0x211,0x8,0xE4 0x00 0x2A 0x00 0x00 0x00 0x00 0x00,0x0D4D,ACK
6.9396325000,1457,Data,0x343,0x8,0x00 0x00 0x00 0x00 0x00 0x00 0x00 0x00,0x33F5,ACK
6.9398928000,1458,Data,0x341,0x8,0x00 0x00 0x00 0x00 0x02 0x00 0x00 0x00,0x1833,ACK
6.9401890000,1459,Data,0x342,0x8,0x23 0x00 0x64 0x00 0x00 0xC4 0x16 0x34,0x5886,ACK
6.9404493000,1460,Data,0x344,0x8,0x00 0x00 0x00 0x03 0x00 0x00 0x00 0x00,0x6F15,ACK
6.9548352000,1461,Data,0x100,0x8,0x00 0x00 0x00 0x40 0x23 0x4F 0x64 0x32,0x4018,ACK
6.9748611000,1462,Data,0x100,0x8,0x00 0x00 0x00 0x40 0x23 0x4F 0x64 0x32,0x4018,ACK
6.9751053000,1463,Data,0x203,0x8,0x03 0x00 0x58 0x00 0x58 0x00 0x00 0x00,0x4AB9,ACK
6.9753516000,1464,Data,0x204,0x8,0x00 0x00 0x00 0x00 0x00 0x00 0x00 0x00,0x79D1,ACK
6.9756078000,1465,Data,0x205,0x8,0x00 0x00 0x00 0x00 0x00 0x00 0x00 0x00,0x72CA,ACK
6.9759121000,1466,Data,0x209,0x8,0x9F 0x27 0x10 0x04 0x90 0x49 0x00 0x00,0x59C2,ACK
6.9761523000,1467,Data,0x20A,0x8,0x00 0x00 0x00 0x00 0x00 0x00 0x00 0x00,0x1B53,ACK
6.9764066000,1468,Data,0x20B,0x8,0xBC 0x02 0x64 0x00 0x01 0xC8 0x00 0x00,0x021C,ACK
6.9766508000,1469,Data,0x20C,0x8,0x00 0xC4 0x2C 0x34 0x1E 0x07 0x00 0x00,0x3E70,ACK
6.9768991000,1470,Data,0x301,0x8,0x00 0x00 0x00 0x00 0x00 0x00 0x00 0x00,0x7E55,ACK
6.9771553000,1471,Data,0x302,0x2,0x00 0xFF,0x6FC0,ACK
6.9772956000,1472,Data,0x425,0x8,0x01 0x64 0x49 0x58 0x58 0x58 0x01 0xFF,0x04F4,ACK
6.9775317000,1473,Data,0x485,0x8,0x22 0x00 0x00 0x00 0x0C 0x02 0x48 0x0C,0x1FCE,ACK
6.9777718000,1474,Data,0x420,0x8,0xA8 0x14 0xF8 0xFF 0x70 0x03 0x00 0x00,0x3E5B,ACK
6.9795281000,1475,Data,0x429,0x8,0x20 0x00 0x00 0x00 0x00 0x00 0x00 0x00,0x7AC7,ACK
6.9799303000,1476,Data,0x421,0x8,0x38 0x36 0x31 0x34 0xFB 0x04 0x62 0x04,0x00AE,ACK
6.9803226000,1477,Data,0x422,0x8,0x00 0x00 0x20 0x00 0x15 0x00 0x02 0x00,0x33F1,ACK
6.9807088000,1478,Data,0x423,0x8,0xBC 0x02 0x64 0x00 0x3C 0x00 0x01 0x00,0x500B,ACK
6.9948327000,1479,Data,0x100,0x8,0x00 0x00 0x00 0x40 0x23 0x4F 0x64 0x32,0x4018,ACK
7.0148347000,1480,Data,0x100,0x8,0x00 0x00 0x00 0x40 0x23 0x4F 0x64 0x32,0x4018,ACK
7.0348347000,1481,Data,0x100,0x8,0x00 0x00 0x00 0x40 0x23 0x4F 0x64 0x32,0x4018,ACK
7.0391067000,1482,Data,0x212,0x8,0x52 0x01 0x00 0xC9 0x00 0x00 0x00 0x2A,0x2C4E,ACK
7.0393630000,1483,Data,0x211,0x8,0xE4 0x00 0x2A 0x00 0x00 0x00 0x00 0x00,0x0D4D,ACK
7.0396232000,1484,Data,0x343,0x8,0x00 0x00 0x00 0x00 0x00 0x00 0x00 0x00,0x33F5,ACK
7.0548332000,1485,Data,0x100,0x8,0x00 0x00 0x00 0x40 0x23 0x4F 0x64 0x32,0x4018,ACK
7.0748531000,1486,Data,0x100,0x8,0x00 0x00 0x00 0x40 0x23 0x4F 0x64 0x32,0x4018,ACK
7.0750993000,1487,Data,0x203,0x8,0x03 0x00 0x58 0x00 0x58 0x00 0x00 0x00,0x4AB9,ACK
7.0753476000,1488,Data,0x204,0x8,0x00 0x00 0x00 0x00 0x00 0x00 0x00 0x00,0x79D1,ACK
7.0756038000,1489,Data,0x205,0x8,0x00 0x00 0x00 0x00 0x00 0x00 0x00 0x00,0x72CA,ACK
7.0759080000,1490,Data,0x209,0x8,0x9F 0x27 0x10 0x04 0x90 0x49 0x00 0x00,0x59C2,ACK
7.0761483000,1491,Data,0x20A,0x8,0x00 0x00 0x00 0x00 0x00 0x00 0x00 0x00,0x1B53,ACK
7.0764025000,1492,Data,0x20B,0x8,0xBC 0x02 0x64 0x00 0x01 0xC8 0x00 0x00,0x021C,ACK
7.0766488000,1493,Data,0x20C,0x8,0x00 0xC4 0x2C 0x34 0x1E 0x07 0x00 0x00,0x3E70,ACK
7.0948328000,1494,Data,0x100,0x8,0x00 0x00 0x00 0x40 0x23 0x4F 0x64 0x32,0x4018,ACK
7.1057569000,1495,Data,0x310,0x8,0xF1 0x0E 0x78 0x05 0x1A 0x02 0x01 0xC8,0x14DD,ACK
7.1148329000,1496,Data,0x100,0x8,0x00 0x00 0x00 0x40 0x23 0x4F 0x64 0x32,0x4018,ACK
7.1348209000,1497,Data,0x100,0x8,0x00 0x00 0x00 0x40 0x23 0x4F 0x64 0x32,0x4018,ACK
7.1390889000,1498,Data,0x212,0x8,0x52 0x01 0x00 0xC9 0x00 0x00 0x00 0x2A,0x2C4E,ACK
7.1393730000,1499,Data,0x211,0x8,0xE4 0x00 0x2A 0x00 0x00 0x00 0x00 0x00,0x0D4D,ACK
7.1396333000,1500,Data,0x343,0x8,0x00 0x00 0x00 0x00 0x00 0x00 0x00 0x00,0x33F5,ACK
7.1398895000,1501,Data,0x341,0x8,0x00 0x00 0x00 0x00 0x02 0x00 0x00 0x00,0x1833,ACK
7.1401878000,1502,Data,0x342,0x8,0x23 0x00 0x64 0x00 0x00 0xC4 0x16 0x34,0x5886,ACK
7.1404460000,1503,Data,0x344,0x8,0x00 0x00 0x00 0x03 0x00 0x00 0x00 0x00,0x6F15,ACK
7.1407042000,1504,Data,0x401,0x8,0x00 0x00 0x34 0x00 0x05 0x2B 0x00 0x00,0x3E15,ACK
7.1548321000,1505,Data,0x100,0x8,0x00 0x00 0x00 0x40 0x23 0x4F 0x64 0x32,0x4018,ACK
7.1593983000,1506,Data,0x311,0x8,0x39 0x1E 0x07 0x3F 0x90 0x01 0x00 0x00,0x66BC,ACK
7.1748721000,1507,Data,0x100,0x8,0x00 0x00 0x00 0x40 0x23 0x4F 0x64 0x32,0x4018,ACK
7.1751164000,1508,Data,0x203,0x8,0x03 0x00 0x58 0x00 0x58 0x00 0x00 0x00,0x4AB9,ACK
7.1753626000,1509,Data,0x204,0x8,0x00 0x00 0x00 0x00 0x00 0x00 0x00 0x00,0x79D1,ACK
7.1756189000,1510,Data,0x205,0x8,0x00 0x00 0x00 0x00 0x00 0x00 0x00 0x00,0x72CA,ACK
7.1759091000,1511,Data,0x209,0x8,0x9F 0x27 0x10 0x04 0x90 0x49 0x00 0x00,0x59C2,ACK
7.1761494000,1512,Data,0x20A,0x8,0x00 0x00 0x00 0x00 0x00 0x00 0x00 0x00,0x1B53,ACK
7.1764036000,1513,Data,0x20B,0x8,0xBC 0x02 0x64 0x00 0x01 0xC8 0x00 0x00,0x021C,ACK
7.1766479000,1514,Data,0x20C,0x8,0x00 0xC4 0x2C 0x34 0x1E 0x07 0x00 0x00,0x3E70,ACK
7.1768961000,1515,Data,0x301,0x8,0x00 0x00 0x00 0x00 0x00 0x00 0x00 0x00,0x7E55,ACK
7.1771524000,1516,Data,0x302,0x2,0x00 0xFF,0x6FC0,ACK
7.1772986000,1517,Data,0x485,0x8,0x22 0x00 0x00 0x00 0x0C 0x02 0x48 0x0C,0x1FCE,ACK
7.1775449000,1518,Data,0x480,0x8,0x00 0x00 0x05 0x00 0x20 0x00 0x00 0x00,0x4ADA,ACK
7.1777971000,1519,Data,0x481,0x8,0x50 0x0A 0x40 0x08 0x00 0x00 0x00 0x00,0x46C7,ACK
7.1780454000,1520,Data,0x482,0x8,0x52 0x01 0x02 0x00 0x00 0x00 0x00 0x00,0x36EA,ACK
7.1782956000,1521,Data,0x483,0x8,0x31 0x4B 0x31 0x55 0x41 0x32 0x35 0x35,0x717E,ACK
7.1785298000,1522,Data,0x484,0x8,0x31 0x50 0x33 0x39 0x36 0x35 0x00 0x00,0x0196,ACK
7.1948319000,1523,Data,0x100,0x8,0x00 0x00 0x00 0x40 0x23 0x4F 0x64 0x32,0x4018,ACK
7.2148319000,1524,Data,0x100,0x8,0x00 0x00 0x00 0x40 0x23 0x4F 0x64 0x32,0x4018,ACK
7.2348297000,1525,Data,0x100,0x8,0x00 0x00 0x00 0x40 0x23 0x4F 0x64 0x32,0x4018,ACK
7.2390658000,1526,Data,0x212,0x8,0x52 0x01 0x00 0xC9 0x00 0x00 0x00 0x2A,0x2C4E,ACK
7.2393061000,1527,Data,0x211,0x8,0xE4 0x00 0x2A 0x00 0x00 0x00 0x00 0x00,0x0D4D,ACK
7.2395623000,1528,Data,0x343,0x8,0x00 0x00 0x00 0x00 0x00 0x00 0x00 0x00,0x33F5,ACK
7.2548322000,1529,Data,0x100,0x8,0x00 0x00 0x00 0x40 0x23 0x4F 0x64 0x32,0x4018,ACK
7.2748502000,1530,Data,0x100,0x8,0x00 0x00 0x00 0x40 0x23 0x4F 0x64 0x32,0x4018,ACK
7.2750945000,1531,Data,0x203,0x8,0x03 0x00 0x58 0x00 0x58 0x00 0x00 0x00,0x4AB9,ACK
7.2753407000,1532,Data,0x204,0x8,0x00 0x00 0x00 0x00 0x00 0x00 0x00 0x00,0x79D1,ACK
7.2755970000,1533,Data,0x205,0x8,0x00 0x00 0x00 0x00 0x00 0x00 0x00 0x00,0x72CA,ACK
7.2759072000,1534,Data,0x209,0x8,0x9F 0x27 0x10 0x04 0x90 0x49 0x00 0x00,0x59C2,ACK
7.2761475000,1535,Data,0x20A,0x8,0x00 0x00 0x00 0x00 0x00 0x00 0x00 0x00,0x1B53,ACK
7.2764017000,1536,Data,0x20B,0x8,0xBC 0x02 0x64 0x00 0x01 0xC8 0x00 0x00,0x021C,ACK
7.2766460000,1537,Data,0x20C,0x8,0x00 0xC4 0x2C 0x34 0x1E 0x07 0x00 0x00,0x3E70,ACK
7.2948300000,1538,Data,0x100,0x8,0x00 0x00 0x00 0x40 0x23 0x4F 0x64 0x32,0x4018,ACK
7.3069981000,1539,Data,0x310,0x8,0xF1 0x0E 0x78 0x05 0x1A 0x02 0x01 0xC8,0x14DD,ACK
7.3148322000,1540,Data,0x100,0x8,0x00 0x00 0x00 0x40 0x23 0x4F 0x64 0x32,0x4018,ACK
7.3348302000,1541,Data,0x100,0x8,0x00 0x00 0x00 0x40 0x23 0x4F 0x64 0x32,0x4018,ACK
7.3390903000,1542,Data,0x212,0x8,0x52 0x01 0x00 0xC9 0x00 0x00 0x00 0x2A,0x2C4E,ACK
7.3393525000,1543,Data,0x211,0x8,0xE4 0x00 0x2A 0x00 0x00 0x00 0x00 0x00,0x0D4D,ACK
7.3396088000,1544,Data,0x343,0x8,0x00 0x00 0x00 0x00 0x00 0x00 0x00 0x00,0x33F5,ACK
7.3398910000,1545,Data,0x341,0x8,0x00 0x00 0x00 0x00 0x02 0x00 0x00 0x00,0x1833,ACK
7.3401673000,1546,Data,0x342,0x8,0x23 0x00 0x64 0x00 0x00 0xC4 0x16 0x34,0x5886,ACK
7.3404275000,1547,Data,0x344,0x8,0x00 0x00 0x00 0x03 0x00 0x00 0x00 0x00,0x6F15,ACK
7.3548294000,1548,Data,0x100,0x8,0x00 0x00 0x00 0x40 0x23 0x4F 0x64 0x32,0x4018,ACK
7.3590357000,1549,Data,0x311,0x8,0x39 0x1E 0x07 0x3F 0x90 0x01 0x00 0x00,0x66BC,ACK
7.3748556000,1550,Data,0x100,0x8,0x00 0x00 0x00 0x40 0x23 0x4F 0x64 0x32,0x4018,ACK
7.3751018000,1551,Data,0x203,0x8,0x03 0x00 0x58 0x00 0x58 0x00 0x00 0x00,0x4AB9,ACK
7.3753501000,1552,Data,0x204,0x8,0x00 0x00 0x00 0x00 0x00 0x00 0x00 0x00,0x79D1,ACK
7.3756063000,1553,Data,0x205,0x8,0x00 0x00 0x00 0x00 0x00 0x00 0x00 0x00,0x72CA,ACK
7.3759066000,1554,Data,0x209,0x8,0x9F 0x27 0x10 0x04 0x90 0x49 0x00 0x00,0x59C2,ACK
7.3761448000,1555,Data,0x20A,0x8,0x00 0x00 0x00 0x00 0x00 0x00 0x00 0x00,0x1B53,ACK
7.3763990000,1556,Data,0x20B,0x8,0xBC 0x02 0x64 0x00 0x01 0xC8 0x00 0x00,0x021C,ACK
7.3766453000,1557,Data,0x20C,0x8,0x00 0xC4 0x2C 0x34 0x1E 0x07 0x00 0x00,0x3E70,ACK
7.3768955000,1558,Data,0x301,0x8,0x00 0x00 0x00 0x00 0x00 0x00 0x00 0x00,0x7E55,ACK
7.3771518000,1559,Data,0x302,0x2,0x00 0xFF,0x6FC0,ACK
7.3772980000,1560,Data,0x485,0x8,0x22 0x00 0x00 0x00 0x0C 0x02 0x48 0x0C,0x1FCE,ACK
7.3948301000,1561,Data,0x100,0x8,0x00 0x00 0x00 0x40 0x23 0x4F 0x64 0x32,0x4018,ACK
7.4148301000,1562,Data,0x100,0x8,0x00 0x00 0x00 0x40 0x23 0x4F 0x64 0x32,0x4018,ACK
7.4348280000,1563,Data,0x100,0x8,0x00 0x00 0x00 0x40 0x23 0x4F 0x64 0x32,0x4018,ACK
7.4390841000,1564,Data,0x212,0x8,0x52 0x01 0x00 0xC9 0x00 0x00 0x00 0x2A,0x2C4E,ACK
7.4393643000,1565,Data,0x211,0x8,0xE4 0x00 0x2A 0x00 0x00 0x00 0x00 0x00,0x0D4D,ACK
7.4396246000,1566,Data,0x343,0x8,0x00 0x00 0x00 0x00 0x00 0x00 0x00 0x00,0x33F5,ACK
7.4548165000,1567,Data,0x100,0x8,0x00 0x00 0x00 0x40 0x23 0x4F 0x64 0x32,0x4018,ACK
7.4748485000,1568,Data,0x100,0x8,0x00 0x00 0x00 0x40 0x23 0x4F 0x64 0x32,0x4018,ACK
7.4750948000,1569,Data,0x203,0x8,0x03 0x00 0x58 0x00 0x58 0x00 0x00 0x00,0x4AB9,ACK
7.4753430000,1570,Data,0x204,0x8,0x00 0x00 0x00 0x00 0x00 0x00 0x00 0x00,0x79D1,ACK
7.4755993000,1571,Data,0x205,0x8,0x00 0x00 0x00 0x00 0x00 0x00 0x00 0x00,0x72CA,ACK
7.4759075000,1572,Data,0x209,0x8,0x9F 0x27 0x10 0x04 0x90 0x49 0x00 0x00,0x59C2,ACK
7.4761478000,1573,Data,0x20A,0x8,0x00 0x00 0x00 0x00 0x00 0x00 0x00 0x00,0x1B53,ACK
7.4764019000,1574,Data,0x20B,0x8,0xBC 0x02 0x64 0x00 0x01 0xC8 0x00 0x00,0x021C,ACK
7.4766461000,1575,Data,0x20C,0x8,0x00 0xC4 0x2C 0x34 0x1E 0x07 0x00 0x00,0x3E70,ACK
7.4771783000,1576,Data,0x501,0x8,0xB4 0xC1 0x83 0x58 0x51 0xE5 0xB2 0x6B,0x057E,ACK
7.4774086000,1577,Data,0x502,0x8,0x32 0xAC 0x86 0x0E 0x1A 0xB9 0x00 0x00,0x0E93,ACK
7.4776428000,1578,Data,0x424,0x8,0x35 0x35 0x4D 0x69 0x00 0x00 0x00 0x00,0x745C,ACK
7.4778811000,1579,Data,0x425,0x8,0x01 0x64 0x49 0x58 0x58 0x58 0x01 0xFF,0x04F4,ACK
7.4782353000,1580,Data,0x420,0x8,0xA8 0x14 0xFA 0xFF 0x70 0x03 0x00 0x00,0x0203,ACK
7.4801516000,1581,Data,0x429,0x8,0x20 0x00 0x00 0x00 0x00 0x00 0x00 0x00,0x7AC7,ACK
7.4805338000,1582,Data,0x421,0x8,0x38 0x36 0x31 0x34 0xFB 0x04 0x62 0x04,0x00AE,ACK
7.4809481000,1583,Data,0x422,0x8,0x00 0x00 0x20 0x00 0x15 0x00 0x02 0x00,0x33F1,ACK
7.4813243000,1584,Data,0x423,0x8,0xBC 0x02 0x64 0x00 0x3C 0x00 0x01 0x00,0x500B,ACK
7.4948283000,1585,Data,0x100,0x8,0x00 0x00 0x00 0x40 0x23 0x4F 0x64 0x32,0x4018,ACK
7.5074583000,1586,Data,0x310,0x8,0xF1 0x0E 0x78 0x05 0x1A 0x02 0x01 0xC8,0x14DD,ACK
7.5148284000,1587,Data,0x100,0x8,0x00 0x00 0x00 0x40 0x23 0x4F 0x64 0x32,0x4018,ACK
7.5348264000,1588,Data,0x100,0x8,0x00 0x00 0x00 0x40 0x23 0x4F 0x64 0x32,0x4018,ACK
7.5391064000,1589,Data,0x212,0x8,0x52 0x01 0x00 0xC9 0x00 0x00 0x00 0x2A,0x2C4E,ACK
7.5393686000,1590,Data,0x211,0x8,0xE4 0x00 0x2A 0x00 0x00 0x00 0x00 0x00,0x0D4D,ACK
7.5396289000,1591,Data,0x343,0x8,0x00 0x00 0x00 0x00 0x00 0x00 0x00 0x00,0x33F5,ACK
7.5399091000,1592,Data,0x341,0x8,0x00 0x00 0x00 0x00 0x02 0x00 0x00 0x00,0x1833,ACK
7.5401874000,1593,Data,0x342,0x8,0x23 0x00 0x64 0x00 0x00 0xC4 0x16 0x34,0x5886,ACK
7.5404436000,1594,Data,0x344,0x8,0x00 0x00 0x00 0x03 0x00 0x00 0x00 0x00,0x6F15,ACK
7.5548276000,1595,Data,0x100,0x8,0x00 0x00 0x00 0x40 0x23 0x4F 0x64 0x32,0x4018,ACK
7.5601479000,1596,Data,0x311,0x8,0x39 0x1E 0x07 0x3F 0x90 0x01 0x00 0x00,0x66BC,ACK
7.5748519000,1597,Data,0x100,0x8,0x00 0x00 0x00 0x40 0x23 0x4F 0x64 0x32,0x4018,ACK
7.5750961000,1598,Data,0x203,0x8,0x03 0x00 0x58 0x00 0x58 0x00 0x00 0x00,0x4AB9,ACK
7.5753444000,1599,Data,0x204,0x8,0x00 0x00 0x00 0x00 0x00 0x00 0x00 0x00,0x79D1,ACK
7.5756005000,1600,Data,0x205,0x8,0x00 0x00 0x00 0x00 0x00 0x00 0x00 0x00,0x72CA,ACK
7.5759027000,1601,Data,0x209,0x8,0x9F 0x27 0x10 0x04 0x90 0x49 0x00 0x00,0x59C2,ACK
7.5761430000,1602,Data,0x20A,0x8,0x00 0x00 0x00 0x00 0x00 0x00 0x00 0x00,0x1B53,ACK
7.5763972000,1603,Data,0x20B,0x8,0xBC 0x02 0x64 0x00 0x01 0xC8 0x00 0x00,0x021C,ACK
7.5766415000,1604,Data,0x20C,0x8,0x00 0xC4 0x2C 0x34 0x1E 0x07 0x00 0x00,0x3E70,ACK
7.5768897000,1605,Data,0x301,0x8,0x00 0x00 0x00 0x00 0x00 0x00 0x00 0x00,0x7E55,ACK
7.5771460000,1606,Data,0x302,0x2,0x00 0xFF,0x6FC0,ACK
7.5772922000,1607,Data,0x485,0x8,0x22 0x00 0x00 0x00 0x0C 0x02 0x48 0x0C,0x1FCE,ACK
7.5948262000,1608,Data,0x100,0x8,0x00 0x00 0x00 0x40 0x23 0x4F 0x64 0x32,0x4018,ACK
7.6148262000,1609,Data,0x100,0x8,0x00 0x00 0x00 0x40 0x23 0x4F 0x64 0x32,0x4018,ACK
7.6348262000,1610,Data,0x100,0x8,0x00 0x00 0x00 0x40 0x23 0x4F 0x64 0x32,0x4018,ACK
7.6390842000,1611,Data,0x212,0x8,0x52 0x01 0x00 0xC9 0x00 0x00 0x00 0x2A,0x2C4E,ACK
7.6393465000,1612,Data,0x211,0x8,0xE4 0x00 0x2A 0x00 0x00 0x00 0x00 0x00,0x0D4D,ACK
7.6396027000,1613,Data,0x343,0x8,0x00 0x00 0x00 0x00 0x00 0x00 0x00 0x00,0x33F5,ACK
7.6398849000,1614,Data,0x401,0x8,0x00 0x00 0x34 0x00 0x05 0x2B 0x00 0x00,0x3E15,ACK
7.6548268000,1615,Data,0x100,0x8,0x00 0x00 0x00 0x40 0x23 0x4F 0x64 0x32,0x4018,ACK
7.6748428000,1616,Data,0x100,0x8,0x00 0x00 0x00 0x40 0x23 0x4F 0x64 0x32,0x4018,ACK
7.6750871000,1617,Data,0x203,0x8,0x03 0x00 0x58 0x00 0x58 0x00 0x00 0x00,0x4AB9,ACK
7.6753333000,1618,Data,0x204,0x8,0x00 0x00 0x00 0x00 0x00 0x00 0x00 0x00,0x79D1,ACK
7.6755896000,1619,Data,0x205,0x8,0x00 0x00 0x00 0x00 0x00 0x00 0x00 0x00,0x72CA,ACK
7.6759018000,1620,Data,0x209,0x8,0x9F 0x27 0x10 0x04 0x90 0x49 0x00 0x00,0x59C2,ACK
7.6761421000,1621,Data,0x20A,0x8,0x00 0x00 0x00 0x00 0x00 0x00 0x00 0x00,0x1B53,ACK
7.6763963000,1622,Data,0x20B,0x8,0xBC 0x02 0x64 0x00 0x01 0xC8 0x00 0x00,0x021C,ACK
7.6766406000,1623,Data,0x20C,0x8,0x00 0xC4 0x2C 0x34 0x1E 0x07 0x00 0x00,0x3E70,ACK
7.6948246000,1624,Data,0x100,0x8,0x00 0x00 0x00 0x40 0x23 0x4F 0x64 0x32,0x4018,ACK
7.7075528000,1625,Data,0x310,0x8,0xF1 0x0E 0x78 0x05 0x1A 0x02 0x01 0xC8,0x14DD,ACK
7.7148268000,1626,Data,0x100,0x8,0x00 0x00 0x00 0x40 0x23 0x4F 0x64 0x32,0x4018,ACK
7.7348247000,1627,Data,0x100,0x8,0x00 0x00 0x00 0x40 0x23 0x4F 0x64 0x32,0x4018,ACK
7.7390648000,1628,Data,0x212,0x8,0x52 0x01 0x00 0xC9 0x00 0x00 0x00 0x2A,0x2C4E,ACK
7.7393249000,1629,Data,0x211,0x8,0xE4 0x00 0x2A 0x00 0x00 0x00 0x00 0x00,0x0D4D,ACK
7.7396071000,1630,Data,0x343,0x8,0x00 0x00 0x00 0x00 0x00 0x00 0x00 0x00,0x33F5,ACK
7.7398694000,1631,Data,0x341,0x8,0x00 0x00 0x00 0x00 0x02 0x00 0x00 0x00,0x1833,ACK
7.7401416000,1632,Data,0x342,0x8,0x23 0x00 0x64 0x00 0x00 0xC4 0x16 0x34,0x5886,ACK
7.7404239000,1633,Data,0x344,0x8,0x00 0x00 0x00 0x03 0x00 0x00 0x00 0x00,0x6F15,ACK
7.7548258000,1634,Data,0x100,0x8,0x00 0x00 0x00 0x40 0x23 0x4F 0x64 0x32,0x4018,ACK
7.7599901000,1635,Data,0x311,0x8,0x39 0x1E 0x07 0x3F 0x90 0x01 0x00 0x00,0x66BC,ACK
7.7748520000,1636,Data,0x100,0x8,0x00 0x00 0x00 0x40 0x23 0x4F 0x64 0x32,0x4018,ACK
7.7750963000,1637,Data,0x203,0x8,0x03 0x00 0x58 0x00 0x58 0x00 0x00 0x00,0x4AB9,ACK
7.7753425000,1638,Data,0x204,0x8,0x00 0x00 0x00 0x00 0x00 0x00 0x00 0x00,0x79D1,ACK
7.7755988000,1639,Data,0x205,0x8,0x00 0x00 0x00 0x00 0x00 0x00 0x00 0x00,0x72CA,ACK
7.7759010000,1640,Data,0x209,0x8,0x9F 0x27 0x10 0x04 0x90 0x49 0x00 0x00,0x59C2,ACK
7.7761413000,1641,Data,0x20A,0x8,0x00 0x00 0x00 0x00 0x00 0x00 0x00 0x00,0x1B53,ACK
7.7763955000,1642,Data,0x20B,0x8,0xBC 0x02 0x64 0x00 0x01 0xC8 0x00 0x00,0x021C,ACK
7.7766418000,1643,Data,0x20C,0x8,0x00 0xC4 0x2C 0x34 0x1E 0x07 0x00 0x00,0x3E70,ACK
7.7768920000,1644,Data,0x301,0x8,0x00 0x00 0x00 0x00 0x00 0x00 0x00 0x00,0x7E55,ACK
7.7771483000,1645,Data,0x302,0x2,0x00 0xFF,0x6FC0,ACK
7.7772925000,1646,Data,0x485,0x8,0x22 0x00 0x00 0x00 0x0C 0x02 0x48 0x0C,0x1FCE,ACK
7.7948225000,1647,Data,0x100,0x8,0x00 0x00 0x00 0x40 0x23 0x4F 0x64 0x32,0x4018,ACK
7.8148244000,1648,Data,0x100,0x8,0x00 0x00 0x00 0x40 0x23 0x4F 0x64 0x32,0x4018,ACK
7.8348124000,1649,Data,0x100,0x8,0x00 0x00 0x00 0x40 0x23 0x4F 0x64 0x32,0x4018,ACK
7.8391004000,1650,Data,0x212,0x8,0x52 0x01 0x00 0xC9 0x00 0x00 0x00 0x2A,0x2C4E,ACK
7.8393587000,1651,Data,0x211,0x8,0xE4 0x00 0x2A 0x00 0x00 0x00 0x00 0x00,0x0D4D,ACK
7.8396189000,1652,Data,0x343,0x8,0x00 0x00 0x00 0x00 0x00 0x00 0x00 0x00,0x33F5,ACK
7.8548229000,1653,Data,0x100,0x8,0x00 0x00 0x00 0x40 0x23 0x4F 0x64 0x32,0x4018,ACK
7.8748408000,1654,Data,0x100,0x8,0x00 0x00 0x00 0x40 0x23 0x4F 0x64 0x32,0x4018,ACK
7.8750830000,1655,Data,0x203,0x8,0x03 0x00 0x58 0x00 0x58 0x00 0x00 0x00,0x4AB9,ACK
7.8753292000,1656,Data,0x204,0x8,0x00 0x00 0x00 0x00 0x00 0x00 0x00 0x00,0x79D1,ACK
7.8755855000,1657,Data,0x205,0x8,0x00 0x00 0x00 0x00 0x00 0x00 0x00 0x00,0x72CA,ACK
7.8758997000,1658,Data,0x209,0x8,0x9F 0x27 0x10 0x04 0x90 0x49 0x00 0x00,0x59C2,ACK
7.8761400000,1659,Data,0x20A,0x8,0x00 0x00 0x00 0x00 0x00 0x00 0x00 0x00,0x1B53,ACK
7.8763941000,1660,Data,0x20B,0x8,0xBC 0x02 0x64 0x00 0x01 0xC8 0x00 0x00,0x021C,ACK
7.8766382000,1661,Data,0x20C,0x8,0x00 0xC4 0x2C 0x34 0x1E 0x07 0x00 0x00,0x3E70,ACK
7.8948221000,1662,Data,0x100,0x8,0x00 0x00 0x00 0x40 0x23 0x4F 0x64 0x32,0x4018,ACK
7.9148241000,1663,Data,0x100,0x8,0x00 0x00 0x00 0x40 0x23 0x4F 0x64 0x32,0x4018,ACK
7.9348221000,1664,Data,0x100,0x8,0x00 0x00 0x00 0x40 0x23 0x4F 0x64 0x32,0x4018,ACK
7.9390781000,1665,Data,0x212,0x8,0x52 0x01 0x00 0xC9 0x00 0x00 0x00 0x2A,0x2C4E,ACK
7.9393164000,1666,Data,0x211,0x8,0xE4 0x00 0x2A 0x00 0x00 0x00 0x00 0x00,0x0D4D,ACK
7.9395746000,1667,Data,0x343,0x8,0x00 0x00 0x00 0x00 0x00 0x00 0x00 0x00,0x33F5,ACK
7.9398349000,1668,Data,0x341,0x8,0x00 0x00 0x00 0x00 0x02 0x00 0x00 0x00,0x1833,ACK
7.9401351000,1669,Data,0x342,0x8,0x23 0x00 0x64 0x00 0x00 0xC4 0x16 0x34,0x5886,ACK
7.9403914000,1670,Data,0x344,0x8,0x00 0x00 0x00 0x03 0x00 0x00 0x00 0x00,0x6F15,ACK
7.9548233000,1671,Data,0x100,0x8,0x00 0x00 0x00 0x40 0x23 0x4F 0x64 0x32,0x4018,ACK
7.9586855000,1672,Data,0x310,0x8,0xF1 0x0E 0x78 0x05 0x1A 0x02 0x01 0xC8,0x14DD,ACK
7.9614478000,1673,Data,0x311,0x8,0x39 0x1E 0x07 0x3F 0x90 0x01 0x00 0x00,0x66BC,ACK
7.9748377000,1674,Data,0x100,0x8,0x00 0x00 0x00 0x40 0x23 0x4F 0x64 0x32,0x4018,ACK
7.9750820000,1675,Data,0x203,0x8,0x03 0x00 0x58 0x00 0x58 0x00 0x00 0x00,0x4AB9,ACK
7.9753302000,1676,Data,0x204,0x8,0x00 0x00 0x00 0x00 0x00 0x00 0x00 0x00,0x79D1,ACK
7.9755865000,1677,Data,0x205,0x8,0x00 0x00 0x00 0x00 0x00 0x00 0x00 0x00,0x72CA,ACK
7.9758967000,1678,Data,0x209,0x8,0x9F 0x27 0x10 0x04 0x90 0x49 0x00 0x00,0x59C2,ACK
7.9761369000,1679,Data,0x20A,0x8,0x00 0x00 0x00 0x00 0x00 0x00 0x00 0x00,0x1B53,ACK
7.9763912000,1680,Data,0x20B,0x8,0xBC 0x02 0x64 0x00 0x01 0xC8 0x00 0x00,0x021C,ACK
7.9766374000,1681,Data,0x20C,0x8,0x00 0xC4 0x2C 0x34 0x1E 0x07 0x00 0x00,0x3E70,ACK
7.9768877000,1682,Data,0x301,0x8,0x00 0x00 0x00 0x00 0x00 0x00 0x00 0x00,0x7E55,ACK
7.9771439000,1683,Data,0x302,0x2,0x00 0xFF,0x6FC0,ACK
7.9772882000,1684,Data,0x485,0x8,0x22 0x00 0x00 0x00 0x0C 0x02 0x48 0x0C,0x1FCE,ACK
7.9785643000,1685,Data,0x425,0x8,0x01 0x64 0x49 0x58 0x58 0x58 0x01 0xFF,0x04F4,ACK
7.9789606000,1686,Data,0x420,0x8,0xA8 0x14 0xFA 0xFF 0x70 0x03 0x00 0x00,0x0203,ACK
7.9808768000,1687,Data,0x429,0x8,0x20 0x00 0x00 0x00 0x00 0x00 0x00 0x00,0x7AC7,ACK
7.9812571000,1688,Data,0x421,0x8,0x38 0x36 0x31 0x34 0xFB 0x04 0x62 0x04,0x00AE,ACK
7.9816573000,1689,Data,0x422,0x8,0x00 0x00 0x20 0x00 0x15 0x00 0x02 0x00,0x33F1,ACK
7.9820516000,1690,Data,0x423,0x8,0xBC 0x02 0x64 0x00 0x3C 0x00 0x01 0x00,0x500B,ACK
7.9948216000,1691,Data,0x100,0x8,0x00 0x00 0x00 0x40 0x23 0x4F 0x64 0x32,0x4018,ACK
8.0148216000,1692,Data,0x100,0x8,0x00 0x00 0x00 0x40 0x23 0x4F 0x64 0x32,0x4018,ACK
8.0348096000,1693,Data,0x100,0x8,0x00 0x00 0x00 0x40 0x23 0x4F 0x64 0x32,0x4018,ACK
8.0390556000,1694,Data,0x212,0x8,0x52 0x01 0x00 0xC9 0x00 0x00 0x00 0x2A,0x2C4E,ACK
8.0393197000,1695,Data,0x211,0x8,0xE4 0x00 0x2A 0x00 0x00 0x00 0x00 0x00,0x0D4D,ACK
8.0395979000,1696,Data,0x343,0x8,0x00 0x00 0x00 0x00 0x00 0x00 0x00 0x00,0x33F5,ACK
8.0548219000,1697,Data,0x100,0x8,0x00 0x00 0x00 0x40 0x23 0x4F 0x64 0x32,0x4018,ACK
8.0748399000,1698,Data,0x100,0x8,0x00 0x00 0x00 0x40 0x23 0x4F 0x64 0x32,0x4018,ACK
8.0750842000,1699,Data,0x203,0x8,0x03 0x00 0x58 0x00 0x58 0x00 0x00 0x00,0x4AB9,ACK
8.0753324000,1700,Data,0x204,0x8,0x00 0x00 0x00 0x00 0x00 0x00 0x00 0x00,0x79D1,ACK
8.0755887000,1701,Data,0x205,0x8,0x00 0x00 0x00 0x00 0x00 0x00 0x00 0x00,0x72CA,ACK
8.0758969000,1702,Data,0x209,0x8,0x9F 0x27 0x10 0x04 0x90 0x49 0x00 0x00,0x59C2,ACK
8.0761372000,1703,Data,0x20A,0x8,0x00 0x00 0x00 0x00 0x00 0x00 0x00 0x00,0x1B53,ACK
8.0763934000,1704,Data,0x20B,0x8,0xBC 0x02 0x64 0x00 0x01 0xC8 0x00 0x00,0x021C,ACK
8.0766377000,1705,Data,0x20C,0x8,0x00 0xC4 0x2C 0x34 0x1E 0x07 0x00 0x00,0x3E70,ACK
8.0948197000,1706,Data,0x100,0x8,0x00 0x00 0x00 0x40 0x23 0x4F 0x64 0x32,0x4018,ACK
8.1148217000,1707,Data,0x100,0x8,0x00 0x00 0x00 0x40 0x23 0x4F 0x64 0x32,0x4018,ACK
8.1348177000,1708,Data,0x100,0x8,0x00 0x00 0x00 0x40 0x23 0x4F 0x64 0x32,0x4018,ACK
8.1390978000,1709,Data,0x212,0x8,0x52 0x01 0x00 0xC9 0x00 0x00 0x00 0x2A,0x2C4E,ACK
8.1393560000,1710,Data,0x211,0x8,0xE4 0x00 0x2A 0x00 0x00 0x00 0x00 0x00,0x0D4D,ACK
8.1396383000,1711,Data,0x343,0x8,0x00 0x00 0x00 0x00 0x00 0x00 0x00 0x00,0x33F5,ACK
8.1398985000,1712,Data,0x341,0x8,0x00 0x00 0x00 0x00 0x02 0x00 0x00 0x00,0x1833,ACK
8.1401727000,1713,Data,0x342,0x8,0x23 0x00 0x64 0x00 0x00 0xC4 0x16 0x34,0x5886,ACK
8.1404550000,1714,Data,0x344,0x8,0x00 0x00 0x00 0x03 0x00 0x00 0x00 0x00,0x6F15,ACK
8.1407112000,1715,Data,0x401,0x8,0x00 0x00 0x34 0x00 0x05 0x2B 0x00 0x00,0x3E15,ACK
8.1548191000,1716,Data,0x100,0x8,0x00 0x00 0x00 0x40 0x23 0x4F 0x64 0x32,0x4018,ACK
8.1601232000,1717,Data,0x310,0x8,0xF1 0x0E 0x78 0x05 0x1A 0x02 0x01 0xC8,0x14DD,ACK
8.1608575000,1718,Data,0x311,0x8,0x39 0x1E 0x07 0x3F 0x90 0x01 0x00 0x00,0x66BC,ACK
8.1748614000,1719,Data,0x100,0x8,0x00 0x00 0x00 0x40 0x23 0x4F 0x64 0x32,0x4018,ACK
8.1751076000,1720,Data,0x203,0x8,0x03 0x00 0x58 0x00 0x58 0x00 0x00 0x00,0x4AB9,ACK
8.1753559000,1721,Data,0x204,0x8,0x00 0x00 0x00 0x00 0x00 0x00 0x00 0x00,0x79D1,ACK
8.1756121000,1722,Data,0x205,0x8,0x00 0x00 0x00 0x00 0x00 0x00 0x00 0x00,0x72CA,ACK
8.1758944000,1723,Data,0x209,0x8,0x9F 0x27 0x10 0x04 0x90 0x49 0x00 0x00,0x59C2,ACK
8.1761346000,1724,Data,0x20A,0x8,0x00 0x00 0x00 0x00 0x00 0x00 0x00 0x00,0x1B53,ACK
8.1763889000,1725,Data,0x20B,0x8,0xBC 0x02 0x64 0x00 0x01 0xC8 0x00 0x00,0x021C,ACK
8.1766351000,1726,Data,0x20C,0x8,0x00 0xC4 0x2C 0x34 0x1E 0x07 0x00 0x00,0x3E70,ACK
8.1768854000,1727,Data,0x301,0x8,0x00 0x00 0x00 0x00 0x00 0x00 0x00 0x00,0x7E55,ACK
8.1771416000,1728,Data,0x302,0x2,0x00 0xFF,0x6FC0,ACK
8.1772879000,1729,Data,0x485,0x8,0x22 0x00 0x00 0x00 0x0C 0x02 0x48 0x0C,0x1FCE,ACK
8.1775321000,1730,Data,0x480,0x8,0x00 0x00 0x05 0x00 0x20 0x00 0x00 0x00,0x4ADA,ACK
8.1777864000,1731,Data,0x481,0x8,0x50 0x0A 0x40 0x08 0x00 0x00 0x00 0x00,0x46C7,ACK
8.1780366000,1732,Data,0x482,0x8,0x52 0x01 0x02 0x00 0x00 0x00 0x00 0x00,0x36EA,ACK
8.1782848000,1733,Data,0x483,0x8,0x31 0x4B 0x31 0x55 0x41 0x32 0x35 0x35,0x717E,ACK
8.1785191000,1734,Data,0x484,0x8,0x31 0x50 0x33 0x39 0x36 0x35 0x00 0x00,0x0196,ACK
8.1948191000,1735,Data,0x100,0x8,0x00 0x00 0x00 0x40 0x23 0x4F 0x64 0x32,0x4018,ACK
8.2148191000,1736,Data,0x100,0x8,0x00 0x00 0x00 0x40 0x23 0x4F 0x64 0x32,0x4018,ACK
8.2348070000,1737,Data,0x100,0x8,0x00 0x00 0x00 0x40 0x23 0x4F 0x64 0x32,0x4018,ACK
8.2390671000,1738,Data,0x212,0x8,0x52 0x01 0x00 0xC9 0x00 0x00 0x00 0x2A,0x2C4E,ACK
8.2393293000,1739,Data,0x211,0x8,0xE4 0x00 0x2A 0x00 0x00 0x00 0x00 0x00,0x0D4D,ACK
8.2395896000,1740,Data,0x343,0x8,0x00 0x00 0x00 0x00 0x00 0x00 0x00 0x00,0x33F5,ACK
8.2548175000,1741,Data,0x100,0x8,0x00 0x00 0x00 0x40 0x23 0x4F 0x64 0x32,0x4018,ACK
8.2748375000,1742,Data,0x100,0x8,0x00 0x00 0x00 0x40 0x23 0x4F 0x64 0x32,0x4018,ACK
8.2750817000,1743,Data,0x203,0x8,0x03 0x00 0x58 0x00 0x58 0x00 0x00 0x00,0x4AB9,ACK
8.2753300000,1744,Data,0x204,0x8,0x00 0x00 0x00 0x00 0x00 0x00 0x00 0x00,0x79D1,ACK
8.2755862000,1745,Data,0x205,0x8,0x00 0x00 0x00 0x00 0x00 0x00 0x00 0x00,0x72CA,ACK
8.2758945000,1746,Data,0x209,0x8,0x9F 0x27 0x10 0x04 0x90 0x49 0x00 0x00,0x59C2,ACK
8.2761347000,1747,Data,0x20A,0x8,0x00 0x00 0x00 0x00 0x00 0x00 0x00 0x00,0x1B53,ACK
8.2763910000,1748,Data,0x20B,0x8,0xBC 0x02 0x64 0x00 0x01 0xC8 0x00 0x00,0x021C,ACK
8.2766352000,1749,Data,0x20C,0x8,0x00 0xC4 0x2C 0x34 0x1E 0x07 0x00 0x00,0x3E70,ACK
8.2948172000,1750,Data,0x100,0x8,0x00 0x00 0x00 0x40 0x23 0x4F 0x64 0x32,0x4018,ACK
8.3148171000,1751,Data,0x100,0x8,0x00 0x00 0x00 0x40 0x23 0x4F 0x64 0x32,0x4018,ACK
8.3348150000,1752,Data,0x100,0x8,0x00 0x00 0x00 0x40 0x23 0x4F 0x64 0x32,0x4018,ACK
8.3391030000,1753,Data,0x212,0x8,0x52 0x01 0x00 0xC9 0x00 0x00 0x00 0x2A,0x2C4E,ACK
8.3393653000,1754,Data,0x211,0x8,0xE4 0x00 0x2A 0x00 0x00 0x00 0x00 0x00,0x0D4D,ACK
8.3396215000,1755,Data,0x343,0x8,0x00 0x00 0x00 0x00 0x00 0x00 0x00 0x00,0x33F5,ACK
8.3399017000,1756,Data,0x341,0x8,0x00 0x00 0x00 0x00 0x02 0x00 0x00 0x00,0x1833,ACK
8.3401580000,1757,Data,0x342,0x8,0x23 0x00 0x64 0x00 0x00 0xC4 0x16 0x34,0x5886,ACK
8.3404142000,1758,Data,0x344,0x8,0x00 0x00 0x00 0x03 0x00 0x00 0x00 0x00,0x6F15,ACK
8.3548162000,1759,Data,0x100,0x8,0x00 0x00 0x00 0x40 0x23 0x4F 0x64 0x32,0x4018,ACK
8.3611764000,1760,Data,0x310,0x8,0xF1 0x0E 0x78 0x05 0x1A 0x02 0x01 0xC8,0x14DD,ACK
8.3619087000,1761,Data,0x311,0x8,0x39 0x1E 0x07 0x3F 0x90 0x01 0x00 0x00,0x66BC,ACK
8.3748427000,1762,Data,0x100,0x8,0x00 0x00 0x00 0x40 0x23 0x4F 0x64 0x32,0x4018,ACK
8.3750868000,1763,Data,0x203,0x8,0x03 0x00 0x58 0x00 0x58 0x00 0x00 0x00,0x4AB9,ACK
8.3753329000,1764,Data,0x204,0x8,0x00 0x00 0x00 0x00 0x00 0x00 0x00 0x00,0x79D1,ACK
8.3755891000,1765,Data,0x205,0x8,0x00 0x00 0x00 0x00 0x00 0x00 0x00 0x00,0x72CA,ACK
8.3758952000,1766,Data,0x209,0x8,0x9F 0x27 0x10 0x04 0x90 0x49 0x00 0x00,0x59C2,ACK
8.3761353000,1767,Data,0x20A,0x8,0x00 0x00 0x00 0x00 0x00 0x00 0x00 0x00,0x1B53,ACK
8.3763914000,1768,Data,0x20B,0x8,0xBC 0x02 0x64 0x00 0x01 0xC8 0x00 0x00,0x021C,ACK
8.3766355000,1769,Data,0x20C,0x8,0x00 0xC4 0x2C 0x34 0x1E 0x07 0x00 0x00,0x3E70,ACK
8.3768837000,1770,Data,0x301,0x8,0x00 0x00 0x00 0x00 0x00 0x00 0x00 0x00,0x7E55,ACK
8.3771398000,1771,Data,0x302,0x2,0x00 0xFF,0x6FC0,ACK
8.3772839000,1772,Data,0x485,0x8,0x22 0x00 0x00 0x00 0x0C 0x02 0x48 0x0C,0x1FCE,ACK
8.3948158000,1773,Data,0x100,0x8,0x00 0x00 0x00 0x40 0x23 0x4F 0x64 0x32,0x4018,ACK
8.4148158000,1774,Data,0x100,0x8,0x00 0x00 0x00 0x40 0x23 0x4F 0x64 0x32,0x4018,ACK
8.4348178000,1775,Data,0x100,0x8,0x00 0x00 0x00 0x40 0x23 0x4F 0x64 0x32,0x4018,ACK
8.4390718000,1776,Data,0x212,0x8,0x52 0x01 0x00 0xC9 0x00 0x00 0x00 0x2A,0x2C4E,ACK
8.4393301000,1777,Data,0x211,0x8,0xE4 0x00 0x2A 0x00 0x00 0x00 0x00 0x00,0x0D4D,ACK
8.4395903000,1778,Data,0x343,0x8,0x00 0x00 0x00 0x00 0x00 0x00 0x00 0x00,0x33F5,ACK
8.4548163000,1779,Data,0x100,0x8,0x00 0x00 0x00 0x40 0x23 0x4F 0x64 0x32,0x4018,ACK
8.4748343000,1780,Data,0x100,0x8,0x00 0x00 0x00 0x40 0x23 0x4F 0x64 0x32,0x4018,ACK
8.4750785000,1781,Data,0x203,0x8,0x03 0x00 0x58 0x00 0x58 0x00 0x00 0x00,0x4AB9,ACK
8.4753248000,1782,Data,0x204,0x8,0x00 0x00 0x00 0x00 0x00 0x00 0x00 0x00,0x79D1,ACK
8.4755810000,1783,Data,0x205,0x8,0x00 0x00 0x00 0x00 0x00 0x00 0x00 0x00,0x72CA,ACK
8.4758913000,1784,Data,0x209,0x8,0x9F 0x27 0x10 0x04 0x90 0x49 0x00 0x00,0x59C2,ACK
8.4761315000,1785,Data,0x20A,0x8,0x00 0x00 0x00 0x00 0x00 0x00 0x00 0x00,0x1B53,ACK
8.4763858000,1786,Data,0x20B,0x8,0xBC 0x02 0x64 0x00 0x01 0xC8 0x00 0x00,0x021C,ACK
8.4766320000,1787,Data,0x20C,0x8,0x00 0xC4 0x2C 0x34 0x1E 0x07 0x00 0x00,0x3E70,ACK
8.4849261000,1788,Data,0x422,0x8,0x00 0x00 0x20 0x00 0x15 0x00 0x02 0x00,0x33F1,ACK
8.4851803000,1789,Data,0x500,0x8,0x48 0x48 0x49 0xFF 0x48 0x48 0x48 0xFF,0x3C42,ACK
8.4854106000,1790,Data,0x423,0x8,0xBC 0x02 0x64 0x00 0x3C 0x00 0x01 0x00,0x500B,ACK
8.4861488000,1791,Data,0x424,0x8,0x36 0x35 0x4D 0x69 0x00 0x00 0x00 0x00,0x4895,ACK
8.4863871000,1792,Data,0x425,0x8,0x01 0x64 0x49 0x58 0x58 0x58 0x01 0xFF,0x04F4,ACK
8.4866233000,1793,Data,0x429,0x8,0x20 0x00 0x00 0x00 0x00 0x00 0x00 0x00,0x7AC7,ACK
8.4868716000,1794,Data,0x420,0x8,0xA8 0x14 0xF8 0xFF 0x70 0x03 0x00 0x00,0x3E5B,ACK
8.4871138000,1795,Data,0x421,0x8,0x38 0x36 0x31 0x34 0xFB 0x04 0x62 0x04,0x00AE,ACK
8.4948159000,1796,Data,0x100,0x8,0x00 0x00 0x00 0x40 0x23 0x4F 0x64 0x32,0x4018,ACK
8.5148039000,1797,Data,0x100,0x8,0x00 0x00 0x00 0x40 0x23 0x4F 0x64 0x32,0x4018,ACK
8.5348139000,1798,Data,0x100,0x8,0x00 0x00 0x00 0x40 0x23 0x4F 0x64 0x32,0x4018,ACK
8.5390559000,1799,Data,0x212,0x8,0x52 0x01 0x00 0xC9 0x00 0x00 0x00 0x2A,0x2C4E,ACK
8.5393161000,1800,Data,0x211,0x8,0xE4 0x00 0x2A 0x00 0x00 0x00 0x00 0x00,0x0D4D,ACK
8.5395784000,1801,Data,0x343,0x8,0x00 0x00 0x00 0x00 0x00 0x00 0x00 0x00,0x33F5,ACK
8.5398546000,1802,Data,0x341,0x8,0x00 0x00 0x00 0x00 0x02 0x00 0x00 0x00,0x1833,ACK
8.5401107000,1803,Data,0x342,0x8,0x23 0x00 0x64 0x00 0x00 0xC4 0x16 0x34,0x5886,ACK
8.5403709000,1804,Data,0x344,0x8,0x00 0x00 0x00 0x03 0x00 0x00 0x00 0x00,0x6F15,ACK
8.5548127000,1805,Data,0x100,0x8,0x00 0x00 0x00 0x40 0x23 0x4F 0x64 0x32,0x4018,ACK
8.5623329000,1806,Data,0x310,0x8,0xF1 0x0E 0x78 0x05 0x1A 0x02 0x01 0xC8,0x14DD,ACK
8.5630671000,1807,Data,0x311,0x8,0x39 0x1E 0x07 0x3F 0x90 0x01 0x00 0x00,0x66BC,ACK
8.5748411000,1808,Data,0x100,0x8,0x00 0x00 0x00 0x40 0x23 0x4F 0x64 0x32,0x4018,ACK
8.5750854000,1809,Data,0x203,0x8,0x03 0x00 0x58 0x00 0x58 0x00 0x00 0x00,0x4AB9,ACK
8.5753316000,1810,Data,0x204,0x8,0x00 0x00 0x00 0x00 0x00 0x00 0x00 0x00,0x79D1,ACK
8.5755879000,1811,Data,0x205,0x8,0x00 0x00 0x00 0x00 0x00 0x00 0x00 0x00,0x72CA,ACK
8.5758921000,1812,Data,0x209,0x8,0x9F 0x27 0x10 0x04 0x90 0x49 0x00 0x00,0x59C2,ACK
8.5761322000,1813,Data,0x20A,0x8,0x00 0x00 0x00 0x00 0x00 0x00 0x00 0x00,0x1B53,ACK
8.5763865000,1814,Data,0x20B,0x8,0xBC 0x02 0x64 0x00 0x01 0xC8 0x00 0x00,0x021C,ACK
8.5766327000,1815,Data,0x20C,0x8,0x00 0xC4 0x2C 0x34 0x1E 0x07 0x00 0x00,0x3E70,ACK
8.5768830000,1816,Data,0x301,0x8,0x00 0x00 0x00 0x00 0x00 0x00 0x00 0x00,0x7E55,ACK
8.5771392000,1817,Data,0x302,0x2,0x00 0xFF,0x6FC0,ACK
8.5772835000,1818,Data,0x485,0x8,0x22 0x00 0x00 0x00 0x0C 0x02 0x48 0x0C,0x1FCE,ACK
8.5948135000,1819,Data,0x100,0x8,0x00 0x00 0x00 0x40 0x23 0x4F 0x64 0x32,0x4018,ACK
8.6148135000,1820,Data,0x100,0x8,0x00 0x00 0x00 0x40 0x23 0x4F 0x64 0x32,0x4018,ACK
8.6348135000,1821,Data,0x100,0x8,0x00 0x00 0x00 0x40 0x23 0x4F 0x64 0x32,0x4018,ACK
8.6390496000,1822,Data,0x212,0x8,0x52 0x01 0x00 0xC9 0x00 0x00 0x00 0x2A,0x2C4E,ACK
8.6392898000,1823,Data,0x211,0x8,0xE4 0x00 0x2A 0x00 0x00 0x00 0x00 0x00,0x0D4D,ACK
8.6395461000,1824,Data,0x343,0x8,0x00 0x00 0x00 0x00 0x00 0x00 0x00 0x00,0x33F5,ACK
8.6398063000,1825,Data,0x401,0x8,0x00 0x00 0x34 0x00 0x05 0x2B 0x00 0x00,0x3E15,ACK
8.6548142000,1826,Data,0x100,0x8,0x00 0x00 0x00 0x40 0x23 0x4F 0x64 0x32,0x4018,ACK
8.6748322000,1827,Data,0x100,0x8,0x00 0x00 0x00 0x40 0x23 0x4F 0x64 0x32,0x4018,ACK
8.6750764000,1828,Data,0x203,0x8,0x03 0x00 0x58 0x00 0x58 0x00 0x00 0x00,0x4AB9,ACK
8.6753246000,1829,Data,0x204,0x8,0x00 0x00 0x00 0x00 0x00 0x00 0x00 0x00,0x79D1,ACK
8.6755808000,1830,Data,0x205,0x8,0x00 0x00 0x00 0x00 0x00 0x00 0x00 0x00,0x72CA,ACK
8.6758931000,1831,Data,0x209,0x8,0x9F 0x27 0x10 0x04 0x90 0x49 0x00 0x00,0x59C2,ACK
8.6761333000,1832,Data,0x20A,0x8,0x00 0x00 0x00 0x00 0x00 0x00 0x00 0x00,0x1B53,ACK
8.6763895000,1833,Data,0x20B,0x8,0xBC 0x02 0x64 0x00 0x01 0xC8 0x00 0x00,0x021C,ACK
8.6766338000,1834,Data,0x20C,0x8,0x00 0xC4 0x2C 0x34 0x1E 0x07 0x00 0x00,0x3E70,ACK
8.6948138000,1835,Data,0x100,0x8,0x00 0x00 0x00 0x40 0x23 0x4F 0x64 0x32,0x4018,ACK
8.7148118000,1836,Data,0x100,0x8,0x00 0x00 0x00 0x40 0x23 0x4F 0x64 0x32,0x4018,ACK
8.7348098000,1837,Data,0x100,0x8,0x00 0x00 0x00 0x40 0x23 0x4F 0x64 0x32,0x4018,ACK
8.7390799000,1838,Data,0x212,0x8,0x52 0x01 0x00 0xC9 0x00 0x00 0x00 0x2A,0x2C4E,ACK
8.7393421000,1839,Data,0x211,0x8,0xE4 0x00 0x2A 0x00 0x00 0x00 0x00 0x00,0x0D4D,ACK
8.7396204000,1840,Data,0x343,0x8,0x00 0x00 0x00 0x00 0x00 0x00 0x00 0x00,0x33F5,ACK
8.7398806000,1841,Data,0x341,0x8,0x00 0x00 0x00 0x00 0x02 0x00 0x00 0x00,0x1833,ACK
8.7401529000,1842,Data,0x342,0x8,0x23 0x00 0x64 0x00 0x00 0xC4 0x16 0x34,0x5886,ACK
8.7403911000,1843,Data,0x344,0x8,0x00 0x00 0x00 0x03 0x00 0x00 0x00 0x00,0x6F15,ACK
8.7548130000,1844,Data,0x100,0x8,0x00 0x00 0x00 0x40 0x23 0x4F 0x64 0x32,0x4018,ACK
8.7628813000,1845,Data,0x310,0x8,0xF1 0x0E 0x78 0x05 0x1A 0x02 0x01 0xC8,0x14DD,ACK
8.7635976000,1846,Data,0x311,0x8,0x39 0x1E 0x07 0x3F 0x90 0x01 0x00 0x00,0x66BC,ACK
8.7748375000,1847,Data,0x100,0x8,0x00 0x00 0x00 0x40 0x23 0x4F 0x64 0x32,0x4018,ACK
8.7750837000,1848,Data,0x203,0x8,0x03 0x00 0x58 0x00 0x58 0x00 0x00 0x00,0x4AB9,ACK
8.7753319000,1849,Data,0x204,0x8,0x00 0x00 0x00 0x00 0x00 0x00 0x00 0x00,0x79D1,ACK
8.7755881000,1850,Data,0x205,0x8,0x00 0x00 0x00 0x00 0x00 0x00 0x00 0x00,0x72CA,ACK
8.7758884000,1851,Data,0x209,0x8,0x9F 0x27 0x10 0x04 0x90 0x49 0x00 0x00,0x59C2,ACK
8.7761286000,1852,Data,0x20A,0x8,0x00 0x00 0x00 0x00 0x00 0x00 0x00 0x00,0x1B53,ACK
8.7763849000,1853,Data,0x20B,0x8,0xBC 0x02 0x64 0x00 0x01 0xC8 0x00 0x00,0x021C,ACK
8.7766291000,1854,Data,0x20C,0x8,0x00 0xC4 0x2C 0x34 0x1E 0x07 0x00 0x00,0x3E70,ACK
8.7768774000,1855,Data,0x301,0x8,0x00 0x00 0x00 0x00 0x00 0x00 0x00 0x00,0x7E55,ACK
8.7771336000,1856,Data,0x302,0x2,0x00 0xFF,0x6FC0,ACK
8.7772759000,1857,Data,0x485,0x8,0x22 0x00 0x00 0x00 0x0C 0x02 0x48 0x0C,0x1FCE,ACK
8.7948119000,1858,Data,0x100,0x8,0x00 0x00 0x00 0x40 0x23 0x4F 0x64 0x32,0x4018,ACK
8.8148098000,1859,Data,0x100,0x8,0x00 0x00 0x00 0x40 0x23 0x4F 0x64 0x32,0x4018,ACK
8.8348118000,1860,Data,0x100,0x8,0x00 0x00 0x00 0x40 0x23 0x4F 0x64 0x32,0x4018,ACK
8.8390558000,1861,Data,0x212,0x8,0x52 0x01 0x00 0xC9 0x00 0x00 0x00 0x2A,0x2C4E,ACK
8.8393161000,1862,Data,0x211,0x8,0xE4 0x00 0x2A 0x00 0x00 0x00 0x00 0x00,0x0D4D,ACK
8.8395983000,1863,Data,0x343,0x8,0x00 0x00 0x00 0x00 0x00 0x00 0x00 0x00,0x33F5,ACK
8.8548102000,1864,Data,0x100,0x8,0x00 0x00 0x00 0x40 0x23 0x4F 0x64 0x32,0x4018,ACK
8.8748282000,1865,Data,0x100,0x8,0x00 0x00 0x00 0x40 0x23 0x4F 0x64 0x32,0x4018,ACK
8.8750724000,1866,Data,0x203,0x8,0x03 0x00 0x58 0x00 0x58 0x00 0x00 0x00,0x4AB9,ACK
8.8753205000,1867,Data,0x204,0x8,0x00 0x00 0x00 0x00 0x00 0x00 0x00 0x00,0x79D1,ACK
8.8755766000,1868,Data,0x205,0x8,0x00 0x00 0x00 0x00 0x00 0x00 0x00 0x00,0x72CA,ACK
8.8758867000,1869,Data,0x209,0x8,0x9F 0x27 0x10 0x04 0x90 0x49 0x00 0x00,0x59C2,ACK
8.8761269000,1870,Data,0x20A,0x8,0x00 0x00 0x00 0x00 0x00 0x00 0x00 0x00,0x1B53,ACK
8.8763810000,1871,Data,0x20B,0x8,0xBC 0x02 0x64 0x00 0x01 0xC8 0x00 0x00,0x021C,ACK
8.8766271000,1872,Data,0x20C,0x8,0x00 0xC4 0x2C 0x34 0x1E 0x07 0x00 0x00,0x3E70,ACK
8.8948110000,1873,Data,0x100,0x8,0x00 0x00 0x00 0x40 0x23 0x4F 0x64 0x32,0x4018,ACK
8.9148090000,1874,Data,0x100,0x8,0x00 0x00 0x00 0x40 0x23 0x4F 0x64 0x32,0x4018,ACK
8.9348090000,1875,Data,0x100,0x8,0x00 0x00 0x00 0x40 0x23 0x4F 0x64 0x32,0x4018,ACK
8.9390930000,1876,Data,0x212,0x8,0x52 0x01 0x00 0xC9 0x00 0x00 0x00 0x2A,0x2C4E,ACK
8.9393512000,1877,Data,0x211,0x8,0xE4 0x00 0x2A 0x00 0x00 0x00 0x00 0x00,0x0D4D,ACK
8.9396115000,1878,Data,0x343,0x8,0x00 0x00 0x00 0x00 0x00 0x00 0x00 0x00,0x33F5,ACK
8.9398897000,1879,Data,0x341,0x8,0x00 0x00 0x00 0x00 0x02 0x00 0x00 0x00,0x1833,ACK
8.9401680000,1880,Data,0x342,0x8,0x23 0x00 0x64 0x00 0x00 0xC4 0x16 0x34,0x5886,ACK
8.9404482000,1881,Data,0x344,0x8,0x00 0x00 0x00 0x03 0x00 0x00 0x00 0x00,0x6F15,ACK
8.9548082000,1882,Data,0x100,0x8,0x00 0x00 0x00 0x40 0x23 0x4F 0x64 0x32,0x4018,ACK
8.9627043000,1883,Data,0x310,0x8,0xF1 0x0E 0x78 0x05 0x1A 0x02 0x01 0xC8,0x14DD,ACK
8.9654665000,1884,Data,0x311,0x8,0x39 0x1E 0x07 0x3F 0x90 0x01 0x00 0x00,0x66BC,ACK
8.9748346000,1885,Data,0x100,0x8,0x00 0x00 0x00 0x40 0x23 0x4F 0x64 0x32,0x4018,ACK
8.9750788000,1886,Data,0x203,0x8,0x03 0x00 0x58 0x00 0x58 0x00 0x00 0x00,0x4AB9,ACK
8.9753271000,1887,Data,0x204,0x8,0x00 0x00 0x00 0x00 0x00 0x00 0x00 0x00,0x79D1,ACK
8.9755833000,1888,Data,0x205,0x8,0x00 0x00 0x00 0x00 0x00 0x00 0x00 0x00,0x72CA,ACK
8.9758856000,1889,Data,0x209,0x8,0x9F 0x27 0x10 0x04 0x90 0x49 0x00 0x00,0x59C2,ACK
8.9761258000,1890,Data,0x20A,0x8,0x00 0x00 0x00 0x00 0x00 0x00 0x00 0x00,0x1B53,ACK
8.9763801000,1891,Data,0x20B,0x8,0xBC 0x02 0x64 0x00 0x01 0xC8 0x00 0x00,0x021C,ACK
8.9766243000,1892,Data,0x20C,0x8,0x00 0xC4 0x2C 0x34 0x1E 0x07 0x00 0x00,0x3E70,ACK
8.9768726000,1893,Data,0x301,0x8,0x00 0x00 0x00 0x00 0x00 0x00 0x00 0x00,0x7E55,ACK
8.9771288000,1894,Data,0x302,0x2,0x00 0xFF,0x6FC0,ACK
8.9772750000,1895,Data,0x485,0x8,0x22 0x00 0x00 0x00 0x0C 0x02 0x48 0x0C,0x1FCE,ACK
8.9854673000,1896,Data,0x422,0x8,0x00 0x00 0x20 0x00 0x15 0x00 0x02 0x00,0x33F1,ACK
8.9858675000,1897,Data,0x423,0x8,0xBC 0x02 0x64 0x00 0x3C 0x00 0x01 0x00,0x500B,ACK
8.9867678000,1898,Data,0x425,0x8,0x01 0x64 0x49 0x58 0x58 0x58 0x01 0xFF,0x04F4,ACK
8.9870040000,1899,Data,0x429,0x8,0x20 0x00 0x00 0x00 0x00 0x00 0x00 0x00,0x7AC7,ACK
8.9872523000,1900,Data,0x420,0x8,0xA8 0x14 0xFA 0xFF 0x70 0x03 0x00 0x00,0x0203,ACK
8.9874966000,1901,Data,0x421,0x8,0x38 0x36 0x31 0x34 0xFB 0x04 0x62 0x04,0x00AE,ACK
8.9948106000,1902,Data,0x100,0x8,0x00 0x00 0x00 0x40 0x23 0x4F 0x64 0x32,0x4018,ACK
9.0148086000,1903,Data,0x100,0x8,0x00 0x00 0x00 0x40 0x23 0x4F 0x64 0x32,0x4018,ACK
9.0348086000,1904,Data,0x100,0x8,0x00 0x00 0x00 0x40 0x23 0x4F 0x64 0x32,0x4018,ACK
9.0390565000,1905,Data,0x212,0x8,0x52 0x01 0x00 0xC9 0x00 0x00 0x00 0x2A,0x2C4E,ACK
9.0393187000,1906,Data,0x211,0x8,0xE4 0x00 0x2A 0x00 0x00 0x00 0x00 0x00,0x0D4D,ACK
9.0395748000,1907,Data,0x343,0x8,0x00 0x00 0x00 0x00 0x00 0x00 0x00 0x00,0x33F5,ACK
9.0548067000,1908,Data,0x100,0x8,0x00 0x00 0x00 0x40 0x23 0x4F 0x64 0x32,0x4018,ACK
9.0748267000,1909,Data,0x100,0x8,0x00 0x00 0x00 0x40 0x23 0x4F 0x64 0x32,0x4018,ACK
9.0750709000,1910,Data,0x203,0x8,0x03 0x00 0x58 0x00 0x58 0x00 0x00 0x00,0x4AB9,ACK
9.0753172000,1911,Data,0x204,0x8,0x00 0x00 0x00 0x00 0x00 0x00 0x00 0x00,0x79D1,ACK
9.0755734000,1912,Data,0x205,0x8,0x00 0x00 0x00 0x00 0x00 0x00 0x00 0x00,0x72CA,ACK
9.0758836000,1913,Data,0x209,0x8,0x9F 0x27 0x10 0x04 0x90 0x49 0x00 0x00,0x59C2,ACK
9.0761239000,1914,Data,0x20A,0x8,0x00 0x00 0x00 0x00 0x00 0x00 0x00 0x00,0x1B53,ACK
9.0763781000,1915,Data,0x20B,0x8,0xBC 0x02 0x64 0x00 0x01 0xC8 0x00 0x00,0x021C,ACK
9.0766224000,1916,Data,0x20C,0x8,0x00 0xC4 0x2C 0x34 0x1E 0x07 0x00 0x00,0x3E70,ACK
9.0948064000,1917,Data,0x100,0x8,0x00 0x00 0x00 0x40 0x23 0x4F 0x64 0x32,0x4018,ACK
9.1148064000,1918,Data,0x100,0x8,0x00 0x00 0x00 0x40 0x23 0x4F 0x64 0x32,0x4018,ACK
9.1347944000,1919,Data,0x100,0x8,0x00 0x00 0x00 0x40 0x23 0x4F 0x64 0x32,0x4018,ACK
9.1390625000,1920,Data,0x212,0x8,0x52 0x01 0x00 0xC9 0x00 0x00 0x00 0x2A,0x2C4E,ACK
9.1393487000,1921,Data,0x211,0x8,0xE4 0x00 0x2A 0x00 0x00 0x00 0x00 0x00,0x0D4D,ACK
9.1396050000,1922,Data,0x343,0x8,0x00 0x00 0x00 0x00 0x00 0x00 0x00 0x00,0x33F5,ACK
9.1398652000,1923,Data,0x341,0x8,0x00 0x00 0x00 0x00 0x02 0x00 0x00 0x00,0x1833,ACK
9.1401595000,1924,Data,0x342,0x8,0x23 0x00 0x64 0x00 0x00 0xC4 0x16 0x34,0x5886,ACK
9.1404197000,1925,Data,0x344,0x8,0x00 0x00 0x00 0x03 0x00 0x00 0x00 0x00,0x6F15,ACK
9.1406800000,1926,Data,0x401,0x8,0x00 0x00 0x34 0x00 0x05 0x2B 0x00 0x00,0x3E15,ACK
9.1548059000,1927,Data,0x100,0x8,0x00 0x00 0x00 0x40 0x23 0x4F 0x64 0x32,0x4018,ACK
9.1645440000,1928,Data,0x310,0x8,0xF1 0x0E 0x78 0x05 0x1A 0x02 0x01 0xC8,0x14DD,ACK
9.1652702000,1929,Data,0x311,0x8,0x39 0x1E 0x07 0x3F 0x90 0x01 0x00 0x00,0x66BC,ACK
9.1748482000,1930,Data,0x100,0x8,0x00 0x00 0x00 0x40 0x23 0x4F 0x64 0x32,0x4018,ACK
9.1750945000,1931,Data,0x203,0x8,0x03 0x00 0x58 0x00 0x58 0x00 0x00 0x00,0x4AB9,ACK
9.1753407000,1932,Data,0x204,0x8,0x00 0x00 0x00 0x00 0x00 0x00 0x00 0x00,0x79D1,ACK
9.1755990000,1933,Data,0x205,0x8,0x00 0x00 0x00 0x00 0x00 0x00 0x00 0x00,0x72CA,ACK
9.1758812000,1934,Data,0x209,0x8,0x9F 0x27 0x10 0x04 0x90 0x49 0x00 0x00,0x59C2,ACK
9.1761215000,1935,Data,0x20A,0x8,0x00 0x00 0x00 0x00 0x00 0x00 0x00 0x00,0x1B53,ACK
9.1763757000,1936,Data,0x20B,0x8,0xBC 0x02 0x64 0x00 0x01 0xC8 0x00 0x00,0x021C,ACK
9.1766220000,1937,Data,0x20C,0x8,0x00 0xC4 0x2C 0x34 0x1E 0x07 0x00 0x00,0x3E70,ACK
9.1768722000,1938,Data,0x301,0x8,0x00 0x00 0x00 0x00 0x00 0x00 0x00 0x00,0x7E55,ACK
9.1771285000,1939,Data,0x302,0x2,0x00 0xFF,0x6FC0,ACK
9.1772727000,1940,Data,0x485,0x8,0x22 0x00 0x00 0x00 0x0C 0x02 0x48 0x0C,0x1FCE,ACK
9.1775170000,1941,Data,0x480,0x8,0x00 0x00 0x05 0x00 0x20 0x00 0x00 0x00,0x4ADA,ACK
9.1777692000,1942,Data,0x481,0x8,0x50 0x0A 0x40 0x08 0x00 0x00 0x00 0x00,0x46C7,ACK
9.1780175000,1943,Data,0x482,0x8,0x52 0x01 0x02 0x00 0x00 0x00 0x00 0x00,0x36EA,ACK
9.1782657000,1944,Data,0x483,0x8,0x31 0x4B 0x31 0x55 0x41 0x32 0x35 0x35,0x717E,ACK
9.1785000000,1945,Data,0x484,0x8,0x31 0x50 0x33 0x39 0x36 0x35 0x00 0x00,0x0196,ACK
9.1947940000,1946,Data,0x100,0x8,0x00 0x00 0x00 0x40 0x23 0x4F 0x64 0x32,0x4018,ACK
9.2148040000,1947,Data,0x100,0x8,0x00 0x00 0x00 0x40 0x23 0x4F 0x64 0x32,0x4018,ACK
9.2348060000,1948,Data,0x100,0x8,0x00 0x00 0x00 0x40 0x23 0x4F 0x64 0x32,0x4018,ACK
9.2390740000,1949,Data,0x212,0x8,0x52 0x01 0x00 0xC9 0x00 0x00 0x00 0x2A,0x2C4E,ACK
9.2393303000,1950,Data,0x211,0x8,0xE4 0x00 0x2A 0x00 0x00 0x00 0x00 0x00,0x0D4D,ACK
9.2395925000,1951,Data,0x343,0x8,0x00 0x00 0x00 0x00 0x00 0x00 0x00 0x00,0x33F5,ACK
9.2548045000,1952,Data,0x100,0x8,0x00 0x00 0x00 0x40 0x23 0x4F 0x64 0x32,0x4018,ACK
9.2748245000,1953,Data,0x100,0x8,0x00 0x00 0x00 0x40 0x23 0x4F 0x64 0x32,0x4018,ACK
9.2750687000,1954,Data,0x203,0x8,0x03 0x00 0x58 0x00 0x58 0x00 0x00 0x00,0x4AB9,ACK
9.2753170000,1955,Data,0x204,0x8,0x00 0x00 0x00 0x00 0x00 0x00 0x00 0x00,0x79D1,ACK
9.2755732000,1956,Data,0x205,0x8,0x00 0x00 0x00 0x00 0x00 0x00 0x00 0x00,0x72CA,ACK
9.2758814000,1957,Data,0x209,0x8,0x9F 0x27 0x10 0x04 0x90 0x49 0x00 0x00,0x59C2,ACK
9.2761217000,1958,Data,0x20A,0x8,0x00 0x00 0x00 0x00 0x00 0x00 0x00 0x00,0x1B53,ACK
9.2763779000,1959,Data,0x20B,0x8,0xBC 0x02 0x64 0x00 0x01 0xC8 0x00 0x00,0x021C,ACK
9.2766222000,1960,Data,0x20C,0x8,0x00 0xC4 0x2C 0x34 0x1E 0x07 0x00 0x00,0x3E70,ACK
9.2948042000,1961,Data,0x100,0x8,0x00 0x00 0x00 0x40 0x23 0x4F 0x64 0x32,0x4018,ACK
9.3148042000,1962,Data,0x100,0x8,0x00 0x00 0x00 0x40 0x23 0x4F 0x64 0x32,0x4018,ACK
9.3348042000,1963,Data,0x100,0x8,0x00 0x00 0x00 0x40 0x23 0x4F 0x64 0x32,0x4018,ACK
9.3390482000,1964,Data,0x212,0x8,0x52 0x01 0x00 0xC9 0x00 0x00 0x00 0x2A,0x2C4E,ACK
9.3393125000,1965,Data,0x211,0x8,0xE4 0x00 0x2A 0x00 0x00 0x00 0x00 0x00,0x0D4D,ACK
9.3395727000,1966,Data,0x343,0x8,0x00 0x00 0x00 0x00 0x00 0x00 0x00 0x00,0x33F5,ACK
9.3398290000,1967,Data,0x341,0x8,0x00 0x00 0x00 0x00 0x02 0x00 0x00 0x00,0x1833,ACK
9.3401052000,1968,Data,0x342,0x8,0x23 0x00 0x64 0x00 0x00 0xC4 0x16 0x34,0x5886,ACK
9.3403635000,1969,Data,0x344,0x8,0x00 0x00 0x00 0x03 0x00 0x00 0x00 0x00,0x6F15,ACK
9.3548034000,1970,Data,0x100,0x8,0x00 0x00 0x00 0x40 0x23 0x4F 0x64 0x32,0x4018,ACK
9.3651457000,1971,Data,0x310,0x8,0xF1 0x0E 0x78 0x05 0x1A 0x02 0x01 0xC8,0x14DD,ACK
9.3658799000,1972,Data,0x311,0x8,0x39 0x1E 0x07 0x3F 0x90 0x01 0x00 0x00,0x66BC,ACK
9.3748319000,1973,Data,0x100,0x8,0x00 0x00 0x00 0x40 0x23 0x4F 0x64 0x32,0x4018,ACK
9.3750780000,1974,Data,0x203,0x8,0x03 0x00 0x58 0x00 0x58 0x00 0x00 0x00,0x4AB9,ACK
9.3753262000,1975,Data,0x204,0x8,0x00 0x00 0x00 0x00 0x00 0x00 0x00 0x00,0x79D1,ACK
9.3755823000,1976,Data,0x205,0x8,0x00 0x00 0x00 0x00 0x00 0x00 0x00 0x00,0x72CA,ACK
9.3758784000,1977,Data,0x209,0x8,0x9F 0x27 0x10 0x04 0x90 0x49 0x00 0x00,0x59C2,ACK
9.3761185000,1978,Data,0x20A,0x8,0x00 0x00 0x00 0x00 0x00 0x00 0x00 0x00,0x1B53,ACK
9.3763727000,1979,Data,0x20B,0x8,0xBC 0x02 0x64 0x00 0x01 0xC8 0x00 0x00,0x021C,ACK
9.3766188000,1980,Data,0x20C,0x8,0x00 0xC4 0x2C 0x34 0x1E 0x07 0x00 0x00,0x3E70,ACK
9.3768669000,1981,Data,0x301,0x8,0x00 0x00 0x00 0x00 0x00 0x00 0x00 0x00,0x7E55,ACK
9.3771230000,1982,Data,0x302,0x2,0x00 0xFF,0x6FC0,ACK
9.3772671000,1983,Data,0x485,0x8,0x22 0x00 0x00 0x00 0x0C 0x02 0x48 0x0C,0x1FCE,ACK
9.3948030000,1984,Data,0x100,0x8,0x00 0x00 0x00 0x40 0x23 0x4F 0x64 0x32,0x4018,ACK
9.4148030000,1985,Data,0x100,0x8,0x00 0x00 0x00 0x40 0x23 0x4F 0x64 0x32,0x4018,ACK
9.4348010000,1986,Data,0x100,0x8,0x00 0x00 0x00 0x40 0x23 0x4F 0x64 0x32,0x4018,ACK
9.4390350000,1987,Data,0x212,0x8,0x52 0x01 0x00 0xC9 0x00 0x00 0x00 0x2A,0x2C4E,ACK
9.4392773000,1988,Data,0x211,0x8,0xE4 0x00 0x2A 0x00 0x00 0x00 0x00 0x00,0x0D4D,ACK
9.4395335000,1989,Data,0x343,0x8,0x00 0x00 0x00 0x00 0x00 0x00 0x00 0x00,0x33F5,ACK
9.4548035000,1990,Data,0x100,0x8,0x00 0x00 0x00 0x40 0x23 0x4F 0x64 0x32,0x4018,ACK
9.4748214000,1991,Data,0x100,0x8,0x00 0x00 0x00 0x40 0x23 0x4F 0x64 0x32,0x4018,ACK
9.4750656000,1992,Data,0x203,0x8,0x03 0x00 0x58 0x00 0x58 0x00 0x00 0x00,0x4AB9,ACK
9.4753119000,1993,Data,0x204,0x8,0x00 0x00 0x00 0x00 0x00 0x00 0x00 0x00,0x79D1,ACK
9.4755681000,1994,Data,0x205,0x8,0x00 0x00 0x00 0x00 0x00 0x00 0x00 0x00,0x72CA,ACK
9.4758784000,1995,Data,0x209,0x8,0x9F 0x27 0x10 0x04 0x90 0x49 0x00 0x00,0x59C2,ACK
9.4761206000,1996,Data,0x20A,0x8,0x00 0x00 0x00 0x00 0x00 0x00 0x00 0x00,0x1B53,ACK
9.4763749000,1997,Data,0x20B,0x8,0xBC 0x02 0x64 0x00 0x01 0xC8 0x00 0x00,0x021C,ACK
9.4766191000,1998,Data,0x20C,0x8,0x00 0xC4 0x2C 0x34 0x1E 0x07 0x00 0x00,0x3E70,ACK
9.4846553000,1999,Data,0x422,0x8,0x00 0x00 0x20 0x00 0x15 0x00 0x02 0x00,0x33F1,ACK
9.4854095000,2000,Data,0x501,0x8,0xB4 0xC1 0x83 0x58 0x51 0xE5 0xB2 0x6B,0x057E,ACK
9.4856398000,2001,Data,0x502,0x8,0x32 0xAC 0x86 0x0E 0x1A 0xB9 0x00 0x00,0x0E93,ACK
9.4858760000,2002,Data,0x424,0x8,0x37 0x35 0x4D 0x69 0x00 0x00 0x00 0x00,0x1FA5,ACK
9.4872683000,2003,Data,0x423,0x8,0xBC 0x02 0x64 0x00 0x3C 0x00 0x01 0x00,0x500B,ACK
9.4881665000,2004,Data,0x425,0x8,0x01 0x64 0x49 0x58 0x58 0x58 0x01 0xFF,0x04F4,ACK
9.4884028000,2005,Data,0x429,0x8,0x20 0x00 0x00 0x00 0x00 0x00 0x00 0x00,0x7AC7,ACK
9.4886510000,2006,Data,0x420,0x8,0xA8 0x14 0xF8 0xFF 0x70 0x03 0x00 0x00,0x3E5B,ACK
9.4888933000,2007,Data,0x421,0x8,0x38 0x36 0x31 0x34 0xFB 0x04 0x62 0x04,0x00AE,ACK
9.4948014000,2008,Data,0x100,0x8,0x00 0x00 0x00 0x40 0x23 0x4F 0x64 0x32,0x4018,ACK
9.5148014000,2009,Data,0x100,0x8,0x00 0x00 0x00 0x40 0x23 0x4F 0x64 0x32,0x4018,ACK
9.5348014000,2010,Data,0x100,0x8,0x00 0x00 0x00 0x40 0x23 0x4F 0x64 0x32,0x4018,ACK
9.5390814000,2011,Data,0x212,0x8,0x52 0x01 0x00 0xC9 0x00 0x00 0x00 0x2A,0x2C4E,ACK
9.5393415000,2012,Data,0x211,0x8,0xE4 0x00 0x2A 0x00 0x00 0x00 0x00 0x00,0x0D4D,ACK
9.5396216000,2013,Data,0x343,0x8,0x00 0x00 0x00 0x00 0x00 0x00 0x00 0x00,0x33F5,ACK
9.5398817000,2014,Data,0x341,0x8,0x00 0x00 0x00 0x00 0x02 0x00 0x00 0x00,0x1833,ACK
9.5401538000,2015,Data,0x342,0x8,0x23 0x00 0x64 0x00 0x00 0xC4 0x16 0x34,0x5886,ACK
9.5403920000,2016,Data,0x344,0x8,0x00 0x00 0x00 0x03 0x00 0x00 0x00 0x00,0x6F15,ACK
9.5548018000,2017,Data,0x100,0x8,0x00 0x00 0x00 0x40 0x23 0x4F 0x64 0x32,0x4018,ACK
9.5653241000,2018,Data,0x310,0x8,0xF1 0x0E 0x78 0x05 0x1A 0x02 0x01 0xC8,0x14DD,ACK
9.5660564000,2019,Data,0x311,0x8,0x39 0x1E 0x07 0x3F 0x90 0x01 0x00 0x00,0x66BC,ACK
9.5748283000,2020,Data,0x100,0x8,0x00 0x00 0x00 0x40 0x23 0x4F 0x64 0x32,0x4018,ACK
9.5750746000,2021,Data,0x203,0x8,0x03 0x00 0x58 0x00 0x58 0x00 0x00 0x00,0x4AB9,ACK
9.5753208000,2022,Data,0x204,0x8,0x00 0x00 0x00 0x00 0x00 0x00 0x00 0x00,0x79D1,ACK
9.5755791000,2023,Data,0x205,0x8,0x00 0x00 0x00 0x00 0x00 0x00 0x00 0x00,0x72CA,ACK
9.5758793000,2024,Data,0x209,0x8,0x9F 0x27 0x10 0x04 0x90 0x49 0x00 0x00,0x59C2,ACK
9.5761176000,2025,Data,0x20A,0x8,0x00 0x00 0x00 0x00 0x00 0x00 0x00 0x00,0x1B53,ACK
9.5763718000,2026,Data,0x20B,0x8,0xBC 0x02 0x64 0x00 0x01 0xC8 0x00 0x00,0x021C,ACK
9.5766179000,2027,Data,0x20C,0x8,0x00 0xC4 0x2C 0x34 0x1E 0x07 0x00 0x00,0x3E70,ACK
9.5768682000,2028,Data,0x301,0x8,0x00 0x00 0x00 0x00 0x00 0x00 0x00 0x00,0x7E55,ACK
9.5771244000,2029,Data,0x302,0x2,0x00 0xFF,0x6FC0,ACK
9.5772707000,2030,Data,0x485,0x8,0x22 0x00 0x00 0x00 0x0C 0x02 0x48 0x0C,0x1FCE,ACK
9.5948007000,2031,Data,0x100,0x8,0x00 0x00 0x00 0x40 0x23 0x4F 0x64 0x32,0x4018,ACK
9.6148007000,2032,Data,0x100,0x8,0x00 0x00 0x00 0x40 0x23 0x4F 0x64 0x32,0x4018,ACK
9.6347887000,2033,Data,0x100,0x8,0x00 0x00 0x00 0x40 0x23 0x4F 0x64 0x32,0x4018,ACK
9.6390528000,2034,Data,0x212,0x8,0x52 0x01 0x00 0xC9 0x00 0x00 0x00 0x2A,0x2C4E,ACK
9.6393110000,2035,Data,0x211,0x8,0xE4 0x00 0x2A 0x00 0x00 0x00 0x00 0x00,0x0D4D,ACK
9.6395713000,2036,Data,0x343,0x8,0x00 0x00 0x00 0x00 0x00 0x00 0x00 0x00,0x33F5,ACK
9.6398495000,2037,Data,0x401,0x8,0x00 0x00 0x34 0x00 0x05 0x2B 0x00 0x00,0x3E15,ACK
9.6547994000,2038,Data,0x100,0x8,0x00 0x00 0x00 0x40 0x23 0x4F 0x64 0x32,0x4018,ACK
9.6748194000,2039,Data,0x100,0x8,0x00 0x00 0x00 0x40 0x23 0x4F 0x64 0x32,0x4018,ACK
9.6750657000,2040,Data,0x203,0x8,0x03 0x00 0x58 0x00 0x58 0x00 0x00 0x00,0x4AB9,ACK
9.6753139000,2041,Data,0x204,0x8,0x00 0x00 0x00 0x00 0x00 0x00 0x00 0x00,0x79D1,ACK
9.6755702000,2042,Data,0x205,0x8,0x00 0x00 0x00 0x00 0x00 0x00 0x00 0x00,0x72CA,ACK
9.6758763000,2043,Data,0x209,0x8,0x9F 0x27 0x10 0x04 0x90 0x49 0x00 0x00,0x59C2,ACK
9.6761165000,2044,Data,0x20A,0x8,0x00 0x00 0x00 0x00 0x00 0x00 0x00 0x00,0x1B53,ACK
9.6763728000,2045,Data,0x20B,0x8,0xBC 0x02 0x64 0x00 0x01 0xC8 0x00 0x00,0x021C,ACK
9.6766170000,2046,Data,0x20C,0x8,0x00 0xC4 0x2C 0x34 0x1E 0x07 0x00 0x00,0x3E70,ACK
9.6947990000,2047,Data,0x100,0x8,0x00 0x00 0x00 0x40 0x23 0x4F 0x64 0x32,0x4018,ACK
9.7147990000,2048,Data,0x100,0x8,0x00 0x00 0x00 0x40 0x23 0x4F 0x64 0x32,0x4018,ACK
9.7347990000,2049,Data,0x100,0x8,0x00 0x00 0x00 0x40 0x23 0x4F 0x64 0x32,0x4018,ACK
9.7390791000,2050,Data,0x212,0x8,0x52 0x01 0x00 0xC9 0x00 0x00 0x00 0x2A,0x2C4E,ACK
9.7393393000,2051,Data,0x211,0x8,0xE4 0x00 0x2A 0x00 0x00 0x00 0x00 0x00,0x0D4D,ACK
9.7395996000,2052,Data,0x343,0x8,0x00 0x00 0x00 0x00 0x00 0x00 0x00 0x00,0x33F5,ACK
9.7398558000,2053,Data,0x341,0x8,0x00 0x00 0x00 0x00 0x02 0x00 0x00 0x00,0x1833,ACK
9.7401561000,2054,Data,0x342,0x8,0x23 0x00 0x64 0x00 0x00 0xC4 0x16 0x34,0x5886,ACK
9.7404143000,2055,Data,0x344,0x8,0x00 0x00 0x00 0x03 0x00 0x00 0x00 0x00,0x6F15,ACK
9.7547983000,2056,Data,0x100,0x8,0x00 0x00 0x00 0x40 0x23 0x4F 0x64 0x32,0x4018,ACK
9.7651966000,2057,Data,0x310,0x8,0xF1 0x0E 0x78 0x05 0x1A 0x02 0x01 0xC8,0x14DD,ACK
9.7659288000,2058,Data,0x311,0x8,0x39 0x1E 0x07 0x3F 0x90 0x01 0x00 0x00,0x66BC,ACK
9.7748128000,2059,Data,0x100,0x8,0x00 0x00 0x00 0x40 0x23 0x4F 0x64 0x32,0x4018,ACK
9.7750589000,2060,Data,0x203,0x8,0x03 0x00 0x58 0x00 0x58 0x00 0x00 0x00,0x4AB9,ACK
9.7753071000,2061,Data,0x204,0x8,0x00 0x00 0x00 0x00 0x00 0x00 0x00 0x00,0x79D1,ACK
9.7755634000,2062,Data,0x205,0x8,0x00 0x00 0x00 0x00 0x00 0x00 0x00 0x00,0x72CA,ACK
9.7758736000,2063,Data,0x209,0x8,0x9F 0x27 0x10 0x04 0x90 0x49 0x00 0x00,0x59C2,ACK
9.7761139000,2064,Data,0x20A,0x8,0x00 0x00 0x00 0x00 0x00 0x00 0x00 0x00,0x1B53,ACK
9.7763681000,2065,Data,0x20B,0x8,0xBC 0x02 0x64 0x00 0x01 0xC8 0x00 0x00,0x021C,ACK
9.7766144000,2066,Data,0x20C,0x8,0x00 0xC4 0x2C 0x34 0x1E 0x07 0x00 0x00,0x3E70,ACK
9.7768646000,2067,Data,0x301,0x8,0x00 0x00 0x00 0x00 0x00 0x00 0x00 0x00,0x7E55,ACK
9.7771209000,2068,Data,0x302,0x2,0x00 0xFF,0x6FC0,ACK
9.7772651000,2069,Data,0x485,0x8,0x22 0x00 0x00 0x00 0x0C 0x02 0x48 0x0C,0x1FCE,ACK
9.7947991000,2070,Data,0x100,0x8,0x00 0x00 0x00 0x40 0x23 0x4F 0x64 0x32,0x4018,ACK
9.8147991000,2071,Data,0x100,0x8,0x00 0x00 0x00 0x40 0x23 0x4F 0x64 0x32,0x4018,ACK
9.8347991000,2072,Data,0x100,0x8,0x00 0x00 0x00 0x40 0x23 0x4F 0x64 0x32,0x4018,ACK
9.8390612000,2073,Data,0x212,0x8,0x52 0x01 0x00 0xC9 0x00 0x00 0x00 0x2A,0x2C4E,ACK
9.8393234000,2074,Data,0x211,0x8,0xE4 0x00 0x2A 0x00 0x00 0x00 0x00 0x00,0x0D4D,ACK
9.8395797000,2075,Data,0x343,0x8,0x00 0x00 0x00 0x00 0x00 0x00 0x00 0x00,0x33F5,ACK
9.8547976000,2076,Data,0x100,0x8,0x00 0x00 0x00 0x40 0x23 0x4F 0x64 0x32,0x4018,ACK
9.8748176000,2077,Data,0x100,0x8,0x00 0x00 0x00 0x40 0x23 0x4F 0x64 0x32,0x4018,ACK
9.8750617000,2078,Data,0x203,0x8,0x03 0x00 0x58 0x00 0x58 0x00 0x00 0x00,0x4AB9,ACK
9.8753078000,2079,Data,0x204,0x8,0x00 0x00 0x00 0x00 0x00 0x00 0x00 0x00,0x79D1,ACK
9.8755641000,2080,Data,0x205,0x8,0x00 0x00 0x00 0x00 0x00 0x00 0x00 0x00,0x72CA,ACK
9.8758763000,2081,Data,0x209,0x8,0x9F 0x27 0x10 0x04 0x90 0x49 0x00 0x00,0x59C2,ACK
9.8761166000,2082,Data,0x20A,0x8,0x00 0x00 0x00 0x00 0x00 0x00 0x00 0x00,0x1B53,ACK
9.8763708000,2083,Data,0x20B,0x8,0xBC 0x02 0x64 0x00 0x01 0xC8 0x00 0x00,0x021C,ACK
9.8766151000,2084,Data,0x20C,0x8,0x00 0xC4 0x2C 0x34 0x1E 0x07 0x00 0x00,0x3E70,ACK
9.8947971000,2085,Data,0x100,0x8,0x00 0x00 0x00 0x40 0x23 0x4F 0x64 0x32,0x4018,ACK
9.9147951000,2086,Data,0x100,0x8,0x00 0x00 0x00 0x40 0x23 0x4F 0x64 0x32,0x4018,ACK
9.9347951000,2087,Data,0x100,0x8,0x00 0x00 0x00 0x40 0x23 0x4F 0x64 0x32,0x4018,ACK
9.9390431000,2088,Data,0x212,0x8,0x52 0x01 0x00 0xC9 0x00 0x00 0x00 0x2A,0x2C4E,ACK
9.9393033000,2089,Data,0x211,0x8,0xE4 0x00 0x2A 0x00 0x00 0x00 0x00 0x00,0x0D4D,ACK
9.9395856000,2090,Data,0x343,0x8,0x00 0x00 0x00 0x00 0x00 0x00 0x00 0x00,0x33F5,ACK
9.9398458000,2091,Data,0x341,0x8,0x00 0x00 0x00 0x00 0x02 0x00 0x00 0x00,0x1833,ACK
9.9401201000,2092,Data,0x342,0x8,0x23 0x00 0x64 0x00 0x00 0xC4 0x16 0x34,0x5886,ACK
9.9404023000,2093,Data,0x344,0x8,0x00 0x00 0x00 0x03 0x00 0x00 0x00 0x00,0x6F15,ACK
9.9547963000,2094,Data,0x100,0x8,0x00 0x00 0x00 0x40 0x23 0x4F 0x64 0x32,0x4018,ACK
9.9656945000,2095,Data,0x310,0x8,0xF1 0x0E 0x78 0x05 0x1A 0x02 0x01 0xC8,0x14DD,ACK
9.9664228000,2096,Data,0x311,0x8,0x39 0x1E 0x07 0x3F 0x90 0x01 0x00 0x00,0x66BC,ACK
9.9748228000,2097,Data,0x100,0x8,0x00 0x00 0x00 0x40 0x23 0x4F 0x64 0x32,0x4018,ACK
9.9750691000,2098,Data,0x203,0x8,0x03 0x00 0x58 0x00 0x58 0x00 0x00 0x00,0x4AB9,ACK
9.9753153000,2099,Data,0x204,0x8,0x00 0x00 0x00 0x00 0x00 0x00 0x00 0x00,0x79D1,ACK
9.9755716000,2100,Data,0x205,0x8,0x00 0x00 0x00 0x00 0x00 0x00 0x00 0x00,0x72CA,ACK
9.9758718000,2101,Data,0x209,0x8,0x9F 0x27 0x10 0x04 0x90 0x49 0x00 0x00,0x59C2,ACK
9.9761120000,2102,Data,0x20A,0x8,0x00 0x00 0x00 0x00 0x00 0x00 0x00 0x00,0x1B53,ACK
9.9763663000,2103,Data,0x20B,0x8,0xBC 0x02 0x64 0x00 0x01 0xC8 0x00 0x00,0x021C,ACK
9.9766105000,2104,Data,0x20C,0x8,0x00 0xC4 0x2C 0x34 0x1E 0x07 0x00 0x00,0x3E70,ACK
9.9768588000,2105,Data,0x301,0x8,0x00 0x00 0x00 0x00 0x00 0x00 0x00 0x00,0x7E55,ACK
9.9771150000,2106,Data,0x302,0x2,0x00 0xFF,0x6FC0,ACK
9.9772593000,2107,Data,0x485,0x8,0x22 0x00 0x00 0x00 0x0C 0x02 0x48 0x0C,0x1FCE,ACK
9.9864135000,2108,Data,0x422,0x8,0x00 0x00 0x20 0x00 0x15 0x00 0x02 0x00,0x33F1,ACK
9.9868138000,2109,Data,0x423,0x8,0xBC 0x02 0x64 0x00 0x3C 0x00 0x01 0x00,0x500B,ACK
9.9876940000,2110,Data,0x425,0x8,0x01 0x64 0x49 0x58 0x58 0x58 0x01 0xFF,0x04F4,ACK
9.9879723000,2111,Data,0x429,0x8,0x20 0x00 0x00 0x00 0x00 0x00 0x00 0x00,0x7AC7,ACK
9.9902185000,2112,Data,0x420,0x8,0xA8 0x14 0xF8 0xFF 0x70 0x03 0x00 0x00,0x3E5B,ACK
9.9904608000,2113,Data,0x421,0x8,0x38 0x36 0x31 0x34 0xFB 0x04 0x62 0x04,0x00AE,ACK
9.9947968000,2114,Data,0x100,0x8,0x00 0x00 0x00 0x40 0x23 0x4F 0x64 0x32,0x4018,ACK