Time [s],Packet,Type,ID,DLC,Data,CRC,ACK
0.0120963000,0,Data,0x212,0x8,0x52 0x01 0x08 0xC9 0x00 0x00 0x00 0x2A,0x18B7,ACK
0.0123605000,1,Data,0x211,0x8,0xE4 0x00 0x2A 0x00 0x00 0x00 0x00 0x00,0x0D4D,ACK
0.0126168000,2,Data,0x343,0x8,0x00 0x00 0x00 0x00 0x00 0x00 0x00 0x00,0x33F5,ACK
0.0128770000,3,Data,0x401,0x8,0x00 0x00 0x35 0x00 0x05 0x2A 0x00 0x00,0x502D,ACK
0.0186711000,4,Data,0x100,0x8,0x00 0x00 0x00 0x40 0x0F 0x4F 0x23 0x32,0x4E99,ACK
0.0386611000,5,Data,0x100,0x8,0x00 0x00 0x00 0x40 0x0F 0x4F 0x23 0x32,0x4E99,ACK
0.0586970000,6,Data,0x100,0x8,0x00 0x00 0x00 0x40 0x0F 0x4F 0x23 0x32,0x4E99,ACK
0.0589432000,7,Data,0x203,0x8,0x01 0x00 0x57 0x00 0x57 0x00 0x00 0x00,0x25CC,ACK
0.0591894000,8,Data,0x204,0x8,0x00 0x00 0x00 0x00 0x00 0x00 0x00 0x00,0x79D1,ACK
0.0594457000,9,Data,0x205,0x8,0x00 0x00 0x00 0x00 0x00 0x00 0x00 0x00,0x72CA,ACK
0.0597519000,10,Data,0x209,0x8,0x9F 0x27 0x10 0x04 0x90 0x49 0x00 0x00,0x59C2,ACK
0.0599921000,11,Data,0x20A,0x8,0x00 0x00 0x00 0x00 0x00 0x00 0x00 0x00,0x1B53,ACK
0.0602484000,12,Data,0x20B,0x8,0xBC 0x02 0x64 0x00 0x01 0xC8 0x00 0x00,0x021C,ACK
0.0604926000,13,Data,0x20C,0x8,0x00 0x82 0x1E 0x34 0x1E 0x07 0x00 0x00,0x13E6,ACK
0.0607429000,14,Data,0x301,0x8,0x00 0x00 0x00 0x00 0x00 0x00 0x00 0x00,0x7E55,ACK
0.0609991000,15,Data,0x302,0x2,0x00 0xFF,0x6FC0,ACK
0.0611434000,16,Data,0x485,0x8,0x22 0x00 0x00 0x00 0x62 0x00 0x14 0x0C,0x569F,ACK
0.0786714000,17,Data,0x100,0x8,0x00 0x00 0x00 0x40 0x0F 0x4F 0x23 0x32,0x4E99,ACK
0.0986712000,18,Data,0x100,0x8,0x00 0x00 0x00 0x40 0x0F 0x4F 0x23 0x32,0x4E99,ACK
0.1046254000,19,Data,0x310,0x8,0xF1 0x0E 0x78 0x05 0x12 0x02 0x01 0xC8,0x2684,ACK
0.1053516000,20,Data,0x311,0x8,0x39 0x1E 0x07 0x3F 0x90 0x01 0x00 0x00,0x66BC,ACK
0.1121037000,21,Data,0x212,0x8,0x52 0x01 0x08 0xC9 0x00 0x00 0x00 0x2A,0x18B7,ACK
0.1123618000,22,Data,0x211,0x8,0xE4 0x00 0x2A 0x00 0x00 0x00 0x00 0x00,0x0D4D,ACK
0.1126439000,23,Data,0x343,0x8,0x00 0x00 0x00 0x00 0x00 0x00 0x00 0x00,0x33F5,ACK
0.1129041000,24,Data,0x341,0x8,0x00 0x00 0x00 0x00 0x02 0x00 0x00 0x00,0x1833,ACK
0.1131962000,25,Data,0x342,0x8,0x0F 0x00 0x23 0x00 0x00 0x82 0x0F 0x34,0x2C17,ACK
0.1134583000,26,Data,0x344,0x8,0x00 0x00 0x00 0x03 0x00 0x00 0x00 0x00,0x6F15,ACK
0.1186703000,27,Data,0x100,0x8,0x00 0x00 0x00 0x40 0x0F 0x4F 0x23 0x32,0x4E99,ACK
0.1386701000,28,Data,0x100,0x8,0x00 0x00 0x00 0x40 0x0F 0x4F 0x23 0x32,0x4E99,ACK
0.1586900000,29,Data,0x100,0x8,0x00 0x00 0x00 0x40 0x0F 0x4F 0x23 0x32,0x4E99,ACK
0.1589381000,30,Data,0x203,0x8,0x01 0x00 0x57 0x00 0x57 0x00 0x00 0x00,0x25CC,ACK
0.1591862000,31,Data,0x204,0x8,0x00 0x00 0x00 0x00 0x00 0x00 0x00 0x00,0x79D1,ACK
0.1594423000,32,Data,0x205,0x8,0x00 0x00 0x00 0x00 0x00 0x00 0x00 0x00,0x72CA,ACK
0.1597505000,33,Data,0x209,0x8,0x9F 0x27 0x10 0x04 0x90 0x49 0x00 0x00,0x59C2,ACK
0.1599906000,34,Data,0x20A,0x8,0x00 0x00 0x00 0x00 0x00 0x00 0x00 0x00,0x1B53,ACK
0.1602447000,35,Data,0x20B,0x8,0xBC 0x02 0x64 0x00 0x01 0xC8 0x00 0x00,0x021C,ACK
0.1604888000,36,Data,0x20C,0x8,0x00 0x82 0x1E 0x34 0x1E 0x07 0x00 0x00,0x13E6,ACK
0.1786587000,37,Data,0x100,0x8,0x00 0x00 0x00 0x40 0x0F 0x4F 0x23 0x32,0x4E99,ACK
0.1986585000,38,Data,0x100,0x8,0x00 0x00 0x00 0x40 0x0F 0x4F 0x23 0x32,0x4E99,ACK
0.2121244000,39,Data,0x212,0x8,0x52 0x01 0x08 0xC9 0x00 0x00 0x00 0x2A,0x18B7,ACK
0.2123805000,40,Data,0x211,0x8,0xE4 0x00 0x2A 0x00 0x00 0x00 0x00 0x00,0x0D4D,ACK
0.2126406000,41,Data,0x343,0x8,0x00 0x00 0x00 0x00 0x00 0x00 0x00 0x00,0x33F5,ACK
0.2186686000,42,Data,0x100,0x8,0x00 0x00 0x00 0x40 0x0F 0x4F 0x23 0x32,0x4E99,ACK
0.2386565000,43,Data,0x100,0x8,0x00 0x00 0x00 0x40 0x0F 0x4F 0x23 0x32,0x4E99,ACK
0.2586964000,44,Data,0x100,0x8,0x00 0x00 0x00 0x40 0x0F 0x4F 0x23 0x32,0x4E99,ACK
0.2589427000,45,Data,0x203,0x8,0x01 0x00 0x57 0x00 0x57 0x00 0x00 0x00,0x25CC,ACK
0.2591889000,46,Data,0x204,0x8,0x00 0x00 0x00 0x00 0x00 0x00 0x00 0x00,0x79D1,ACK
0.2594472000,47,Data,0x205,0x8,0x00 0x00 0x00 0x00 0x00 0x00 0x00 0x00,0x72CA,ACK
0.2597494000,48,Data,0x209,0x8,0x9F 0x27 0x10 0x04 0x90 0x49 0x00 0x00,0x59C2,ACK
0.2599897000,49,Data,0x20A,0x8,0x00 0x00 0x00 0x00 0x00 0x00 0x00 0x00,0x1B53,ACK
0.2602439000,50,Data,0x20B,0x8,0xBC 0x02 0x64 0x00 0x01 0xC8 0x00 0x00,0x021C,ACK
0.2604882000,51,Data,0x20C,0x8,0x00 0x82 0x1E 0x34 0x1E 0x07 0x00 0x00,0x13E6,ACK
0.2607384000,52,Data,0x301,0x8,0x00 0x00 0x00 0x00 0x00 0x00 0x00 0x00,0x7E55,ACK
0.2609946000,53,Data,0x302,0x2,0x00 0xFF,0x6FC0,ACK
0.2611389000,54,Data,0x485,0x8,0x22 0x00 0x00 0x00 0x62 0x00 0x14 0x0C,0x569F,ACK
0.2786689000,55,Data,0x100,0x8,0x00 0x00 0x00 0x40 0x0F 0x4F 0x23 0x32,0x4E99,ACK
0.2986689000,56,Data,0x100,0x8,0x00 0x00 0x00 0x40 0x0F 0x4F 0x23 0x32,0x4E99,ACK
0.3040709000,57,Data,0x310,0x8,0xF1 0x0E 0x78 0x05 0x12 0x02 0x01 0xC8,0x2684,ACK
0.3047852000,58,Data,0x311,0x8,0x39 0x1E 0x07 0x3F 0x90 0x01 0x00 0x00,0x66BC,ACK
0.3120972000,59,Data,0x212,0x8,0x52 0x01 0x08 0xC9 0x00 0x00 0x00 0x2A,0x18B7,ACK
0.3123574000,60,Data,0x211,0x8,0xE4 0x00 0x2A 0x00 0x00 0x00 0x00 0x00,0x0D4D,ACK
0.3126157000,61,Data,0x343,0x8,0x00 0x00 0x00 0x00 0x00 0x00 0x00 0x00,0x33F5,ACK
0.3128739000,62,Data,0x341,0x8,0x00 0x00 0x00 0x00 0x02 0x00 0x00 0x00,0x1833,ACK
0.3131742000,63,Data,0x342,0x8,0x0F 0x00 0x23 0x00 0x00 0x82 0x0F 0x34,0x2C17,ACK
0.3134304000,64,Data,0x344,0x8,0x00 0x00 0x00 0x03 0x00 0x00 0x00 0x00,0x6F15,ACK
0.3186684000,65,Data,0x100,0x8,0x00 0x00 0x00 0x40 0x0F 0x4F 0x23 0x32,0x4E99,ACK
0.3292247000,66,Data,0x423,0x8,0xBC 0x02 0x64 0x00 0x28 0x00 0x01 0x00,0x4F59,ACK
0.3301229000,67,Data,0x425,0x8,0x01 0x64 0x49 0x57 0x57 0x59 0x01 0xFF,0x4E46,ACK
0.3303552000,68,Data,0x429,0x8,0x20 0x00 0x00 0x00 0x00 0x00 0x00 0x00,0x7AC7,ACK
0.3306035000,69,Data,0x420,0x8,0xD4 0x14 0x84 0x01 0x66 0x03 0x00 0x00,0x4E2D,ACK
0.3308397000,70,Data,0x421,0x8,0x38 0x36 0x31 0x34 0xFB 0x04 0x55 0x04,0x0DC7,ACK
0.3312259000,71,Data,0x422,0x8,0x00 0x00 0x20 0x00 0x55 0x00 0x1B 0x00,0x21B5,ACK
0.3386660000,72,Data,0x100,0x8,0x00 0x00 0x00 0x40 0x0F 0x4F 0x23 0x32,0x4E99,ACK
0.3586740000,73,Data,0x100,0x8,0x00 0x00 0x00 0x40 0x0F 0x4F 0x23 0x32,0x4E99,ACK
0.3589202000,74,Data,0x203,0x8,0x01 0x00 0x57 0x00 0x57 0x00 0x00 0x00,0x25CC,ACK
0.3591685000,75,Data,0x204,0x8,0x00 0x00 0x00 0x00 0x00 0x00 0x00 0x00,0x79D1,ACK
0.3594247000,76,Data,0x205,0x8,0x00 0x00 0x00 0x00 0x00 0x00 0x00 0x00,0x72CA,ACK
0.3597470000,77,Data,0x209,0x8,0x9F 0x27 0x10 0x04 0x90 0x49 0x00 0x00,0x59C2,ACK
0.3599872000,78,Data,0x20A,0x8,0x00 0x00 0x00 0x00 0x00 0x00 0x00 0x00,0x1B53,ACK
0.3602435000,79,Data,0x20B,0x8,0xBC 0x02 0x64 0x00 0x01 0xC8 0x00 0x00,0x021C,ACK
0.3604877000,80,Data,0x20C,0x8,0x00 0x82 0x1E 0x34 0x1E 0x07 0x00 0x00,0x13E6,ACK
0.3786677000,81,Data,0x100,0x8,0x00 0x00 0x00 0x40 0x0F 0x4F 0x23 0x32,0x4E99,ACK
0.3986655000,82,Data,0x100,0x8,0x00 0x00 0x00 0x40 0x0F 0x4F 0x23 0x32,0x4E99,ACK
0.4120915000,83,Data,0x212,0x8,0x52 0x01 0x08 0xC9 0x00 0x00 0x00 0x2A,0x18B7,ACK
0.4123316000,84,Data,0x211,0x8,0xE4 0x00 0x2A 0x00 0x00 0x00 0x00 0x00,0x0D4D,ACK
0.4125879000,85,Data,0x343,0x8,0x00 0x00 0x00 0x00 0x00 0x00 0x00 0x00,0x33F5,ACK
0.4186679000,86,Data,0x100,0x8,0x00 0x00 0x00 0x40 0x0F 0x4F 0x23 0x32,0x4E99,ACK
0.4386658000,87,Data,0x100,0x8,0x00 0x00 0x00 0x40 0x0F 0x4F 0x23 0x32,0x4E99,ACK
0.4586918000,88,Data,0x100,0x8,0x00 0x00 0x00 0x40 0x0F 0x4F 0x23 0x32,0x4E99,ACK
0.4589379000,89,Data,0x203,0x8,0x01 0x00 0x57 0x00 0x57 0x00 0x00 0x00,0x25CC,ACK
0.4591842000,90,Data,0x204,0x8,0x00 0x00 0x00 0x00 0x00 0x00 0x00 0x00,0x79D1,ACK
0.4594404000,91,Data,0x205,0x8,0x00 0x00 0x00 0x00 0x00 0x00 0x00 0x00,0x72CA,ACK
0.4597467000,92,Data,0x209,0x8,0x9F 0x27 0x10 0x04 0x90 0x49 0x00 0x00,0x59C2,ACK
0.4599869000,93,Data,0x20A,0x8,0x00 0x00 0x00 0x00 0x00 0x00 0x00 0x00,0x1B53,ACK
0.4602412000,94,Data,0x20B,0x8,0xBC 0x02 0x64 0x00 0x01 0xC8 0x00 0x00,0x021C,ACK
0.4604854000,95,Data,0x20C,0x8,0x00 0x82 0x1E 0x34 0x1E 0x07 0x00 0x00,0x13E6,ACK
0.4607357000,96,Data,0x301,0x8,0x00 0x00 0x00 0x00 0x00 0x00 0x00 0x00,0x7E55,ACK
0.4609919000,97,Data,0x302,0x2,0x00 0xFF,0x6FC0,ACK
0.4611382000,98,Data,0x485,0x8,0x22 0x00 0x00 0x00 0x62 0x00 0x14 0x0C,0x569F,ACK
0.4786662000,99,Data,0x100,0x8,0x00 0x00 0x00 0x40 0x0F 0x4F 0x23 0x32,0x4E99,ACK
0.4986641000,100,Data,0x100,0x8,0x00 0x00 0x00 0x40 0x0F 0x4F 0x23 0x32,0x4E99,ACK
0.5052002000,101,Data,0x310,0x8,0xF1 0x0E 0x78 0x05 0x12 0x02 0x01 0xC8,0x2684,ACK
0.5059324000,102,Data,0x311,0x8,0x39 0x1E 0x07 0x3F 0x90 0x01 0x00 0x00,0x66BC,ACK
0.5121124000,103,Data,0x212,0x8,0x52 0x01 0x08 0xC9 0x00 0x00 0x00 0x2A,0x18B7,ACK
0.5123707000,104,Data,0x211,0x8,0xE4 0x00 0x2A 0x00 0x00 0x00 0x00 0x00,0x0D4D,ACK
0.5126329000,105,Data,0x343,0x8,0x00 0x00 0x00 0x00 0x00 0x00 0x00 0x00,0x33F5,ACK
0.5128912000,106,Data,0x341,0x8,0x00 0x00 0x00 0x00 0x02 0x00 0x00 0x00,0x1833,ACK
0.5131874000,107,Data,0x342,0x8,0x0F 0x00 0x23 0x00 0x00 0x82 0x0F 0x34,0x2C17,ACK
0.5134477000,108,Data,0x344,0x8,0x00 0x00 0x00 0x03 0x00 0x00 0x00 0x00,0x6F15,ACK
0.5137259000,109,Data,0x401,0x8,0x00 0x00 0x35 0x00 0x05 0x2A 0x00 0x00,0x502D,ACK
0.5186640000,110,Data,0x100,0x8,0x00 0x00 0x00 0x40 0x0F 0x4F 0x23 0x32,0x4E99,ACK
0.5386639000,111,Data,0x100,0x8,0x00 0x00 0x00 0x40 0x0F 0x4F 0x23 0x32,0x4E99,ACK
0.5586858000,112,Data,0x100,0x8,0x00 0x00 0x00 0x40 0x0F 0x4F 0x23 0x32,0x4E99,ACK
0.5589320000,113,Data,0x203,0x8,0x01 0x00 0x57 0x00 0x57 0x00 0x00 0x00,0x25CC,ACK
0.5591782000,114,Data,0x204,0x8,0x00 0x00 0x00 0x00 0x00 0x00 0x00 0x00,0x79D1,ACK
0.5594345000,115,Data,0x205,0x8,0x00 0x00 0x00 0x00 0x00 0x00 0x00 0x00,0x72CA,ACK
0.5597427000,116,Data,0x209,0x8,0x9F 0x27 0x10 0x04 0x90 0x49 0x00 0x00,0x59C2,ACK
0.5599830000,117,Data,0x20A,0x8,0x00 0x00 0x00 0x00 0x00 0x00 0x00 0x00,0x1B53,ACK
0.5602372000,118,Data,0x20B,0x8,0xBC 0x02 0x64 0x00 0x01 0xC8 0x00 0x00,0x021C,ACK
0.5604835000,119,Data,0x20C,0x8,0x00 0x82 0x1E 0x34 0x1E 0x07 0x00 0x00,0x13E6,ACK
0.5786655000,120,Data,0x100,0x8,0x00 0x00 0x00 0x40 0x0F 0x4F 0x23 0x32,0x4E99,ACK
0.5986653000,121,Data,0x100,0x8,0x00 0x00 0x00 0x40 0x0F 0x4F 0x23 0x32,0x4E99,ACK
0.6120852000,122,Data,0x212,0x8,0x52 0x01 0x08 0xC9 0x00 0x00 0x00 0x2A,0x18B7,ACK
0.6123434000,123,Data,0x211,0x8,0xE4 0x00 0x2A 0x00 0x00 0x00 0x00 0x00,0x0D4D,ACK
0.6126036000,124,Data,0x343,0x8,0x00 0x00 0x00 0x00 0x00 0x00 0x00 0x00,0x33F5,ACK
0.6186636000,125,Data,0x100,0x8,0x00 0x00 0x00 0x40 0x0F 0x4F 0x23 0x32,0x4E99,ACK
0.6386636000,126,Data,0x100,0x8,0x00 0x00 0x00 0x40 0x0F 0x4F 0x23 0x32,0x4E99,ACK
0.6586896000,127,Data,0x100,0x8,0x00 0x00 0x00 0x40 0x0F 0x4F 0x23 0x32,0x4E99,ACK
0.6589378000,128,Data,0x203,0x8,0x01 0x00 0x57 0x00 0x57 0x00 0x00 0x00,0x25CC,ACK
0.6591861000,129,Data,0x204,0x8,0x00 0x00 0x00 0x00 0x00 0x00 0x00 0x00,0x79D1,ACK
0.6594423000,130,Data,0x205,0x8,0x00 0x00 0x00 0x00 0x00 0x00 0x00 0x00,0x72CA,ACK
0.6597426000,131,Data,0x209,0x8,0x9F 0x27 0x10 0x04 0x90 0x49 0x00 0x00,0x59C2,ACK
0.6599828000,132,Data,0x20A,0x8,0x00 0x00 0x00 0x00 0x00 0x00 0x00 0x00,0x1B53,ACK
0.6602391000,133,Data,0x20B,0x8,0xBC 0x02 0x64 0x00 0x01 0xC8 0x00 0x00,0x021C,ACK
0.6604833000,134,Data,0x20C,0x8,0x00 0x82 0x1E 0x34 0x1E 0x07 0x00 0x00,0x13E6,ACK
0.6607335000,135,Data,0x301,0x8,0x00 0x00 0x00 0x00 0x00 0x00 0x00 0x00,0x7E55,ACK
0.6609898000,136,Data,0x302,0x2,0x00 0xFF,0x6FC0,ACK
0.6611340000,137,Data,0x485,0x8,0x22 0x00 0x00 0x00 0x62 0x00 0x14 0x0C,0x569F,ACK
0.6786640000,138,Data,0x100,0x8,0x00 0x00 0x00 0x40 0x0F 0x4F 0x23 0x32,0x4E99,ACK
0.6986620000,139,Data,0x100,0x8,0x00 0x00 0x00 0x40 0x0F 0x4F 0x23 0x32,0x4E99,ACK
0.7051082000,140,Data,0x310,0x8,0xF1 0x0E 0x78 0x05 0x12 0x02 0x01 0xC8,0x2684,ACK
0.7058405000,141,Data,0x311,0x8,0x39 0x1E 0x07 0x3F 0x90 0x01 0x00 0x00,0x66BC,ACK
0.7120884000,142,Data,0x212,0x8,0x52 0x01 0x08 0xC9 0x00 0x00 0x00 0x2A,0x18B7,ACK
0.7123287000,143,Data,0x211,0x8,0xE4 0x00 0x2A 0x00 0x00 0x00 0x00 0x00,0x0D4D,ACK
0.7125849000,144,Data,0x343,0x8,0x00 0x00 0x00 0x00 0x00 0x00 0x00 0x00,0x33F5,ACK
0.7128432000,145,Data,0x341,0x8,0x00 0x00 0x00 0x00 0x02 0x00 0x00 0x00,0x1833,ACK
0.7131414000,146,Data,0x342,0x8,0x0F 0x00 0x23 0x00 0x00 0x82 0x0F 0x34,0x2C17,ACK
0.7133997000,147,Data,0x344,0x8,0x00 0x00 0x00 0x03 0x00 0x00 0x00 0x00,0x6F15,ACK
0.7186497000,148,Data,0x100,0x8,0x00 0x00 0x00 0x40 0x0F 0x4F 0x23 0x32,0x4E99,ACK
0.7386617000,149,Data,0x100,0x8,0x00 0x00 0x00 0x40 0x0F 0x4F 0x23 0x32,0x4E99,ACK
0.7586816000,150,Data,0x100,0x8,0x00 0x00 0x00 0x40 0x0F 0x4F 0x23 0x32,0x4E99,ACK
0.7589279000,151,Data,0x203,0x8,0x01 0x00 0x57 0x00 0x57 0x00 0x00 0x00,0x25CC,ACK
0.7591761000,152,Data,0x204,0x8,0x00 0x00 0x00 0x00 0x00 0x00 0x00 0x00,0x79D1,ACK
0.7594324000,153,Data,0x205,0x8,0x00 0x00 0x00 0x00 0x00 0x00 0x00 0x00,0x72CA,ACK
0.7597406000,154,Data,0x209,0x8,0x9F 0x27 0x10 0x04 0x90 0x49 0x00 0x00,0x59C2,ACK
0.7599809000,155,Data,0x20A,0x8,0x00 0x00 0x00 0x00 0x00 0x00 0x00 0x00,0x1B53,ACK
0.7602351000,156,Data,0x20B,0x8,0xBC 0x02 0x64 0x00 0x01 0xC8 0x00 0x00,0x021C,ACK
0.7604794000,157,Data,0x20C,0x8,0x00 0x82 0x1E 0x34 0x1E 0x07 0x00 0x00,0x13E6,ACK
0.7786614000,158,Data,0x100,0x8,0x00 0x00 0x00 0x40 0x0F 0x4F 0x23 0x32,0x4E99,ACK
0.7831256000,159,Data,0x501,0x8,0xB4 0xC1 0x83 0x58 0x51 0xE5 0xB2 0x6B,0x057E,ACK
0.7833558000,160,Data,0x502,0x8,0x32 0xAC 0x86 0x0E 0x1A 0xB9 0x00 0x00,0x0E93,ACK
0.7917061000,161,Data,0x424,0x8,0x61 0x4A 0x4D 0x69 0x00 0x00 0x00 0x00,0x3050,ACK
0.7986601000,162,Data,0x100,0x8,0x00 0x00 0x00 0x40 0x0F 0x4F 0x23 0x32,0x4E99,ACK
0.8121100000,163,Data,0x212,0x8,0x52 0x01 0x08 0xC9 0x00 0x00 0x00 0x2A,0x18B7,ACK
0.8123702000,164,Data,0x211,0x8,0xE4 0x00 0x2A 0x00 0x00 0x00 0x00 0x00,0x0D4D,ACK
0.8126265000,165,Data,0x343,0x8,0x00 0x00 0x00 0x00 0x00 0x00 0x00 0x00,0x33F5,ACK
0.8186605000,166,Data,0x100,0x8,0x00 0x00 0x00 0x40 0x0F 0x4F 0x23 0x32,0x4E99,ACK
0.8302726000,167,Data,0x423,0x8,0xBC 0x02 0x64 0x00 0x28 0x00 0x01 0x00,0x4F59,ACK
0.8311709000,168,Data,0x425,0x8,0x01 0x64 0x49 0x57 0x57 0x59 0x01 0xFF,0x4E46,ACK
0.8314031000,169,Data,0x429,0x8,0x20 0x00 0x00 0x00 0x00 0x00 0x00 0x00,0x7AC7,ACK
0.8316514000,170,Data,0x420,0x8,0xD4 0x14 0x86 0x01 0x66 0x03 0x00 0x00,0x7275,ACK
0.8386614000,171,Data,0x100,0x8,0x00 0x00 0x00 0x40 0x0F 0x4F 0x23 0x32,0x4E99,ACK
0.8587013000,172,Data,0x100,0x8,0x00 0x00 0x00 0x40 0x0F 0x4F 0x23 0x32,0x4E99,ACK
0.8589496000,173,Data,0x203,0x8,0x01 0x00 0x57 0x00 0x57 0x00 0x00 0x00,0x25CC,ACK
0.8591978000,174,Data,0x204,0x8,0x00 0x00 0x00 0x00 0x00 0x00 0x00 0x00,0x79D1,ACK
0.8594541000,175,Data,0x205,0x8,0x00 0x00 0x00 0x00 0x00 0x00 0x00 0x00,0x72CA,ACK
0.8597403000,176,Data,0x209,0x8,0x9F 0x27 0x10 0x04 0x90 0x49 0x00 0x00,0x59C2,ACK
0.8599806000,177,Data,0x20A,0x8,0x00 0x00 0x00 0x00 0x00 0x00 0x00 0x00,0x1B53,ACK
0.8602328000,178,Data,0x20B,0x8,0xBC 0x02 0x64 0x00 0x01 0xC8 0x00 0x00,0x021C,ACK
0.8604771000,179,Data,0x20C,0x8,0x00 0x82 0x1E 0x34 0x1E 0x07 0x00 0x00,0x13E6,ACK
0.8607273000,180,Data,0x301,0x8,0x00 0x00 0x00 0x00 0x00 0x00 0x00 0x00,0x7E55,ACK
0.8609836000,181,Data,0x302,0x2,0x00 0xFF,0x6FC0,ACK
0.8611278000,182,Data,0x485,0x8,0x22 0x00 0x00 0x00 0x62 0x00 0x14 0x0C,0x569F,ACK
0.8613740000,183,Data,0x480,0x8,0x00 0x00 0x00 0x00 0x21 0x00 0x00 0x00,0x32BE,ACK
0.8616303000,184,Data,0x481,0x8,0xCA 0x17 0x08 0x13 0x00 0x00 0x00 0x00,0x1AA4,ACK
0.8618725000,185,Data,0x482,0x8,0x52 0x01 0x02 0x00 0x00 0x00 0x00 0x00,0x36EA,ACK
0.8621208000,186,Data,0x483,0x8,0x31 0x4B 0x31 0x55 0x41 0x32 0x35 0x35,0x717E,ACK
0.8623550000,187,Data,0x484,0x8,0x31 0x50 0x33 0x39 0x36 0x35 0x00 0x00,0x0196,ACK
0.8755671000,188,Extend Data,0x18EF073E,0x4,0x01 0x01 0x8F 0x02,0x64A1,ACK
0.8786593000,189,Data,0x100,0x8,0x00 0x00 0x00 0x40 0x0F 0x4F 0x23 0x32,0x4E99,ACK
0.8824254000,190,Data,0x421,0x8,0x38 0x36 0x31 0x34 0xFB 0x04 0x55 0x04,0x0DC7,ACK
0.8827517000,191,Extend Data,0x18EF3E07,0x5,0x01 0x04 0x8F 0x57 0x00,0x3086,ACK
0.8829779000,192,Data,0x422,0x8,0x00 0x00 0x20 0x00 0x55 0x00 0x1B 0x00,0x21B5,ACK
0.8986599000,193,Data,0x100,0x8,0x00 0x00 0x00 0x40 0x0F 0x4F 0x23 0x32,0x4E99,ACK
0.9053020000,194,Data,0x310,0x8,0xF1 0x0E 0x78 0x05 0x12 0x02 0x01 0xC8,0x2684,ACK
0.9060342000,195,Data,0x311,0x8,0x39 0x1E 0x07 0x3F 0x90 0x01 0x00 0x00,0x66BC,ACK
0.9120962000,196,Data,0x212,0x8,0x52 0x01 0x08 0xC9 0x00 0x00 0x00 0x2A,0x18B7,ACK
0.9123543000,197,Data,0x211,0x8,0xE4 0x00 0x2A 0x00 0x00 0x00 0x00 0x00,0x0D4D,ACK
0.9126365000,198,Data,0x343,0x8,0x00 0x00 0x00 0x00 0x00 0x00 0x00 0x00,0x33F5,ACK
0.9128928000,199,Data,0x341,0x8,0x00 0x00 0x00 0x00 0x02 0x00 0x00 0x00,0x1833,ACK
0.9131690000,200,Data,0x342,0x8,0x0F 0x00 0x23 0x00 0x00 0x82 0x0F 0x34,0x2C17,ACK
0.9134513000,201,Data,0x344,0x8,0x00 0x00 0x00 0x03 0x00 0x00 0x00 0x00,0x6F15,ACK
0.9186594000,202,Data,0x100,0x8,0x00 0x00 0x00 0x40 0x0F 0x4F 0x23 0x32,0x4E99,ACK
0.9353474000,203,Extend Data,0x18EF073E,0x4,0x01 0x01 0x8C 0x02,0x6D52,ACK
0.9386596000,204,Data,0x100,0x8,0x00 0x00 0x00 0x40 0x0F 0x4F 0x23 0x32,0x4E99,ACK
0.9586775000,205,Data,0x100,0x8,0x00 0x00 0x00 0x40 0x0F 0x4F 0x23 0x32,0x4E99,ACK
0.9589238000,206,Data,0x203,0x8,0x01 0x00 0x57 0x00 0x57 0x00 0x00 0x00,0x25CC,ACK
0.9591720000,207,Data,0x204,0x8,0x00 0x00 0x00 0x00 0x00 0x00 0x00 0x00,0x79D1,ACK
0.9594283000,208,Data,0x205,0x8,0x00 0x00 0x00 0x00 0x00 0x00 0x00 0x00,0x72CA,ACK
0.9597385000,209,Data,0x209,0x8,0x9F 0x27 0x10 0x04 0x90 0x49 0x00 0x00,0x59C2,ACK
0.9599788000,210,Data,0x20A,0x8,0x00 0x00 0x00 0x00 0x00 0x00 0x00 0x00,0x1B53,ACK
0.9602330000,211,Data,0x20B,0x8,0xBC 0x02 0x64 0x00 0x01 0xC8 0x00 0x00,0x021C,ACK
0.9604773000,212,Data,0x20C,0x8,0x00 0x82 0x1E 0x34 0x1E 0x07 0x00 0x00,0x13E6,ACK
0.9786592000,213,Data,0x100,0x8,0x00 0x00 0x00 0x40 0x0F 0x4F 0x23 0x32,0x4E99,ACK
0.9829873000,214,Extend Data,0x18EF3E07,0x5,0x01 0x04 0x8C 0xD4 0x14,0x2182,ACK
0.9986572000,215,Data,0x100,0x8,0x00 0x00 0x00 0x40 0x0F 0x4F 0x23 0x32,0x4E99,ACK
1.0103953000,216,Extend Data,0x18EF073E,0x4,0x01 0x01 0x8D 0x02,0x2974,ACK
1.0110194000,217,Extend Data,0x18EF3E07,0x5,0x01 0x04 0x8D 0x88 0x01,0x6CF9,ACK
1.0120835000,218,Data,0x212,0x8,0x52 0x01 0x08 0xC9 0x00 0x00 0x00 0x2A,0x18B7,ACK
1.0123237000,219,Data,0x211,0x8,0xE4 0x00 0x2A 0x00 0x00 0x00 0x00 0x00,0x0D4D,ACK
1.0125820000,220,Data,0x343,0x8,0x00 0x00 0x00 0x00 0x00 0x00 0x00 0x00,0x33F5,ACK
1.0128602000,221,Data,0x401,0x8,0x00 0x00 0x35 0x00 0x05 0x2A 0x00 0x00,0x502D,ACK
1.0186563000,222,Data,0x100,0x8,0x00 0x00 0x00 0x40 0x0F 0x4F 0x23 0x32,0x4E99,ACK
1.0386563000,223,Data,0x100,0x8,0x00 0x00 0x00 0x40 0x0F 0x4F 0x23 0x32,0x4E99,ACK
1.0586842000,224,Data,0x100,0x8,0x00 0x00 0x00 0x40 0x0F 0x4F 0x23 0x32,0x4E99,ACK
1.0589305000,225,Data,0x203,0x8,0x01 0x00 0x57 0x00 0x57 0x00 0x00 0x00,0x25CC,ACK
1.0591787000,226,Data,0x204,0x8,0x00 0x00 0x00 0x00 0x00 0x00 0x00 0x00,0x79D1,ACK
1.0594350000,227,Data,0x205,0x8,0x00 0x00 0x00 0x00 0x00 0x00 0x00 0x00,0x72CA,ACK
1.0597372000,228,Data,0x209,0x8,0x9F 0x27 0x10 0x04 0x90 0x49 0x00 0x00,0x59C2,ACK
1.0599775000,229,Data,0x20A,0x8,0x00 0x00 0x00 0x00 0x00 0x00 0x00 0x00,0x1B53,ACK
1.0602317000,230,Data,0x20B,0x8,0xBC 0x02 0x64 0x00 0x01 0xC8 0x00 0x00,0x021C,ACK
1.0604779000,231,Data,0x20C,0x8,0x00 0x82 0x1E 0x34 0x1E 0x07 0x00 0x00,0x13E6,ACK
1.0607282000,232,Data,0x301,0x8,0x00 0x00 0x00 0x00 0x00 0x00 0x00 0x00,0x7E55,ACK
1.0609844000,233,Data,0x302,0x2,0x00 0xFF,0x6FC0,ACK
1.0611287000,234,Data,0x485,0x8,0x22 0x00 0x00 0x00 0x62 0x00 0x14 0x0C,0x569F,ACK
1.0705888000,235,Extend Data,0x18EF073E,0x4,0x01 0x01 0x8E 0x02,0x2087,ACK
1.0786569000,236,Data,0x100,0x8,0x00 0x00 0x00 0x40 0x0F 0x4F 0x23 0x32,0x4E99,ACK
1.0825172000,237,Extend Data,0x18EF3E07,0x5,0x01 0x04 0x8E 0x64 0x00,0x13C8,ACK
1.0986571000,238,Data,0x100,0x8,0x00 0x00 0x00 0x40 0x0F 0x4F 0x23 0x32,0x4E99,ACK
1.1052952000,239,Data,0x310,0x8,0xF1 0x0E 0x78 0x05 0x12 0x02 0x01 0xC8,0x2684,ACK
1.1060275000,240,Data,0x311,0x8,0x39 0x1E 0x07 0x3F 0x90 0x01 0x00 0x00,0x66BC,ACK
1.1120935000,241,Data,0x212,0x8,0x52 0x01 0x08 0xC9 0x00 0x00 0x00 0x2A,0x18B7,ACK
1.1123558000,242,Data,0x211,0x8,0xE4 0x00 0x2A 0x00 0x00 0x00 0x00 0x00,0x0D4D,ACK
1.1126120000,243,Data,0x343,0x8,0x00 0x00 0x00 0x00 0x00 0x00 0x00 0x00,0x33F5,ACK
1.1128723000,244,Data,0x341,0x8,0x00 0x00 0x00 0x00 0x02 0x00 0x00 0x00,0x1833,ACK
1.1131725000,245,Data,0x342,0x8,0x0F 0x00 0x23 0x00 0x00 0x82 0x0F 0x34,0x2C17,ACK
1.1134288000,246,Data,0x344,0x8,0x00 0x00 0x00 0x03 0x00 0x00 0x00 0x00,0x6F15,ACK
1.1186569000,247,Data,0x100,0x8,0x00 0x00 0x00 0x40 0x0F 0x4F 0x23 0x32,0x4E99,ACK
1.1386568000,248,Data,0x100,0x8,0x00 0x00 0x00 0x40 0x0F 0x4F 0x23 0x32,0x4E99,ACK
1.1453390000,249,Extend Data,0x18EF073E,0x4,0x01 0x01 0x59 0x02,0x652F,ACK
1.1586749000,250,Data,0x100,0x8,0x00 0x00 0x00 0x40 0x0F 0x4F 0x23 0x32,0x4E99,ACK
1.1589232000,251,Data,0x203,0x8,0x01 0x00 0x57 0x00 0x57 0x00 0x00 0x00,0x25CC,ACK
1.1591714000,252,Data,0x204,0x8,0x00 0x00 0x00 0x00 0x00 0x00 0x00 0x00,0x79D1,ACK
1.1594277000,253,Data,0x205,0x8,0x00 0x00 0x00 0x00 0x00 0x00 0x00 0x00,0x72CA,ACK
1.1597359000,254,Data,0x209,0x8,0x9F 0x27 0x10 0x04 0x90 0x49 0x00 0x00,0x59C2,ACK
1.1599762000,255,Data,0x20A,0x8,0x00 0x00 0x00 0x00 0x00 0x00 0x00 0x00,0x1B53,ACK
1.1602304000,256,Data,0x20B,0x8,0xBC 0x02 0x64 0x00 0x01 0xC8 0x00 0x00,0x021C,ACK
1.1604746000,257,Data,0x20C,0x8,0x00 0x82 0x1E 0x34 0x1E 0x07 0x00 0x00,0x13E6,ACK
1.1786546000,258,Data,0x100,0x8,0x00 0x00 0x00 0x40 0x0F 0x4F 0x23 0x32,0x4E99,ACK
1.1821968000,259,Extend Data,0x18EF3E07,0x5,0x01 0x04 0x59 0x00 0x00,0x4816,ACK
1.1986547000,260,Data,0x100,0x8,0x00 0x00 0x00 0x40 0x0F 0x4F 0x23 0x32,0x4E99,ACK
1.2053089000,261,Extend Data,0x18EF073E,0x4,0x01 0x01 0x92 0x02,0x312C,ACK
1.2059991000,262,Extend Data,0x18EF3E07,0x5,0x01 0x04 0x92 0x04 0x00,0x181F,ACK
1.2120871000,263,Data,0x212,0x8,0x52 0x01 0x08 0xC9 0x00 0x00 0x00 0x2A,0x18B7,ACK
1.2123454000,264,Data,0x211,0x8,0xE4 0x00 0x2A 0x00 0x00 0x00 0x00 0x00,0x0D4D,ACK
1.2126256000,265,Data,0x343,0x8,0x00 0x00 0x00 0x00 0x00 0x00 0x00 0x00,0x33F5,ACK
1.2186557000,266,Data,0x100,0x8,0x00 0x00 0x00 0x40 0x0F 0x4F 0x23 0x32,0x4E99,ACK
1.2386556000,267,Data,0x100,0x8,0x00 0x00 0x00 0x40 0x0F 0x4F 0x23 0x32,0x4E99,ACK
1.2586816000,268,Data,0x100,0x8,0x00 0x00 0x00 0x40 0x0F 0x4F 0x23 0x32,0x4E99,ACK
1.2589279000,269,Data,0x203,0x8,0x01 0x00 0x57 0x00 0x57 0x00 0x00 0x00,0x25CC,ACK
1.2591741000,270,Data,0x204,0x8,0x00 0x00 0x00 0x00 0x00 0x00 0x00 0x00,0x79D1,ACK
1.2594323000,271,Data,0x205,0x8,0x00 0x00 0x00 0x00 0x00 0x00 0x00 0x00,0x72CA,ACK
1.2597346000,272,Data,0x209,0x8,0x9F 0x27 0x10 0x04 0x90 0x49 0x00 0x00,0x59C2,ACK
1.2599748000,273,Data,0x20A,0x8,0x00 0x00 0x00 0x00 0x00 0x00 0x00 0x00,0x1B53,ACK
1.2602291000,274,Data,0x20B,0x8,0xBC 0x02 0x64 0x00 0x01 0xC8 0x00 0x00,0x021C,ACK
1.2604733000,275,Data,0x20C,0x8,0x00 0x82 0x1E 0x34 0x1E 0x07 0x00 0x00,0x13E6,ACK
1.2607236000,276,Data,0x301,0x8,0x00 0x00 0x00 0x00 0x00 0x00 0x00 0x00,0x7E55,ACK
1.2609798000,277,Data,0x302,0x2,0x00 0xFF,0x6FC0,ACK
1.2611241000,278,Data,0x485,0x8,0x22 0x00 0x00 0x00 0x62 0x00 0x14 0x0C,0x569F,ACK
1.2786421000,279,Data,0x100,0x8,0x00 0x00 0x00 0x40 0x0F 0x4F 0x23 0x32,0x4E99,ACK
1.2805803000,280,Extend Data,0x18EF073E,0x4,0x01 0x01 0x96 0x04,0x797B,ACK
1.2827345000,281,Extend Data,0x18EF3E07,0x7,0x01 0x04 0x96 0x16 0x00 0x16 0x00,0x4DDB,ACK
1.2986544000,282,Data,0x100,0x8,0x00 0x00 0x00 0x40 0x0F 0x4F 0x23 0x32,0x4E99,ACK
1.3047085000,283,Data,0x310,0x8,0xF1 0x0E 0x78 0x05 0x12 0x02 0x01 0xC8,0x2684,ACK
1.3074668000,284,Data,0x311,0x8,0x39 0x1E 0x07 0x3F 0x90 0x01 0x00 0x00,0x66BC,ACK
1.3121148000,285,Data,0x212,0x8,0x52 0x01 0x08 0xC9 0x00 0x00 0x00 0x2A,0x18B7,ACK
1.3123710000,286,Data,0x211,0x8,0xE4 0x00 0x2A 0x00 0x00 0x00 0x00 0x00,0x0D4D,ACK
1.3126313000,287,Data,0x343,0x8,0x00 0x00 0x00 0x00 0x00 0x00 0x00 0x00,0x33F5,ACK
1.3128875000,288,Data,0x341,0x8,0x00 0x00 0x00 0x00 0x02 0x00 0x00 0x00,0x1833,ACK
1.3131878000,289,Data,0x342,0x8,0x0F 0x00 0x23 0x00 0x00 0x82 0x0F 0x34,0x2C17,ACK
1.3134480000,290,Data,0x344,0x8,0x00 0x00 0x00 0x03 0x00 0x00 0x00 0x00,0x6F15,ACK
1.3186541000,291,Data,0x100,0x8,0x00 0x00 0x00 0x40 0x0F 0x4F 0x23 0x32,0x4E99,ACK
1.3298823000,292,Data,0x423,0x8,0xBC 0x02 0x64 0x00 0x28 0x00 0x01 0x00,0x4F59,ACK
1.3307645000,293,Data,0x425,0x8,0x01 0x64 0x49 0x57 0x57 0x59 0x01 0xFF,0x4E46,ACK
1.3309968000,294,Data,0x429,0x8,0x20 0x00 0x00 0x00 0x00 0x00 0x00 0x00,0x7AC7,ACK
1.3312450000,295,Data,0x420,0x8,0xD4 0x14 0x86 0x01 0x66 0x03 0x00 0x00,0x7275,ACK
1.3386531000,296,Data,0x100,0x8,0x00 0x00 0x00 0x40 0x0F 0x4F 0x23 0x32,0x4E99,ACK
1.3407253000,297,Extend Data,0x18EF073E,0x4,0x01 0x01 0xF9 0x02,0x31EB,ACK
1.3586733000,298,Data,0x100,0x8,0x00 0x00 0x00 0x40 0x0F 0x4F 0x23 0x32,0x4E99,ACK
1.3589196000,299,Data,0x203,0x8,0x01 0x00 0x57 0x00 0x57 0x00 0x00 0x00,0x25CC,ACK
1.3591678000,300,Data,0x204,0x8,0x00 0x00 0x00 0x00 0x00 0x00 0x00 0x00,0x79D1,ACK
1.3594240000,301,Data,0x205,0x8,0x00 0x00 0x00 0x00 0x00 0x00 0x00 0x00,0x72CA,ACK
1.3597323000,302,Data,0x209,0x8,0x9F 0x27 0x10 0x04 0x90 0x49 0x00 0x00,0x59C2,ACK
1.3599725000,303,Data,0x20A,0x8,0x00 0x00 0x00 0x00 0x00 0x00 0x00 0x00,0x1B53,ACK
1.3602268000,304,Data,0x20B,0x8,0xBC 0x02 0x64 0x00 0x01 0xC8 0x00 0x00,0x021C,ACK
1.3604710000,305,Data,0x20C,0x8,0x00 0x82 0x1E 0x34 0x1E 0x07 0x00 0x00,0x13E6,ACK
1.3786530000,306,Data,0x100,0x8,0x00 0x00 0x00 0x40 0x0F 0x4F 0x23 0x32,0x4E99,ACK
1.3986529000,307,Data,0x100,0x8,0x00 0x00 0x00 0x40 0x0F 0x4F 0x23 0x32,0x4E99,ACK
1.3997791000,308,Extend Data,0x18EF3E07,0x5,0x01 0x04 0xF9 0x17 0x00,0x2512,ACK
1.4011674000,309,Data,0x421,0x8,0x38 0x36 0x31 0x34 0xFB 0x04 0x55 0x04,0x0DC7,ACK
1.4015616000,310,Data,0x422,0x8,0x00 0x00 0x20 0x00 0x55 0x00 0x1B 0x00,0x21B5,ACK
1.4120816000,311,Data,0x212,0x8,0x52 0x01 0x08 0xC9 0x00 0x00 0x00 0x2A,0x18B7,ACK
1.4123438000,312,Data,0x211,0x8,0xE4 0x00 0x2A 0x00 0x00 0x00 0x00 0x00,0x0D4D,ACK
1.4126000000,313,Data,0x343,0x8,0x00 0x00 0x00 0x00 0x00 0x00 0x00 0x00,0x33F5,ACK
1.4159501000,314,Extend Data,0x18EF073E,0x4,0x01 0x01 0xA0 0x1A,0x7FC0,ACK
1.4166924000,315,Extend Data,0x1CEC3E07,0x8,0x10 0x1F 0x00 0x05 0xFF 0x00 0xEF 0x00,0x330A,ACK
1.4169885000,316,Extend Data,0x18EC073E,0x8,0x11 0x05 0x01 0xFF 0xFF 0x00 0xEF 0x00,0x4F54,ACK
1.4177326000,317,Extend Data,0x1CEB3E07,0x8,0x01 0x01 0x04 0xA0 0x05 0x10 0x06 0x10,0x0B36,ACK
1.4180149000,318,Extend Data,0x1CEB3E07,0x8,0x02 0x05 0x10 0x07 0x10 0x06 0x10 0x07,0x34D6,ACK
1.4182912000,319,Extend Data,0x1CEB3E07,0x8,0x03 0x10 0x06 0x10 0x07 0x10 0x08 0x10,0x442B,ACK
1.4185674000,320,Extend Data,0x1CEB3E07,0x8,0x04 0x08 0x10 0x06 0x10 0x08 0x10 0x08,0x742A,ACK
1.4188476000,321,Data,0x100,0x8,0x00 0x00 0x00 0x40 0x0F 0x4F 0x23 0x32,0x4E99,ACK
1.4190897000,322,Extend Data,0x1CEB3E07,0x8,0x05 0x10 0x33 0xFE 0xFF 0xFF 0xFF 0xFF,0x483A,ACK
1.4194098000,323,Extend Data,0x18EC073E,0x8,0x13 0x1F 0x00 0x05 0xFF 0x00 0xEF 0x00,0x6E4D,ACK
1.4386537000,324,Data,0x100,0x8,0x00 0x00 0x00 0x40 0x0F 0x4F 0x23 0x32,0x4E99,ACK
1.4586795000,325,Data,0x100,0x8,0x00 0x00 0x00 0x40 0x0F 0x4F 0x23 0x32,0x4E99,ACK
1.4589256000,326,Data,0x203,0x8,0x01 0x00 0x57 0x00 0x57 0x00 0x00 0x00,0x25CC,ACK
1.4591737000,327,Data,0x204,0x8,0x00 0x00 0x00 0x00 0x00 0x00 0x00 0x00,0x79D1,ACK
1.4594299000,328,Data,0x205,0x8,0x00 0x00 0x00 0x00 0x00 0x00 0x00 0x00,0x72CA,ACK
1.4597180000,329,Data,0x209,0x8,0x9F 0x27 0x10 0x04 0x90 0x49 0x00 0x00,0x59C2,ACK
1.4599581000,330,Data,0x20A,0x8,0x00 0x00 0x00 0x00 0x00 0x00 0x00 0x00,0x1B53,ACK
1.4602122000,331,Data,0x20B,0x8,0xBC 0x02 0x64 0x00 0x01 0xC8 0x00 0x00,0x021C,ACK
1.4604584000,332,Data,0x20C,0x8,0x00 0x82 0x1E 0x34 0x1E 0x07 0x00 0x00,0x13E6,ACK
1.4607085000,333,Data,0x301,0x8,0x00 0x00 0x00 0x00 0x00 0x00 0x00 0x00,0x7E55,ACK
1.4609646000,334,Data,0x302,0x2,0x00 0xFF,0x6FC0,ACK
1.4611107000,335,Data,0x485,0x8,0x22 0x00 0x00 0x00 0x62 0x00 0x14 0x0C,0x569F,ACK
1.4786506000,336,Data,0x100,0x8,0x00 0x00 0x00 0x40 0x0F 0x4F 0x23 0x32,0x4E99,ACK
1.4904645000,337,Extend Data,0x18EF073E,0x4,0x01 0x01 0x82 0x02,0x074B,ACK
1.4910867000,338,Extend Data,0x18EF3E07,0x5,0x01 0x04 0x82 0x64 0x00,0x0BF7,ACK
1.4986528000,339,Data,0x100,0x8,0x00 0x00 0x00 0x40 0x0F 0x4F 0x23 0x32,0x4E99,ACK
1.5065670000,340,Data,0x310,0x8,0xF1 0x0E 0x78 0x05 0x12 0x02 0x01 0xC8,0x2684,ACK
1.5072973000,341,Data,0x311,0x8,0x39 0x1E 0x07 0x3F 0x90 0x01 0x00 0x00,0x66BC,ACK
1.5120833000,342,Data,0x212,0x8,0x52 0x01 0x08 0xC9 0x00 0x00 0x00 0x2A,0x18B7,ACK
1.5123214000,343,Data,0x211,0x8,0xE4 0x00 0x2A 0x00 0x00 0x00 0x00 0x00,0x0D4D,ACK
1.5125775000,344,Data,0x343,0x8,0x00 0x00 0x00 0x00 0x00 0x00 0x00 0x00,0x33F5,ACK
1.5128376000,345,Data,0x341,0x8,0x00 0x00 0x00 0x00 0x02 0x00 0x00 0x00,0x1833,ACK
1.5131318000,346,Data,0x342,0x8,0x0F 0x00 0x23 0x00 0x00 0x82 0x0F 0x34,0x2C17,ACK
1.5133919000,347,Data,0x344,0x8,0x00 0x00 0x00 0x03 0x00 0x00 0x00 0x00,0x6F15,ACK
1.5136500000,348,Data,0x401,0x8,0x00 0x00 0x35 0x00 0x05 0x2A 0x00 0x00,0x502D,ACK
1.5186500000,349,Data,0x100,0x8,0x00 0x00 0x00 0x40 0x0F 0x4F 0x23 0x32,0x4E99,ACK
1.5386519000,350,Data,0x100,0x8,0x00 0x00 0x00 0x40 0x0F 0x4F 0x23 0x32,0x4E99,ACK
1.5507358000,351,Extend Data,0x18EF073E,0x4,0x01 0x01 0x02 0x0E,0x1389,ACK
1.5586698000,352,Data,0x100,0x8,0x00 0x00 0x00 0x40 0x0F 0x4F 0x23 0x32,0x4E99,ACK
1.5589159000,353,Data,0x203,0x8,0x01 0x00 0x57 0x00 0x57 0x00 0x00 0x00,0x25CC,ACK
1.5591601000,354,Data,0x204,0x8,0x00 0x00 0x00 0x00 0x00 0x00 0x00 0x00,0x79D1,ACK
1.5594182000,355,Data,0x205,0x8,0x00 0x00 0x00 0x00 0x00 0x00 0x00 0x00,0x72CA,ACK
1.5597283000,356,Data,0x209,0x8,0x9F 0x27 0x10 0x04 0x90 0x49 0x00 0x00,0x59C2,ACK
1.5599684000,357,Data,0x20A,0x8,0x00 0x00 0x00 0x00 0x00 0x00 0x00 0x00,0x1B53,ACK
1.5602225000,358,Data,0x20B,0x8,0xBC 0x02 0x64 0x00 0x01 0xC8 0x00 0x00,0x021C,ACK
1.5604687000,359,Data,0x20C,0x8,0x00 0x82 0x1E 0x34 0x1E 0x07 0x00 0x00,0x13E6,ACK
1.5786485000,360,Data,0x100,0x8,0x00 0x00 0x00 0x40 0x0F 0x4F 0x23 0x32,0x4E99,ACK
1.5827426000,361,Extend Data,0x1CEC3E07,0x8,0x10 0x13 0x00 0x03 0xFF 0x00 0xEF 0x00,0x1F52,ACK
1.5830427000,362,Extend Data,0x18EC073E,0x8,0x11 0x03 0x01 0xFF 0xFF 0x00 0xEF 0x00,0x34D9,ACK
1.5837829000,363,Extend Data,0x1CEB3E07,0x8,0x01 0x01 0x04 0x02 0xB4 0xC1 0x83 0x58,0x140B,ACK
1.5840671000,364,Extend Data,0x1CEB3E07,0x8,0x02 0x51 0xE5 0xB2 0x6B 0x32 0xAC 0x86,0x3C30,ACK
1.5843354000,365,Extend Data,0x1CEB3E07,0x8,0x03 0x0E 0x1A 0xB9 0x10 0xF9 0xFF 0xFF,0x4FA2,ACK
1.5846594000,366,Extend Data,0x18EC073E,0x8,0x13 0x13 0x00 0x03 0xFF 0x00 0xEF 0x00,0x4215,ACK
1.5986495000,367,Data,0x100,0x8,0x00 0x00 0x00 0x40 0x0F 0x4F 0x23 0x32,0x4E99,ACK
1.6121015000,368,Data,0x212,0x8,0x52 0x01 0x08 0xC9 0x00 0x00 0x00 0x2A,0x18B7,ACK
1.6123577000,369,Data,0x211,0x8,0xE4 0x00 0x2A 0x00 0x00 0x00 0x00 0x00,0x0D4D,ACK
1.6126180000,370,Data,0x343,0x8,0x00 0x00 0x00 0x00 0x00 0x00 0x00 0x00,0x33F5,ACK
1.6186500000,371,Data,0x100,0x8,0x00 0x00 0x00 0x40 0x0F 0x4F 0x23 0x32,0x4E99,ACK
1.6254181000,372,Extend Data,0x18EF073E,0x4,0x01 0x01 0x0A 0x04,0x50DA,ACK
1.6259802000,373,Extend Data,0x18EF3E07,0x7,0x01 0x04 0x0A 0x7C 0x33 0x00 0x00,0x2745,ACK
1.6386482000,374,Data,0x100,0x8,0x00 0x00 0x00 0x40 0x0F 0x4F 0x23 0x32,0x4E99,ACK
1.6586761000,375,Data,0x100,0x8,0x00 0x00 0x00 0x40 0x0F 0x4F 0x23 0x32,0x4E99,ACK
1.6589224000,376,Data,0x203,0x8,0x01 0x00 0x57 0x00 0x57 0x00 0x00 0x00,0x25CC,ACK
1.6591706000,377,Data,0x204,0x8,0x00 0x00 0x00 0x00 0x00 0x00 0x00 0x00,0x79D1,ACK
1.6594269000,378,Data,0x205,0x8,0x00 0x00 0x00 0x00 0x00 0x00 0x00 0x00,0x72CA,ACK
1.6597291000,379,Data,0x209,0x8,0x9F 0x27 0x10 0x04 0x90 0x49 0x00 0x00,0x59C2,ACK
1.6599694000,380,Data,0x20A,0x8,0x00 0x00 0x00 0x00 0x00 0x00 0x00 0x00,0x1B53,ACK
1.6602236000,381,Data,0x20B,0x8,0xBC 0x02 0x64 0x00 0x01 0xC8 0x00 0x00,0x021C,ACK
1.6604679000,382,Data,0x20C,0x8,0x00 0x82 0x1E 0x34 0x1E 0x07 0x00 0x00,0x13E6,ACK
1.6607181000,383,Data,0x301,0x8,0x00 0x00 0x00 0x00 0x00 0x00 0x00 0x00,0x7E55,ACK
1.6609744000,384,Data,0x302,0x2,0x00 0xFF,0x6FC0,ACK
1.6611186000,385,Data,0x485,0x8,0x22 0x00 0x00 0x00 0x62 0x00 0x14 0x0C,0x569F,ACK
1.6786486000,386,Data,0x100,0x8,0x00 0x00 0x00 0x40 0x0F 0x4F 0x23 0x32,0x4E99,ACK
1.6986486000,387,Data,0x100,0x8,0x00 0x00 0x00 0x40 0x0F 0x4F 0x23 0x32,0x4E99,ACK
1.7004188000,388,Extend Data,0x18EF073E,0x4,0x01 0x01 0x10 0x02,0x44F3,ACK
1.7009750000,389,Extend Data,0x18EF3E07,0x5,0x01 0x04 0x10 0x0D 0x00,0x0F0B,ACK
1.7076433000,390,Data,0x310,0x8,0xF1 0x0E 0x78 0x05 0x12 0x02 0x01 0xC8,0x2684,ACK
1.7083675000,391,Data,0x311,0x8,0x39 0x1E 0x07 0x3F 0x90 0x01 0x00 0x00,0x66BC,ACK
1.7120795000,392,Data,0x212,0x8,0x52 0x01 0x08 0xC9 0x00 0x00 0x00 0x2A,0x18B7,ACK
1.7123378000,393,Data,0x211,0x8,0xE4 0x00 0x2A 0x00 0x00 0x00 0x00 0x00,0x0D4D,ACK
1.7125980000,394,Data,0x343,0x8,0x00 0x00 0x00 0x00 0x00 0x00 0x00 0x00,0x33F5,ACK
1.7128543000,395,Data,0x341,0x8,0x00 0x00 0x00 0x00 0x02 0x00 0x00 0x00,0x1833,ACK
1.7131545000,396,Data,0x342,0x8,0x0F 0x00 0x23 0x00 0x00 0x82 0x0F 0x34,0x2C17,ACK
1.7134108000,397,Data,0x344,0x8,0x00 0x00 0x00 0x03 0x00 0x00 0x00 0x00,0x6F15,ACK
1.7186468000,398,Data,0x100,0x8,0x00 0x00 0x00 0x40 0x0F 0x4F 0x23 0x32,0x4E99,ACK
1.7224311000,399,Data,0x500,0x8,0x48 0x48 0x49 0xFF 0x48 0x49 0x49 0xFF,0x0870,ACK
1.7386490000,400,Data,0x100,0x8,0x00 0x00 0x00 0x40 0x0F 0x4F 0x23 0x32,0x4E99,ACK
1.7586670000,401,Data,0x100,0x8,0x00 0x00 0x00 0x40 0x0F 0x4F 0x23 0x32,0x4E99,ACK
1.7589132000,402,Data,0x203,0x8,0x01 0x00 0x57 0x00 0x57 0x00 0x00 0x00,0x25CC,ACK
1.7591594000,403,Data,0x204,0x8,0x00 0x00 0x00 0x00 0x00 0x00 0x00 0x00,0x79D1,ACK
1.7594157000,404,Data,0x205,0x8,0x00 0x00 0x00 0x00 0x00 0x00 0x00 0x00,0x72CA,ACK
1.7597279000,405,Data,0x209,0x8,0x9F 0x27 0x10 0x04 0x90 0x49 0x00 0x00,0x59C2,ACK
1.7599702000,406,Data,0x20A,0x8,0x00 0x00 0x00 0x00 0x00 0x00 0x00 0x00,0x1B53,ACK
1.7602244000,407,Data,0x20B,0x8,0xBC 0x02 0x64 0x00 0x01 0xC8 0x00 0x00,0x021C,ACK
1.7604687000,408,Data,0x20C,0x8,0x00 0x82 0x1E 0x34 0x1E 0x07 0x00 0x00,0x13E6,ACK
1.7607249000,409,Extend Data,0x18EF073E,0x4,0x01 0x01 0x11 0x02,0x00D5,ACK
1.7786469000,410,Data,0x100,0x8,0x00 0x00 0x00 0x40 0x0F 0x4F 0x23 0x32,0x4E99,ACK
1.7826751000,411,Extend Data,0x18EF3E07,0x5,0x01 0x04 0x11 0xE0 0x01,0x11AD,ACK
1.7926994000,412,Data,0x424,0x8,0x62 0x4A 0x4D 0x69 0x00 0x00 0x00 0x00,0x0C99,ACK
1.7986474000,413,Data,0x100,0x8,0x00 0x00 0x00 0x40 0x0F 0x4F 0x23 0x32,0x4E99,ACK
1.8120693000,414,Data,0x212,0x8,0x52 0x01 0x08 0xC9 0x00 0x00 0x00 0x2A,0x18B7,ACK
1.8123095000,415,Data,0x211,0x8,0xE4 0x00 0x2A 0x00 0x00 0x00 0x00 0x00,0x0D4D,ACK
1.8125657000,416,Data,0x343,0x8,0x00 0x00 0x00 0x00 0x00 0x00 0x00 0x00,0x33F5,ACK
1.8186457000,417,Data,0x100,0x8,0x00 0x00 0x00 0x40 0x0F 0x4F 0x23 0x32,0x4E99,ACK
1.8311599000,418,Data,0x423,0x8,0xBC 0x02 0x64 0x00 0x28 0x00 0x01 0x00,0x4F59,ACK
1.8354080000,419,Extend Data,0x18EF073E,0x4,0x01 0x01 0x13 0x02,0x4D00,ACK
1.8386462000,420,Data,0x100,0x8,0x00 0x00 0x00 0x40 0x0F 0x4F 0x23 0x32,0x4E99,ACK
1.8586881000,421,Data,0x100,0x8,0x00 0x00 0x00 0x40 0x0F 0x4F 0x23 0x32,0x4E99,ACK
1.8589364000,422,Data,0x203,0x8,0x01 0x00 0x57 0x00 0x57 0x00 0x00 0x00,0x25CC,ACK
1.8591846000,423,Data,0x204,0x8,0x00 0x00 0x00 0x00 0x00 0x00 0x00 0x00,0x79D1,ACK
1.8594409000,424,Data,0x205,0x8,0x00 0x00 0x00 0x00 0x00 0x00 0x00 0x00,0x72CA,ACK
1.8597271000,425,Data,0x209,0x8,0x9F 0x27 0x10 0x04 0x90 0x49 0x00 0x00,0x59C2,ACK
1.8599674000,426,Data,0x20A,0x8,0x00 0x00 0x00 0x00 0x00 0x00 0x00 0x00,0x1B53,ACK
1.8602216000,427,Data,0x20B,0x8,0xBC 0x02 0x64 0x00 0x01 0xC8 0x00 0x00,0x021C,ACK
1.8604659000,428,Data,0x20C,0x8,0x00 0x82 0x1E 0x34 0x1E 0x07 0x00 0x00,0x13E6,ACK
1.8607161000,429,Data,0x301,0x8,0x00 0x00 0x00 0x00 0x00 0x00 0x00 0x00,0x7E55,ACK
1.8609724000,430,Data,0x302,0x2,0x00 0xFF,0x6FC0,ACK
1.8611166000,431,Data,0x485,0x8,0x22 0x00 0x00 0x00 0x62 0x00 0x14 0x0C,0x569F,ACK
1.8613629000,432,Data,0x480,0x8,0x00 0x00 0x00 0x00 0x21 0x00 0x00 0x00,0x32BE,ACK
1.8616211000,433,Data,0x481,0x8,0xCA 0x17 0x08 0x13 0x00 0x00 0x00 0x00,0x1AA4,ACK
1.8618654000,434,Data,0x482,0x8,0x52 0x01 0x02 0x00 0x00 0x00 0x00 0x00,0x36EA,ACK
1.8621136000,435,Data,0x483,0x8,0x31 0x4B 0x31 0x55 0x41 0x32 0x35 0x35,0x717E,ACK
1.8623478000,436,Data,0x484,0x8,0x31 0x50 0x33 0x39 0x36 0x35 0x00 0x00,0x0196,ACK
1.8786459000,437,Data,0x100,0x8,0x00 0x00 0x00 0x40 0x0F 0x4F 0x23 0x32,0x4E99,ACK
1.8831440000,438,Data,0x425,0x8,0x01 0x64 0x49 0x57 0x57 0x59 0x01 0xFF,0x4E46,ACK
1.8833763000,439,Extend Data,0x18EF3E07,0x5,0x01 0x04 0x13 0xFB 0x04,0x6F21,ACK
1.8836065000,440,Data,0x429,0x8,0x20 0x00 0x00 0x00 0x00 0x00 0x00 0x00,0x7AC7,ACK
1.8838548000,441,Data,0x420,0x8,0xD4 0x14 0x88 0x01 0x66 0x03 0x00 0x00,0x0264,ACK
1.8959887000,442,Extend Data,0x18EF073E,0x4,0x01 0x01 0x94 0x02,0x22CA,ACK
1.8966170000,443,Extend Data,0x18EF3E07,0x5,0x01 0x04 0x94 0x28 0x00,0x3DCE,ACK
1.8986451000,444,Data,0x100,0x8,0x00 0x00 0x00 0x40 0x0F 0x4F 0x23 0x32,0x4E99,ACK
1.9007233000,445,Data,0x422,0x8,0x00 0x00 0x20 0x00 0x55 0x00 0x1B 0x00,0x21B5,ACK
1.9024675000,446,Data,0x421,0x8,0x38 0x36 0x31 0x34 0xFB 0x04 0x55 0x04,0x0DC7,ACK
1.9067958000,447,Data,0x310,0x8,0xF1 0x0E 0x78 0x05 0x12 0x02 0x01 0xC8,0x2684,ACK
1.9095581000,448,Data,0x311,0x8,0x39 0x1E 0x07 0x3F 0x90 0x01 0x00 0x00,0x66BC,ACK
1.9121021000,449,Data,0x212,0x8,0x52 0x01 0x08 0xC9 0x00 0x00 0x00 0x2A,0x18B7,ACK
1.9123404000,450,Data,0x211,0x8,0xE4 0x00 0x2A 0x00 0x00 0x00 0x00 0x00,0x0D4D,ACK
1.9125966000,451,Data,0x343,0x8,0x00 0x00 0x00 0x00 0x00 0x00 0x00 0x00,0x33F5,ACK
1.9128569000,452,Data,0x341,0x8,0x00 0x00 0x00 0x00 0x02 0x00 0x00 0x00,0x1833,ACK
1.9131531000,453,Data,0x342,0x8,0x0F 0x00 0x23 0x00 0x00 0x82 0x0F 0x34,0x2C17,ACK
1.9134134000,454,Data,0x344,0x8,0x00 0x00 0x00 0x03 0x00 0x00 0x00 0x00,0x6F15,ACK
1.9186454000,455,Data,0x100,0x8,0x00 0x00 0x00 0x40 0x0F 0x4F 0x23 0x32,0x4E99,ACK
1.9386454000,456,Data,0x100,0x8,0x00 0x00 0x00 0x40 0x0F 0x4F 0x23 0x32,0x4E99,ACK
1.9586633000,457,Data,0x100,0x8,0x00 0x00 0x00 0x40 0x0F 0x4F 0x23 0x32,0x4E99,ACK
1.9589096000,458,Data,0x203,0x8,0x01 0x00 0x57 0x00 0x57 0x00 0x00 0x00,0x25CC,ACK
1.9591578000,459,Data,0x204,0x8,0x00 0x00 0x00 0x00 0x00 0x00 0x00 0x00,0x79D1,ACK
1.9594141000,460,Data,0x205,0x8,0x00 0x00 0x00 0x00 0x00 0x00 0x00 0x00,0x72CA,ACK
1.9597103000,461,Data,0x209,0x8,0x9F 0x27 0x10 0x04 0x90 0x49 0x00 0x00,0x59C2,ACK
1.9599526000,462,Data,0x20A,0x8,0x00 0x00 0x00 0x00 0x00 0x00 0x00 0x00,0x1B53,ACK
1.9602088000,463,Data,0x20B,0x8,0xBC 0x02 0x64 0x00 0x01 0xC8 0x00 0x00,0x021C,ACK
1.9604529000,464,Data,0x20C,0x8,0x00 0x82 0x1E 0x34 0x1E 0x07 0x00 0x00,0x13E6,ACK
1.9709390000,465,Extend Data,0x18EF023E,0x4,0x01 0x01 0x86 0x02,0x29F7,ACK
1.9712592000,466,Extend Data,0x18EF3E02,0x5,0x01 0x04 0x86 0x00 0x00,0x1EE2,ACK
1.9786452000,467,Data,0x100,0x8,0x00 0x00 0x00 0x40 0x0F 0x4F 0x23 0x32,0x4E99,ACK
1.9986451000,468,Data,0x100,0x8,0x00 0x00 0x00 0x40 0x0F 0x4F 0x23 0x32,0x4E99,ACK
2.0120671000,469,Data,0x212,0x8,0x52 0x01 0x08 0xC9 0x00 0x00 0x00 0x2A,0x18B7,ACK
2.0123253000,470,Data,0x211,0x8,0xE4 0x00 0x2A 0x00 0x00 0x00 0x00 0x00,0x0D4D,ACK
2.0125856000,471,Data,0x343,0x8,0x00 0x00 0x00 0x00 0x00 0x00 0x00 0x00,0x33F5,ACK
2.0128418000,472,Data,0x401,0x8,0x00 0x00 0x35 0x00 0x05 0x2A 0x00 0x00,0x502D,ACK
2.0186419000,473,Data,0x100,0x8,0x00 0x00 0x00 0x40 0x0F 0x4F 0x23 0x32,0x4E99,ACK
2.0305719000,474,Extend Data,0x18EF023E,0x4,0x01 0x01 0x48 0x02,0x67E1,ACK
2.0308761000,475,Extend Data,0x18EF3E02,0x5,0x01 0x04 0x48 0x00 0x00,0x2BAE,ACK
2.0386441000,476,Data,0x100,0x8,0x00 0x00 0x00 0x40 0x0F 0x4F 0x23 0x32,0x4E99,ACK
2.0586700000,477,Data,0x100,0x8,0x00 0x00 0x00 0x40 0x0F 0x4F 0x23 0x32,0x4E99,ACK
2.0589163000,478,Data,0x203,0x8,0x01 0x00 0x57 0x00 0x57 0x00 0x00 0x00,0x25CC,ACK
2.0591625000,479,Data,0x204,0x8,0x00 0x00 0x00 0x00 0x00 0x00 0x00 0x00,0x79D1,ACK
2.0594188000,480,Data,0x205,0x8,0x00 0x00 0x00 0x00 0x00 0x00 0x00 0x00,0x72CA,ACK
2.0597110000,481,Data,0x209,0x8,0x9F 0x27 0x10 0x04 0x90 0x49 0x00 0x00,0x59C2,ACK
2.0599513000,482,Data,0x20A,0x8,0x00 0x00 0x00 0x00 0x00 0x00 0x00 0x00,0x1B53,ACK
2.0602075000,483,Data,0x20B,0x8,0xBC 0x02 0x64 0x00 0x01 0xC8 0x00 0x00,0x021C,ACK
2.0604518000,484,Data,0x20C,0x8,0x00 0x82 0x1E 0x34 0x1E 0x07 0x00 0x00,0x13E6,ACK
2.0607020000,485,Data,0x301,0x8,0x00 0x00 0x00 0x00 0x00 0x00 0x00 0x00,0x7E55,ACK
2.0609583000,486,Data,0x302,0x2,0x00 0xFF,0x6FC0,ACK
2.0611025000,487,Data,0x485,0x8,0x22 0x00 0x00 0x00 0x62 0x00 0x14 0x0C,0x569F,ACK
2.0786425000,488,Data,0x100,0x8,0x00 0x00 0x00 0x40 0x0F 0x4F 0x23 0x32,0x4E99,ACK
2.0986305000,489,Data,0x100,0x8,0x00 0x00 0x00 0x40 0x0F 0x4F 0x23 0x32,0x4E99,ACK
2.1052386000,490,Extend Data,0x18EF023E,0x4,0x01 0x01 0x49 0x02,0x23C7,ACK
2.1055507000,491,Extend Data,0x18EF3E02,0x5,0x01 0x04 0x49 0x00 0x00,0x5BBA,ACK
2.1085248000,492,Data,0x310,0x8,0xF1 0x0E 0x78 0x05 0x12 0x02 0x01 0xC8,0x2684,ACK
2.1092991000,493,Data,0x311,0x8,0x39 0x1E 0x07 0x3F 0x90 0x01 0x00 0x00,0x66BC,ACK
2.1120571000,494,Data,0x212,0x8,0x52 0x01 0x08 0xC9 0x00 0x00 0x00 0x2A,0x18B7,ACK
2.1122974000,495,Data,0x211,0x8,0xE4 0x00 0x2A 0x00 0x00 0x00 0x00 0x00,0x0D4D,ACK
2.1125536000,496,Data,0x343,0x8,0x00 0x00 0x00 0x00 0x00 0x00 0x00 0x00,0x33F5,ACK
2.1128139000,497,Data,0x341,0x8,0x00 0x00 0x00 0x00 0x02 0x00 0x00 0x00,0x1833,ACK
2.1131101000,498,Data,0x342,0x8,0x0F 0x00 0x23 0x00 0x00 0x82 0x0F 0x34,0x2C17,ACK
2.1133664000,499,Data,0x344,0x8,0x00 0x00 0x00 0x03 0x00 0x00 0x00 0x00,0x6F15,ACK
2.1186424000,500,Data,0x100,0x8,0x00 0x00 0x00 0x40 0x0F 0x4F 0x23 0x32,0x4E99,ACK
2.1386404000,501,Data,0x100,0x8,0x00 0x00 0x00 0x40 0x0F 0x4F 0x23 0x32,0x4E99,ACK
2.1586604000,502,Data,0x100,0x8,0x00 0x00 0x00 0x40 0x0F 0x4F 0x23 0x32,0x4E99,ACK
2.1589086000,503,Data,0x203,0x8,0x01 0x00 0x57 0x00 0x57 0x00 0x00 0x00,0x25CC,ACK
2.1591568000,504,Data,0x204,0x8,0x00 0x00 0x00 0x00 0x00 0x00 0x00 0x00,0x79D1,ACK
2.1594131000,505,Data,0x205,0x8,0x00 0x00 0x00 0x00 0x00 0x00 0x00 0x00,0x72CA,ACK
2.1597213000,506,Data,0x209,0x8,0x9F 0x27 0x10 0x04 0x90 0x49 0x00 0x00,0x59C2,ACK
2.1599616000,507,Data,0x20A,0x8,0x00 0x00 0x00 0x00 0x00 0x00 0x00 0x00,0x1B53,ACK
2.1602157000,508,Data,0x20B,0x8,0xBC 0x02 0x64 0x00 0x01 0xC8 0x00 0x00,0x021C,ACK
2.1604600000,509,Data,0x20C,0x8,0x00 0x82 0x1E 0x34 0x1E 0x07 0x00 0x00,0x13E6,ACK
2.1666481000,510,Extend Data,0x18EF023E,0x4,0x01 0x01 0x40 0x02,0x1E1E,ACK
2.1670862000,511,Extend Data,0x18EF3E02,0x5,0x01 0x04 0x40 0x00 0x00,0x78F3,ACK
2.1786422000,512,Data,0x100,0x8,0x00 0x00 0x00 0x40 0x0F 0x4F 0x23 0x32,0x4E99,ACK
2.1986422000,513,Data,0x100,0x8,0x00 0x00 0x00 0x40 0x0F 0x4F 0x23 0x32,0x4E99,ACK
2.2120521000,514,Data,0x212,0x8,0x52 0x01 0x08 0xC9 0x00 0x00 0x00 0x2A,0x18B7,ACK
2.2122923000,515,Data,0x211,0x8,0xE4 0x00 0x2A 0x00 0x00 0x00 0x00 0x00,0x0D4D,ACK
2.2125486000,516,Data,0x343,0x8,0x00 0x00 0x00 0x00 0x00 0x00 0x00 0x00,0x33F5,ACK
2.2186426000,517,Data,0x100,0x8,0x00 0x00 0x00 0x40 0x0F 0x4F 0x23 0x32,0x4E99,ACK
2.2386406000,518,Data,0x100,0x8,0x00 0x00 0x00 0x40 0x0F 0x4F 0x23 0x32,0x4E99,ACK
2.2406668000,519,Extend Data,0x18EF023E,0x4,0x01 0x01 0x3E 0x02,0x32AB,ACK
2.2411349000,520,Extend Data,0x18EF3E02,0x5,0x01 0x04 0x3E 0x00 0x00,0x223F,ACK
2.2586548000,521,Data,0x100,0x8,0x00 0x00 0x00 0x40 0x0F 0x4F 0x23 0x32,0x4E99,ACK
2.2589010000,522,Data,0x203,0x8,0x01 0x00 0x57 0x00 0x57 0x00 0x00 0x00,0x25CC,ACK
2.2591493000,523,Data,0x204,0x8,0x00 0x00 0x00 0x00 0x00 0x00 0x00 0x00,0x79D1,ACK
2.2594055000,524,Data,0x205,0x8,0x00 0x00 0x00 0x00 0x00 0x00 0x00 0x00,0x72CA,ACK
2.2597198000,525,Data,0x209,0x8,0x9F 0x27 0x10 0x04 0x90 0x49 0x00 0x00,0x59C2,ACK
2.2599600000,526,Data,0x20A,0x8,0x00 0x00 0x00 0x00 0x00 0x00 0x00 0x00,0x1B53,ACK
2.2602163000,527,Data,0x20B,0x8,0xBC 0x02 0x64 0x00 0x01 0xC8 0x00 0x00,0x021C,ACK
2.2604605000,528,Data,0x20C,0x8,0x00 0x82 0x1E 0x34 0x1E 0x07 0x00 0x00,0x13E6,ACK
2.2607108000,529,Data,0x301,0x8,0x00 0x00 0x00 0x00 0x00 0x00 0x00 0x00,0x7E55,ACK
2.2609670000,530,Data,0x302,0x2,0x00 0xFF,0x6FC0,ACK
2.2611113000,531,Data,0x485,0x8,0x22 0x00 0x00 0x00 0x62 0x00 0x14 0x0C,0x569F,ACK
2.2786393000,532,Data,0x100,0x8,0x00 0x00 0x00 0x40 0x0F 0x4F 0x23 0x32,0x4E99,ACK
2.2986392000,533,Data,0x100,0x8,0x00 0x00 0x00 0x40 0x0F 0x4F 0x23 0x32,0x4E99,ACK
2.3085713000,534,Data,0x310,0x8,0xF1 0x0E 0x78 0x05 0x12 0x02 0x01 0xC8,0x2684,ACK
2.3093016000,535,Data,0x311,0x8,0x39 0x1E 0x07 0x3F 0x90 0x01 0x00 0x00,0x66BC,ACK
2.3120716000,536,Data,0x212,0x8,0x52 0x01 0x08 0xC9 0x00 0x00 0x00 0x2A,0x18B7,ACK
2.3123299000,537,Data,0x211,0x8,0xE4 0x00 0x2A 0x00 0x00 0x00 0x00 0x00,0x0D4D,ACK
2.3125901000,538,Data,0x343,0x8,0x00 0x00 0x00 0x00 0x00 0x00 0x00 0x00,0x33F5,ACK
2.3128724000,539,Data,0x341,0x8,0x00 0x00 0x00 0x00 0x02 0x00 0x00 0x00,0x1833,ACK
2.3131466000,540,Data,0x342,0x8,0x0F 0x00 0x23 0x00 0x00 0x82 0x0F 0x34,0x2C17,ACK
2.3134269000,541,Data,0x344,0x8,0x00 0x00 0x00 0x03 0x00 0x00 0x00 0x00,0x6F15,ACK
2.3152210000,542,Extend Data,0x18EF023E,0x4,0x01 0x01 0x10 0x0E,0x18B4,ACK
2.3161151000,543,Extend Data,0x00EC3E02,0x8,0x10 0x13 0x00 0x03 0xFF 0x00 0xEF 0x00,0x4279,ACK
2.3164132000,544,Extend Data,0x18EC023E,0x8,0x11 0x03 0x01 0xFF 0xFF 0x00 0xEF 0x00,0x527F,ACK
2.3170753000,545,Extend Data,0x00EB3E02,0x8,0x01 0x01 0x04 0x10 0x5A 0x30 0x37 0x58,0x6721,ACK
2.3173836000,546,Extend Data,0x00EB3E02,0x8,0x02 0x42 0x34 0x47 0x32 0x35 0x4D 0x48,0x0168,ACK
2.3176858000,547,Extend Data,0x00EB3E02,0x8,0x03 0x33 0x30 0x36 0x7F 0xFC 0xFF 0xFF,0x5CF3,ACK
2.3179999000,548,Extend Data,0x18EC023E,0x8,0x13 0x13 0x00 0x03 0xFF 0x00 0xEF 0x00,0x24B3,ACK
2.3186402000,549,Data,0x100,0x8,0x00 0x00 0x00 0x40 0x0F 0x4F 0x23 0x32,0x4E99,ACK
2.3386402000,550,Data,0x100,0x8,0x00 0x00 0x00 0x40 0x0F 0x4F 0x23 0x32,0x4E99,ACK
2.3586581000,551,Data,0x100,0x8,0x00 0x00 0x00 0x40 0x0F 0x4F 0x23 0x32,0x4E99,ACK
2.3589044000,552,Data,0x203,0x8,0x01 0x00 0x57 0x00 0x57 0x00 0x00 0x00,0x25CC,ACK
2.3591506000,553,Data,0x204,0x8,0x00 0x00 0x00 0x00 0x00 0x00 0x00 0x00,0x79D1,ACK
2.3594069000,554,Data,0x205,0x8,0x00 0x00 0x00 0x00 0x00 0x00 0x00 0x00,0x72CA,ACK
2.3597171000,555,Data,0x209,0x8,0x9F 0x27 0x10 0x04 0x90 0x49 0x00 0x00,0x59C2,ACK
2.3599572000,556,Data,0x20A,0x8,0x00 0x00 0x00 0x00 0x00 0x00 0x00 0x00,0x1B53,ACK
2.3602115000,557,Data,0x20B,0x8,0xBC 0x02 0x64 0x00 0x01 0xC8 0x00 0x00,0x021C,ACK
2.3604557000,558,Data,0x20C,0x8,0x00 0x82 0x1E 0x34 0x1E 0x07 0x00 0x00,0x13E6,ACK
2.3786397000,559,Data,0x100,0x8,0x00 0x00 0x00 0x40 0x0F 0x4F 0x23 0x32,0x4E99,ACK
2.3832419000,560,Data,0x423,0x8,0xBC 0x02 0x64 0x00 0x28 0x00 0x01 0x00,0x4F59,ACK
2.3841402000,561,Data,0x425,0x8,0x01 0x64 0x49 0x57 0x57 0x59 0x01 0xFF,0x4E46,ACK
2.3843724000,562,Data,0x429,0x8,0x20 0x00 0x00 0x00 0x00 0x00 0x00 0x00,0x7AC7,ACK
2.3846207000,563,Data,0x420,0x8,0xB5 0x14 0xF8 0xFF 0x66 0x03 0x00 0x00,0x34D8,ACK
2.3986367000,564,Data,0x100,0x8,0x00 0x00 0x00 0x40 0x0F 0x4F 0x23 0x32,0x4E99,ACK
2.4014530000,565,Data,0x422,0x8,0x00 0x00 0x20 0x00 0x55 0x00 0x1B 0x00,0x21B5,ACK
2.4032492000,566,Data,0x421,0x8,0x38 0x36 0x31 0x34 0xFB 0x04 0x55 0x04,0x0DC7,ACK
2.4120572000,567,Data,0x212,0x8,0x52 0x01 0x08 0xC9 0x00 0x00 0x00 0x2A,0x18B7,ACK
2.4123174000,568,Data,0x211,0x8,0xE4 0x00 0x2A 0x00 0x00 0x00 0x00 0x00,0x0D4D,ACK
2.4125997000,569,Data,0x343,0x8,0x00 0x00 0x00 0x00 0x00 0x00 0x00 0x00,0x33F5,ACK
2.4186378000,570,Data,0x100,0x8,0x00 0x00 0x00 0x40 0x0F 0x4F 0x23 0x32,0x4E99,ACK
2.4386377000,571,Data,0x100,0x8,0x00 0x00 0x00 0x40 0x0F 0x4F 0x23 0x32,0x4E99,ACK
2.4505638000,572,Extend Data,0x18EF023E,0x4,0x01 0x01 0x8F 0x02,0x142E,ACK
2.4508659000,573,Extend Data,0x18EF3E02,0x5,0x01 0x04 0x8F 0x00 0x00,0x3DAB,ACK
2.4586639000,574,Data,0x100,0x8,0x00 0x00 0x00 0x40 0x0F 0x4F 0x23 0x32,0x4E99,ACK
2.4589102000,575,Data,0x203,0x8,0x01 0x00 0x57 0x00 0x57 0x00 0x00 0x00,0x25CC,ACK
2.4591584000,576,Data,0x204,0x8,0x00 0x00 0x00 0x00 0x00 0x00 0x00 0x00,0x79D1,ACK
2.4594147000,577,Data,0x205,0x8,0x00 0x00 0x00 0x00 0x00 0x00 0x00 0x00,0x72CA,ACK
2.4597189000,578,Data,0x209,0x8,0x9F 0x27 0x10 0x04 0x90 0x49 0x00 0x00,0x59C2,ACK
2.4599612000,579,Data,0x20A,0x8,0x00 0x00 0x00 0x00 0x00 0x00 0x00 0x00,0x1B53,ACK
2.4602154000,580,Data,0x20B,0x8,0xBC 0x02 0x64 0x00 0x01 0xC8 0x00 0x00,0x021C,ACK
2.4604597000,581,Data,0x20C,0x8,0x00 0x82 0x1E 0x34 0x1E 0x07 0x00 0x00,0x13E6,ACK
2.4607099000,582,Data,0x301,0x8,0x00 0x00 0x00 0x00 0x00 0x00 0x00 0x00,0x7E55,ACK
2.4609662000,583,Data,0x302,0x2,0x00 0xFF,0x6FC0,ACK
2.4611104000,584,Data,0x485,0x8,0x22 0x00 0x00 0x00 0x62 0x00 0x14 0x0C,0x569F,ACK
2.4786364000,585,Data,0x100,0x8,0x00 0x00 0x00 0x40 0x0F 0x4F 0x23 0x32,0x4E99,ACK
2.4986384000,586,Data,0x100,0x8,0x00 0x00 0x00 0x40 0x0F 0x4F 0x23 0x32,0x4E99,ACK
2.5083926000,587,Data,0x310,0x8,0xF1 0x0E 0x78 0x05 0x12 0x02 0x01 0xC8,0x2684,ACK
2.5091248000,588,Data,0x311,0x8,0x39 0x1E 0x07 0x3F 0x90 0x01 0x00 0x00,0x66BC,ACK
2.5120929000,589,Data,0x212,0x8,0x52 0x01 0x08 0xC9 0x00 0x00 0x00 0x2A,0x18B7,ACK
2.5123311000,590,Data,0x211,0x8,0xE4 0x00 0x2A 0x00 0x00 0x00 0x00 0x00,0x0D4D,ACK
2.5125874000,591,Data,0x343,0x8,0x00 0x00 0x00 0x00 0x00 0x00 0x00 0x00,0x33F5,ACK
2.5128476000,592,Data,0x341,0x8,0x00 0x00 0x00 0x00 0x02 0x00 0x00 0x00,0x1833,ACK
2.5131459000,593,Data,0x342,0x8,0x0F 0x00 0x23 0x00 0x00 0x82 0x0F 0x34,0x2C17,ACK
2.5134001000,594,Data,0x344,0x8,0x00 0x00 0x00 0x03 0x00 0x00 0x00 0x00,0x6F15,ACK
2.5136604000,595,Data,0x401,0x8,0x00 0x00 0x35 0x00 0x05 0x2A 0x00 0x00,0x502D,ACK
2.5186344000,596,Data,0x100,0x8,0x00 0x00 0x00 0x40 0x0F 0x4F 0x23 0x32,0x4E99,ACK
2.5386244000,597,Data,0x100,0x8,0x00 0x00 0x00 0x40 0x0F 0x4F 0x23 0x32,0x4E99,ACK
2.5586564000,598,Data,0x100,0x8,0x00 0x00 0x00 0x40 0x0F 0x4F 0x23 0x32,0x4E99,ACK
2.5589026000,599,Data,0x203,0x8,0x01 0x00 0x57 0x00 0x57 0x00 0x00 0x00,0x25CC,ACK
2.5591489000,600,Data,0x204,0x8,0x00 0x00 0x00 0x00 0x00 0x00 0x00 0x00,0x79D1,ACK
2.5594051000,601,Data,0x205,0x8,0x00 0x00 0x00 0x00 0x00 0x00 0x00 0x00,0x72CA,ACK
2.5597152000,602,Data,0x209,0x8,0x9F 0x27 0x10 0x04 0x90 0x49 0x00 0x00,0x59C2,ACK
2.5599555000,603,Data,0x20A,0x8,0x00 0x00 0x00 0x00 0x00 0x00 0x00 0x00,0x1B53,ACK
2.5602117000,604,Data,0x20B,0x8,0xBC 0x02 0x64 0x00 0x01 0xC8 0x00 0x00,0x021C,ACK
2.5604560000,605,Data,0x20C,0x8,0x00 0x82 0x1E 0x34 0x1E 0x07 0x00 0x00,0x13E6,ACK
2.5786360000,606,Data,0x100,0x8,0x00 0x00 0x00 0x40 0x0F 0x4F 0x23 0x32,0x4E99,ACK
2.5986339000,607,Data,0x100,0x8,0x00 0x00 0x00 0x40 0x0F 0x4F 0x23 0x32,0x4E99,ACK
2.6120498000,608,Data,0x212,0x8,0x52 0x01 0x08 0xC9 0x00 0x00 0x00 0x2A,0x18B7,ACK
2.6123121000,609,Data,0x211,0x8,0xE4 0x00 0x2A 0x00 0x00 0x00 0x00 0x00,0x0D4D,ACK
2.6125683000,610,Data,0x343,0x8,0x00 0x00 0x00 0x00 0x00 0x00 0x00 0x00,0x33F5,ACK
2.6186344000,611,Data,0x100,0x8,0x00 0x00 0x00 0x40 0x0F 0x4F 0x23 0x32,0x4E99,ACK
2.6386344000,612,Data,0x100,0x8,0x00 0x00 0x00 0x40 0x0F 0x4F 0x23 0x32,0x4E99,ACK
2.6586503000,613,Data,0x100,0x8,0x00 0x00 0x00 0x40 0x0F 0x4F 0x23 0x32,0x4E99,ACK
2.6588966000,614,Data,0x203,0x8,0x01 0x00 0x57 0x00 0x57 0x00 0x00 0x00,0x25CC,ACK
2.6591428000,615,Data,0x204,0x8,0x00 0x00 0x00 0x00 0x00 0x00 0x00 0x00,0x79D1,ACK
2.6593991000,616,Data,0x205,0x8,0x00 0x00 0x00 0x00 0x00 0x00 0x00 0x00,0x72CA,ACK
2.6597133000,617,Data,0x209,0x8,0x9F 0x27 0x10 0x04 0x90 0x49 0x00 0x00,0x59C2,ACK
2.6599536000,618,Data,0x20A,0x8,0x00 0x00 0x00 0x00 0x00 0x00 0x00 0x00,0x1B53,ACK
2.6602078000,619,Data,0x20B,0x8,0xBC 0x02 0x64 0x00 0x01 0xC8 0x00 0x00,0x021C,ACK
2.6604520000,620,Data,0x20C,0x8,0x00 0x82 0x1E 0x34 0x1E 0x07 0x00 0x00,0x13E6,ACK
2.6607023000,621,Data,0x301,0x8,0x00 0x00 0x00 0x00 0x00 0x00 0x00 0x00,0x7E55,ACK
2.6609585000,622,Data,0x302,0x2,0x00 0xFF,0x6FC0,ACK
2.6611028000,623,Data,0x485,0x8,0x22 0x00 0x00 0x00 0x62 0x00 0x14 0x0C,0x569F,ACK
2.6786328000,624,Data,0x100,0x8,0x00 0x00 0x00 0x40 0x0F 0x4F 0x23 0x32,0x4E99,ACK
2.6986327000,625,Data,0x100,0x8,0x00 0x00 0x00 0x40 0x0F 0x4F 0x23 0x32,0x4E99,ACK
2.7094529000,626,Data,0x310,0x8,0xF1 0x0E 0x78 0x05 0x12 0x02 0x01 0xC8,0x2684,ACK
2.7101911000,627,Data,0x311,0x8,0x39 0x1E 0x07 0x3F 0x90 0x01 0x00 0x00,0x66BC,ACK
2.7120892000,628,Data,0x212,0x8,0x52 0x01 0x08 0xC9 0x00 0x00 0x00 0x2A,0x18B7,ACK
2.7123475000,629,Data,0x211,0x8,0xE4 0x00 0x2A 0x00 0x00 0x00 0x00 0x00,0x0D4D,ACK
2.7126077000,630,Data,0x343,0x8,0x00 0x00 0x00 0x00 0x00 0x00 0x00 0x00,0x33F5,ACK
2.7128680000,631,Data,0x341,0x8,0x00 0x00 0x00 0x00 0x02 0x00 0x00 0x00,0x1833,ACK
2.7131622000,632,Data,0x342,0x8,0x0F 0x00 0x23 0x00 0x00 0x82 0x0F 0x34,0x2C17,ACK
2.7134225000,633,Data,0x344,0x8,0x00 0x00 0x00 0x03 0x00 0x00 0x00 0x00,0x6F15,ACK
2.7186346000,634,Data,0x100,0x8,0x00 0x00 0x00 0x40 0x0F 0x4F 0x23 0x32,0x4E99,ACK
2.7386326000,635,Data,0x100,0x8,0x00 0x00 0x00 0x40 0x0F 0x4F 0x23 0x32,0x4E99,ACK
2.7586505000,636,Data,0x100,0x8,0x00 0x00 0x00 0x40 0x0F 0x4F 0x23 0x32,0x4E99,ACK
2.7588966000,637,Data,0x203,0x8,0x01 0x00 0x57 0x00 0x57 0x00 0x00 0x00,0x25CC,ACK
2.7591428000,638,Data,0x204,0x8,0x00 0x00 0x00 0x00 0x00 0x00 0x00 0x00,0x79D1,ACK
2.7593989000,639,Data,0x205,0x8,0x00 0x00 0x00 0x00 0x00 0x00 0x00 0x00,0x72CA,ACK
2.7597130000,640,Data,0x209,0x8,0x9F 0x27 0x10 0x04 0x90 0x49 0x00 0x00,0x59C2,ACK
2.7599531000,641,Data,0x20A,0x8,0x00 0x00 0x00 0x00 0x00 0x00 0x00 0x00,0x1B53,ACK
2.7602092000,642,Data,0x20B,0x8,0xBC 0x02 0x64 0x00 0x01 0xC8 0x00 0x00,0x021C,ACK
2.7604534000,643,Data,0x20C,0x8,0x00 0x82 0x1E 0x34 0x1E 0x07 0x00 0x00,0x13E6,ACK
2.7786332000,644,Data,0x100,0x8,0x00 0x00 0x00 0x40 0x0F 0x4F 0x23 0x32,0x4E99,ACK
2.7837235000,645,Data,0x501,0x8,0xB4 0xC1 0x83 0x58 0x51 0xE5 0xB2 0x6B,0x057E,ACK
2.7839557000,646,Data,0x502,0x8,0x32 0xAC 0x86 0x0E 0x1A 0xB9 0x00 0x00,0x0E93,ACK
2.7944020000,647,Data,0x424,0x8,0x63 0x4A 0x4D 0x69 0x00 0x00 0x00 0x00,0x5BA9,ACK
2.7986321000,648,Data,0x100,0x8,0x00 0x00 0x00 0x40 0x0F 0x4F 0x23 0x32,0x4E99,ACK
2.8120659000,649,Data,0x212,0x8,0x52 0x01 0x08 0xC9 0x00 0x00 0x00 0x2A,0x18B7,ACK
2.8123240000,650,Data,0x211,0x8,0xE4 0x00 0x2A 0x00 0x00 0x00 0x00 0x00,0x0D4D,ACK
2.8125842000,651,Data,0x343,0x8,0x00 0x00 0x00 0x00 0x00 0x00 0x00 0x00,0x33F5,ACK
2.8186342000,652,Data,0x100,0x8,0x00 0x00 0x00 0x40 0x0F 0x4F 0x23 0x32,0x4E99,ACK
2.8386320000,653,Data,0x100,0x8,0x00 0x00 0x00 0x40 0x0F 0x4F 0x23 0x32,0x4E99,ACK
2.8586718000,654,Data,0x100,0x8,0x00 0x00 0x00 0x40 0x0F 0x4F 0x23 0x32,0x4E99,ACK
2.8589180000,655,Data,0x203,0x8,0x01 0x00 0x57 0x00 0x57 0x00 0x00 0x00,0x25CC,ACK
2.8591661000,656,Data,0x204,0x8,0x00 0x00 0x00 0x00 0x00 0x00 0x00 0x00,0x79D1,ACK
2.8594222000,657,Data,0x205,0x8,0x00 0x00 0x00 0x00 0x00 0x00 0x00 0x00,0x72CA,ACK
2.8597123000,658,Data,0x209,0x8,0x9F 0x27 0x10 0x04 0x90 0x49 0x00 0x00,0x59C2,ACK
2.8599524000,659,Data,0x20A,0x8,0x00 0x00 0x00 0x00 0x00 0x00 0x00 0x00,0x1B53,ACK
2.8602086000,660,Data,0x20B,0x8,0xBC 0x02 0x64 0x00 0x01 0xC8 0x00 0x00,0x021C,ACK
2.8604527000,661,Data,0x20C,0x8,0x00 0x82 0x1E 0x34 0x1E 0x07 0x00 0x00,0x13E6,ACK
2.8607028000,662,Data,0x301,0x8,0x00 0x00 0x00 0x00 0x00 0x00 0x00 0x00,0x7E55,ACK
2.8609609000,663,Data,0x302,0x2,0x00 0xFF,0x6FC0,ACK
2.8611050000,664,Data,0x485,0x8,0x22 0x00 0x00 0x00 0x62 0x00 0x14 0x0C,0x569F,ACK
2.8613512000,665,Data,0x480,0x8,0x00 0x00 0x00 0x00 0x21 0x00 0x00 0x00,0x32BE,ACK
2.8616073000,666,Data,0x481,0x8,0xCA 0x17 0x08 0x13 0x00 0x00 0x00 0x00,0x1AA4,ACK
2.8618494000,667,Data,0x482,0x8,0x52 0x01 0x02 0x00 0x00 0x00 0x00 0x00,0x36EA,ACK
2.8620975000,668,Data,0x483,0x8,0x31 0x4B 0x31 0x55 0x41 0x32 0x35 0x35,0x717E,ACK
2.8623317000,669,Data,0x484,0x8,0x31 0x50 0x33 0x39 0x36 0x35 0x00 0x00,0x0196,ACK
2.8786315000,670,Data,0x100,0x8,0x00 0x00 0x00 0x40 0x0F 0x4F 0x23 0x32,0x4E99,ACK
2.8832498000,671,Data,0x423,0x8,0xBC 0x02 0x64 0x00 0x28 0x00 0x01 0x00,0x4F59,ACK
2.8841501000,672,Data,0x425,0x8,0x01 0x64 0x49 0x57 0x57 0x59 0x01 0xFF,0x4E46,ACK
2.8843824000,673,Data,0x429,0x8,0x20 0x00 0x00 0x00 0x00 0x00 0x00 0x00,0x7AC7,ACK
2.8846306000,674,Data,0x420,0x8,0xB3 0x14 0xFA 0xFF 0x66 0x03 0x00 0x00,0x7112,ACK
2.8986305000,675,Data,0x100,0x8,0x00 0x00 0x00 0x40 0x0F 0x4F 0x23 0x32,0x4E99,ACK
2.9014626000,676,Data,0x422,0x8,0x00 0x00 0x20 0x00 0x55 0x00 0x1B 0x00,0x21B5,ACK
2.9032569000,677,Data,0x421,0x8,0x38 0x36 0x31 0x34 0xFB 0x04 0x55 0x04,0x0DC7,ACK
2.9095711000,678,Data,0x310,0x8,0xF1 0x0E 0x78 0x05 0x12 0x02 0x01 0xC8,0x2684,ACK
2.9103014000,679,Data,0x311,0x8,0x39 0x1E 0x07 0x3F 0x90 0x01 0x00 0x00,0x66BC,ACK
2.9120595000,680,Data,0x212,0x8,0x52 0x01 0x08 0xC9 0x00 0x00 0x00 0x2A,0x18B7,ACK
2.9122977000,681,Data,0x211,0x8,0xE4 0x00 0x2A 0x00 0x00 0x00 0x00 0x00,0x0D4D,ACK
2.9125540000,682,Data,0x343,0x8,0x00 0x00 0x00 0x00 0x00 0x00 0x00 0x00,0x33F5,ACK
2.9128142000,683,Data,0x341,0x8,0x00 0x00 0x00 0x00 0x02 0x00 0x00 0x00,0x1833,ACK
2.9131125000,684,Data,0x342,0x8,0x0F 0x00 0x23 0x00 0x00 0x82 0x0F 0x34,0x2C17,ACK
2.9133687000,685,Data,0x344,0x8,0x00 0x00 0x00 0x03 0x00 0x00 0x00 0x00,0x6F15,ACK
2.9186307000,686,Data,0x100,0x8,0x00 0x00 0x00 0x40 0x0F 0x4F 0x23 0x32,0x4E99,ACK
2.9386307000,687,Data,0x100,0x8,0x00 0x00 0x00 0x40 0x0F 0x4F 0x23 0x32,0x4E99,ACK
2.9586487000,688,Data,0x100,0x8,0x00 0x00 0x00 0x40 0x0F 0x4F 0x23 0x32,0x4E99,ACK
2.9588969000,689,Data,0x203,0x8,0x01 0x00 0x57 0x00 0x57 0x00 0x00 0x00,0x25CC,ACK
2.9591450000,690,Data,0x204,0x8,0x00 0x00 0x00 0x00 0x00 0x00 0x00 0x00,0x79D1,ACK
2.9594013000,691,Data,0x205,0x8,0x00 0x00 0x00 0x00 0x00 0x00 0x00 0x00,0x72CA,ACK
2.9597095000,692,Data,0x209,0x8,0x9F 0x27 0x10 0x04 0x90 0x49 0x00 0x00,0x59C2,ACK
2.9599498000,693,Data,0x20A,0x8,0x00 0x00 0x00 0x00 0x00 0x00 0x00 0x00,0x1B53,ACK
2.9602040000,694,Data,0x20B,0x8,0xBC 0x02 0x64 0x00 0x01 0xC8 0x00 0x00,0x021C,ACK
2.9604483000,695,Data,0x20C,0x8,0x00 0x82 0x1E 0x34 0x1E 0x07 0x00 0x00,0x13E6,ACK
2.9786282000,696,Data,0x100,0x8,0x00 0x00 0x00 0x40 0x0F 0x4F 0x23 0x32,0x4E99,ACK
2.9986282000,697,Data,0x100,0x8,0x00 0x00 0x00 0x40 0x0F 0x4F 0x23 0x32,0x4E99,ACK
3.0120462000,698,Data,0x212,0x8,0x52 0x01 0x08 0xC9 0x00 0x00 0x00 0x2A,0x18B7,ACK
3.0123323000,699,Data,0x211,0x8,0xE4 0x00 0x2A 0x00 0x00 0x00 0x00 0x00,0x0D4D,ACK
3.0125885000,700,Data,0x343,0x8,0x00 0x00 0x00 0x00 0x00 0x00 0x00 0x00,0x33F5,ACK
3.0128488000,701,Data,0x401,0x8,0x00 0x00 0x35 0x00 0x05 0x2A 0x00 0x00,0x502D,ACK
3.0186288000,702,Data,0x100,0x8,0x00 0x00 0x00 0x40 0x0F 0x4F 0x23 0x32,0x4E99,ACK
3.0386288000,703,Data,0x100,0x8,0x00 0x00 0x00 0x40 0x0F 0x4F 0x23 0x32,0x4E99,ACK
3.0586547000,704,Data,0x100,0x8,0x00 0x00 0x00 0x40 0x0F 0x4F 0x23 0x32,0x4E99,ACK
3.0589010000,705,Data,0x203,0x8,0x01 0x00 0x57 0x00 0x57 0x00 0x00 0x00,0x25CC,ACK
3.0591492000,706,Data,0x204,0x8,0x00 0x00 0x00 0x00 0x00 0x00 0x00 0x00,0x79D1,ACK
3.0594055000,707,Data,0x205,0x8,0x00 0x00 0x00 0x00 0x00 0x00 0x00 0x00,0x72CA,ACK
3.0597077000,708,Data,0x209,0x8,0x9F 0x27 0x10 0x04 0x90 0x49 0x00 0x00,0x59C2,ACK
3.0599480000,709,Data,0x20A,0x8,0x00 0x00 0x00 0x00 0x00 0x00 0x00 0x00,0x1B53,ACK
3.0602022000,710,Data,0x20B,0x8,0xBC 0x02 0x64 0x00 0x01 0xC8 0x00 0x00,0x021C,ACK
3.0604464000,711,Data,0x20C,0x8,0x00 0x82 0x1E 0x34 0x1E 0x07 0x00 0x00,0x13E6,ACK
3.0606967000,712,Data,0x301,0x8,0x00 0x00 0x00 0x00 0x00 0x00 0x00 0x00,0x7E55,ACK
3.0609529000,713,Data,0x302,0x2,0x00 0xFF,0x6FC0,ACK
3.0610972000,714,Data,0x485,0x8,0x22 0x00 0x00 0x00 0x62 0x00 0x14 0x0C,0x569F,ACK
3.0786292000,715,Data,0x100,0x8,0x00 0x00 0x00 0x40 0x0F 0x4F 0x23 0x32,0x4E99,ACK
3.0986271000,716,Data,0x100,0x8,0x00 0x00 0x00 0x40 0x0F 0x4F 0x23 0x32,0x4E99,ACK
3.1088054000,717,Data,0x310,0x8,0xF1 0x0E 0x78 0x05 0x12 0x02 0x01 0xC8,0x2684,ACK
3.1115656000,718,Data,0x311,0x8,0x39 0x1E 0x07 0x3F 0x90 0x01 0x00 0x00,0x66BC,ACK
3.1120797000,719,Data,0x212,0x8,0x52 0x01 0x08 0xC9 0x00 0x00 0x00 0x2A,0x18B7,ACK
3.1123380000,720,Data,0x211,0x8,0xE4 0x00 0x2A 0x00 0x00 0x00 0x00 0x00,0x0D4D,ACK
3.1126202000,721,Data,0x343,0x8,0x00 0x00 0x00 0x00 0x00 0x00 0x00 0x00,0x33F5,ACK
3.1128785000,722,Data,0x341,0x8,0x00 0x00 0x00 0x00 0x02 0x00 0x00 0x00,0x1833,ACK
3.1131507000,723,Data,0x342,0x8,0x0F 0x00 0x23 0x00 0x00 0x82 0x0F 0x34,0x2C17,ACK
3.1134350000,724,Data,0x344,0x8,0x00 0x00 0x00 0x03 0x00 0x00 0x00 0x00,0x6F15,ACK
3.1186270000,725,Data,0x100,0x8,0x00 0x00 0x00 0x40 0x0F 0x4F 0x23 0x32,0x4E99,ACK
3.1386270000,726,Data,0x100,0x8,0x00 0x00 0x00 0x40 0x0F 0x4F 0x23 0x32,0x4E99,ACK
3.1586449000,727,Data,0x100,0x8,0x00 0x00 0x00 0x40 0x0F 0x4F 0x23 0x32,0x4E99,ACK
3.1588910000,728,Data,0x203,0x8,0x01 0x00 0x57 0x00 0x57 0x00 0x00 0x00,0x25CC,ACK
3.1591353000,729,Data,0x204,0x8,0x00 0x00 0x00 0x00 0x00 0x00 0x00 0x00,0x79D1,ACK
3.1593935000,730,Data,0x205,0x8,0x00 0x00 0x00 0x00 0x00 0x00 0x00 0x00,0x72CA,ACK
3.1597078000,731,Data,0x209,0x8,0x9F 0x27 0x10 0x04 0x90 0x49 0x00 0x00,0x59C2,ACK
3.1599460000,732,Data,0x20A,0x8,0x00 0x00 0x00 0x00 0x00 0x00 0x00 0x00,0x1B53,ACK
3.1602003000,733,Data,0x20B,0x8,0xBC 0x02 0x64 0x00 0x01 0xC8 0x00 0x00,0x021C,ACK
3.1604465000,734,Data,0x20C,0x8,0x00 0x82 0x1E 0x34 0x1E 0x07 0x00 0x00,0x13E6,ACK
3.1786265000,735,Data,0x100,0x8,0x00 0x00 0x00 0x40 0x0F 0x4F 0x23 0x32,0x4E99,ACK
3.1986265000,736,Data,0x100,0x8,0x00 0x00 0x00 0x40 0x0F 0x4F 0x23 0x32,0x4E99,ACK
3.2120564000,737,Data,0x212,0x8,0x52 0x01 0x08 0xC9 0x00 0x00 0x00 0x2A,0x18B7,ACK
3.2122947000,738,Data,0x211,0x8,0xE4 0x00 0x2A 0x00 0x00 0x00 0x00 0x00,0x0D4D,ACK
3.2125529000,739,Data,0x343,0x8,0x00 0x00 0x00 0x00 0x00 0x00 0x00 0x00,0x33F5,ACK
3.2186269000,740,Data,0x100,0x8,0x00 0x00 0x00 0x40 0x0F 0x4F 0x23 0x32,0x4E99,ACK
3.2386249000,741,Data,0x100,0x8,0x00 0x00 0x00 0x40 0x0F 0x4F 0x23 0x32,0x4E99,ACK
3.2586529000,742,Data,0x100,0x8,0x00 0x00 0x00 0x40 0x0F 0x4F 0x23 0x32,0x4E99,ACK
3.2588991000,743,Data,0x203,0x8,0x01 0x00 0x57 0x00 0x57 0x00 0x00 0x00,0x25CC,ACK
3.2591454000,744,Data,0x204,0x8,0x00 0x00 0x00 0x00 0x00 0x00 0x00 0x00,0x79D1,ACK
3.2594016000,745,Data,0x205,0x8,0x00 0x00 0x00 0x00 0x00 0x00 0x00 0x00,0x72CA,ACK
3.2596938000,746,Data,0x209,0x8,0x9F 0x27 0x10 0x04 0x90 0x49 0x00 0x00,0x59C2,ACK
3.2599341000,747,Data,0x20A,0x8,0x00 0x00 0x00 0x00 0x00 0x00 0x00 0x00,0x1B53,ACK
3.2601903000,748,Data,0x20B,0x8,0xBC 0x02 0x64 0x00 0x01 0xC8 0x00 0x00,0x021C,ACK
3.2604346000,749,Data,0x20C,0x8,0x00 0x82 0x1E 0x34 0x1E 0x07 0x00 0x00,0x13E6,ACK
3.2606848000,750,Data,0x301,0x8,0x00 0x00 0x00 0x00 0x00 0x00 0x00 0x00,0x7E55,ACK
3.2609411000,751,Data,0x302,0x2,0x00 0xFF,0x6FC0,ACK
3.2610853000,752,Data,0x485,0x8,0x22 0x00 0x00 0x00 0x62 0x00 0x14 0x0C,0x569F,ACK
3.2786253000,753,Data,0x100,0x8,0x00 0x00 0x00 0x40 0x0F 0x4F 0x23 0x32,0x4E99,ACK
3.2986232000,754,Data,0x100,0x8,0x00 0x00 0x00 0x40 0x0F 0x4F 0x23 0x32,0x4E99,ACK
3.3105694000,755,Data,0x310,0x8,0xF1 0x0E 0x78 0x05 0x12 0x02 0x01 0xC8,0x2684,ACK
3.3112997000,756,Data,0x311,0x8,0x39 0x1E 0x07 0x3F 0x90 0x01 0x00 0x00,0x66BC,ACK
3.3120737000,757,Data,0x212,0x8,0x52 0x01 0x08 0xC9 0x00 0x00 0x00 0x2A,0x18B7,ACK
3.3123340000,758,Data,0x211,0x8,0xE4 0x00 0x2A 0x00 0x00 0x00 0x00 0x00,0x0D4D,ACK
3.3125922000,759,Data,0x343,0x8,0x00 0x00 0x00 0x00 0x00 0x00 0x00 0x00,0x33F5,ACK
3.3128505000,760,Data,0x341,0x8,0x00 0x00 0x00 0x00 0x02 0x00 0x00 0x00,0x1833,ACK
3.3131507000,761,Data,0x342,0x8,0x0F 0x00 0x23 0x00 0x00 0x82 0x0F 0x34,0x2C17,ACK
3.3134070000,762,Data,0x344,0x8,0x00 0x00 0x00 0x03 0x00 0x00 0x00 0x00,0x6F15,ACK
3.3186230000,763,Data,0x100,0x8,0x00 0x00 0x00 0x40 0x0F 0x4F 0x23 0x32,0x4E99,ACK
3.3386250000,764,Data,0x100,0x8,0x00 0x00 0x00 0x40 0x0F 0x4F 0x23 0x32,0x4E99,ACK
3.3586449000,765,Data,0x100,0x8,0x00 0x00 0x00 0x40 0x0F 0x4F 0x23 0x32,0x4E99,ACK
3.3588910000,766,Data,0x203,0x8,0x01 0x00 0x57 0x00 0x57 0x00 0x00 0x00,0x25CC,ACK
3.3591373000,767,Data,0x204,0x8,0x00 0x00 0x00 0x00 0x00 0x00 0x00 0x00,0x79D1,ACK
3.3593955000,768,Data,0x205,0x8,0x00 0x00 0x00 0x00 0x00 0x00 0x00 0x00,0x72CA,ACK
3.3597038000,769,Data,0x209,0x8,0x9F 0x27 0x10 0x04 0x90 0x49 0x00 0x00,0x59C2,ACK
3.3599440000,770,Data,0x20A,0x8,0x00 0x00 0x00 0x00 0x00 0x00 0x00 0x00,0x1B53,ACK
3.3602003000,771,Data,0x20B,0x8,0xBC 0x02 0x64 0x00 0x01 0xC8 0x00 0x00,0x021C,ACK
3.3604445000,772,Data,0x20C,0x8,0x00 0x82 0x1E 0x34 0x1E 0x07 0x00 0x00,0x13E6,ACK
3.3786245000,773,Data,0x100,0x8,0x00 0x00 0x00 0x40 0x0F 0x4F 0x23 0x32,0x4E99,ACK
3.3845168000,774,Data,0x423,0x8,0xBC 0x02 0x64 0x00 0x28 0x00 0x01 0x00,0x4F59,ACK
3.3854130000,775,Data,0x425,0x8,0x01 0x64 0x49 0x57 0x57 0x59 0x01 0xFF,0x4E46,ACK
3.3856453000,776,Data,0x429,0x8,0x20 0x00 0x00 0x00 0x00 0x00 0x00 0x00,0x7AC7,ACK
3.3858935000,777,Data,0x420,0x8,0xB2 0x14 0xF8 0xFF 0x66 0x03 0x00 0x00,0x1A7A,ACK
3.3986235000,778,Data,0x100,0x8,0x00 0x00 0x00 0x40 0x0F 0x4F 0x23 0x32,0x4E99,ACK
3.4006995000,779,Data,0x422,0x8,0x00 0x00 0x20 0x00 0x55 0x00 0x1B 0x00,0x21B5,ACK
3.4045238000,780,Data,0x421,0x8,0x38 0x36 0x31 0x34 0xFB 0x04 0x55 0x04,0x0DC7,ACK
3.4120438000,781,Data,0x212,0x8,0x52 0x01 0x08 0xC9 0x00 0x00 0x00 0x2A,0x18B7,ACK
3.4123020000,782,Data,0x211,0x8,0xE4 0x00 0x2A 0x00 0x00 0x00 0x00 0x00,0x0D4D,ACK
3.4125623000,783,Data,0x343,0x8,0x00 0x00 0x00 0x00 0x00 0x00 0x00 0x00,0x33F5,ACK
3.4186243000,784,Data,0x100,0x8,0x00 0x00 0x00 0x40 0x0F 0x4F 0x23 0x32,0x4E99,ACK
3.4386223000,785,Data,0x100,0x8,0x00 0x00 0x00 0x40 0x0F 0x4F 0x23 0x32,0x4E99,ACK
3.4586381000,786,Data,0x100,0x8,0x00 0x00 0x00 0x40 0x0F 0x4F 0x23 0x32,0x4E99,ACK
3.4588844000,787,Data,0x203,0x8,0x01 0x00 0x57 0x00 0x57 0x00 0x00 0x00,0x25CC,ACK
3.4591306000,788,Data,0x204,0x8,0x00 0x00 0x00 0x00 0x00 0x00 0x00 0x00,0x79D1,ACK
3.4593869000,789,Data,0x205,0x8,0x00 0x00 0x00 0x00 0x00 0x00 0x00 0x00,0x72CA,ACK
3.4597011000,790,Data,0x209,0x8,0x9F 0x27 0x10 0x04 0x90 0x49 0x00 0x00,0x59C2,ACK
3.4599434000,791,Data,0x20A,0x8,0x00 0x00 0x00 0x00 0x00 0x00 0x00 0x00,0x1B53,ACK
3.4601976000,792,Data,0x20B,0x8,0xBC 0x02 0x64 0x00 0x01 0xC8 0x00 0x00,0x021C,ACK
3.4604438000,793,Data,0x20C,0x8,0x00 0x82 0x1E 0x34 0x1E 0x07 0x00 0x00,0x13E6,ACK
3.4606941000,794,Data,0x301,0x8,0x00 0x00 0x00 0x00 0x00 0x00 0x00 0x00,0x7E55,ACK
3.4609503000,795,Data,0x302,0x2,0x00 0xFF,0x6FC0,ACK
3.4610966000,796,Data,0x485,0x8,0x22 0x00 0x00 0x00 0x62 0x00 0x14 0x0C,0x569F,ACK
3.4786226000,797,Data,0x100,0x8,0x00 0x00 0x00 0x40 0x0F 0x4F 0x23 0x32,0x4E99,ACK
3.4986224000,798,Data,0x100,0x8,0x00 0x00 0x00 0x40 0x0F 0x4F 0x23 0x32,0x4E99,ACK
3.5098487000,799,Data,0x310,0x8,0xF1 0x0E 0x78 0x05 0x12 0x02 0x01 0xC8,0x2684,ACK
3.5120827000,800,Data,0x212,0x8,0x52 0x01 0x08 0xC9 0x00 0x00 0x00 0x2A,0x18B7,ACK
3.5123410000,801,Data,0x211,0x8,0xE4 0x00 0x2A 0x00 0x00 0x00 0x00 0x00,0x0D4D,ACK
3.5126012000,802,Data,0x343,0x8,0x00 0x00 0x00 0x00 0x00 0x00 0x00 0x00,0x33F5,ACK
3.5128514000,803,Data,0x311,0x8,0x39 0x1E 0x07 0x3F 0x90 0x01 0x00 0x00,0x66BC,ACK
3.5130896000,804,Data,0x341,0x8,0x00 0x00 0x00 0x00 0x02 0x00 0x00 0x00,0x1833,ACK
3.5133418000,805,Data,0x342,0x8,0x0F 0x00 0x23 0x00 0x00 0x82 0x0F 0x34,0x2C17,ACK
3.5135841000,806,Data,0x344,0x8,0x00 0x00 0x00 0x03 0x00 0x00 0x00 0x00,0x6F15,ACK
3.5138423000,807,Data,0x401,0x8,0x00 0x00 0x35 0x00 0x05 0x2A 0x00 0x00,0x502D,ACK
3.5186204000,808,Data,0x100,0x8,0x00 0x00 0x00 0x40 0x0F 0x4F 0x23 0x32,0x4E99,ACK
3.5386202000,809,Data,0x100,0x8,0x00 0x00 0x00 0x40 0x0F 0x4F 0x23 0x32,0x4E99,ACK
3.5586422000,810,Data,0x100,0x8,0x00 0x00 0x00 0x40 0x0F 0x4F 0x23 0x32,0x4E99,ACK
3.5588903000,811,Data,0x203,0x8,0x01 0x00 0x57 0x00 0x57 0x00 0x00 0x00,0x25CC,ACK
3.5591386000,812,Data,0x204,0x8,0x00 0x00 0x00 0x00 0x00 0x00 0x00 0x00,0x79D1,ACK
3.5593948000,813,Data,0x205,0x8,0x00 0x00 0x00 0x00 0x00 0x00 0x00 0x00,0x72CA,ACK
3.5596890000,814,Data,0x209,0x8,0x9F 0x27 0x10 0x04 0x90 0x49 0x00 0x00,0x59C2,ACK
3.5599293000,815,Data,0x20A,0x8,0x00 0x00 0x00 0x00 0x00 0x00 0x00 0x00,0x1B53,ACK
3.5601835000,816,Data,0x20B,0x8,0xBC 0x02 0x64 0x00 0x01 0xC8 0x00 0x00,0x021C,ACK
3.5604278000,817,Data,0x20C,0x8,0x00 0x82 0x1E 0x34 0x1E 0x07 0x00 0x00,0x13E6,ACK
3.5786218000,818,Data,0x100,0x8,0x00 0x00 0x00 0x40 0x0F 0x4F 0x23 0x32,0x4E99,ACK
3.5986217000,819,Data,0x100,0x8,0x00 0x00 0x00 0x40 0x0F 0x4F 0x23 0x32,0x4E99,ACK
3.6120616000,820,Data,0x212,0x8,0x52 0x01 0x00 0xC9 0x00 0x00 0x00 0x2A,0x2C4E,ACK
3.6123239000,821,Data,0x211,0x8,0xE4 0x00 0x2A 0x00 0x00 0x00 0x00 0x00,0x0D4D,ACK
3.6125821000,822,Data,0x343,0x8,0x00 0x00 0x00 0x00 0x00 0x00 0x00 0x00,0x33F5,ACK
3.6186202000,823,Data,0x100,0x8,0x00 0x00 0x00 0x40 0x0F 0x4F 0x23 0x32,0x4E99,ACK
3.6386202000,824,Data,0x100,0x8,0x00 0x00 0x00 0x40 0x0F 0x4F 0x23 0x32,0x4E99,ACK
3.6586361000,825,Data,0x100,0x8,0x00 0x00 0x00 0x40 0x0F 0x4F 0x23 0x32,0x4E99,ACK
3.6588824000,826,Data,0x203,0x8,0x01 0x00 0x57 0x00 0x57 0x00 0x00 0x00,0x25CC,ACK
3.6591286000,827,Data,0x204,0x8,0x00 0x00 0x00 0x00 0x00 0x00 0x00 0x00,0x79D1,ACK
3.6593849000,828,Data,0x205,0x8,0x00 0x00 0x00 0x00 0x00 0x00 0x00 0x00,0x72CA,ACK
3.6596991000,829,Data,0x209,0x8,0x9F 0x27 0x10 0x04 0x90 0x49 0x00 0x00,0x59C2,ACK
3.6599394000,830,Data,0x20A,0x8,0x00 0x00 0x00 0x00 0x00 0x00 0x00 0x00,0x1B53,ACK
3.6601956000,831,Data,0x20B,0x8,0xBC 0x02 0x64 0x00 0x01 0xC8 0x00 0x00,0x021C,ACK
3.6604399000,832,Data,0x20C,0x8,0x00 0x82 0x1E 0x34 0x1E 0x07 0x00 0x00,0x13E6,ACK
3.6606901000,833,Data,0x301,0x8,0x00 0x00 0x00 0x00 0x00 0x00 0x00 0x00,0x7E55,ACK
3.6609464000,834,Data,0x302,0x2,0x00 0xFF,0x6FC0,ACK
3.6610906000,835,Data,0x485,0x8,0x22 0x00 0x00 0x00 0x62 0x00 0x14 0x0C,0x569F,ACK
3.6786206000,836,Data,0x100,0x8,0x00 0x00 0x00 0x40 0x0F 0x4F 0x23 0x32,0x4E99,ACK
3.6986184000,837,Data,0x100,0x8,0x00 0x00 0x00 0x40 0x0F 0x4F 0x23 0x32,0x4E99,ACK
3.7098307000,838,Data,0x310,0x8,0xF1 0x0E 0x78 0x05 0x12 0x02 0x01 0xC8,0x2684,ACK
3.7120527000,839,Data,0x212,0x8,0x52 0x01 0x00 0xC9 0x00 0x00 0x00 0x2A,0x2C4E,ACK
3.7123130000,840,Data,0x211,0x8,0xE4 0x00 0x2A 0x00 0x00 0x00 0x00 0x00,0x0D4D,ACK
3.7125692000,841,Data,0x343,0x8,0x00 0x00 0x00 0x00 0x00 0x00 0x00 0x00,0x33F5,ACK
3.7128195000,842,Data,0x311,0x8,0x39 0x1E 0x07 0x3F 0x90 0x01 0x00 0x00,0x66BC,ACK
3.7130576000,843,Data,0x341,0x8,0x00 0x00 0x00 0x00 0x02 0x00 0x00 0x00,0x1833,ACK
3.7133098000,844,Data,0x342,0x8,0x0F 0x00 0x23 0x00 0x00 0x82 0x0F 0x34,0x2C17,ACK
3.7135521000,845,Data,0x344,0x8,0x00 0x00 0x00 0x03 0x00 0x00 0x00 0x00,0x6F15,ACK
3.7186201000,846,Data,0x100,0x8,0x00 0x00 0x00 0x40 0x0F 0x4F 0x23 0x32,0x4E99,ACK
3.7226222000,847,Data,0x500,0x8,0x48 0x48 0x49 0xFF 0x48 0x49 0x49 0xFF,0x0870,ACK
3.7386181000,848,Data,0x100,0x8,0x00 0x00 0x00 0x40 0x0F 0x4F 0x23 0x32,0x4E99,ACK
3.7586361000,849,Data,0x100,0x8,0x00 0x00 0x00 0x40 0x0F 0x4F 0x23 0x32,0x4E99,ACK
3.7588823000,850,Data,0x203,0x8,0x01 0x00 0x57 0x00 0x57 0x00 0x00 0x00,0x25CC,ACK
3.7591286000,851,Data,0x204,0x8,0x00 0x00 0x00 0x00 0x00 0x00 0x00 0x00,0x79D1,ACK
3.7593848000,852,Data,0x205,0x8,0x00 0x00 0x00 0x00 0x00 0x00 0x00 0x00,0x72CA,ACK
3.7596991000,853,Data,0x209,0x8,0x9F 0x27 0x10 0x04 0x90 0x49 0x00 0x00,0x59C2,ACK
3.7599393000,854,Data,0x20A,0x8,0x00 0x00 0x00 0x00 0x00 0x00 0x00 0x00,0x1B53,ACK
3.7601956000,855,Data,0x20B,0x8,0xBC 0x02 0x64 0x00 0x01 0xC8 0x00 0x00,0x021C,ACK
3.7604398000,856,Data,0x20C,0x8,0x00 0x82 0x1E 0x34 0x1E 0x07 0x00 0x00,0x13E6,ACK
3.7786178000,857,Data,0x100,0x8,0x00 0x00 0x00 0x40 0x0F 0x4F 0x23 0x32,0x4E99,ACK
3.7940181000,858,Data,0x424,0x8,0x64 0x4A 0x4D 0x69 0x00 0x00 0x00 0x00,0x750B,ACK
3.7986181000,859,Data,0x100,0x8,0x00 0x00 0x00 0x40 0x0F 0x4F 0x23 0x32,0x4E99,ACK
3.8120420000,860,Data,0x212,0x8,0x52 0x01 0x00 0xC9 0x00 0x00 0x00 0x2A,0x2C4E,ACK
3.8123221000,861,Data,0x211,0x8,0xE4 0x00 0x2A 0x00 0x00 0x00 0x00 0x00,0x0D4D,ACK
3.8125844000,862,Data,0x343,0x8,0x00 0x00 0x00 0x00 0x00 0x00 0x00 0x00,0x33F5,ACK
3.8186185000,863,Data,0x100,0x8,0x00 0x00 0x00 0x40 0x0F 0x4F 0x23 0x32,0x4E99,ACK
3.8386184000,864,Data,0x100,0x8,0x00 0x00 0x00 0x40 0x0F 0x4F 0x23 0x32,0x4E99,ACK
3.8586584000,865,Data,0x100,0x8,0x00 0x00 0x00 0x40 0x0F 0x4F 0x23 0x32,0x4E99,ACK
3.8589066000,866,Data,0x203,0x8,0x01 0x00 0x57 0x00 0x57 0x00 0x00 0x00,0x25CC,ACK
3.8591549000,867,Data,0x204,0x8,0x00 0x00 0x00 0x00 0x00 0x00 0x00 0x00,0x79D1,ACK
3.8594111000,868,Data,0x205,0x8,0x00 0x00 0x00 0x00 0x00 0x00 0x00 0x00,0x72CA,ACK
3.8596974000,869,Data,0x209,0x8,0x9F 0x27 0x10 0x04 0x90 0x49 0x00 0x00,0x59C2,ACK
3.8599376000,870,Data,0x20A,0x8,0x00 0x00 0x00 0x00 0x00 0x00 0x00 0x00,0x1B53,ACK
3.8601939000,871,Data,0x20B,0x8,0xBC 0x02 0x64 0x00 0x01 0xC8 0x00 0x00,0x021C,ACK
3.8604381000,872,Data,0x20C,0x8,0x00 0x82 0x1E 0x34 0x1E 0x07 0x00 0x00,0x13E6,ACK
3.8606884000,873,Data,0x301,0x8,0x00 0x00 0x00 0x00 0x00 0x00 0x00 0x00,0x7E55,ACK
3.8609446000,874,Data,0x302,0x2,0x00 0xFF,0x6FC0,ACK
3.8610889000,875,Data,0x485,0x8,0x22 0x00 0x00 0x00 0x62 0x00 0x14 0x0C,0x569F,ACK
3.8613371000,876,Data,0x480,0x8,0x00 0x00 0x00 0x00 0x21 0x00 0x00 0x00,0x32BE,ACK
3.8615934000,877,Data,0x481,0x8,0xCA 0x17 0x08 0x13 0x00 0x00 0x00 0x00,0x1AA4,ACK
3.8618356000,878,Data,0x482,0x8,0x52 0x01 0x02 0x00 0x00 0x00 0x00 0x00,0x36EA,ACK
3.8620837000,879,Data,0x483,0x8,0x31 0x4B 0x31 0x55 0x41 0x32 0x35 0x35,0x717E,ACK
3.8623180000,880,Data,0x484,0x8,0x31 0x50 0x33 0x39 0x36 0x35 0x00 0x00,0x0196,ACK
3.8786160000,881,Data,0x100,0x8,0x00 0x00 0x00 0x40 0x0F 0x4F 0x23 0x32,0x4E99,ACK
3.8846862000,882,Data,0x423,0x8,0xBC 0x02 0x64 0x00 0x28 0x00 0x01 0x00,0x4F59,ACK
3.8855784000,883,Data,0x425,0x8,0x01 0x64 0x49 0x57 0x57 0x59 0x01 0xFF,0x4E46,ACK
3.8858107000,884,Data,0x429,0x8,0x20 0x00 0x00 0x00 0x00 0x00 0x00 0x00,0x7AC7,ACK
3.8860589000,885,Data,0x420,0x8,0xB1 0x14 0xFA 0xFF 0x66 0x03 0x00 0x00,0x1AEB,ACK
3.8986168000,886,Data,0x100,0x8,0x00 0x00 0x00 0x40 0x0F 0x4F 0x23 0x32,0x4E99,ACK
3.9120527000,887,Data,0x212,0x8,0x52 0x01 0x00 0xC9 0x00 0x00 0x00 0x2A,0x2C4E,ACK
3.9123129000,888,Data,0x211,0x8,0xE4 0x00 0x2A 0x00 0x00 0x00 0x00 0x00,0x0D4D,ACK
3.9125732000,889,Data,0x343,0x8,0x00 0x00 0x00 0x00 0x00 0x00 0x00 0x00,0x33F5,ACK
3.9128294000,890,Data,0x341,0x8,0x00 0x00 0x00 0x00 0x02 0x00 0x00 0x00,0x1833,ACK
3.9131257000,891,Data,0x342,0x8,0x0F 0x00 0x23 0x00 0x00 0x82 0x0F 0x34,0x2C17,ACK
3.9133819000,892,Data,0x344,0x8,0x00 0x00 0x00 0x03 0x00 0x00 0x00 0x00,0x6F15,ACK
3.9186180000,893,Data,0x100,0x8,0x00 0x00 0x00 0x40 0x0F 0x4F 0x23 0x32,0x4E99,ACK
3.9386160000,894,Data,0x100,0x8,0x00 0x00 0x00 0x40 0x0F 0x4F 0x23 0x32,0x4E99,ACK
3.9586340000,895,Data,0x100,0x8,0x00 0x00 0x00 0x40 0x0F 0x4F 0x23 0x32,0x4E99,ACK
3.9588801000,896,Data,0x203,0x8,0x01 0x00 0x57 0x00 0x57 0x00 0x00 0x00,0x25CC,ACK
3.9591283000,897,Data,0x204,0x8,0x00 0x00 0x00 0x00 0x00 0x00 0x00 0x00,0x79D1,ACK
3.9593846000,898,Data,0x205,0x8,0x00 0x00 0x00 0x00 0x00 0x00 0x00 0x00,0x72CA,ACK
3.9596948000,899,Data,0x209,0x8,0x9F 0x27 0x10 0x04 0x90 0x49 0x00 0x00,0x59C2,ACK
3.9599351000,900,Data,0x20A,0x8,0x00 0x00 0x00 0x00 0x00 0x00 0x00 0x00,0x1B53,ACK
3.9601893000,901,Data,0x20B,0x8,0xBC 0x02 0x64 0x00 0x01 0xC8 0x00 0x00,0x021C,ACK
3.9604356000,902,Data,0x20C,0x8,0x00 0x82 0x1E 0x34 0x1E 0x07 0x00 0x00,0x13E6,ACK
3.9786156000,903,Data,0x100,0x8,0x00 0x00 0x00 0x40 0x0F 0x4F 0x23 0x32,0x4E99,ACK
3.9889538000,904,Data,0x421,0x8,0x38 0x36 0x31 0x34 0xFB 0x04 0x55 0x04,0x0DC7,ACK
3.9891881000,905,Data,0x310,0x8,0xF1 0x0E 0x78 0x05 0x12 0x02 0x01 0xC8,0x2684,ACK
3.9894183000,906,Data,0x422,0x8,0x00 0x00 0x20 0x00 0x55 0x00 0x0B 0x00,0x17D2,ACK
3.9899626000,907,Data,0x311,0x8,0x39 0x1E 0x07 0x3F 0x90 0x01 0x00 0x00,0x66BC,ACK
3.9986145000,908,Data,0x100,0x8,0x00 0x00 0x00 0x40 0x0F 0x4F 0x23 0x32,0x4E99,ACK
4.0120304000,909,Data,0x212,0x8,0x52 0x01 0x00 0xC9 0x00 0x00 0x00 0x2A,0x2C4E,ACK
4.0122945000,910,Data,0x211,0x8,0xE4 0x00 0x2A 0x00 0x00 0x00 0x00 0x00,0x0D4D,ACK
4.0125508000,911,Data,0x343,0x8,0x00 0x00 0x00 0x00 0x00 0x00 0x00 0x00,0x33F5,ACK
4.0128109000,912,Data,0x401,0x8,0x00 0x00 0x34 0x00 0x05 0x2A 0x00 0x00,0x4E01,ACK
4.0186129000,913,Data,0x100,0x8,0x00 0x00 0x00 0x40 0x0F 0x4F 0x23 0x32,0x4E99,ACK
4.0386027000,914,Data,0x100,0x8,0x00 0x00 0x00 0x40 0x0F 0x4F 0x23 0x32,0x4E99,ACK
4.0586405000,915,Data,0x100,0x8,0x00 0x00 0x00 0x40 0x0F 0x4F 0x23 0x32,0x4E99,ACK
4.0588867000,916,Data,0x203,0x8,0x01 0x00 0x57 0x00 0x57 0x00 0x00 0x00,0x25CC,ACK
4.0591328000,917,Data,0x204,0x8,0x00 0x00 0x00 0x00 0x00 0x00 0x00 0x00,0x79D1,ACK
4.0593889000,918,Data,0x205,0x8,0x00 0x00 0x00 0x00 0x00 0x00 0x00 0x00,0x72CA,ACK
4.0596950000,919,Data,0x209,0x8,0x9F 0x27 0x10 0x04 0x90 0x49 0x00 0x00,0x59C2,ACK
4.0599351000,920,Data,0x20A,0x8,0x00 0x00 0x00 0x00 0x00 0x00 0x00 0x00,0x1B53,ACK
4.0601893000,921,Data,0x20B,0x8,0xBC 0x02 0x64 0x00 0x01 0xC8 0x00 0x00,0x021C,ACK
4.0604334000,922,Data,0x20C,0x8,0x00 0x82 0x1E 0x34 0x1E 0x07 0x00 0x00,0x13E6,ACK
4.0606835000,923,Data,0x301,0x8,0x00 0x00 0x00 0x00 0x00 0x00 0x00 0x00,0x7E55,ACK
4.0609396000,924,Data,0x302,0x2,0x00 0xFF,0x6FC0,ACK
4.0610838000,925,Data,0x485,0x8,0x22 0x00 0x00 0x00 0x62 0x00 0x14 0x0C,0x569F,ACK
4.0786016000,926,Data,0x100,0x8,0x00 0x00 0x00 0x40 0x0F 0x4F 0x23 0x32,0x4E99,ACK
4.0986155000,927,Data,0x100,0x8,0x00 0x00 0x00 0x40 0x0F 0x4F 0x23 0x32,0x4E99,ACK
4.1120693000,928,Data,0x212,0x8,0x52 0x01 0x00 0xC9 0x00 0x00 0x00 0x2A,0x2C4E,ACK
4.1123294000,929,Data,0x211,0x8,0xE4 0x00 0x2A 0x00 0x00 0x00 0x00 0x00,0x0D4D,ACK
4.1125856000,930,Data,0x343,0x8,0x00 0x00 0x00 0x00 0x00 0x00 0x00 0x00,0x33F5,ACK
4.1128457000,931,Data,0x341,0x8,0x00 0x00 0x00 0x00 0x02 0x00 0x00 0x00,0x1833,ACK
4.1131418000,932,Data,0x342,0x8,0x0F 0x00 0x23 0x00 0x00 0x82 0x0F 0x34,0x2C17,ACK
4.1134019000,933,Data,0x344,0x8,0x00 0x00 0x00 0x03 0x00 0x00 0x00 0x00,0x6F15,ACK
4.1186119000,934,Data,0x100,0x8,0x00 0x00 0x00 0x40 0x0F 0x4F 0x23 0x32,0x4E99,ACK
4.1386118000,935,Data,0x100,0x8,0x00 0x00 0x00 0x40 0x0F 0x4F 0x23 0x32,0x4E99,ACK
4.1586196000,936,Data,0x100,0x8,0x00 0x00 0x00 0x40 0x0F 0x4F 0x23 0x32,0x4E99,ACK
4.1588658000,937,Data,0x203,0x8,0x01 0x00 0x57 0x00 0x57 0x00 0x00 0x00,0x25CC,ACK
4.1591121000,938,Data,0x204,0x8,0x00 0x00 0x00 0x00 0x00 0x00 0x00 0x00,0x79D1,ACK
4.1593683000,939,Data,0x205,0x8,0x00 0x00 0x00 0x00 0x00 0x00 0x00 0x00,0x72CA,ACK
4.1596946000,940,Data,0x209,0x8,0x9F 0x27 0x10 0x04 0x90 0x49 0x00 0x00,0x59C2,ACK
4.1599368000,941,Data,0x20A,0x8,0x00 0x00 0x00 0x00 0x00 0x00 0x00 0x00,0x1B53,ACK
4.1601911000,942,Data,0x20B,0x8,0xBC 0x02 0x64 0x00 0x01 0xC8 0x00 0x00,0x021C,ACK
4.1604353000,943,Data,0x20C,0x8,0x00 0x82 0x1E 0x34 0x1E 0x07 0x00 0x00,0x13E6,ACK
4.1786133000,944,Data,0x100,0x8,0x00 0x00 0x00 0x40 0x0F 0x4F 0x23 0x32,0x4E99,ACK
4.1906816000,945,Data,0x310,0x8,0xF1 0x0E 0x78 0x05 0x12 0x02 0x01 0xC8,0x2684,ACK
4.1914078000,946,Data,0x311,0x8,0x39 0x1E 0x07 0x3F 0x90 0x01 0x00 0x00,0x66BC,ACK
4.1986139000,947,Data,0x100,0x8,0x00 0x00 0x00 0x40 0x0F 0x4F 0x23 0x32,0x4E99,ACK
4.2120479000,948,Data,0x212,0x8,0x52 0x01 0x00 0xC9 0x00 0x00 0x00 0x2A,0x2C4E,ACK
4.2123041000,949,Data,0x211,0x8,0xE4 0x00 0x2A 0x00 0x00 0x00 0x00 0x00,0x0D4D,ACK
4.2125644000,950,Data,0x343,0x8,0x00 0x00 0x00 0x00 0x00 0x00 0x00 0x00,0x33F5,ACK
4.2186004000,951,Data,0x100,0x8,0x00 0x00 0x00 0x40 0x0F 0x4F 0x23 0x32,0x4E99,ACK
4.2386103000,952,Data,0x100,0x8,0x00 0x00 0x00 0x40 0x0F 0x4F 0x23 0x32,0x4E99,ACK
4.2586403000,953,Data,0x100,0x8,0x00 0x00 0x00 0x40 0x0F 0x4F 0x23 0x32,0x4E99,ACK
4.2588885000,954,Data,0x203,0x8,0x01 0x00 0x57 0x00 0x57 0x00 0x00 0x00,0x25CC,ACK
4.2591368000,955,Data,0x204,0x8,0x00 0x00 0x00 0x00 0x00 0x00 0x00 0x00,0x79D1,ACK
4.2593930000,956,Data,0x205,0x8,0x00 0x00 0x00 0x00 0x00 0x00 0x00 0x00,0x72CA,ACK
4.2596893000,957,Data,0x209,0x8,0x9F 0x27 0x10 0x04 0x90 0x49 0x00 0x00,0x59C2,ACK
4.2599295000,958,Data,0x20A,0x8,0x00 0x00 0x00 0x00 0x00 0x00 0x00 0x00,0x1B53,ACK
4.2601838000,959,Data,0x20B,0x8,0xBC 0x02 0x64 0x00 0x01 0xC8 0x00 0x00,0x021C,ACK
4.2604300000,960,Data,0x20C,0x8,0x00 0x82 0x1E 0x34 0x1E 0x07 0x00 0x00,0x13E6,ACK
4.2606803000,961,Data,0x301,0x8,0x00 0x00 0x00 0x00 0x00 0x00 0x00 0x00,0x7E55,ACK
4.2609365000,962,Data,0x302,0x2,0x00 0xFF,0x6FC0,ACK
4.2610808000,963,Data,0x485,0x8,0x22 0x00 0x00 0x00 0x62 0x00 0x14 0x0C,0x569F,ACK
4.2786108000,964,Data,0x100,0x8,0x00 0x00 0x00 0x40 0x0F 0x4F 0x23 0x32,0x4E99,ACK
4.2986127000,965,Data,0x100,0x8,0x00 0x00 0x00 0x40 0x0F 0x4F 0x23 0x32,0x4E99,ACK
4.3120507000,966,Data,0x212,0x8,0x52 0x01 0x00 0xC9 0x00 0x00 0x00 0x2A,0x2C4E,ACK
4.3122908000,967,Data,0x211,0x8,0xE4 0x00 0x2A 0x00 0x00 0x00 0x00 0x00,0x0D4D,ACK
4.3125491000,968,Data,0x343,0x8,0x00 0x00 0x00 0x00 0x00 0x00 0x00 0x00,0x33F5,ACK
4.3128273000,969,Data,0x341,0x8,0x00 0x00 0x00 0x00 0x02 0x00 0x00 0x00,0x1833,ACK
4.3131055000,970,Data,0x342,0x8,0x0F 0x00 0x23 0x00 0x00 0x82 0x0F 0x34,0x2C17,ACK
4.3133618000,971,Data,0x344,0x8,0x00 0x00 0x00 0x03 0x00 0x00 0x00 0x00,0x6F15,ACK
4.3186098000,972,Data,0x100,0x8,0x00 0x00 0x00 0x40 0x0F 0x4F 0x23 0x32,0x4E99,ACK
4.3386098000,973,Data,0x100,0x8,0x00 0x00 0x00 0x40 0x0F 0x4F 0x23 0x32,0x4E99,ACK
4.3586277000,974,Data,0x100,0x8,0x00 0x00 0x00 0x40 0x0F 0x4F 0x23 0x32,0x4E99,ACK
4.3588740000,975,Data,0x203,0x8,0x01 0x00 0x57 0x00 0x57 0x00 0x00 0x00,0x25CC,ACK
4.3591202000,976,Data,0x204,0x8,0x00 0x00 0x00 0x00 0x00 0x00 0x00 0x00,0x79D1,ACK
4.3593785000,977,Data,0x205,0x8,0x00 0x00 0x00 0x00 0x00 0x00 0x00 0x00,0x72CA,ACK
4.3596887000,978,Data,0x209,0x8,0x9F 0x27 0x10 0x04 0x90 0x49 0x00 0x00,0x59C2,ACK
4.3599310000,979,Data,0x20A,0x8,0x00 0x00 0x00 0x00 0x00 0x00 0x00 0x00,0x1B53,ACK
4.3601852000,980,Data,0x20B,0x8,0xBC 0x02 0x64 0x00 0x01 0xC8 0x00 0x00,0x021C,ACK
4.3604315000,981,Data,0x20C,0x8,0x00 0x82 0x1E 0x34 0x1E 0x07 0x00 0x00,0x13E6,ACK
4.3786094000,982,Data,0x100,0x8,0x00 0x00 0x00 0x40 0x0F 0x4F 0x23 0x32,0x4E99,ACK
4.3851556000,983,Data,0x423,0x8,0xBC 0x02 0x64 0x00 0x28 0x00 0x01 0x00,0x4F59,ACK
4.3860538000,984,Data,0x425,0x8,0x01 0x64 0x49 0x57 0x57 0x59 0x01 0xFF,0x4E46,ACK
4.3862861000,985,Data,0x429,0x8,0x20 0x00 0x00 0x00 0x00 0x00 0x00 0x00,0x7AC7,ACK
4.3865343000,986,Data,0x420,0x8,0xB1 0x14 0x00 0x00 0x66 0x03 0x00 0x00,0x7300,ACK
4.3909506000,987,Data,0x310,0x8,0xF1 0x0E 0x78 0x05 0x12 0x02 0x01 0xC8,0x2684,ACK
4.3916668000,988,Data,0x311,0x8,0x39 0x1E 0x07 0x3F 0x90 0x01 0x00 0x00,0x66BC,ACK
4.3986089000,989,Data,0x100,0x8,0x00 0x00 0x00 0x40 0x0F 0x4F 0x23 0x32,0x4E99,ACK
4.4120229000,990,Data,0x212,0x8,0x52 0x01 0x00 0xC9 0x00 0x00 0x00 0x2A,0x2C4E,ACK
4.4122611000,991,Data,0x211,0x8,0xE4 0x00 0x2A 0x00 0x00 0x00 0x00 0x00,0x0D4D,ACK
4.4125194000,992,Data,0x343,0x8,0x00 0x00 0x00 0x00 0x00 0x00 0x00 0x00,0x33F5,ACK
4.4186094000,993,Data,0x100,0x8,0x00 0x00 0x00 0x40 0x0F 0x4F 0x23 0x32,0x4E99,ACK
4.4386073000,994,Data,0x100,0x8,0x00 0x00 0x00 0x40 0x0F 0x4F 0x23 0x32,0x4E99,ACK
4.4586353000,995,Data,0x100,0x8,0x00 0x00 0x00 0x40 0x0F 0x4F 0x23 0x32,0x4E99,ACK
4.4588816000,996,Data,0x203,0x8,0x01 0x00 0x57 0x00 0x57 0x00 0x00 0x00,0x25CC,ACK
4.4591278000,997,Data,0x204,0x8,0x00 0x00 0x00 0x00 0x00 0x00 0x00 0x00,0x79D1,ACK
4.4593860000,998,Data,0x205,0x8,0x00 0x00 0x00 0x00 0x00 0x00 0x00 0x00,0x72CA,ACK
4.4596883000,999,Data,0x209,0x8,0x9F 0x27 0x10 0x04 0x90 0x49 0x00 0x00,0x59C2,ACK
4.4599285000,1000,Data,0x20A,0x8,0x00 0x00 0x00 0x00 0x00 0x00 0x00 0x00,0x1B53,ACK
4.4601828000,1001,Data,0x20B,0x8,0xBC 0x02 0x64 0x00 0x01 0xC8 0x00 0x00,0x021C,ACK
4.4604270000,1002,Data,0x20C,0x8,0x00 0x82 0x1E 0x34 0x1E 0x07 0x00 0x00,0x13E6,ACK
4.4606773000,1003,Data,0x301,0x8,0x00 0x00 0x00 0x00 0x00 0x00 0x00 0x00,0x7E55,ACK
4.4609335000,1004,Data,0x302,0x2,0x00 0xFF,0x6FC0,ACK
4.4610778000,1005,Data,0x485,0x8,0x22 0x00 0x00 0x00 0x62 0x00 0x14 0x0C,0x569F,ACK
4.4786098000,1006,Data,0x100,0x8,0x00 0x00 0x00 0x40 0x0F 0x4F 0x23 0x32,0x4E99,ACK
4.4888980000,1007,Data,0x421,0x8,0x38 0x36 0x31 0x34 0xFB 0x04 0x55 0x04,0x0DC7,ACK
4.4892902000,1008,Data,0x422,0x8,0x00 0x00 0x20 0x00 0x55 0x00 0x0B 0x00,0x17D2,ACK
4.4986082000,1009,Data,0x100,0x8,0x00 0x00 0x00 0x40 0x0F 0x4F 0x23 0x32,0x4E99,ACK
4.5120482000,1010,Data,0x212,0x8,0x52 0x01 0x00 0xC9 0x00 0x00 0x00 0x2A,0x2C4E,ACK
4.5123063000,1011,Data,0x211,0x8,0xE4 0x00 0x2A 0x00 0x00 0x00 0x00 0x00,0x0D4D,ACK
4.5125665000,1012,Data,0x343,0x8,0x00 0x00 0x00 0x00 0x00 0x00 0x00 0x00,0x33F5,ACK
4.5128468000,1013,Data,0x341,0x8,0x00 0x00 0x00 0x00 0x02 0x00 0x00 0x00,0x1833,ACK
4.5131230000,1014,Data,0x342,0x8,0x0F 0x00 0x23 0x00 0x00 0x82 0x0F 0x34,0x2C17,ACK
4.5134033000,1015,Data,0x344,0x8,0x00 0x00 0x00 0x03 0x00 0x00 0x00 0x00,0x6F15,ACK
4.5136615000,1016,Data,0x401,0x8,0x00 0x00 0x34 0x00 0x05 0x2A 0x00 0x00,0x4E01,ACK
4.5186076000,1017,Data,0x100,0x8,0x00 0x00 0x00 0x40 0x0F 0x4F 0x23 0x32,0x4E99,ACK
4.5386075000,1018,Data,0x100,0x8,0x00 0x00 0x00 0x40 0x0F 0x4F 0x23 0x32,0x4E99,ACK
4.5586255000,1019,Data,0x100,0x8,0x00 0x00 0x00 0x40 0x0F 0x4F 0x23 0x32,0x4E99,ACK
4.5588717000,1020,Data,0x203,0x8,0x01 0x00 0x57 0x00 0x57 0x00 0x00 0x00,0x25CC,ACK
4.5591200000,1021,Data,0x204,0x8,0x00 0x00 0x00 0x00 0x00 0x00 0x00 0x00,0x79D1,ACK
4.5593762000,1022,Data,0x205,0x8,0x00 0x00 0x00 0x00 0x00 0x00 0x00 0x00,0x72CA,ACK
4.5596865000,1023,Data,0x209,0x8,0x9F 0x27 0x10 0x04 0x90 0x49 0x00 0x00,0x59C2,ACK
4.5599267000,1024,Data,0x20A,0x8,0x00 0x00 0x00 0x00 0x00 0x00 0x00 0x00,0x1B53,ACK
4.5601810000,1025,Data,0x20B,0x8,0xBC 0x02 0x64 0x00 0x01 0xC8 0x00 0x00,0x021C,ACK
4.5604272000,1026,Data,0x20C,0x8,0x00 0x82 0x1E 0x34 0x1E 0x07 0x00 0x00,0x13E6,ACK
4.5786072000,1027,Data,0x100,0x8,0x00 0x00 0x00 0x40 0x0F 0x4F 0x23 0x32,0x4E99,ACK
4.5907254000,1028,Data,0x310,0x8,0xF1 0x0E 0x78 0x05 0x12 0x02 0x01 0xC8,0x2684,ACK
4.5935316000,1029,Data,0x311,0x8,0x39 0x1E 0x07 0x3F 0x90 0x01 0x00 0x00,0x66BC,ACK
4.5985957000,1030,Data,0x100,0x8,0x00 0x00 0x00 0x40 0x0F 0x4F 0x23 0x32,0x4E99,ACK
4.6120456000,1031,Data,0x212,0x8,0x52 0x01 0x00 0xC9 0x00 0x00 0x00 0x2A,0x2C4E,ACK
4.6123259000,1032,Data,0x211,0x8,0xE4 0x00 0x2A 0x00 0x00 0x00 0x00 0x00,0x0D4D,ACK
4.6125861000,1033,Data,0x343,0x8,0x00 0x00 0x00 0x00 0x00 0x00 0x00 0x00,0x33F5,ACK
4.6186061000,1034,Data,0x100,0x8,0x00 0x00 0x00 0x40 0x0F 0x4F 0x23 0x32,0x4E99,ACK
4.6386061000,1035,Data,0x100,0x8,0x00 0x00 0x00 0x40 0x0F 0x4F 0x23 0x32,0x4E99,ACK
4.6586341000,1036,Data,0x100,0x8,0x00 0x00 0x00 0x40 0x0F 0x4F 0x23 0x32,0x4E99,ACK
4.6588823000,1037,Data,0x203,0x8,0x01 0x00 0x57 0x00 0x57 0x00 0x00 0x00,0x25CC,ACK
4.6591306000,1038,Data,0x204,0x8,0x00 0x00 0x00 0x00 0x00 0x00 0x00 0x00,0x79D1,ACK
4.6593868000,1039,Data,0x205,0x8,0x00 0x00 0x00 0x00 0x00 0x00 0x00 0x00,0x72CA,ACK
4.6596711000,1040,Data,0x209,0x8,0x9F 0x27 0x10 0x04 0x90 0x49 0x00 0x00,0x59C2,ACK
4.6599113000,1041,Data,0x20A,0x8,0x00 0x00 0x00 0x00 0x00 0x00 0x00 0x00,0x1B53,ACK
4.6601675000,1042,Data,0x20B,0x8,0xBC 0x02 0x64 0x00 0x01 0xC8 0x00 0x00,0x021C,ACK
4.6604118000,1043,Data,0x20C,0x8,0x00 0x82 0x1E 0x34 0x1E 0x07 0x00 0x00,0x13E6,ACK
4.6606620000,1044,Data,0x301,0x8,0x00 0x00 0x00 0x00 0x00 0x00 0x00 0x00,0x7E55,ACK
4.6609183000,1045,Data,0x302,0x2,0x00 0xFF,0x6FC0,ACK
4.6610625000,1046,Data,0x485,0x8,0x22 0x00 0x00 0x00 0x62 0x00 0x14 0x0C,0x569F,ACK
4.6786045000,1047,Data,0x100,0x8,0x00 0x00 0x00 0x40 0x0F 0x4F 0x23 0x32,0x4E99,ACK
4.6986045000,1048,Data,0x100,0x8,0x00 0x00 0x00 0x40 0x0F 0x4F 0x23 0x32,0x4E99,ACK
4.7120624000,1049,Data,0x212,0x8,0x52 0x01 0x00 0xC9 0x00 0x00 0x00 0x2A,0x2C4E,ACK
4.7123247000,1050,Data,0x211,0x8,0xE4 0x00 0x2A 0x00 0x00 0x00 0x00 0x00,0x0D4D,ACK
4.7125829000,1051,Data,0x343,0x8,0x00 0x00 0x00 0x00 0x00 0x00 0x00 0x00,0x33F5,ACK
4.7128612000,1052,Data,0x341,0x8,0x00 0x00 0x00 0x00 0x02 0x00 0x00 0x00,0x1833,ACK
4.7131174000,1053,Data,0x342,0x8,0x0F 0x00 0x23 0x00 0x00 0x82 0x0F 0x34,0x2C17,ACK
4.7133736000,1054,Data,0x344,0x8,0x00 0x00 0x00 0x03 0x00 0x00 0x00 0x00,0x6F15,ACK
4.7186057000,1055,Data,0x100,0x8,0x00 0x00 0x00 0x40 0x0F 0x4F 0x23 0x32,0x4E99,ACK
4.7386037000,1056,Data,0x100,0x8,0x00 0x00 0x00 0x40 0x0F 0x4F 0x23 0x32,0x4E99,ACK
4.7586236000,1057,Data,0x100,0x8,0x00 0x00 0x00 0x40 0x0F 0x4F 0x23 0x32,0x4E99,ACK
4.7588719000,1058,Data,0x203,0x8,0x01 0x00 0x57 0x00 0x57 0x00 0x00 0x00,0x25CC,ACK
4.7591201000,1059,Data,0x204,0x8,0x00 0x00 0x00 0x00 0x00 0x00 0x00 0x00,0x79D1,ACK
4.7593764000,1060,Data,0x205,0x8,0x00 0x00 0x00 0x00 0x00 0x00 0x00 0x00,0x72CA,ACK
4.7596846000,1061,Data,0x209,0x8,0x9F 0x27 0x10 0x04 0x90 0x49 0x00 0x00,0x59C2,ACK
4.7599249000,1062,Data,0x20A,0x8,0x00 0x00 0x00 0x00 0x00 0x00 0x00 0x00,0x1B53,ACK
4.7601791000,1063,Data,0x20B,0x8,0xBC 0x02 0x64 0x00 0x01 0xC8 0x00 0x00,0x021C,ACK
4.7604234000,1064,Data,0x20C,0x8,0x00 0x82 0x1E 0x34 0x1E 0x07 0x00 0x00,0x13E6,ACK
4.7786033000,1065,Data,0x100,0x8,0x00 0x00 0x00 0x40 0x0F 0x4F 0x23 0x32,0x4E99,ACK
4.7852016000,1066,Data,0x501,0x8,0xB4 0xC1 0x83 0x58 0x51 0xE5 0xB2 0x6B,0x057E,ACK
4.7854319000,1067,Data,0x502,0x8,0x32 0xAC 0x86 0x0E 0x1A 0xB9 0x00 0x00,0x0E93,ACK
4.7926321000,1068,Data,0x310,0x8,0xF1 0x0E 0x78 0x05 0x12 0x02 0x01 0xC8,0x2684,ACK
4.7933564000,1069,Data,0x311,0x8,0x39 0x1E 0x07 0x3F 0x90 0x01 0x00 0x00,0x66BC,ACK
4.7939426000,1070,Data,0x424,0x8,0x65 0x4A 0x4D 0x69 0x00 0x00 0x00 0x00,0x223B,ACK
4.7986047000,1071,Data,0x100,0x8,0x00 0x00 0x00 0x40 0x0F 0x4F 0x23 0x32,0x4E99,ACK
4.8120386000,1072,Data,0x212,0x8,0x52 0x01 0x00 0xC9 0x00 0x00 0x00 0x2A,0x2C4E,ACK
4.8122987000,1073,Data,0x211,0x8,0xE4 0x00 0x2A 0x00 0x00 0x00 0x00 0x00,0x0D4D,ACK
4.8125550000,1074,Data,0x343,0x8,0x00 0x00 0x00 0x00 0x00 0x00 0x00 0x00,0x33F5,ACK
4.8186030000,1075,Data,0x100,0x8,0x00 0x00 0x00 0x40 0x0F 0x4F 0x23 0x32,0x4E99,ACK
4.8386030000,1076,Data,0x100,0x8,0x00 0x00 0x00 0x40 0x0F 0x4F 0x23 0x32,0x4E99,ACK
4.8586430000,1077,Data,0x100,0x8,0x00 0x00 0x00 0x40 0x0F 0x4F 0x23 0x32,0x4E99,ACK
4.8588892000,1078,Data,0x203,0x8,0x01 0x00 0x57 0x00 0x57 0x00 0x00 0x00,0x25CC,ACK
4.8591354000,1079,Data,0x204,0x8,0x00 0x00 0x00 0x00 0x00 0x00 0x00 0x00,0x79D1,ACK
4.8593917000,1080,Data,0x205,0x8,0x00 0x00 0x00 0x00 0x00 0x00 0x00 0x00,0x72CA,ACK
4.8596819000,1081,Data,0x209,0x8,0x9F 0x27 0x10 0x04 0x90 0x49 0x00 0x00,0x59C2,ACK
4.8599222000,1082,Data,0x20A,0x8,0x00 0x00 0x00 0x00 0x00 0x00 0x00 0x00,0x1B53,ACK
4.8601764000,1083,Data,0x20B,0x8,0xBC 0x02 0x64 0x00 0x01 0xC8 0x00 0x00,0x021C,ACK
4.8604227000,1084,Data,0x20C,0x8,0x00 0x82 0x1E 0x34 0x1E 0x07 0x00 0x00,0x13E6,ACK
4.8606729000,1085,Data,0x301,0x8,0x00 0x00 0x00 0x00 0x00 0x00 0x00 0x00,0x7E55,ACK
4.8609292000,1086,Data,0x302,0x2,0x00 0xFF,0x6FC0,ACK
4.8610734000,1087,Data,0x485,0x8,0x22 0x00 0x00 0x00 0x62 0x00 0x14 0x0C,0x569F,ACK
4.8613195000,1088,Data,0x480,0x8,0x00 0x00 0x00 0x00 0x21 0x00 0x00 0x00,0x32BE,ACK
4.8615758000,1089,Data,0x481,0x8,0xCA 0x17 0x08 0x13 0x00 0x00 0x00 0x00,0x1AA4,ACK
4.8618180000,1090,Data,0x482,0x8,0x52 0x01 0x02 0x00 0x00 0x00 0x00 0x00,0x36EA,ACK
4.8620663000,1091,Data,0x483,0x8,0x31 0x4B 0x31 0x55 0x41 0x32 0x35 0x35,0x717E,ACK
4.8623005000,1092,Data,0x484,0x8,0x31 0x50 0x33 0x39 0x36 0x35 0x00 0x00,0x0196,ACK
4.8786025000,1093,Data,0x100,0x8,0x00 0x00 0x00 0x40 0x0F 0x4F 0x23 0x32,0x4E99,ACK
4.8852647000,1094,Data,0x423,0x8,0xBC 0x02 0x64 0x00 0x28 0x00 0x01 0x00,0x4F59,ACK
4.8861650000,1095,Data,0x425,0x8,0x01 0x64 0x49 0x57 0x57 0x59 0x01 0xFF,0x4E46,ACK
4.8863973000,1096,Data,0x429,0x8,0x20 0x00 0x00 0x00 0x00 0x00 0x00 0x00,0x7AC7,ACK
4.8866455000,1097,Data,0x420,0x8,0xB1 0x14 0xFA 0xFF 0x66 0x03 0x00 0x00,0x1AEB,ACK
4.8986035000,1098,Data,0x100,0x8,0x00 0x00 0x00 0x40 0x0F 0x4F 0x23 0x32,0x4E99,ACK
4.9120634000,1099,Data,0x212,0x8,0x52 0x01 0x00 0xC9 0x00 0x00 0x00 0x2A,0x2C4E,ACK
4.9123217000,1100,Data,0x211,0x8,0xE4 0x00 0x2A 0x00 0x00 0x00 0x00 0x00,0x0D4D,ACK
4.9125799000,1101,Data,0x343,0x8,0x00 0x00 0x00 0x00 0x00 0x00 0x00 0x00,0x33F5,ACK
4.9128401000,1102,Data,0x341,0x8,0x00 0x00 0x00 0x00 0x02 0x00 0x00 0x00,0x1833,ACK
4.9131364000,1103,Data,0x342,0x8,0x0F 0x00 0x23 0x00 0x00 0x82 0x0F 0x34,0x2C17,ACK
4.9133946000,1104,Data,0x344,0x8,0x00 0x00 0x00 0x03 0x00 0x00 0x00 0x00,0x6F15,ACK
4.9186027000,1105,Data,0x100,0x8,0x00 0x00 0x00 0x40 0x0F 0x4F 0x23 0x32,0x4E99,ACK
4.9386027000,1106,Data,0x100,0x8,0x00 0x00 0x00 0x40 0x0F 0x4F 0x23 0x32,0x4E99,ACK
4.9586206000,1107,Data,0x100,0x8,0x00 0x00 0x00 0x40 0x0F 0x4F 0x23 0x32,0x4E99,ACK
4.9588669000,1108,Data,0x203,0x8,0x01 0x00 0x57 0x00 0x57 0x00 0x00 0x00,0x25CC,ACK
4.9591131000,1109,Data,0x204,0x8,0x00 0x00 0x00 0x00 0x00 0x00 0x00 0x00,0x79D1,ACK
4.9593694000,1110,Data,0x205,0x8,0x00 0x00 0x00 0x00 0x00 0x00 0x00 0x00,0x72CA,ACK
4.9596796000,1111,Data,0x209,0x8,0x9F 0x27 0x10 0x04 0x90 0x49 0x00 0x00,0x59C2,ACK
4.9599199000,1112,Data,0x20A,0x8,0x00 0x00 0x00 0x00 0x00 0x00 0x00 0x00,0x1B53,ACK
4.9601741000,1113,Data,0x20B,0x8,0xBC 0x02 0x64 0x00 0x01 0xC8 0x00 0x00,0x021C,ACK
4.9604184000,1114,Data,0x20C,0x8,0x00 0x82 0x1E 0x34 0x1E 0x07 0x00 0x00,0x13E6,ACK
4.9786004000,1115,Data,0x100,0x8,0x00 0x00 0x00 0x40 0x0F 0x4F 0x23 0x32,0x4E99,ACK
4.9886806000,1116,Data,0x421,0x8,0x38 0x36 0x31 0x34 0xFB 0x04 0x55 0x04,0x0DC7,ACK
4.9890889000,1117,Data,0x422,0x8,0x00 0x00 0x20 0x00 0x15 0x00 0x02 0x00,0x33F1,ACK
4.9930991000,1118,Data,0x310,0x8,0xF1 0x0E 0x78 0x05 0x12 0x02 0x01 0xC8,0x2684,ACK
4.9938334000,1119,Data,0x311,0x8,0x39 0x1E 0x07 0x3F 0x90 0x01 0x00 0x00,0x66BC,ACK
4.9986014000,1120,Data,0x100,0x8,0x00 0x00 0x00 0x40 0x0F 0x4F 0x23 0x32,0x4E99,ACK
5.0120493000,1121,Data,0x212,0x8,0x52 0x01 0x00 0xC9 0x00 0x00 0x00 0x2A,0x2C4E,ACK
5.0123075000,1122,Data,0x211,0x8,0xE4 0x00 0x2A 0x00 0x00 0x00 0x00 0x00,0x0D4D,ACK
5.0125677000,1123,Data,0x343,0x8,0x00 0x00 0x00 0x00 0x00 0x00 0x00 0x00,0x33F5,ACK
5.0128240000,1124,Data,0x401,0x8,0x00 0x00 0x34 0x00 0x05 0x2A 0x00 0x00,0x4E01,ACK
5.0186000000,1125,Data,0x100,0x8,0x00 0x00 0x00 0x40 0x0F 0x4F 0x23 0x32,0x4E99,ACK
5.0386020000,1126,Data,0x100,0x8,0x00 0x00 0x00 0x40 0x0F 0x4F 0x23 0x32,0x4E99,ACK
5.0586280000,1127,Data,0x100,0x8,0x00 0x00 0x00 0x40 0x0F 0x4F 0x23 0x32,0x4E99,ACK
5.0588742000,1128,Data,0x203,0x8,0x01 0x00 0x57 0x00 0x57 0x00 0x00 0x00,0x25CC,ACK
5.0591205000,1129,Data,0x204,0x8,0x00 0x00 0x00 0x00 0x00 0x00 0x00 0x00,0x79D1,ACK
5.0593767000,1130,Data,0x205,0x8,0x00 0x00 0x00 0x00 0x00 0x00 0x00 0x00,0x72CA,ACK
5.0596809000,1131,Data,0x209,0x8,0x9F 0x27 0x10 0x04 0x90 0x49 0x00 0x00,0x59C2,ACK
5.0599212000,1132,Data,0x20A,0x8,0x00 0x00 0x00 0x00 0x00 0x00 0x00 0x00,0x1B53,ACK
5.0601774000,1133,Data,0x20B,0x8,0xBC 0x02 0x64 0x00 0x01 0xC8 0x00 0x00,0x021C,ACK
5.0604257000,1134,Data,0x20C,0x8,0x00 0x80 0x1E 0x34 0x1E 0x07 0x00 0x00,0x3A9D,ACK
5.0606779000,1135,Data,0x301,0x8,0x00 0x00 0x00 0x00 0x00 0x00 0x00 0x00,0x7E55,ACK
5.0609342000,1136,Data,0x302,0x2,0x00 0xFF,0x6FC0,ACK
5.0610804000,1137,Data,0x485,0x8,0x22 0x00 0x00 0x00 0x62 0x00 0x14 0x0C,0x569F,ACK
5.0785983000,1138,Data,0x100,0x8,0x00 0x00 0x00 0x40 0x0F 0x4F 0x23 0x32,0x4E99,ACK
5.0986003000,1139,Data,0x100,0x8,0x00 0x00 0x00 0x40 0x0F 0x4F 0x23 0x32,0x4E99,ACK
5.1120361000,1140,Data,0x212,0x8,0x52 0x01 0x00 0xC9 0x00 0x00 0x00 0x2A,0x2C4E,ACK
5.1122964000,1141,Data,0x211,0x8,0xE4 0x00 0x2A 0x00 0x00 0x00 0x00 0x00,0x0D4D,ACK
5.1125526000,1142,Data,0x343,0x8,0x00 0x00 0x00 0x00 0x00 0x00 0x00 0x00,0x33F5,ACK
5.1128349000,1143,Data,0x341,0x8,0x00 0x00 0x00 0x00 0x02 0x00 0x00 0x00,0x1833,ACK
5.1131111000,1144,Data,0x342,0x8,0x0F 0x00 0x23 0x00 0x00 0x80 0x0F 0x34,0x09A6,ACK
5.1133894000,1145,Data,0x344,0x8,0x00 0x00 0x00 0x03 0x00 0x00 0x00 0x00,0x6F15,ACK
5.1185995000,1146,Data,0x100,0x8,0x00 0x00 0x00 0x40 0x0F 0x4F 0x23 0x32,0x4E99,ACK
5.1385994000,1147,Data,0x100,0x8,0x00 0x00 0x00 0x40 0x0F 0x4F 0x23 0x32,0x4E99,ACK
5.1586174000,1148,Data,0x100,0x8,0x00 0x00 0x00 0x40 0x0F 0x4F 0x23 0x32,0x4E99,ACK
5.1588637000,1149,Data,0x203,0x8,0x01 0x00 0x57 0x00 0x57 0x00 0x00 0x00,0x25CC,ACK
5.1591119000,1150,Data,0x204,0x8,0x00 0x00 0x00 0x00 0x00 0x00 0x00 0x00,0x79D1,ACK
5.1593682000,1151,Data,0x205,0x8,0x00 0x00 0x00 0x00 0x00 0x00 0x00 0x00,0x72CA,ACK
5.1596784000,1152,Data,0x209,0x8,0x9F 0x27 0x10 0x04 0x90 0x49 0x00 0x00,0x59C2,ACK
5.1599186000,1153,Data,0x20A,0x8,0x00 0x00 0x00 0x00 0x00 0x00 0x00 0x00,0x1B53,ACK
5.1601729000,1154,Data,0x20B,0x8,0xBC 0x02 0x64 0x00 0x01 0xC8 0x00 0x00,0x021C,ACK
5.1604191000,1155,Data,0x20C,0x8,0x00 0x80 0x1E 0x34 0x1E 0x07 0x00 0x00,0x3A9D,ACK
5.1785991000,1156,Data,0x100,0x8,0x00 0x00 0x00 0x40 0x0F 0x4F 0x23 0x32,0x4E99,ACK
5.1935414000,1157,Data,0x310,0x8,0xF1 0x0E 0x78 0x05 0x12 0x02 0x01 0xC8,0x2684,ACK
5.1942717000,1158,Data,0x311,0x8,0x39 0x1E 0x07 0x3F 0x90 0x01 0x00 0x00,0x66BC,ACK
5.1985977000,1159,Data,0x100,0x8,0x00 0x00 0x00 0x40 0x0F 0x4F 0x23 0x32,0x4E99,ACK
5.2120276000,1160,Data,0x212,0x8,0x52 0x01 0x00 0xC9 0x00 0x00 0x00 0x2A,0x2C4E,ACK
5.2123138000,1161,Data,0x211,0x8,0xE4 0x00 0x2A 0x00 0x00 0x00 0x00 0x00,0x0D4D,ACK
5.2125701000,1162,Data,0x343,0x8,0x00 0x00 0x00 0x00 0x00 0x00 0x00 0x00,0x33F5,ACK
5.2435978000,1163,Data,0x100,0x8,0x00 0x00 0x10 0x40 0x0F 0x4F 0x23 0x32,0x276B,ACK
5.2635957000,1164,Data,0x100,0x8,0x00 0x00 0x10 0x40 0x0F 0x4F 0x23 0x32,0x276B,ACK
5.2836235000,1165,Data,0x100,0x8,0x00 0x00 0x10 0x40 0x0F 0x4F 0x23 0x32,0x276B,ACK
5.2838696000,1166,Data,0x203,0x8,0x01 0x00 0x57 0x00 0x57 0x00 0x00 0x00,0x25CC,ACK
5.2841157000,1167,Data,0x204,0x8,0x00 0x00 0x00 0x00 0x00 0x00 0x00 0x00,0x79D1,ACK
5.2843719000,1168,Data,0x205,0x8,0x00 0x00 0x00 0x00 0x00 0x00 0x00 0x00,0x72CA,ACK
5.2846660000,1169,Data,0x209,0x8,0x9F 0x27 0x10 0x04 0x90 0x49 0x00 0x00,0x59C2,ACK
5.2849061000,1170,Data,0x20A,0x8,0x00 0x00 0x00 0x00 0x00 0x00 0x00 0x00,0x1B53,ACK
5.2851602000,1171,Data,0x20B,0x8,0xBC 0x02 0x64 0x00 0x01 0xC8 0x00 0x00,0x021C,ACK
5.2854043000,1172,Data,0x20C,0x8,0x00 0x80 0x1E 0x34 0x1E 0x07 0x00 0x00,0x3A9D,ACK
5.2856585000,1173,Data,0x301,0x8,0x00 0x00 0x00 0x00 0x00 0x00 0x00 0x00,0x7E55,ACK
5.2859146000,1174,Data,0x302,0x2,0x00 0xFF,0x6FC0,ACK
5.2860607000,1175,Data,0x485,0x8,0x22 0x00 0x00 0x00 0x62 0x00 0x14 0x0C,0x569F,ACK
5.3035946000,1176,Data,0x100,0x8,0x00 0x00 0x10 0x40 0x0F 0x4F 0x23 0x32,0x276B,ACK
5.3120325000,1177,Data,0x212,0x8,0x52 0x01 0x00 0xC9 0x00 0x00 0x00 0x2A,0x2C4E,ACK
5.3122946000,1178,Data,0x211,0x8,0xE4 0x00 0x2A 0x00 0x00 0x00 0x00 0x00,0x0D4D,ACK
5.3125548000,1179,Data,0x343,0x8,0x00 0x00 0x00 0x00 0x00 0x00 0x00 0x00,0x33F5,ACK
5.3128109000,1180,Data,0x341,0x8,0x00 0x00 0x00 0x00 0x02 0x00 0x00 0x00,0x1833,ACK
5.3131090000,1181,Data,0x342,0x8,0x0F 0x00 0x23 0x00 0x00 0x80 0x0F 0x34,0x09A6,ACK
5.3133691000,1182,Data,0x344,0x8,0x00 0x00 0x00 0x03 0x00 0x00 0x00 0x00,0x6F15,ACK
5.3235950000,1183,Data,0x100,0x8,0x00 0x00 0x10 0x40 0x0F 0x4F 0x23 0x32,0x276B,ACK
5.3435949000,1184,Data,0x100,0x8,0x00 0x00 0x10 0x40 0x0F 0x4F 0x23 0x32,0x276B,ACK
5.3635947000,1185,Data,0x100,0x8,0x00 0x00 0x10 0x40 0x0F 0x4F 0x23 0x32,0x276B,ACK
5.3836127000,1186,Data,0x100,0x8,0x00 0x00 0x10 0x40 0x0F 0x4F 0x23 0x32,0x276B,ACK
5.3838589000,1187,Data,0x203,0x8,0x01 0x00 0x57 0x00 0x57 0x00 0x00 0x00,0x25CC,ACK
5.3841072000,1188,Data,0x204,0x8,0x00 0x00 0x00 0x00 0x00 0x00 0x00 0x00,0x79D1,ACK
5.3843634000,1189,Data,0x205,0x8,0x00 0x00 0x00 0x00 0x00 0x00 0x00 0x00,0x72CA,ACK
5.3846177000,1190,Data,0x209,0x8,0x9F 0x27 0x10 0x04 0x90 0x49 0x00 0x00,0x59C2,ACK
5.3848579000,1191,Data,0x20A,0x8,0x00 0x00 0x00 0x00 0x00 0x00 0x00 0x00,0x1B53,ACK
5.3851122000,1192,Data,0x20B,0x8,0xBC 0x02 0x64 0x00 0x01 0xC8 0x00 0x00,0x021C,ACK
5.3853564000,1193,Data,0x20C,0x8,0x00 0x80 0x1E 0x34 0x1E 0x07 0x00 0x00,0x3A9D,ACK
5.3856967000,1194,Data,0x423,0x8,0xBC 0x02 0x64 0x00 0x28 0x00 0x01 0x00,0x4F59,ACK
5.3865909000,1195,Data,0x425,0x8,0x01 0x64 0x49 0x57 0x57 0x59 0x01 0xFF,0x4E46,ACK
5.3868232000,1196,Data,0x429,0x8,0x20 0x00 0x00 0x00 0x00 0x00 0x00 0x00,0x7AC7,ACK
5.3870714000,1197,Data,0x420,0x8,0xB0 0x14 0x00 0x00 0x66 0x03 0x00 0x00,0x2430,ACK
5.3935677000,1198,Data,0x310,0x8,0xF1 0x0E 0x78 0x05 0x12 0x02 0x01 0xC8,0x2684,ACK
5.3942979000,1199,Data,0x311,0x8,0x39 0x1E 0x07 0x3F 0x90 0x01 0x00 0x00,0x66BC,ACK
5.4035819000,1200,Data,0x100,0x8,0x00 0x00 0x10 0x40 0x0F 0x4F 0x23 0x32,0x276B,ACK
5.4120079000,1201,Data,0x212,0x8,0x52 0x01 0x00 0xC9 0x00 0x00 0x00 0x2A,0x2C4E,ACK
5.4122702000,1202,Data,0x211,0x8,0xE4 0x00 0x2A 0x00 0x00 0x00 0x00 0x00,0x0D4D,ACK
5.4125304000,1203,Data,0x343,0x8,0x00 0x00 0x00 0x00 0x00 0x00 0x00 0x00,0x33F5,ACK
5.4235924000,1204,Data,0x100,0x8,0x00 0x00 0x10 0x40 0x0F 0x4F 0x23 0x32,0x276B,ACK
5.4435923000,1205,Data,0x100,0x8,0x00 0x00 0x10 0x40 0x0F 0x4F 0x23 0x32,0x276B,ACK
5.4635923000,1206,Data,0x100,0x8,0x00 0x00 0x10 0x40 0x0F 0x4F 0x23 0x32,0x276B,ACK
5.4836182000,1207,Data,0x100,0x8,0x00 0x00 0x10 0x40 0x0F 0x4F 0x23 0x32,0x276B,ACK
5.4838645000,1208,Data,0x203,0x8,0x01 0x00 0x57 0x00 0x57 0x00 0x00 0x00,0x25CC,ACK
5.4841107000,1209,Data,0x204,0x8,0x00 0x00 0x00 0x00 0x00 0x00 0x00 0x00,0x79D1,ACK
5.4843670000,1210,Data,0x205,0x8,0x00 0x00 0x00 0x00 0x00 0x00 0x00 0x00,0x72CA,ACK
5.4846212000,1211,Data,0x209,0x8,0x9F 0x27 0x10 0x04 0x90 0x49 0x00 0x00,0x59C2,ACK
5.4848615000,1212,Data,0x20A,0x8,0x00 0x00 0x00 0x00 0x00 0x00 0x00 0x00,0x1B53,ACK
5.4851156000,1213,Data,0x20B,0x8,0xBC 0x02 0x64 0x00 0x01 0xC8 0x00 0x00,0x021C,ACK
5.4853598000,1214,Data,0x20C,0x8,0x00 0x80 0x1E 0x34 0x1E 0x07 0x00 0x00,0x3A9D,ACK
5.4856141000,1215,Data,0x301,0x8,0x00 0x00 0x00 0x00 0x00 0x00 0x00 0x00,0x7E55,ACK
5.4858703000,1216,Data,0x302,0x2,0x00 0xFF,0x6FC0,ACK
5.4860166000,1217,Data,0x485,0x8,0x22 0x00 0x00 0x00 0x62 0x00 0x14 0x0C,0x569F,ACK
5.4887088000,1218,Data,0x422,0x8,0x00 0x00 0x20 0x00 0x15 0x00 0x02 0x00,0x33F1,ACK
5.4904510000,1219,Data,0x421,0x8,0x38 0x36 0x31 0x34 0xFB 0x04 0x55 0x04,0x0DC7,ACK
5.5035929000,1220,Data,0x100,0x8,0x00 0x00 0x10 0x40 0x0F 0x4F 0x23 0x32,0x276B,ACK
5.5235929000,1221,Data,0x100,0x8,0x00 0x00 0x10 0x40 0x0F 0x4F 0x23 0x32,0x276B,ACK
5.5435909000,1222,Data,0x100,0x8,0x00 0x00 0x10 0x40 0x0F 0x4F 0x23 0x32,0x276B,ACK
5.5635928000,1223,Data,0x100,0x8,0x00 0x00 0x10 0x40 0x0F 0x4F 0x23 0x32,0x276B,ACK
5.5836108000,1224,Data,0x100,0x8,0x00 0x00 0x10 0x40 0x0F 0x4F 0x23 0x32,0x276B,ACK
5.5838571000,1225,Data,0x203,0x8,0x01 0x00 0x57 0x00 0x57 0x00 0x00 0x00,0x25CC,ACK
5.5841053000,1226,Data,0x204,0x8,0x00 0x00 0x00 0x00 0x00 0x00 0x00 0x00,0x79D1,ACK
5.5843616000,1227,Data,0x205,0x8,0x00 0x00 0x00 0x00 0x00 0x00 0x00 0x00,0x72CA,ACK
5.5846158000,1228,Data,0x209,0x8,0x9F 0x27 0x10 0x04 0x90 0x49 0x00 0x00,0x59C2,ACK
5.5848580000,1229,Data,0x20A,0x8,0x00 0x00 0x00 0x00 0x00 0x00 0x00 0x00,0x1B53,ACK
5.5851123000,1230,Data,0x20B,0x8,0xBC 0x02 0x64 0x00 0x01 0xC8 0x00 0x00,0x021C,ACK
5.5853565000,1231,Data,0x20C,0x8,0x00 0x80 0x1E 0x34 0x1E 0x07 0x00 0x00,0x3A9D,ACK
5.5930066000,1232,Data,0x310,0x8,0xF1 0x0E 0x78 0x05 0x12 0x02 0x01 0xC8,0x2684,ACK
5.5937229000,1233,Data,0x311,0x8,0x39 0x1E 0x07 0x3F 0x90 0x01 0x00 0x00,0x66BC,ACK
5.6035909000,1234,Data,0x100,0x8,0x00 0x00 0x10 0x40 0x0F 0x4F 0x23 0x32,0x276B,ACK
5.6235909000,1235,Data,0x100,0x8,0x00 0x00 0x10 0x40 0x0F 0x4F 0x23 0x32,0x276B,ACK
5.6435928000,1236,Data,0x100,0x8,0x00 0x00 0x10 0x40 0x0F 0x4F 0x23 0x32,0x276B,ACK
5.6635888000,1237,Data,0x100,0x8,0x00 0x00 0x10 0x40 0x0F 0x4F 0x23 0x32,0x276B,ACK
5.6836167000,1238,Data,0x100,0x8,0x00 0x00 0x10 0x40 0x0F 0x4F 0x23 0x32,0x276B,ACK
5.6838650000,1239,Data,0x203,0x8,0x01 0x00 0x57 0x00 0x57 0x00 0x00 0x00,0x25CC,ACK
5.6841132000,1240,Data,0x204,0x8,0x00 0x00 0x00 0x00 0x00 0x00 0x00 0x00,0x79D1,ACK
5.6843695000,1241,Data,0x205,0x8,0x00 0x00 0x00 0x00 0x00 0x00 0x00 0x00,0x72CA,ACK
5.6846457000,1242,Data,0x209,0x8,0x9F 0x27 0x10 0x04 0x90 0x49 0x00 0x00,0x59C2,ACK
5.6848880000,1243,Data,0x20A,0x8,0x00 0x00 0x00 0x00 0x00 0x00 0x00 0x00,0x1B53,ACK
5.6851421000,1244,Data,0x20B,0x8,0xBC 0x02 0x64 0x00 0x01 0xC8 0x00 0x00,0x021C,ACK
5.6853864000,1245,Data,0x20C,0x8,0x00 0x80 0x1E 0x34 0x1E 0x07 0x00 0x00,0x3A9D,ACK
5.6856406000,1246,Data,0x301,0x8,0x00 0x00 0x00 0x00 0x00 0x00 0x00 0x00,0x7E55,ACK
5.6858969000,1247,Data,0x302,0x2,0x00 0xFF,0x6FC0,ACK
5.6860411000,1248,Data,0x485,0x8,0x22 0x00 0x00 0x00 0x62 0x00 0x14 0x0C,0x569F,ACK
5.7035911000,1249,Data,0x100,0x8,0x00 0x00 0x10 0x40 0x0F 0x4F 0x23 0x32,0x276B,ACK
5.7235233000,1250,Data,0x500,0x8,0x48 0x48 0x49 0xFF 0x48 0x49 0x49 0xFF,0x0870,ACK
5.7237534000,1251,Data,0x100,0x8,0x00 0x00 0x10 0x40 0x0F 0x4F 0x23 0x32,0x276B,ACK
5.7435894000,1252,Data,0x100,0x8,0x00 0x00 0x10 0x40 0x0F 0x4F 0x23 0x32,0x276B,ACK
5.7635893000,1253,Data,0x100,0x8,0x00 0x00 0x10 0x40 0x0F 0x4F 0x23 0x32,0x276B,ACK
5.7836073000,1254,Data,0x100,0x8,0x00 0x00 0x10 0x40 0x0F 0x4F 0x23 0x32,0x276B,ACK
5.7838536000,1255,Data,0x203,0x8,0x01 0x00 0x57 0x00 0x57 0x00 0x00 0x00,0x25CC,ACK
5.7840998000,1256,Data,0x204,0x8,0x00 0x00 0x00 0x00 0x00 0x00 0x00 0x00,0x79D1,ACK
5.7843581000,1257,Data,0x205,0x8,0x00 0x00 0x00 0x00 0x00 0x00 0x00 0x00,0x72CA,ACK
5.7846583000,1258,Data,0x209,0x8,0x9F 0x27 0x10 0x04 0x90 0x49 0x00 0x00,0x59C2,ACK
5.7848986000,1259,Data,0x20A,0x8,0x00 0x00 0x00 0x00 0x00 0x00 0x00 0x00,0x1B53,ACK
5.7851528000,1260,Data,0x20B,0x8,0xBC 0x02 0x64 0x00 0x01 0xC8 0x00 0x00,0x021C,ACK
5.7853971000,1261,Data,0x20C,0x8,0x00 0x80 0x1E 0x34 0x1E 0x07 0x00 0x00,0x3A9D,ACK
5.7937092000,1262,Data,0x424,0x8,0x66 0x4A 0x4D 0x69 0x00 0x00 0x00 0x00,0x1EF2,ACK
5.7946034000,1263,Data,0x310,0x8,0xF1 0x0E 0x78 0x05 0x12 0x02 0x01 0xC8,0x2684,ACK
5.7953337000,1264,Data,0x311,0x8,0x39 0x1E 0x07 0x3F 0x90 0x01 0x00 0x00,0x66BC,ACK
5.8035896000,1265,Data,0x100,0x8,0x00 0x00 0x10 0x40 0x0F 0x4F 0x23 0x32,0x276B,ACK
5.8235896000,1266,Data,0x100,0x8,0x00 0x00 0x10 0x40 0x0F 0x4F 0x23 0x32,0x276B,ACK
5.8435896000,1267,Data,0x100,0x8,0x00 0x00 0x10 0x40 0x0F 0x4F 0x23 0x32,0x276B,ACK
5.8635895000,1268,Data,0x100,0x8,0x00 0x00 0x10 0x40 0x0F 0x4F 0x23 0x32,0x276B,ACK
5.8836275000,1269,Data,0x100,0x8,0x00 0x00 0x10 0x40 0x0F 0x4F 0x23 0x32,0x276B,ACK
5.8838758000,1270,Data,0x203,0x8,0x01 0x00 0x57 0x00 0x57 0x00 0x00 0x00,0x25CC,ACK
5.8841240000,1271,Data,0x204,0x8,0x00 0x00 0x00 0x00 0x00 0x00 0x00 0x00,0x79D1,ACK
5.8843803000,1272,Data,0x205,0x8,0x00 0x00 0x00 0x00 0x00 0x00 0x00 0x00,0x72CA,ACK
5.8846345000,1273,Data,0x209,0x8,0x9F 0x27 0x10 0x04 0x90 0x49 0x00 0x00,0x59C2,ACK
5.8848748000,1274,Data,0x20A,0x8,0x00 0x00 0x00 0x00 0x00 0x00 0x00 0x00,0x1B53,ACK
5.8851289000,1275,Data,0x20B,0x8,0xBC 0x02 0x64 0x00 0x01 0xC8 0x00 0x00,0x021C,ACK
5.8853731000,1276,Data,0x20C,0x8,0x00 0x80 0x1E 0x34 0x1E 0x07 0x00 0x00,0x3A9D,ACK
5.8856254000,1277,Data,0x301,0x8,0x00 0x00 0x00 0x00 0x00 0x00 0x00 0x00,0x7E55,ACK
5.8858816000,1278,Data,0x302,0x2,0x00 0xFF,0x6FC0,ACK
5.8860279000,1279,Data,0x485,0x8,0x22 0x00 0x00 0x00 0x62 0x00 0x14 0x0C,0x569F,ACK
5.8862761000,1280,Data,0x480,0x8,0x00 0x00 0x00 0x00 0x21 0x00 0x00 0x00,0x32BE,ACK
5.8865283000,1281,Data,0x423,0x8,0xBC 0x02 0x64 0x00 0x28 0x00 0x01 0x00,0x4F59,ACK
5.8867645000,1282,Data,0x481,0x8,0xCA 0x17 0x08 0x13 0x00 0x00 0x00 0x00,0x1AA4,ACK
5.8870027000,1283,Data,0x482,0x8,0x52 0x01 0x02 0x00 0x00 0x00 0x00 0x00,0x36EA,ACK
5.8872468000,1284,Data,0x425,0x8,0x01 0x64 0x49 0x57 0x57 0x59 0x01 0xFF,0x4E46,ACK
5.8874790000,1285,Data,0x429,0x8,0x20 0x00 0x00 0x00 0x00 0x00 0x00 0x00,0x7AC7,ACK
5.8877272000,1286,Data,0x420,0x8,0xB0 0x14 0x00 0x00 0x66 0x03 0x00 0x00,0x2430,ACK
5.8879675000,1287,Data,0x483,0x8,0x31 0x4B 0x31 0x55 0x41 0x32 0x35 0x35,0x717E,ACK
5.8881977000,1288,Data,0x484,0x8,0x31 0x50 0x33 0x39 0x36 0x35 0x00 0x00,0x0196,ACK
5.9035877000,1289,Data,0x100,0x8,0x00 0x00 0x10 0x40 0x0F 0x4F 0x23 0x32,0x276B,ACK
5.9235857000,1290,Data,0x100,0x8,0x00 0x00 0x10 0x40 0x0F 0x4F 0x23 0x32,0x276B,ACK
5.9435857000,1291,Data,0x100,0x8,0x00 0x00 0x10 0x40 0x0F 0x4F 0x23 0x32,0x276B,ACK
5.9635856000,1292,Data,0x100,0x8,0x00 0x00 0x10 0x40 0x0F 0x4F 0x23 0x32,0x276B,ACK
5.9836036000,1293,Data,0x100,0x8,0x00 0x00 0x10 0x40 0x0F 0x4F 0x23 0x32,0x276B,ACK
5.9838498000,1294,Data,0x203,0x8,0x01 0x00 0x57 0x00 0x57 0x00 0x00 0x00,0x25CC,ACK
5.9840961000,1295,Data,0x204,0x8,0x00 0x00 0x00 0x00 0x00 0x00 0x00 0x00,0x79D1,ACK
5.9843543000,1296,Data,0x205,0x8,0x00 0x00 0x00 0x00 0x00 0x00 0x00 0x00,0x72CA,ACK
5.9846106000,1297,Data,0x209,0x8,0x9F 0x27 0x10 0x04 0x90 0x49 0x00 0x00,0x59C2,ACK
5.9848508000,1298,Data,0x20A,0x8,0x00 0x00 0x00 0x00 0x00 0x00 0x00 0x00,0x1B53,ACK
5.9851051000,1299,Data,0x20B,0x8,0xBC 0x02 0x64 0x00 0x01 0xC8 0x00 0x00,0x021C,ACK
5.9853493000,1300,Data,0x20C,0x8,0x00 0x80 0x1E 0x34 0x1E 0x07 0x00 0x00,0x3A9D,ACK
5.9887114000,1301,Data,0x422,0x8,0x00 0x00 0x20 0x00 0x15 0x00 0x02 0x00,0x33F1,ACK
5.9904557000,1302,Data,0x421,0x8,0x38 0x36 0x31 0x34 0xFB 0x04 0x55 0x04,0x0DC7,ACK
5.9948019000,1303,Data,0x310,0x8,0xF1 0x0E 0x78 0x05 0x12 0x02 0x01 0xC8,0x2684,ACK
5.9955302000,1304,Data,0x311,0x8,0x39 0x1E 0x07 0x3F 0x90 0x01 0x00 0x00,0x66BC,ACK
6.0035862000,1305,Data,0x100,0x8,0x00 0x00 0x10 0x40 0x0F 0x4F 0x23 0x32,0x276B,ACK
6.0235861000,1306,Data,0x100,0x8,0x00 0x00 0x10 0x40 0x0F 0x4F 0x23 0x32,0x276B,ACK
6.0435861000,1307,Data,0x100,0x8,0x00 0x00 0x10 0x40 0x0F 0x4F 0x23 0x32,0x276B,ACK
6.0635841000,1308,Data,0x100,0x8,0x00 0x00 0x10 0x40 0x0F 0x4F 0x23 0x32,0x276B,ACK
6.0836120000,1309,Data,0x100,0x8,0x00 0x00 0x10 0x40 0x0F 0x4F 0x23 0x32,0x276B,ACK
6.0838603000,1310,Data,0x203,0x8,0x01 0x00 0x57 0x00 0x57 0x00 0x00 0x00,0x25CC,ACK
6.0841085000,1311,Data,0x204,0x8,0x00 0x00 0x00 0x00 0x00 0x00 0x00 0x00,0x79D1,ACK
6.0843648000,1312,Data,0x205,0x8,0x00 0x00 0x00 0x00 0x00 0x00 0x00 0x00,0x72CA,ACK
6.0846610000,1313,Data,0x209,0x8,0x9F 0x27 0x10 0x04 0x90 0x49 0x00 0x00,0x59C2,ACK
6.0849011000,1314,Data,0x20A,0x8,0x00 0x00 0x00 0x00 0x00 0x00 0x00 0x00,0x1B53,ACK
6.0851554000,1315,Data,0x20B,0x8,0xBC 0x02 0x64 0x00 0x01 0xC8 0x00 0x00,0x021C,ACK
6.0854016000,1316,Data,0x20C,0x8,0x00 0x80 0x1E 0x34 0x1E 0x07 0x00 0x00,0x3A9D,ACK
6.0856539000,1317,Data,0x301,0x8,0x00 0x00 0x00 0x00 0x00 0x00 0x00 0x00,0x7E55,ACK
6.0859101000,1318,Data,0x302,0x2,0x00 0xFF,0x6FC0,ACK
6.0860564000,1319,Data,0x485,0x8,0x22 0x00 0x00 0x00 0x62 0x00 0x14 0x0C,0x569F,ACK
6.1035844000,1320,Data,0x100,0x8,0x00 0x00 0x10 0x40 0x0F 0x4F 0x23 0x32,0x276B,ACK
6.1235823000,1321,Data,0x100,0x8,0x00 0x00 0x10 0x40 0x0F 0x4F 0x23 0x32,0x276B,ACK
6.1435823000,1322,Data,0x100,0x8,0x00 0x00 0x10 0x40 0x0F 0x4F 0x23 0x32,0x276B,ACK
6.1635843000,1323,Data,0x100,0x8,0x00 0x00 0x10 0x40 0x0F 0x4F 0x23 0x32,0x276B,ACK
6.1836042000,1324,Data,0x100,0x8,0x00 0x00 0x10 0x40 0x0F 0x4F 0x23 0x32,0x276B,ACK
6.1838525000,1325,Data,0x203,0x8,0x01 0x00 0x57 0x00 0x57 0x00 0x00 0x00,0x25CC,ACK
6.1841007000,1326,Data,0x204,0x8,0x00 0x00 0x00 0x00 0x00 0x00 0x00 0x00,0x79D1,ACK
6.1843570000,1327,Data,0x205,0x8,0x00 0x00 0x00 0x00 0x00 0x00 0x00 0x00,0x72CA,ACK
6.1846472000,1328,Data,0x209,0x8,0x9F 0x27 0x10 0x04 0x90 0x49 0x00 0x00,0x59C2,ACK
6.1848895000,1329,Data,0x20A,0x8,0x00 0x00 0x00 0x00 0x00 0x00 0x00 0x00,0x1B53,ACK
6.1851457000,1330,Data,0x20B,0x8,0xBC 0x02 0x64 0x00 0x01 0xC8 0x00 0x00,0x021C,ACK
6.1853900000,1331,Data,0x20C,0x8,0x00 0x80 0x1E 0x34 0x1E 0x07 0x00 0x00,0x3A9D,ACK
6.1959242000,1332,Data,0x310,0x8,0xF1 0x0E 0x78 0x05 0x12 0x02 0x01 0xC8,0x2684,ACK
6.1966405000,1333,Data,0x311,0x8,0x39 0x1E 0x07 0x3F 0x90 0x01 0x00 0x00,0x66BC,ACK
6.2035844000,1334,Data,0x100,0x8,0x00 0x00 0x10 0x40 0x0F 0x4F 0x23 0x32,0x276B,ACK
6.2235824000,1335,Data,0x100,0x8,0x00 0x00 0x10 0x40 0x0F 0x4F 0x23 0x32,0x276B,ACK
6.2507227000,1336,Data,0x100,0x8,0x00 0x00 0x00 0x00 0x00 0x4F 0x00 0x32,0x469E,ACK
6.2577808000,1337,Extend Data,0x18EF0216,0x5,0x01 0x01 0xDA 0x14 0x00,0x32EA,ACK
6.2580131000,1338,Extend Data,0x18EC0216,0x8,0x10 0x17 0x00 0x04 0xFF 0x00 0xEF 0x00,0x46AC,ACK
6.2707231000,1339,Data,0x100,0x8,0x00 0x00 0x00 0x40 0x0F 0x4F 0x23 0x32,0x4E99,ACK
6.2907491000,1340,Data,0x100,0x8,0x00 0x00 0x00 0x40 0x0F 0x4F 0x23 0x32,0x4E99,ACK
6.2909954000,1341,Data,0x203,0x8,0x01 0x00 0x00 0x00 0x57 0x00 0x00 0x00,0x3A00,ACK
6.2912496000,1342,Data,0x204,0x8,0x00 0x00 0x00 0x00 0x00 0x00 0x00 0x00,0x79D1,ACK
6.2915058000,1343,Data,0x205,0x8,0x00 0x00 0x00 0x00 0x00 0x00 0x00 0x00,0x72CA,ACK
6.2917861000,1344,Data,0x209,0x8,0x9F 0x27 0x10 0x04 0x90 0x49 0x00 0x00,0x59C2,ACK
6.2920263000,1345,Data,0x20A,0x8,0x00 0x00 0x00 0x00 0x00 0x00 0x00 0x00,0x1B53,ACK
6.2922806000,1346,Data,0x20B,0x8,0xBC 0x02 0x64 0x00 0x01 0xC8 0x00 0x00,0x021C,ACK
6.2925268000,1347,Data,0x20C,0x8,0x00 0x80 0x1E 0x34 0x1E 0x07 0x00 0x00,0x3A9D,ACK
6.2927791000,1348,Data,0x301,0x8,0x00 0x00 0x00 0x00 0x00 0x00 0x00 0x00,0x7E55,ACK
6.2930353000,1349,Data,0x302,0x2,0x00 0xFF,0x6FC0,ACK
6.2931796000,1350,Data,0x485,0x8,0x22 0x00 0x00 0x00 0x62 0x00 0x14 0x0C,0x569F,ACK
6.3055096000,1351,Extend Data,0x18EF073E,0x4,0x01 0x01 0x8C 0x02,0x6D52,ACK
6.3061199000,1352,Extend Data,0x18EF3E07,0x5,0x01 0x04 0x8C 0xB0 0x14,0x0F7A,ACK
6.3077660000,1353,Extend Data,0x18EF0216,0x5,0x01 0x01 0xDA 0x14 0x00,0x32EA,ACK
6.3087182000,1354,Extend Data,0x18EC0216,0x8,0x10 0x17 0x00 0x04 0xFF 0x00 0xEF 0x00,0x46AC,ACK
6.3107224000,1355,Data,0x100,0x8,0x00 0x00 0x00 0x40 0x0F 0x4F 0x23 0x32,0x4E99,ACK
6.3307204000,1356,Data,0x100,0x8,0x00 0x00 0x00 0x40 0x0F 0x4F 0x23 0x32,0x4E99,ACK
6.3507204000,1357,Data,0x100,0x8,0x00 0x00 0x00 0x40 0x0F 0x4F 0x23 0x32,0x4E99,ACK
6.3577645000,1358,Extend Data,0x18EF0216,0x5,0x01 0x01 0xDA 0x14 0x00,0x32EA,ACK
6.3579968000,1359,Extend Data,0x18EC0216,0x8,0x10 0x17 0x00 0x04 0xFF 0x00 0xEF 0x00,0x46AC,ACK
6.3707228000,1360,Data,0x100,0x8,0x00 0x00 0x00 0x40 0x0F 0x4F 0x23 0x32,0x4E99,ACK
6.3810409000,1361,Extend Data,0x18EF073E,0x4,0x01 0x01 0x8D 0x02,0x2974,ACK
6.3817152000,1362,Extend Data,0x18EF3E07,0x5,0x01 0x04 0x8D 0x00 0x00,0x6895,ACK
6.3870015000,1363,Data,0x423,0x8,0xBC 0x02 0x64 0x00 0x28 0x00 0x01 0x00,0x4F59,ACK
6.3878997000,1364,Data,0x425,0x8,0x01 0x64 0x49 0x57 0x57 0x59 0x01 0xFF,0x4E46,ACK
6.3881320000,1365,Data,0x429,0x8,0x20 0x00 0x00 0x00 0x00 0x00 0x00 0x00,0x7AC7,ACK
6.3883802000,1366,Data,0x420,0x8,0xB0 0x14 0x00 0x00 0x66 0x03 0x00 0x00,0x2430,ACK
6.3907403000,1367,Data,0x100,0x8,0x00 0x00 0x00 0x40 0x0F 0x4F 0x23 0x32,0x4E99,ACK
6.3909865000,1368,Data,0x203,0x8,0x01 0x00 0x57 0x00 0x57 0x00 0x00 0x00,0x25CC,ACK
6.3912328000,1369,Data,0x204,0x8,0x00 0x00 0x00 0x00 0x00 0x00 0x00 0x00,0x79D1,ACK
6.3914890000,1370,Data,0x205,0x8,0x00 0x00 0x00 0x00 0x00 0x00 0x00 0x00,0x72CA,ACK
6.3917833000,1371,Data,0x209,0x8,0x9F 0x27 0x10 0x04 0x90 0x49 0x00 0x00,0x59C2,ACK
6.3920235000,1372,Data,0x20A,0x8,0x00 0x00 0x00 0x00 0x00 0x00 0x00 0x00,0x1B53,ACK
6.3922778000,1373,Data,0x20B,0x8,0xBC 0x02 0x64 0x00 0x01 0xC8 0x00 0x00,0x021C,ACK
6.3925220000,1374,Data,0x20C,0x8,0x00 0x80 0x1E 0x34 0x1E 0x07 0x00 0x00,0x3A9D,ACK
6.3969102000,1375,Data,0x310,0x8,0xF1 0x0E 0x78 0x05 0x12 0x02 0x01 0xC8,0x2684,ACK
6.3976205000,1376,Data,0x311,0x8,0x39 0x1E 0x07 0x3F 0x90 0x01 0x00 0x00,0x66BC,ACK
6.4077644000,1377,Extend Data,0x18EF0216,0x5,0x01 0x01 0xDA 0x14 0x00,0x32EA,ACK
6.4079967000,1378,Extend Data,0x18EC0216,0x8,0x10 0x17 0x00 0x04 0xFF 0x00 0xEF 0x00,0x46AC,ACK
6.4107189000,1379,Data,0x100,0x8,0x00 0x00 0x00 0x40 0x0F 0x4F 0x23 0x32,0x4E99,ACK
6.4307189000,1380,Data,0x100,0x8,0x00 0x00 0x00 0x40 0x0F 0x4F 0x23 0x32,0x4E99,ACK
6.4418049000,1381,Extend Data,0x18EF073E,0x4,0x01 0x01 0x8E 0x02,0x2087,ACK
6.4507191000,1382,Data,0x100,0x8,0x00 0x00 0x00 0x40 0x0F 0x4F 0x23 0x32,0x4E99,ACK
6.4707210000,1383,Data,0x100,0x8,0x00 0x00 0x00 0x40 0x0F 0x4F 0x23 0x32,0x4E99,ACK
6.4814613000,1384,Extend Data,0x18EF3E07,0x5,0x01 0x04 0x8E 0x64 0x00,0x13C8,ACK
6.4896356000,1385,Data,0x422,0x8,0x00 0x00 0x20 0x00 0x15 0x00 0x02 0x00,0x33F1,ACK
6.4907477000,1386,Data,0x100,0x8,0x00 0x00 0x00 0x40 0x0F 0x4F 0x23 0x32,0x4E99,ACK
6.4909960000,1387,Data,0x203,0x8,0x01 0x00 0x57 0x00 0x57 0x00 0x00 0x00,0x25CC,ACK
6.4912442000,1388,Data,0x204,0x8,0x00 0x00 0x00 0x00 0x00 0x00 0x00 0x00,0x79D1,ACK
6.4914964000,1389,Data,0x421,0x8,0x38 0x36 0x31 0x34 0xFB 0x04 0x55 0x04,0x0DC7,ACK
6.4917305000,1390,Data,0x205,0x8,0x00 0x00 0x00 0x00 0x00 0x00 0x00 0x00,0x72CA,ACK
6.4919807000,1391,Data,0x209,0x8,0x9F 0x27 0x10 0x04 0x90 0x49 0x00 0x00,0x59C2,ACK
6.4922170000,1392,Data,0x20A,0x8,0x00 0x00 0x00 0x00 0x00 0x00 0x00 0x00,0x1B53,ACK
6.4924712000,1393,Data,0x20B,0x8,0xBC 0x02 0x64 0x00 0x01 0xC8 0x00 0x00,0x021C,ACK
6.4927155000,1394,Data,0x20C,0x8,0x00 0x80 0x1E 0x34 0x1E 0x07 0x00 0x00,0x3A9D,ACK
6.4929677000,1395,Data,0x301,0x8,0x00 0x00 0x00 0x00 0x00 0x00 0x00 0x00,0x7E55,ACK
6.4932240000,1396,Data,0x302,0x2,0x00 0xFF,0x6FC0,ACK
6.4933682000,1397,Data,0x485,0x8,0x22 0x00 0x00 0x00 0x62 0x00 0x14 0x0C,0x569F,ACK
6.5107182000,1398,Data,0x100,0x8,0x00 0x00 0x00 0x40 0x0F 0x4F 0x23 0x32,0x4E99,ACK
6.5153144000,1399,Extend Data,0x18EF073E,0x4,0x01 0x01 0x59 0x02,0x652F,ACK
6.5159606000,1400,Extend Data,0x18EF3E07,0x5,0x01 0x04 0x59 0x00 0x00,0x4816,ACK
6.5307205000,1401,Data,0x100,0x8,0x00 0x00 0x00 0x40 0x0F 0x4F 0x23 0x32,0x4E99,ACK
6.5507185000,1402,Data,0x100,0x8,0x00 0x00 0x00 0x40 0x0F 0x4F 0x23 0x32,0x4E99,ACK
6.5707185000,1403,Data,0x100,0x8,0x00 0x00 0x00 0x40 0x0F 0x4F 0x23 0x32,0x4E99,ACK
6.5905124000,1404,Extend Data,0x18EF073E,0x4,0x01 0x01 0x92 0x02,0x312C,ACK
6.5907347000,1405,Data,0x100,0x8,0x00 0x00 0x00 0x40 0x0F 0x4F 0x23 0x32,0x4E99,ACK
6.5909809000,1406,Data,0x203,0x8,0x01 0x00 0x57 0x00 0x57 0x00 0x00 0x00,0x25CC,ACK
6.5912230000,1407,Extend Data,0x18EF3E07,0x5,0x01 0x04 0x92 0x01 0x00,0x020A,ACK
6.5914551000,1408,Data,0x204,0x8,0x00 0x00 0x00 0x00 0x00 0x00 0x00 0x00,0x79D1,ACK
6.5917073000,1409,Data,0x205,0x8,0x00 0x00 0x00 0x00 0x00 0x00 0x00 0x00,0x72CA,ACK
6.5919575000,1410,Data,0x209,0x8,0x9F 0x27 0x10 0x04 0x90 0x49 0x00 0x00,0x59C2,ACK
6.5921978000,1411,Data,0x20A,0x8,0x00 0x00 0x00 0x00 0x00 0x00 0x00 0x00,0x1B53,ACK
6.5924520000,1412,Data,0x20B,0x8,0xBC 0x02 0x64 0x00 0x01 0xC8 0x00 0x00,0x021C,ACK
6.5926963000,1413,Data,0x20C,0x8,0x00 0x80 0x1E 0x34 0x1E 0x07 0x00 0x00,0x3A9D,ACK
6.5979565000,1414,Data,0x310,0x8,0xF1 0x0E 0x78 0x05 0x12 0x02 0x01 0xC8,0x2684,ACK
6.5986707000,1415,Data,0x311,0x8,0x39 0x1E 0x07 0x3F 0x90 0x01 0x00 0x00,0x66BC,ACK
6.6107186000,1416,Data,0x100,0x8,0x00 0x00 0x00 0x40 0x0F 0x4F 0x23 0x32,0x4E99,ACK
6.6307166000,1417,Data,0x100,0x8,0x00 0x00 0x00 0x40 0x0F 0x4F 0x23 0x32,0x4E99,ACK
6.6507166000,1418,Data,0x100,0x8,0x00 0x00 0x00 0x40 0x0F 0x4F 0x23 0x32,0x4E99,ACK
6.6659386000,1419,Extend Data,0x18EF073E,0x4,0x01 0x01 0x96 0x04,0x797B,ACK
6.6707168000,1420,Data,0x100,0x8,0x00 0x00 0x00 0x40 0x0F 0x4F 0x23 0x32,0x4E99,ACK
6.6815311000,1421,Extend Data,0x18EF3E07,0x7,0x01 0x04 0x96 0x16 0x00 0x16 0x00,0x4DDB,ACK
6.6907431000,1422,Data,0x100,0x8,0x00 0x00 0x00 0x40 0x0F 0x4F 0x23 0x32,0x4E99,ACK
6.6909894000,1423,Data,0x203,0x8,0x01 0x00 0x57 0x00 0x57 0x00 0x00 0x00,0x25CC,ACK
6.6912356000,1424,Data,0x204,0x8,0x00 0x00 0x00 0x00 0x00 0x00 0x00 0x00,0x79D1,ACK
6.6914919000,1425,Data,0x205,0x8,0x00 0x00 0x00 0x00 0x00 0x00 0x00 0x00,0x72CA,ACK
6.6917941000,1426,Data,0x209,0x8,0x9F 0x27 0x10 0x04 0x90 0x49 0x00 0x00,0x59C2,ACK
6.6920344000,1427,Data,0x20A,0x8,0x00 0x00 0x00 0x00 0x00 0x00 0x00 0x00,0x1B53,ACK
6.6922886000,1428,Data,0x20B,0x8,0xBC 0x02 0x64 0x00 0x01 0xC8 0x00 0x00,0x021C,ACK
6.6925349000,1429,Data,0x20C,0x8,0x00 0x80 0x1E 0x34 0x1E 0x07 0x00 0x00,0x3A9D,ACK
6.6927871000,1430,Data,0x301,0x8,0x00 0x00 0x00 0x00 0x00 0x00 0x00 0x00,0x7E55,ACK
6.6930433000,1431,Data,0x302,0x2,0x00 0xFF,0x6FC0,ACK
6.6931876000,1432,Data,0x485,0x8,0x22 0x00 0x00 0x00 0x62 0x00 0x14 0x0C,0x569F,ACK
6.7107176000,1433,Data,0x100,0x8,0x00 0x00 0x00 0x40 0x0F 0x4F 0x23 0x32,0x4E99,ACK
6.7254176000,1434,Extend Data,0x18EF073E,0x4,0x01 0x01 0xF9 0x02,0x31EB,ACK
6.7261239000,1435,Extend Data,0x18EF3E07,0x5,0x01 0x04 0xF9 0x17 0x00,0x2512,ACK
6.7307159000,1436,Data,0x100,0x8,0x00 0x00 0x00 0x40 0x0F 0x4F 0x23 0x32,0x4E99,ACK
6.7507159000,1437,Data,0x100,0x8,0x00 0x00 0x00 0x40 0x0F 0x4F 0x23 0x32,0x4E99,ACK
6.7707139000,1438,Data,0x100,0x8,0x00 0x00 0x00 0x40 0x0F 0x4F 0x23 0x32,0x4E99,ACK
6.7857880000,1439,Data,0x501,0x8,0xB4 0xC1 0x83 0x58 0x51 0xE5 0xB2 0x6B,0x057E,ACK
6.7860202000,1440,Data,0x502,0x8,0x32 0xAC 0x86 0x0E 0x1A 0xB9 0x00 0x00,0x0E93,ACK
6.7907343000,1441,Data,0x100,0x8,0x00 0x00 0x00 0x40 0x0F 0x4F 0x23 0x32,0x4E99,ACK
6.7909826000,1442,Data,0x203,0x8,0x01 0x00 0x57 0x00 0x57 0x00 0x00 0x00,0x25CC,ACK
6.7912308000,1443,Data,0x204,0x8,0x00 0x00 0x00 0x00 0x00 0x00 0x00 0x00,0x79D1,ACK
6.7914871000,1444,Data,0x205,0x8,0x00 0x00 0x00 0x00 0x00 0x00 0x00 0x00,0x72CA,ACK
6.7917933000,1445,Data,0x209,0x8,0x9F 0x27 0x10 0x04 0x90 0x49 0x00 0x00,0x59C2,ACK
6.7920336000,1446,Data,0x20A,0x8,0x00 0x00 0x00 0x00 0x00 0x00 0x00 0x00,0x1B53,ACK
6.7922878000,1447,Data,0x20B,0x8,0xBC 0x02 0x64 0x00 0x01 0xC8 0x00 0x00,0x021C,ACK
6.7925321000,1448,Data,0x20C,0x8,0x00 0x80 0x1E 0x34 0x1E 0x07 0x00 0x00,0x3A9D,ACK
6.7944262000,1449,Data,0x424,0x8,0x67 0x4A 0x4D 0x69 0x00 0x00 0x00 0x00,0x49C2,ACK
6.7993905000,1450,Data,0x310,0x8,0xF1 0x0E 0x78 0x05 0x12 0x02 0x01 0xC8,0x2684,ACK
6.8001228000,1451,Data,0x311,0x8,0x39 0x1E 0x07 0x3F 0x90 0x01 0x00 0x00,0x66BC,ACK
6.8004869000,1452,Extend Data,0x18EF073E,0x4,0x01 0x01 0xA0 0x1A,0x7FC0,ACK
6.8018010000,1453,Extend Data,0x1CEC3E07,0x8,0x10 0x1F 0x00 0x05 0xFF 0x00 0xEF 0x00,0x330A,ACK
6.8020952000,1454,Extend Data,0x18EC073E,0x8,0x11 0x05 0x01 0xFF 0xFF 0x00 0xEF 0x00,0x4F54,ACK
6.8028413000,1455,Extend Data,0x1CEB3E07,0x8,0x01 0x01 0x04 0xA0 0xEA 0x0F 0xE9 0x0F,0x055E,ACK
6.8031215000,1456,Extend Data,0x1CEB3E07,0x8,0x02 0xE9 0x0F 0xEA 0x0F 0xEA 0x0F 0xE9,0x6B00,ACK
6.8034018000,1457,Extend Data,0x1CEB3E07,0x8,0x03 0x0F 0xEA 0x0F 0xEA 0x0F 0xEB 0x0F,0x15E0,ACK
6.8036820000,1458,Extend Data,0x1CEB3E07,0x8,0x04 0xEB 0x0F 0xEA 0x0F 0xEB 0x0F 0xED,0x1332,ACK
6.8039583000,1459,Extend Data,0x1CEB3E07,0x8,0x05 0x0F 0xB2 0xF2 0xFF 0xFF 0xFF 0xFF,0x5AAE,ACK
6.8042744000,1460,Extend Data,0x18EC073E,0x8,0x13 0x1F 0x00 0x05 0xFF 0x00 0xEF 0x00,0x6E4D,ACK
6.8107145000,1461,Data,0x100,0x8,0x00 0x00 0x00 0x40 0x0F 0x4F 0x23 0x32,0x4E99,ACK
6.8307145000,1462,Data,0x100,0x8,0x00 0x00 0x00 0x40 0x0F 0x4F 0x23 0x32,0x4E99,ACK
6.8507125000,1463,Data,0x100,0x8,0x00 0x00 0x00 0x40 0x0F 0x4F 0x23 0x32,0x4E99,ACK
6.8707024000,1464,Data,0x100,0x8,0x00 0x00 0x00 0x40 0x0F 0x4F 0x23 0x32,0x4E99,ACK
6.8759386000,1465,Extend Data,0x18EF073E,0x4,0x01 0x01 0x82 0x02,0x074B,ACK
6.8809609000,1466,Extend Data,0x18EF3E07,0x5,0x01 0x04 0x82 0x64 0x00,0x0BF7,ACK
6.8869171000,1467,Data,0x423,0x8,0xBC 0x02 0x64 0x00 0x28 0x00 0x01 0x00,0x4F59,ACK
6.8877974000,1468,Data,0x425,0x8,0x01 0x64 0x49 0x57 0x57 0x59 0x01 0xFF,0x4E46,ACK
6.8880316000,1469,Data,0x429,0x8,0x20 0x00 0x00 0x00 0x00 0x00 0x00 0x00,0x7AC7,ACK
6.8882799000,1470,Data,0x420,0x8,0xB0 0x14 0x00 0x00 0x66 0x03 0x00 0x00,0x2430,ACK
6.8907540000,1471,Data,0x100,0x8,0x00 0x00 0x00 0x40 0x0F 0x4F 0x23 0x32,0x4E99,ACK
6.8910003000,1472,Data,0x203,0x8,0x01 0x00 0x57 0x00 0x57 0x00 0x00 0x00,0x25CC,ACK
6.8912465000,1473,Data,0x204,0x8,0x00 0x00 0x00 0x00 0x00 0x00 0x00 0x00,0x79D1,ACK
6.8915048000,1474,Data,0x205,0x8,0x00 0x00 0x00 0x00 0x00 0x00 0x00 0x00,0x72CA,ACK
6.8917910000,1475,Data,0x209,0x8,0x9F 0x27 0x10 0x04 0x90 0x49 0x00 0x00,0x59C2,ACK
6.8920312000,1476,Data,0x20A,0x8,0x00 0x00 0x00 0x00 0x00 0x00 0x00 0x00,0x1B53,ACK
6.8922855000,1477,Data,0x20B,0x8,0xBC 0x02 0x64 0x00 0x01 0xC8 0x00 0x00,0x021C,ACK
6.8925297000,1478,Data,0x20C,0x8,0x00 0x80 0x1E 0x34 0x1E 0x07 0x00 0x00,0x3A9D,ACK
6.8927840000,1479,Data,0x301,0x8,0x00 0x00 0x00 0x00 0x00 0x00 0x00 0x00,0x7E55,ACK
6.8930402000,1480,Data,0x302,0x2,0x00 0xFF,0x6FC0,ACK
6.8931865000,1481,Data,0x485,0x8,0x22 0x00 0x00 0x00 0x62 0x00 0x14 0x0C,0x569F,ACK
6.8934347000,1482,Data,0x480,0x8,0x00 0x00 0x00 0x00 0x21 0x00 0x00 0x00,0x32BE,ACK
6.8936910000,1483,Data,0x481,0x8,0xCA 0x17 0x08 0x13 0x00 0x00 0x00 0x00,0x1AA4,ACK
6.8939332000,1484,Data,0x482,0x8,0x52 0x01 0x02 0x00 0x00 0x00 0x00 0x00,0x36EA,ACK
6.8941815000,1485,Data,0x483,0x8,0x31 0x4B 0x31 0x55 0x41 0x32 0x35 0x35,0x717E,ACK
6.8944157000,1486,Data,0x484,0x8,0x31 0x50 0x33 0x39 0x36 0x35 0x00 0x00,0x0196,ACK
6.9107137000,1487,Data,0x100,0x8,0x00 0x00 0x00 0x40 0x0F 0x4F 0x23 0x32,0x4E99,ACK
6.9307117000,1488,Data,0x100,0x8,0x00 0x00 0x00 0x40 0x0F 0x4F 0x23 0x32,0x4E99,ACK
6.9354159000,1489,Extend Data,0x18EF073E,0x4,0x01 0x01 0x02 0x0E,0x1389,ACK
6.9507118000,1490,Data,0x100,0x8,0x00 0x00 0x00 0x40 0x0F 0x4F 0x23 0x32,0x4E99,ACK
6.9707117000,1491,Data,0x100,0x8,0x00 0x00 0x00 0x40 0x0F 0x4F 0x23 0x32,0x4E99,ACK
6.9817980000,1492,Extend Data,0x1CEC3E07,0x8,0x10 0x13 0x00 0x03 0xFF 0x00 0xEF 0x00,0x1F52,ACK
6.9820981000,1493,Extend Data,0x18EC073E,0x8,0x11 0x03 0x01 0xFF 0xFF 0x00 0xEF 0x00,0x34D9,ACK
6.9828382000,1494,Extend Data,0x1CEB3E07,0x8,0x01 0x01 0x04 0x02 0xB4 0xC1 0x83 0x58,0x140B,ACK
6.9831225000,1495,Extend Data,0x1CEB3E07,0x8,0x02 0x51 0xE5 0xB2 0x6B 0x32 0xAC 0x86,0x3C30,ACK
6.9833907000,1496,Extend Data,0x1CEB3E07,0x8,0x03 0x0E 0x1A 0xB9 0x10 0xF9 0xFF 0xFF,0x4FA2,ACK
6.9837148000,1497,Extend Data,0x18EC073E,0x8,0x13 0x13 0x00 0x03 0xFF 0x00 0xEF 0x00,0x4215,ACK
6.9895850000,1498,Data,0x422,0x8,0x00 0x00 0x20 0x00 0x15 0x00 0x02 0x00,0x33F1,ACK
6.9907311000,1499,Data,0x100,0x8,0x00 0x00 0x00 0x40 0x0F 0x4F 0x23 0x32,0x4E99,ACK
6.9909773000,1500,Data,0x203,0x8,0x01 0x00 0x57 0x00 0x57 0x00 0x00 0x00,0x25CC,ACK
6.9912236000,1501,Data,0x204,0x8,0x00 0x00 0x00 0x00 0x00 0x00 0x00 0x00,0x79D1,ACK
6.9914758000,1502,Data,0x421,0x8,0x38 0x36 0x31 0x34 0xFB 0x04 0x55 0x04,0x0DC7,ACK
6.9917099000,1503,Data,0x205,0x8,0x00 0x00 0x00 0x00 0x00 0x00 0x00 0x00,0x72CA,ACK
6.9919601000,1504,Data,0x209,0x8,0x9F 0x27 0x10 0x04 0x90 0x49 0x00 0x00,0x59C2,ACK
6.9921963000,1505,Data,0x20A,0x8,0x00 0x00 0x00 0x00 0x00 0x00 0x00 0x00,0x1B53,ACK
6.9924506000,1506,Data,0x20B,0x8,0xBC 0x02 0x64 0x00 0x01 0xC8 0x00 0x00,0x021C,ACK
6.9927068000,1507,Data,0x20C,0x8,0x00 0x80 0x1E 0x34 0x1E 0x07 0x00 0x00,0x3A9D,ACK
6.9997470000,1508,Data,0x310,0x8,0xF1 0x0E 0x78 0x05 0x12 0x02 0x01 0xC8,0x2684,ACK
7.0004713000,1509,Data,0x311,0x8,0x39 0x1E 0x07 0x3F 0x90 0x01 0x00 0x00,0x66BC,ACK
7.0103773000,1510,Extend Data,0x18EF073E,0x4,0x01 0x01 0x0A 0x04,0x50DA,ACK
7.0107095000,1511,Data,0x100,0x8,0x00 0x00 0x00 0x40 0x0F 0x4F 0x23 0x32,0x4E99,ACK
7.0307095000,1512,Data,0x100,0x8,0x00 0x00 0x00 0x40 0x0F 0x4F 0x23 0x32,0x4E99,ACK
7.0507095000,1513,Data,0x100,0x8,0x00 0x00 0x00 0x40 0x0F 0x4F 0x23 0x32,0x4E99,ACK
7.0569876000,1514,Extend Data,0x18EF3E07,0x7,0x01 0x04 0x0A 0x7C 0x33 0x00 0x00,0x2745,ACK
7.0707116000,1515,Data,0x100,0x8,0x00 0x00 0x00 0x40 0x0F 0x4F 0x23 0x32,0x4E99,ACK
7.0726778000,1516,Extend Data,0x18EF073E,0x4,0x01 0x01 0x10 0x02,0x44F3,ACK
7.0907378000,1517,Data,0x100,0x8,0x00 0x00 0x00 0x40 0x0F 0x4F 0x23 0x32,0x4E99,ACK
7.0909860000,1518,Data,0x203,0x8,0x01 0x00 0x57 0x00 0x57 0x00 0x00 0x00,0x25CC,ACK
7.0912343000,1519,Data,0x204,0x8,0x00 0x00 0x00 0x00 0x00 0x00 0x00 0x00,0x79D1,ACK
7.0914905000,1520,Data,0x205,0x8,0x00 0x00 0x00 0x00 0x00 0x00 0x00 0x00,0x72CA,ACK
7.0917888000,1521,Data,0x209,0x8,0x9F 0x27 0x10 0x04 0x90 0x49 0x00 0x00,0x59C2,ACK
7.0920310000,1522,Data,0x20A,0x8,0x00 0x00 0x00 0x00 0x00 0x00 0x00 0x00,0x1B53,ACK
7.0922853000,1523,Data,0x20B,0x8,0xBC 0x02 0x64 0x00 0x01 0xC8 0x00 0x00,0x021C,ACK
7.0925295000,1524,Data,0x20C,0x8,0x00 0x80 0x1E 0x34 0x1E 0x07 0x00 0x00,0x3A9D,ACK
7.0927837000,1525,Data,0x301,0x8,0x00 0x00 0x00 0x00 0x00 0x00 0x00 0x00,0x7E55,ACK
7.0930400000,1526,Data,0x302,0x2,0x00 0xFF,0x6FC0,ACK
7.0931842000,1527,Data,0x485,0x8,0x22 0x00 0x00 0x00 0x62 0x00 0x14 0x0C,0x569F,ACK
7.1065944000,1528,Extend Data,0x18EF3E07,0x5,0x01 0x04 0x10 0x0D 0x00,0x0F0B,ACK
7.1107125000,1529,Data,0x100,0x8,0x00 0x00 0x00 0x40 0x0F 0x4F 0x23 0x32,0x4E99,ACK
7.1307105000,1530,Data,0x100,0x8,0x00 0x00 0x00 0x40 0x0F 0x4F 0x23 0x32,0x4E99,ACK
7.1454925000,1531,Extend Data,0x18EF073E,0x4,0x01 0x01 0x11 0x02,0x00D5,ACK
7.1507107000,1532,Data,0x100,0x8,0x00 0x00 0x00 0x40 0x0F 0x4F 0x23 0x32,0x4E99,ACK
7.1707106000,1533,Data,0x100,0x8,0x00 0x00 0x00 0x40 0x0F 0x4F 0x23 0x32,0x4E99,ACK
7.1809927000,1534,Extend Data,0x18EF3E07,0x5,0x01 0x04 0x11 0xE0 0x01,0x11AD,ACK
7.1907307000,1535,Data,0x100,0x8,0x00 0x00 0x00 0x40 0x0F 0x4F 0x23 0x32,0x4E99,ACK
7.1909750000,1536,Data,0x203,0x8,0x01 0x00 0x57 0x00 0x57 0x00 0x00 0x00,0x25CC,ACK
7.1912231000,1537,Data,0x204,0x8,0x00 0x00 0x00 0x00 0x00 0x00 0x00 0x00,0x79D1,ACK
7.1914793000,1538,Data,0x205,0x8,0x00 0x00 0x00 0x00 0x00 0x00 0x00 0x00,0x72CA,ACK
7.1917856000,1539,Data,0x209,0x8,0x9F 0x27 0x10 0x04 0x90 0x49 0x00 0x00,0x59C2,ACK
7.1920278000,1540,Data,0x20A,0x8,0x00 0x00 0x00 0x00 0x00 0x00 0x00 0x00,0x1B53,ACK
7.1922841000,1541,Data,0x20B,0x8,0xBC 0x02 0x64 0x00 0x01 0xC8 0x00 0x00,0x021C,ACK
7.1925283000,1542,Data,0x20C,0x8,0x00 0x80 0x1E 0x34 0x1E 0x07 0x00 0x00,0x3A9D,ACK
7.2000965000,1543,Data,0x311,0x8,0x39 0x1E 0x07 0x3F 0x90 0x01 0x00 0x00,0x66BC,ACK
7.2014908000,1544,Data,0x310,0x8,0xF1 0x0E 0x78 0x05 0x12 0x02 0x01 0xC8,0x2684,ACK
7.2053169000,1545,Extend Data,0x18EF073E,0x4,0x01 0x01 0x13 0x02,0x4D00,ACK
7.2059210000,1546,Extend Data,0x18EF3E07,0x5,0x01 0x04 0x13 0xFB 0x04,0x6F21,ACK
7.2107091000,1547,Data,0x100,0x8,0x00 0x00 0x00 0x40 0x0F 0x4F 0x23 0x32,0x4E99,ACK
7.2307090000,1548,Data,0x100,0x8,0x00 0x00 0x00 0x40 0x0F 0x4F 0x23 0x32,0x4E99,ACK
7.2507090000,1549,Data,0x100,0x8,0x00 0x00 0x00 0x40 0x0F 0x4F 0x23 0x32,0x4E99,ACK
7.2707089000,1550,Data,0x100,0x8,0x00 0x00 0x00 0x40 0x0F 0x4F 0x23 0x32,0x4E99,ACK
7.2809111000,1551,Extend Data,0x18EF073E,0x4,0x01 0x01 0x94 0x02,0x22CA,ACK
7.2814711000,1552,Extend Data,0x18EF3E07,0x5,0x01 0x04 0x94 0x28 0x00,0x3DCE,ACK
7.2907352000,1553,Data,0x100,0x8,0x00 0x00 0x00 0x40 0x0F 0x4F 0x23 0x32,0x4E99,ACK
7.2909814000,1554,Data,0x203,0x8,0x01 0x00 0x57 0x00 0x57 0x00 0x00 0x00,0x25CC,ACK
7.2912277000,1555,Data,0x204,0x8,0x00 0x00 0x00 0x00 0x00 0x00 0x00 0x00,0x79D1,ACK
7.2914839000,1556,Data,0x205,0x8,0x00 0x00 0x00 0x00 0x00 0x00 0x00 0x00,0x72CA,ACK
7.2917741000,1557,Data,0x209,0x8,0x9F 0x27 0x10 0x04 0x90 0x49 0x00 0x00,0x59C2,ACK
7.2920164000,1558,Data,0x20A,0x8,0x00 0x00 0x00 0x00 0x00 0x00 0x00 0x00,0x1B53,ACK
7.2922706000,1559,Data,0x20B,0x8,0xBC 0x02 0x64 0x00 0x01 0xC8 0x00 0x00,0x021C,ACK
7.2925149000,1560,Data,0x20C,0x8,0x00 0x80 0x1E 0x34 0x1E 0x07 0x00 0x00,0x3A9D,ACK
7.2927691000,1561,Data,0x301,0x8,0x00 0x00 0x00 0x00 0x00 0x00 0x00 0x00,0x7E55,ACK
7.2930254000,1562,Data,0x302,0x2,0x00 0xFF,0x6FC0,ACK
7.2931696000,1563,Data,0x485,0x8,0x22 0x00 0x00 0x00 0x62 0x00 0x14 0x0C,0x569F,ACK
7.3107076000,1564,Data,0x100,0x8,0x00 0x00 0x00 0x40 0x0F 0x4F 0x23 0x32,0x4E99,ACK
7.3307056000,1565,Data,0x100,0x8,0x00 0x00 0x00 0x40 0x0F 0x4F 0x23 0x32,0x4E99,ACK
7.3405517000,1566,Extend Data,0x18EF023E,0x4,0x01 0x01 0x86 0x02,0x29F7,ACK
7.3507058000,1567,Data,0x100,0x8,0x00 0x00 0x00 0x40 0x0F 0x4F 0x23 0x32,0x4E99,ACK
7.3707058000,1568,Data,0x100,0x8,0x00 0x00 0x00 0x40 0x0F 0x4F 0x23 0x32,0x4E99,ACK
7.3877120000,1569,Data,0x423,0x8,0xBC 0x02 0x64 0x00 0x28 0x00 0x01 0x00,0x4F59,ACK
7.3886043000,1570,Data,0x425,0x8,0x01 0x64 0x49 0x57 0x57 0x59 0x01 0xFF,0x4E46,ACK
7.3888405000,1571,Data,0x429,0x8,0x20 0x00 0x00 0x00 0x00 0x00 0x00 0x00,0x7AC7,ACK
7.3890888000,1572,Data,0x420,0x8,0xAF 0x14 0x00 0x00 0x66 0x03 0x00 0x00,0x67E8,ACK
7.3907248000,1573,Data,0x100,0x8,0x00 0x00 0x00 0x40 0x0F 0x4F 0x23 0x32,0x4E99,ACK
7.3909711000,1574,Data,0x203,0x8,0x01 0x00 0x57 0x00 0x57 0x00 0x00 0x00,0x25CC,ACK
7.3912173000,1575,Data,0x204,0x8,0x00 0x00 0x00 0x00 0x00 0x00 0x00 0x00,0x79D1,ACK
7.3914736000,1576,Data,0x205,0x8,0x00 0x00 0x00 0x00 0x00 0x00 0x00 0x00,0x72CA,ACK
7.3917838000,1577,Data,0x209,0x8,0x9F 0x27 0x10 0x04 0x90 0x49 0x00 0x00,0x59C2,ACK
7.3920241000,1578,Data,0x20A,0x8,0x00 0x00 0x00 0x00 0x00 0x00 0x00 0x00,0x1B53,ACK
7.3922803000,1579,Data,0x20B,0x8,0xBC 0x02 0x64 0x00 0x01 0xC8 0x00 0x00,0x021C,ACK
7.3925266000,1580,Data,0x20C,0x8,0x00 0x80 0x1E 0x34 0x1E 0x07 0x00 0x00,0x3A9D,ACK
7.4003308000,1581,Data,0x311,0x8,0x39 0x1E 0x07 0x3F 0x90 0x01 0x00 0x00,0x66BC,ACK
7.4017830000,1582,Data,0x310,0x8,0xF1 0x0E 0x78 0x05 0x12 0x02 0x01 0xC8,0x2684,ACK
7.4107051000,1583,Data,0x100,0x8,0x00 0x00 0x00 0x40 0x0F 0x4F 0x23 0x32,0x4E99,ACK
7.4155932000,1584,Extend Data,0x18EF023E,0x4,0x01 0x01 0x48 0x02,0x67E1,ACK
7.4307052000,1585,Data,0x100,0x8,0x00 0x00 0x00 0x40 0x0F 0x4F 0x23 0x32,0x4E99,ACK
7.4507051000,1586,Data,0x100,0x8,0x00 0x00 0x00 0x40 0x0F 0x4F 0x23 0x32,0x4E99,ACK
7.4707071000,1587,Data,0x100,0x8,0x00 0x00 0x00 0x40 0x0F 0x4F 0x23 0x32,0x4E99,ACK
7.4755813000,1588,Extend Data,0x18EF023E,0x4,0x01 0x01 0x49 0x02,0x23C7,ACK
7.4901034000,1589,Data,0x422,0x8,0x00 0x00 0x20 0x00 0x15 0x00 0x02 0x00,0x33F1,ACK
7.4907315000,1590,Data,0x100,0x8,0x00 0x00 0x00 0x40 0x0F 0x4F 0x23 0x32,0x4E99,ACK
7.4909798000,1591,Data,0x203,0x8,0x01 0x00 0x57 0x00 0x57 0x00 0x00 0x00,0x25CC,ACK
7.4912280000,1592,Data,0x204,0x8,0x00 0x00 0x00 0x00 0x00 0x00 0x00 0x00,0x79D1,ACK
7.4914843000,1593,Data,0x205,0x8,0x00 0x00 0x00 0x00 0x00 0x00 0x00 0x00,0x72CA,ACK
7.4917825000,1594,Data,0x209,0x8,0x9F 0x27 0x10 0x04 0x90 0x49 0x00 0x00,0x59C2,ACK
7.4920187000,1595,Data,0x421,0x8,0x38 0x36 0x31 0x34 0xFB 0x04 0x55 0x04,0x0DC7,ACK
7.4922528000,1596,Data,0x20A,0x8,0x00 0x00 0x00 0x00 0x00 0x00 0x00 0x00,0x1B53,ACK
7.4925030000,1597,Data,0x20B,0x8,0xBC 0x02 0x64 0x00 0x01 0xC8 0x00 0x00,0x021C,ACK
7.4927433000,1598,Data,0x20C,0x8,0x00 0x80 0x1E 0x34 0x1E 0x07 0x00 0x00,0x3A9D,ACK
7.4929955000,1599,Data,0x301,0x8,0x00 0x00 0x00 0x00 0x00 0x00 0x00 0x00,0x7E55,ACK
7.4932518000,1600,Data,0x302,0x2,0x00 0xFF,0x6FC0,ACK
7.4933960000,1601,Data,0x485,0x8,0x22 0x00 0x00 0x00 0x62 0x00 0x14 0x0C,0x569F,ACK
7.5107060000,1602,Data,0x100,0x8,0x00 0x00 0x00 0x40 0x0F 0x4F 0x23 0x32,0x4E99,ACK
7.5307040000,1603,Data,0x100,0x8,0x00 0x00 0x00 0x40 0x0F 0x4F 0x23 0x32,0x4E99,ACK
7.5505759000,1604,Extend Data,0x18EF023E,0x4,0x01 0x01 0x40 0x02,0x1E1E,ACK
7.5507942000,1605,Data,0x100,0x8,0x00 0x00 0x00 0x40 0x0F 0x4F 0x23 0x32,0x4E99,ACK
7.5707041000,1606,Data,0x100,0x8,0x00 0x00 0x00 0x40 0x0F 0x4F 0x23 0x32,0x4E99,ACK
7.5907221000,1607,Data,0x100,0x8,0x00 0x00 0x00 0x40 0x0F 0x4F 0x23 0x32,0x4E99,ACK
7.5909684000,1608,Data,0x203,0x8,0x01 0x00 0x57 0x00 0x57 0x00 0x00 0x00,0x25CC,ACK
7.5912166000,1609,Data,0x204,0x8,0x00 0x00 0x00 0x00 0x00 0x00 0x00 0x00,0x79D1,ACK
7.5914729000,1610,Data,0x205,0x8,0x00 0x00 0x00 0x00 0x00 0x00 0x00 0x00,0x72CA,ACK
7.5917811000,1611,Data,0x209,0x8,0x9F 0x27 0x10 0x04 0x90 0x49 0x00 0x00,0x59C2,ACK
7.5920213000,1612,Data,0x20A,0x8,0x00 0x00 0x00 0x00 0x00 0x00 0x00 0x00,0x1B53,ACK
7.5922756000,1613,Data,0x20B,0x8,0xBC 0x02 0x64 0x00 0x01 0xC8 0x00 0x00,0x021C,ACK
7.5925198000,1614,Data,0x20C,0x8,0x00 0x80 0x1E 0x34 0x1E 0x07 0x00 0x00,0x3A9D,ACK
7.6008080000,1615,Data,0x311,0x8,0x39 0x1E 0x07 0x3F 0x90 0x01 0x00 0x00,0x66BC,ACK
7.6022203000,1616,Data,0x310,0x8,0xF1 0x0E 0x78 0x05 0x12 0x02 0x01 0xC8,0x2684,ACK
7.6105923000,1617,Extend Data,0x18EF023E,0x4,0x01 0x01 0x3E 0x02,0x32AB,ACK
7.6108106000,1618,Data,0x100,0x8,0x00 0x00 0x00 0x40 0x0F 0x4F 0x23 0x32,0x4E99,ACK
7.6307025000,1619,Data,0x100,0x8,0x00 0x00 0x00 0x40 0x0F 0x4F 0x23 0x32,0x4E99,ACK
7.6507025000,1620,Data,0x100,0x8,0x00 0x00 0x00 0x40 0x0F 0x4F 0x23 0x32,0x4E99,ACK
7.6577387000,1621,Extend Data,0x18EC0216,0x8,0xFF 0xFF 0xFF 0xFF 0xFF 0x00 0xEF 0x00,0x288F,ACK
7.6707027000,1622,Data,0x100,0x8,0x00 0x00 0x00 0x40 0x0F 0x4F 0x23 0x32,0x4E99,ACK
7.6855668000,1623,Extend Data,0x18EF023E,0x4,0x01 0x01 0x10 0x0E,0x18B4,ACK
7.6907269000,1624,Data,0x100,0x8,0x00 0x00 0x00 0x40 0x0F 0x4F 0x23 0x32,0x4E99,ACK
7.6909732000,1625,Data,0x203,0x8,0x01 0x00 0x57 0x00 0x57 0x00 0x00 0x00,0x25CC,ACK
7.6912214000,1626,Data,0x204,0x8,0x00 0x00 0x00 0x00 0x00 0x00 0x00 0x00,0x79D1,ACK
7.6914777000,1627,Data,0x205,0x8,0x00 0x00 0x00 0x00 0x00 0x00 0x00 0x00,0x72CA,ACK
7.6917679000,1628,Data,0x209,0x8,0x9F 0x27 0x10 0x04 0x90 0x49 0x00 0x00,0x59C2,ACK
7.6920102000,1629,Data,0x20A,0x8,0x00 0x00 0x00 0x00 0x00 0x00 0x00 0x00,0x1B53,ACK
7.6922644000,1630,Data,0x20B,0x8,0xBC 0x02 0x64 0x00 0x01 0xC8 0x00 0x00,0x021C,ACK
7.6925087000,1631,Data,0x20C,0x8,0x00 0x80 0x1E 0x34 0x1E 0x07 0x00 0x00,0x3A9D,ACK
7.6927609000,1632,Data,0x301,0x8,0x00 0x00 0x00 0x00 0x00 0x00 0x00 0x00,0x7E55,ACK
7.6930191000,1633,Data,0x302,0x2,0x00 0xFF,0x6FC0,ACK
7.6931634000,1634,Data,0x485,0x8,0x22 0x00 0x00 0x00 0x62 0x00 0x14 0x0C,0x569F,ACK
7.7107014000,1635,Data,0x100,0x8,0x00 0x00 0x00 0x40 0x0F 0x4F 0x23 0x32,0x4E99,ACK
7.7233197000,1636,Data,0x500,0x8,0x48 0x48 0x49 0xFF 0x48 0x49 0x49 0xFF,0x0870,ACK
7.7306897000,1637,Data,0x100,0x8,0x00 0x00 0x00 0x40 0x0F 0x4F 0x23 0x32,0x4E99,ACK
7.7507017000,1638,Data,0x100,0x8,0x00 0x00 0x00 0x40 0x0F 0x4F 0x23 0x32,0x4E99,ACK
7.7610158000,1639,Extend Data,0x18EF023E,0x4,0x01 0x01 0x83 0x02,0x33E2,ACK
7.7707019000,1640,Data,0x100,0x8,0x00 0x00 0x00 0x40 0x0F 0x4F 0x23 0x32,0x4E99,ACK
7.7907179000,1641,Data,0x100,0x8,0x00 0x00 0x00 0x40 0x0F 0x4F 0x23 0x32,0x4E99,ACK
7.7909641000,1642,Data,0x203,0x8,0x01 0x00 0x57 0x00 0x57 0x00 0x00 0x00,0x25CC,ACK
7.7912104000,1643,Data,0x204,0x8,0x00 0x00 0x00 0x00 0x00 0x00 0x00 0x00,0x79D1,ACK
7.7914666000,1644,Data,0x205,0x8,0x00 0x00 0x00 0x00 0x00 0x00 0x00 0x00,0x72CA,ACK
7.7917769000,1645,Data,0x209,0x8,0x9F 0x27 0x10 0x04 0x90 0x49 0x00 0x00,0x59C2,ACK
7.7920171000,1646,Data,0x20A,0x8,0x00 0x00 0x00 0x00 0x00 0x00 0x00 0x00,0x1B53,ACK
7.7922714000,1647,Data,0x20B,0x8,0xBC 0x02 0x64 0x00 0x01 0xC8 0x00 0x00,0x021C,ACK
7.7925156000,1648,Data,0x20C,0x8,0x00 0x80 0x1E 0x34 0x1E 0x07 0x00 0x00,0x3A9D,ACK
7.7941058000,1649,Data,0x424,0x8,0x68 0x4A 0x4D 0x69 0x00 0x00 0x00 0x00,0x43B6,ACK
7.8018381000,1650,Data,0x311,0x8,0x39 0x1E 0x07 0x3F 0x90 0x01 0x00 0x00,0x66BC,ACK
7.8032323000,1651,Data,0x310,0x8,0xF1 0x0E 0x78 0x05 0x12 0x02 0x01 0xC8,0x2684,ACK
7.8107003000,1652,Data,0x100,0x8,0x00 0x00 0x00 0x40 0x0F 0x4F 0x23 0x32,0x4E99,ACK
7.8205904000,1653,Extend Data,0x18EF023E,0x4,0x01 0x01 0x8F 0x02,0x142E,ACK
7.8307005000,1654,Data,0x100,0x8,0x00 0x00 0x00 0x40 0x0F 0x4F 0x23 0x32,0x4E99,ACK
7.8506885000,1655,Data,0x100,0x8,0x00 0x00 0x00 0x40 0x0F 0x4F 0x23 0x32,0x4E99,ACK
7.8706985000,1656,Data,0x100,0x8,0x00 0x00 0x00 0x40 0x0F 0x4F 0x23 0x32,0x4E99,ACK
7.8888667000,1657,Data,0x423,0x8,0xBC 0x02 0x64 0x00 0x28 0x00 0x01 0x00,0x4F59,ACK
7.8897489000,1658,Data,0x425,0x8,0x01 0x64 0x49 0x57 0x57 0x59 0x01 0xFF,0x4E46,ACK
7.8899812000,1659,Data,0x429,0x8,0x20 0x00 0x00 0x00 0x00 0x00 0x00 0x00,0x7AC7,ACK
7.8902294000,1660,Data,0x420,0x8,0xAF 0x14 0x00 0x00 0x66 0x03 0x00 0x00,0x67E8,ACK
7.8907396000,1661,Data,0x100,0x8,0x00 0x00 0x00 0x40 0x0F 0x4F 0x23 0x32,0x4E99,ACK
7.8909858000,1662,Data,0x203,0x8,0x01 0x00 0x57 0x00 0x57 0x00 0x00 0x00,0x25CC,ACK
7.8912341000,1663,Data,0x204,0x8,0x00 0x00 0x00 0x00 0x00 0x00 0x00 0x00,0x79D1,ACK
7.8914903000,1664,Data,0x205,0x8,0x00 0x00 0x00 0x00 0x00 0x00 0x00 0x00,0x72CA,ACK
7.8917766000,1665,Data,0x209,0x8,0x9F 0x27 0x10 0x04 0x90 0x49 0x00 0x00,0x59C2,ACK
7.8920168000,1666,Data,0x20A,0x8,0x00 0x00 0x00 0x00 0x00 0x00 0x00 0x00,0x1B53,ACK
7.8922710000,1667,Data,0x20B,0x8,0xBC 0x02 0x64 0x00 0x01 0xC8 0x00 0x00,0x021C,ACK
7.8925153000,1668,Data,0x20C,0x8,0x00 0x80 0x1E 0x34 0x1E 0x07 0x00 0x00,0x3A9D,ACK
7.8927675000,1669,Data,0x301,0x8,0x00 0x00 0x00 0x00 0x00 0x00 0x00 0x00,0x7E55,ACK
7.8930258000,1670,Data,0x302,0x2,0x00 0xFF,0x6FC0,ACK
7.8931700000,1671,Data,0x485,0x8,0x22 0x00 0x00 0x00 0x62 0x00 0x14 0x0C,0x569F,ACK
7.8934163000,1672,Data,0x480,0x8,0x00 0x00 0x00 0x00 0x21 0x00 0x00 0x00,0x32BE,ACK
7.8936725000,1673,Data,0x481,0x8,0xCA 0x17 0x08 0x13 0x00 0x00 0x00 0x00,0x1AA4,ACK
7.8939148000,1674,Data,0x482,0x8,0x52 0x01 0x02 0x00 0x00 0x00 0x00 0x00,0x36EA,ACK
7.8941630000,1675,Data,0x483,0x8,0x31 0x4B 0x31 0x55 0x41 0x32 0x35 0x35,0x717E,ACK
7.8943973000,1676,Data,0x484,0x8,0x31 0x50 0x33 0x39 0x36 0x35 0x00 0x00,0x0196,ACK
7.9106973000,1677,Data,0x100,0x8,0x00 0x00 0x00 0x40 0x0F 0x4F 0x23 0x32,0x4E99,ACK
7.9306972000,1678,Data,0x100,0x8,0x00 0x00 0x00 0x40 0x0F 0x4F 0x23 0x32,0x4E99,ACK
7.9506992000,1679,Data,0x100,0x8,0x00 0x00 0x00 0x40 0x0F 0x4F 0x23 0x32,0x4E99,ACK
7.9706972000,1680,Data,0x100,0x8,0x00 0x00 0x00 0x40 0x0F 0x4F 0x23 0x32,0x4E99,ACK
7.9899853000,1681,Data,0x422,0x8,0x00 0x00 0x20 0x00 0x15 0x00 0x02 0x00,0x33F1,ACK
7.9907154000,1682,Data,0x100,0x8,0x00 0x00 0x00 0x40 0x0F 0x4F 0x23 0x32,0x4E99,ACK
7.9909616000,1683,Data,0x203,0x8,0x01 0x00 0x57 0x00 0x57 0x00 0x00 0x00,0x25CC,ACK
7.9912079000,1684,Data,0x204,0x8,0x00 0x00 0x00 0x00 0x00 0x00 0x00 0x00,0x79D1,ACK
7.9914661000,1685,Data,0x205,0x8,0x00 0x00 0x00 0x00 0x00 0x00 0x00 0x00,0x72CA,ACK
7.9917183000,1686,Data,0x421,0x8,0x38 0x36 0x31 0x34 0xFB 0x04 0x55 0x04,0x0DC7,ACK
7.9919525000,1687,Data,0x209,0x8,0x9F 0x27 0x10 0x04 0x90 0x49 0x00 0x00,0x59C2,ACK
7.9921887000,1688,Data,0x20A,0x8,0x00 0x00 0x00 0x00 0x00 0x00 0x00 0x00,0x1B53,ACK
7.9924390000,1689,Data,0x20B,0x8,0xBC 0x02 0x64 0x00 0x01 0xC8 0x00 0x00,0x021C,ACK
7.9926912000,1690,Data,0x20C,0x8,0x00 0x80 0x1E 0x34 0x1E 0x07 0x00 0x00,0x3A9D,ACK
8.0028593000,1691,Data,0x311,0x8,0x39 0x1E 0x07 0x3F 0x90 0x01 0x00 0x00,0x66BC,ACK
8.0042536000,1692,Data,0x310,0x8,0xF1 0x0E 0x78 0x05 0x12 0x02 0x01 0xC8,0x2684,ACK
8.0106976000,1693,Data,0x100,0x8,0x00 0x00 0x00 0x40 0x0F 0x4F 0x23 0x32,0x4E99,ACK
8.0306976000,1694,Data,0x100,0x8,0x00 0x00 0x00 0x40 0x0F 0x4F 0x23 0x32,0x4E99,ACK
8.0506975000,1695,Data,0x100,0x8,0x00 0x00 0x00 0x40 0x0F 0x4F 0x23 0x32,0x4E99,ACK
8.0706955000,1696,Data,0x100,0x8,0x00 0x00 0x00 0x40 0x0F 0x4F 0x23 0x32,0x4E99,ACK
8.0907234000,1697,Data,0x100,0x8,0x00 0x00 0x00 0x40 0x0F 0x4F 0x23 0x32,0x4E99,ACK
8.0909717000,1698,Data,0x203,0x8,0x01 0x00 0x57 0x00 0x57 0x00 0x00 0x00,0x25CC,ACK
8.0912199000,1699,Data,0x204,0x8,0x00 0x00 0x00 0x00 0x00 0x00 0x00 0x00,0x79D1,ACK
8.0914762000,1700,Data,0x205,0x8,0x00 0x00 0x00 0x00 0x00 0x00 0x00 0x00,0x72CA,ACK
8.0917724000,1701,Data,0x209,0x8,0x9F 0x27 0x10 0x04 0x90 0x49 0x00 0x00,0x59C2,ACK
8.0920127000,1702,Data,0x20A,0x8,0x00 0x00 0x00 0x00 0x00 0x00 0x00 0x00,0x1B53,ACK
8.0922669000,1703,Data,0x20B,0x8,0xBC 0x02 0x64 0x00 0x01 0xC8 0x00 0x00,0x021C,ACK
8.0925132000,1704,Data,0x20C,0x8,0x00 0x80 0x1E 0x34 0x1E 0x07 0x00 0x00,0x3A9D,ACK
8.0927654000,1705,Data,0x301,0x8,0x00 0x00 0x00 0x00 0x00 0x00 0x00 0x00,0x7E55,ACK
8.0930217000,1706,Data,0x302,0x2,0x00 0xFF,0x6FC0,ACK
8.0931679000,1707,Data,0x485,0x8,0x22 0x00 0x00 0x00 0x62 0x00 0x14 0x0C,0x569F,ACK
8.1106959000,1708,Data,0x100,0x8,0x00 0x00 0x00 0x40 0x0F 0x4F 0x23 0x32,0x4E99,ACK
8.1306959000,1709,Data,0x100,0x8,0x00 0x00 0x00 0x40 0x0F 0x4F 0x23 0x32,0x4E99,ACK
8.1506938000,1710,Data,0x100,0x8,0x00 0x00 0x00 0x40 0x0F 0x4F 0x23 0x32,0x4E99,ACK
8.1706938000,1711,Data,0x100,0x8,0x00 0x00 0x00 0x40 0x0F 0x4F 0x23 0x32,0x4E99,ACK
8.1907138000,1712,Data,0x100,0x8,0x00 0x00 0x00 0x40 0x0F 0x4F 0x23 0x32,0x4E99,ACK
8.1909600000,1713,Data,0x203,0x8,0x01 0x00 0x57 0x00 0x57 0x00 0x00 0x00,0x25CC,ACK
8.1912083000,1714,Data,0x204,0x8,0x00 0x00 0x00 0x00 0x00 0x00 0x00 0x00,0x79D1,ACK
8.1914644000,1715,Data,0x205,0x8,0x00 0x00 0x00 0x00 0x00 0x00 0x00 0x00,0x72CA,ACK
8.1917726000,1716,Data,0x209,0x8,0x9F 0x27 0x10 0x04 0x90 0x49 0x00 0x00,0x59C2,ACK
8.1920129000,1717,Data,0x20A,0x8,0x00 0x00 0x00 0x00 0x00 0x00 0x00 0x00,0x1B53,ACK
8.1922671000,1718,Data,0x20B,0x8,0xBC 0x02 0x64 0x00 0x01 0xC8 0x00 0x00,0x021C,ACK
8.1925114000,1719,Data,0x20C,0x8,0x00 0x80 0x1E 0x34 0x1E 0x07 0x00 0x00,0x3A9D,ACK
8.2042716000,1720,Data,0x311,0x8,0x39 0x1E 0x07 0x3F 0x90 0x01 0x00 0x00,0x66BC,ACK
8.2056738000,1721,Data,0x310,0x8,0xF1 0x0E 0x78 0x05 0x12 0x02 0x01 0xC8,0x2684,ACK
8.2106939000,1722,Data,0x100,0x8,0x00 0x00 0x00 0x40 0x0F 0x4F 0x23 0x32,0x4E99,ACK
8.2306818000,1723,Data,0x100,0x8,0x00 0x00 0x00 0x40 0x0F 0x4F 0x23 0x32,0x4E99,ACK
8.2506938000,1724,Data,0x100,0x8,0x00 0x00 0x00 0x40 0x0F 0x4F 0x23 0x32,0x4E99,ACK
8.2706917000,1725,Data,0x100,0x8,0x00 0x00 0x00 0x40 0x0F 0x4F 0x23 0x32,0x4E99,ACK
8.2907177000,1726,Data,0x100,0x8,0x00 0x00 0x00 0x40 0x0F 0x4F 0x23 0x32,0x4E99,ACK
8.2909640000,1727,Data,0x203,0x8,0x01 0x00 0x57 0x00 0x57 0x00 0x00 0x00,0x25CC,ACK
8.2912102000,1728,Data,0x204,0x8,0x00 0x00 0x00 0x00 0x00 0x00 0x00 0x00,0x79D1,ACK
8.2914665000,1729,Data,0x205,0x8,0x00 0x00 0x00 0x00 0x00 0x00 0x00 0x00,0x72CA,ACK
8.2917707000,1730,Data,0x209,0x8,0x9F 0x27 0x10 0x04 0x90 0x49 0x00 0x00,0x59C2,ACK
8.2920109000,1731,Data,0x20A,0x8,0x00 0x00 0x00 0x00 0x00 0x00 0x00 0x00,0x1B53,ACK
8.2922652000,1732,Data,0x20B,0x8,0xBC 0x02 0x64 0x00 0x01 0xC8 0x00 0x00,0x021C,ACK
8.2925094000,1733,Data,0x20C,0x8,0x00 0x80 0x1E 0x34 0x1E 0x07 0x00 0x00,0x3A9D,ACK
8.2927617000,1734,Data,0x301,0x8,0x00 0x00 0x00 0x00 0x00 0x00 0x00 0x00,0x7E55,ACK
8.2930199000,1735,Data,0x302,0x2,0x00 0xFF,0x6FC0,ACK
8.2931642000,1736,Data,0x485,0x8,0x22 0x00 0x00 0x00 0x62 0x00 0x14 0x0C,0x569F,ACK
8.3106922000,1737,Data,0x100,0x8,0x00 0x00 0x00 0x40 0x0F 0x4F 0x23 0x32,0x4E99,ACK
8.3306941000,1738,Data,0x100,0x8,0x00 0x00 0x00 0x40 0x0F 0x4F 0x23 0x32,0x4E99,ACK
8.3506801000,1739,Data,0x100,0x8,0x00 0x00 0x00 0x40 0x0F 0x4F 0x23 0x32,0x4E99,ACK
8.3706921000,1740,Data,0x100,0x8,0x00 0x00 0x00 0x40 0x0F 0x4F 0x23 0x32,0x4E99,ACK
8.3893543000,1741,Data,0x423,0x8,0xBC 0x02 0x64 0x00 0x28 0x00 0x01 0x00,0x4F59,ACK
8.3902526000,1742,Data,0x425,0x8,0x01 0x64 0x49 0x57 0x57 0x59 0x01 0xFF,0x4E46,ACK
8.3904848000,1743,Data,0x429,0x8,0x20 0x00 0x00 0x00 0x00 0x00 0x00 0x00,0x7AC7,ACK
8.3907329000,1744,Data,0x100,0x8,0x00 0x00 0x00 0x40 0x0F 0x4F 0x23 0x32,0x4E99,ACK
8.3909751000,1745,Data,0x203,0x8,0x01 0x00 0x57 0x00 0x57 0x00 0x00 0x00,0x25CC,ACK
8.3912173000,1746,Data,0x204,0x8,0x00 0x00 0x00 0x00 0x00 0x00 0x00 0x00,0x79D1,ACK
8.3914696000,1747,Data,0x420,0x8,0xAF 0x14 0x00 0x00 0x66 0x03 0x00 0x00,0x67E8,ACK
8.3917096000,1748,Data,0x205,0x8,0x00 0x00 0x00 0x00 0x00 0x00 0x00 0x00,0x72CA,ACK
8.3919599000,1749,Data,0x209,0x8,0x9F 0x27 0x10 0x04 0x90 0x49 0x00 0x00,0x59C2,ACK
8.3921961000,1750,Data,0x20A,0x8,0x00 0x00 0x00 0x00 0x00 0x00 0x00 0x00,0x1B53,ACK
8.3924504000,1751,Data,0x20B,0x8,0xBC 0x02 0x64 0x00 0x01 0xC8 0x00 0x00,0x021C,ACK
8.3926966000,1752,Data,0x20C,0x8,0x00 0x80 0x1E 0x34 0x1E 0x07 0x00 0x00,0x3A9D,ACK
8.4040668000,1753,Data,0x311,0x8,0x39 0x1E 0x07 0x3F 0x90 0x01 0x00 0x00,0x66BC,ACK
8.4074971000,1754,Data,0x310,0x8,0xF1 0x0E 0x78 0x05 0x12 0x02 0x01 0xC8,0x2684,ACK
8.4106911000,1755,Data,0x100,0x8,0x00 0x00 0x00 0x40 0x0F 0x4F 0x23 0x32,0x4E99,ACK
8.4306911000,1756,Data,0x100,0x8,0x00 0x00 0x00 0x40 0x0F 0x4F 0x23 0x32,0x4E99,ACK
8.4506910000,1757,Data,0x100,0x8,0x00 0x00 0x00 0x40 0x0F 0x4F 0x23 0x32,0x4E99,ACK
8.4706890000,1758,Data,0x100,0x8,0x00 0x00 0x00 0x40 0x0F 0x4F 0x23 0x32,0x4E99,ACK
8.4903692000,1759,Data,0x422,0x8,0x00 0x00 0x20 0x00 0x15 0x00 0x02 0x00,0x33F1,ACK
8.4907173000,1760,Data,0x100,0x8,0x00 0x00 0x00 0x40 0x0F 0x4F 0x23 0x32,0x4E99,ACK
8.4909636000,1761,Data,0x203,0x8,0x01 0x00 0x57 0x00 0x57 0x00 0x00 0x00,0x25CC,ACK
8.4912098000,1762,Data,0x204,0x8,0x00 0x00 0x00 0x00 0x00 0x00 0x00 0x00,0x79D1,ACK
8.4914681000,1763,Data,0x205,0x8,0x00 0x00 0x00 0x00 0x00 0x00 0x00 0x00,0x72CA,ACK
8.4917683000,1764,Data,0x209,0x8,0x9F 0x27 0x10 0x04 0x90 0x49 0x00 0x00,0x59C2,ACK
8.4920086000,1765,Data,0x20A,0x8,0x00 0x00 0x00 0x00 0x00 0x00 0x00 0x00,0x1B53,ACK
8.4922587000,1766,Data,0x421,0x8,0x38 0x36 0x31 0x34 0xFB 0x04 0x55 0x04,0x0DC7,ACK
8.4924928000,1767,Data,0x20B,0x8,0xBC 0x02 0x64 0x00 0x01 0xC8 0x00 0x00,0x021C,ACK
8.4927331000,1768,Data,0x20C,0x8,0x00 0x80 0x1E 0x34 0x1E 0x07 0x00 0x00,0x3A9D,ACK
8.4929813000,1769,Data,0x301,0x8,0x00 0x00 0x00 0x00 0x00 0x00 0x00 0x00,0x7E55,ACK
8.4932396000,1770,Data,0x302,0x2,0x00 0xFF,0x6FC0,ACK
8.4933838000,1771,Data,0x485,0x8,0x22 0x00 0x00 0x00 0x62 0x00 0x14 0x0C,0x569F,ACK
8.5106898000,1772,Data,0x100,0x8,0x00 0x00 0x00 0x40 0x0F 0x4F 0x23 0x32,0x4E99,ACK
8.5306878000,1773,Data,0x100,0x8,0x00 0x00 0x00 0x40 0x0F 0x4F 0x23 0x32,0x4E99,ACK
8.5506897000,1774,Data,0x100,0x8,0x00 0x00 0x00 0x40 0x0F 0x4F 0x23 0x32,0x4E99,ACK
8.5706897000,1775,Data,0x100,0x8,0x00 0x00 0x00 0x40 0x0F 0x4F 0x23 0x32,0x4E99,ACK
8.5907077000,1776,Data,0x100,0x8,0x00 0x00 0x00 0x40 0x0F 0x4F 0x23 0x32,0x4E99,ACK
8.5909539000,1777,Data,0x203,0x8,0x01 0x00 0x57 0x00 0x57 0x00 0x00 0x00,0x25CC,ACK
8.5912022000,1778,Data,0x204,0x8,0x00 0x00 0x00 0x00 0x00 0x00 0x00 0x00,0x79D1,ACK
8.5914584000,1779,Data,0x205,0x8,0x00 0x00 0x00 0x00 0x00 0x00 0x00 0x00,0x72CA,ACK
8.5917666000,1780,Data,0x209,0x8,0x9F 0x27 0x10 0x04 0x90 0x49 0x00 0x00,0x59C2,ACK
8.5920069000,1781,Data,0x20A,0x8,0x00 0x00 0x00 0x00 0x00 0x00 0x00 0x00,0x1B53,ACK
8.5922611000,1782,Data,0x20B,0x8,0xBC 0x02 0x64 0x00 0x01 0xC8 0x00 0x00,0x021C,ACK
8.5925054000,1783,Data,0x20C,0x8,0x00 0x80 0x1E 0x34 0x1E 0x07 0x00 0x00,0x3A9D,ACK
8.6051016000,1784,Data,0x311,0x8,0x39 0x1E 0x07 0x3F 0x90 0x01 0x00 0x00,0x66BC,ACK
8.6085358000,1785,Data,0x310,0x8,0xF1 0x0E 0x78 0x05 0x12 0x02 0x01 0xC8,0x2684,ACK
8.6106900000,1786,Data,0x100,0x8,0x00 0x00 0x00 0x40 0x0F 0x4F 0x23 0x32,0x4E99,ACK
8.6306880000,1787,Data,0x100,0x8,0x00 0x00 0x00 0x40 0x0F 0x4F 0x23 0x32,0x4E99,ACK
8.6506879000,1788,Data,0x100,0x8,0x00 0x00 0x00 0x40 0x0F 0x4F 0x23 0x32,0x4E99,ACK
8.6706859000,1789,Data,0x100,0x8,0x00 0x00 0x00 0x40 0x0F 0x4F 0x23 0x32,0x4E99,ACK
8.6907138000,1790,Data,0x100,0x8,0x00 0x00 0x00 0x40 0x0F 0x4F 0x23 0x32,0x4E99,ACK
8.6909601000,1791,Data,0x203,0x8,0x01 0x00 0x57 0x00 0x57 0x00 0x00 0x00,0x25CC,ACK
8.6912083000,1792,Data,0x204,0x8,0x00 0x00 0x00 0x00 0x00 0x00 0x00 0x00,0x79D1,ACK
8.6914646000,1793,Data,0x205,0x8,0x00 0x00 0x00 0x00 0x00 0x00 0x00 0x00,0x72CA,ACK
8.6917648000,1794,Data,0x209,0x8,0x9F 0x27 0x10 0x04 0x90 0x49 0x00 0x00,0x59C2,ACK
8.6920051000,1795,Data,0x20A,0x8,0x00 0x00 0x00 0x00 0x00 0x00 0x00 0x00,0x1B53,ACK
8.6922613000,1796,Data,0x20B,0x8,0xBC 0x02 0x64 0x00 0x01 0xC8 0x00 0x00,0x021C,ACK
8.6925056000,1797,Data,0x20C,0x8,0x00 0x80 0x1E 0x34 0x1E 0x07 0x00 0x00,0x3A9D,ACK
8.6927598000,1798,Data,0x301,0x8,0x00 0x00 0x00 0x00 0x00 0x00 0x00 0x00,0x7E55,ACK
8.6930161000,1799,Data,0x302,0x2,0x00 0xFF,0x6FC0,ACK
8.6931623000,1800,Data,0x485,0x8,0x22 0x00 0x00 0x00 0x62 0x00 0x14 0x0C,0x569F,ACK
8.7106863000,1801,Data,0x100,0x8,0x00 0x00 0x00 0x40 0x0F 0x4F 0x23 0x32,0x4E99,ACK
8.7306883000,1802,Data,0x100,0x8,0x00 0x00 0x00 0x40 0x0F 0x4F 0x23 0x32,0x4E99,ACK
8.7506862000,1803,Data,0x100,0x8,0x00 0x00 0x00 0x40 0x0F 0x4F 0x23 0x32,0x4E99,ACK
8.7706862000,1804,Data,0x100,0x8,0x00 0x00 0x00 0x40 0x0F 0x4F 0x23 0x32,0x4E99,ACK
8.7872903000,1805,Data,0x501,0x8,0xB4 0xC1 0x83 0x58 0x51 0xE5 0xB2 0x6B,0x057E,ACK
8.7875206000,1806,Data,0x502,0x8,0x32 0xAC 0x86 0x0E 0x1A 0xB9 0x00 0x00,0x0E93,ACK
8.7907047000,1807,Data,0x100,0x8,0x00 0x00 0x00 0x40 0x0F 0x4F 0x23 0x32,0x4E99,ACK
8.7909509000,1808,Data,0x203,0x8,0x01 0x00 0x57 0x00 0x57 0x00 0x00 0x00,0x25CC,ACK
8.7911972000,1809,Data,0x204,0x8,0x00 0x00 0x00 0x00 0x00 0x00 0x00 0x00,0x79D1,ACK
8.7914534000,1810,Data,0x205,0x8,0x00 0x00 0x00 0x00 0x00 0x00 0x00 0x00,0x72CA,ACK
8.7917637000,1811,Data,0x209,0x8,0x9F 0x27 0x10 0x04 0x90 0x49 0x00 0x00,0x59C2,ACK
8.7920039000,1812,Data,0x20A,0x8,0x00 0x00 0x00 0x00 0x00 0x00 0x00 0x00,0x1B53,ACK
8.7922581000,1813,Data,0x20B,0x8,0xBC 0x02 0x64 0x00 0x01 0xC8 0x00 0x00,0x021C,ACK
8.7925044000,1814,Data,0x20C,0x8,0x00 0x80 0x1E 0x34 0x1E 0x07 0x00 0x00,0x3A9D,ACK
8.7939106000,1815,Data,0x424,0x8,0x69 0x4A 0x4D 0x69 0x00 0x00 0x00 0x00,0x1486,ACK
8.8057008000,1816,Data,0x311,0x8,0x39 0x1E 0x07 0x3F 0x90 0x01 0x00 0x00,0x66BC,ACK
8.8091491000,1817,Data,0x310,0x8,0xF1 0x0E 0x78 0x05 0x12 0x02 0x01 0xC8,0x2684,ACK
8.8106853000,1818,Data,0x100,0x8,0x00 0x00 0x00 0x40 0x0F 0x4F 0x23 0x32,0x4E99,ACK
8.8306852000,1819,Data,0x100,0x8,0x00 0x00 0x00 0x40 0x0F 0x4F 0x23 0x32,0x4E99,ACK
8.8506852000,1820,Data,0x100,0x8,0x00 0x00 0x00 0x40 0x0F 0x4F 0x23 0x32,0x4E99,ACK
8.8706851000,1821,Data,0x100,0x8,0x00 0x00 0x00 0x40 0x0F 0x4F 0x23 0x32,0x4E99,ACK
8.8904555000,1822,Data,0x423,0x8,0xBC 0x02 0x64 0x00 0x28 0x00 0x01 0x00,0x4F59,ACK
8.8907276000,1823,Data,0x100,0x8,0x00 0x00 0x00 0x40 0x0F 0x4F 0x23 0x32,0x4E99,ACK
8.8909759000,1824,Data,0x203,0x8,0x01 0x00 0x57 0x00 0x57 0x00 0x00 0x00,0x25CC,ACK
8.8912241000,1825,Data,0x204,0x8,0x00 0x00 0x00 0x00 0x00 0x00 0x00 0x00,0x79D1,ACK
8.8914762000,1826,Data,0x425,0x8,0x01 0x64 0x49 0x57 0x57 0x59 0x01 0xFF,0x4E46,ACK
8.8917083000,1827,Data,0x205,0x8,0x00 0x00 0x00 0x00 0x00 0x00 0x00 0x00,0x72CA,ACK
8.8919585000,1828,Data,0x209,0x8,0x9F 0x27 0x10 0x04 0x90 0x49 0x00 0x00,0x59C2,ACK
8.8921947000,1829,Data,0x20A,0x8,0x00 0x00 0x00 0x00 0x00 0x00 0x00 0x00,0x1B53,ACK
8.8924450000,1830,Data,0x429,0x8,0x20 0x00 0x00 0x00 0x00 0x00 0x00 0x00,0x7AC7,ACK
8.8926931000,1831,Data,0x20B,0x8,0xBC 0x02 0x64 0x00 0x01 0xC8 0x00 0x00,0x021C,ACK
8.8929332000,1832,Data,0x20C,0x8,0x00 0x80 0x1E 0x34 0x1E 0x07 0x00 0x00,0x3A9D,ACK
8.8931815000,1833,Data,0x301,0x8,0x00 0x00 0x00 0x00 0x00 0x00 0x00 0x00,0x7E55,ACK
8.8934337000,1834,Data,0x420,0x8,0xAF 0x14 0x00 0x00 0x66 0x03 0x00 0x00,0x67E8,ACK
8.8936738000,1835,Data,0x302,0x2,0x00 0xFF,0x6FC0,ACK
8.8938141000,1836,Data,0x480,0x8,0x00 0x00 0x00 0x00 0x21 0x00 0x00 0x00,0x32BE,ACK
8.8940663000,1837,Data,0x485,0x8,0x22 0x00 0x00 0x00 0x62 0x00 0x14 0x0C,0x569F,ACK
8.8943126000,1838,Data,0x481,0x8,0xCA 0x17 0x08 0x13 0x00 0x00 0x00 0x00,0x1AA4,ACK
8.8945568000,1839,Data,0x482,0x8,0x52 0x01 0x02 0x00 0x00 0x00 0x00 0x00,0x36EA,ACK
8.8948071000,1840,Data,0x483,0x8,0x31 0x4B 0x31 0x55 0x41 0x32 0x35 0x35,0x717E,ACK
8.8950413000,1841,Data,0x484,0x8,0x31 0x50 0x33 0x39 0x36 0x35 0x00 0x00,0x0196,ACK
8.9106853000,1842,Data,0x100,0x8,0x00 0x00 0x00 0x40 0x0F 0x4F 0x23 0x32,0x4E99,ACK
8.9306833000,1843,Data,0x100,0x8,0x00 0x00 0x00 0x40 0x0F 0x4F 0x23 0x32,0x4E99,ACK
8.9506712000,1844,Data,0x100,0x8,0x00 0x00 0x00 0x40 0x0F 0x4F 0x23 0x32,0x4E99,ACK
8.9706832000,1845,Data,0x100,0x8,0x00 0x00 0x00 0x40 0x0F 0x4F 0x23 0x32,0x4E99,ACK
8.9906913000,1846,Data,0x422,0x8,0x00 0x00 0x20 0x00 0x15 0x00 0x02 0x00,0x33F1,ACK
8.9909374000,1847,Data,0x100,0x8,0x00 0x00 0x00 0x40 0x0F 0x4F 0x23 0x32,0x4E99,ACK
8.9911797000,1848,Data,0x203,0x8,0x01 0x00 0x57 0x00 0x57 0x00 0x00 0x00,0x25CC,ACK
8.9914219000,1849,Data,0x204,0x8,0x00 0x00 0x00 0x00 0x00 0x00 0x00 0x00,0x79D1,ACK
8.9917602000,1850,Data,0x205,0x8,0x00 0x00 0x00 0x00 0x00 0x00 0x00 0x00,0x72CA,ACK
8.9920144000,1851,Data,0x209,0x8,0x9F 0x27 0x10 0x04 0x90 0x49 0x00 0x00,0x59C2,ACK
8.9922547000,1852,Data,0x20A,0x8,0x00 0x00 0x00 0x00 0x00 0x00 0x00 0x00,0x1B53,ACK
8.9925048000,1853,Data,0x421,0x8,0x38 0x36 0x31 0x34 0xFB 0x04 0x55 0x04,0x0DC7,ACK
8.9927390000,1854,Data,0x20B,0x8,0xBC 0x02 0x64 0x00 0x01 0xC8 0x00 0x00,0x021C,ACK
8.9929793000,1855,Data,0x20C,0x8,0x00 0x80 0x1E 0x34 0x1E 0x07 0x00 0x00,0x3A9D,ACK
9.0076894000,1856,Data,0x311,0x8,0x39 0x1E 0x07 0x3F 0x90 0x01 0x00 0x00,0x66BC,ACK
9.0091016000,1857,Data,0x310,0x8,0xF1 0x0E 0x78 0x05 0x12 0x02 0x01 0xC8,0x2684,ACK
9.0106718000,1858,Data,0x100,0x8,0x00 0x00 0x00 0x40 0x0F 0x4F 0x23 0x32,0x4E99,ACK
9.0306817000,1859,Data,0x100,0x8,0x00 0x00 0x00 0x40 0x0F 0x4F 0x23 0x32,0x4E99,ACK
9.0506837000,1860,Data,0x100,0x8,0x00 0x00 0x00 0x40 0x0F 0x4F 0x23 0x32,0x4E99,ACK
9.0706817000,1861,Data,0x100,0x8,0x00 0x00 0x00 0x40 0x0F 0x4F 0x23 0x32,0x4E99,ACK
9.0907096000,1862,Data,0x100,0x8,0x00 0x00 0x00 0x40 0x0F 0x4F 0x23 0x32,0x4E99,ACK
9.0909579000,1863,Data,0x203,0x8,0x01 0x00 0x57 0x00 0x57 0x00 0x00 0x00,0x25CC,ACK
9.0912061000,1864,Data,0x204,0x8,0x00 0x00 0x00 0x00 0x00 0x00 0x00 0x00,0x79D1,ACK
9.0914624000,1865,Data,0x205,0x8,0x00 0x00 0x00 0x00 0x00 0x00 0x00 0x00,0x72CA,ACK
9.0917586000,1866,Data,0x209,0x8,0x9F 0x27 0x10 0x04 0x90 0x49 0x00 0x00,0x59C2,ACK
9.0919989000,1867,Data,0x20A,0x8,0x00 0x00 0x00 0x00 0x00 0x00 0x00 0x00,0x1B53,ACK
9.0922531000,1868,Data,0x20B,0x8,0xBC 0x02 0x64 0x00 0x01 0xC8 0x00 0x00,0x021C,ACK
9.0924973000,1869,Data,0x20C,0x8,0x00 0x80 0x1E 0x34 0x1E 0x07 0x00 0x00,0x3A9D,ACK
9.0927516000,1870,Data,0x301,0x8,0x00 0x00 0x00 0x00 0x00 0x00 0x00 0x00,0x7E55,ACK
9.0930078000,1871,Data,0x302,0x2,0x00 0xFF,0x6FC0,ACK
9.0931541000,1872,Data,0x485,0x8,0x22 0x00 0x00 0x00 0x62 0x00 0x14 0x0C,0x569F,ACK
9.1106821000,1873,Data,0x100,0x8,0x00 0x00 0x00 0x40 0x0F 0x4F 0x23 0x32,0x4E99,ACK
9.1306800000,1874,Data,0x100,0x8,0x00 0x00 0x00 0x40 0x0F 0x4F 0x23 0x32,0x4E99,ACK
9.1506820000,1875,Data,0x100,0x8,0x00 0x00 0x00 0x40 0x0F 0x4F 0x23 0x32,0x4E99,ACK
9.1706800000,1876,Data,0x100,0x8,0x00 0x00 0x00 0x40 0x0F 0x4F 0x23 0x32,0x4E99,ACK
9.1906999000,1877,Data,0x100,0x8,0x00 0x00 0x00 0x40 0x0F 0x4F 0x23 0x32,0x4E99,ACK
9.1909462000,1878,Data,0x203,0x8,0x01 0x00 0x57 0x00 0x57 0x00 0x00 0x00,0x25CC,ACK
9.1911924000,1879,Data,0x204,0x8,0x00 0x00 0x00 0x00 0x00 0x00 0x00 0x00,0x79D1,ACK
9.1914487000,1880,Data,0x205,0x8,0x00 0x00 0x00 0x00 0x00 0x00 0x00 0x00,0x72CA,ACK
9.1917569000,1881,Data,0x209,0x8,0x9F 0x27 0x10 0x04 0x90 0x49 0x00 0x00,0x59C2,ACK
9.1919972000,1882,Data,0x20A,0x8,0x00 0x00 0x00 0x00 0x00 0x00 0x00 0x00,0x1B53,ACK
9.1922514000,1883,Data,0x20B,0x8,0xBC 0x02 0x64 0x00 0x01 0xC8 0x00 0x00,0x021C,ACK
9.1924957000,1884,Data,0x20C,0x8,0x00 0x80 0x1E 0x34 0x1E 0x07 0x00 0x00,0x3A9D,ACK
9.2089739000,1885,Data,0x311,0x8,0x39 0x1E 0x07 0x3F 0x90 0x01 0x00 0x00,0x66BC,ACK
9.2103701000,1886,Data,0x310,0x8,0xF1 0x0E 0x78 0x05 0x12 0x02 0x01 0xC8,0x2684,ACK
9.2106803000,1887,Data,0x100,0x8,0x00 0x00 0x00 0x40 0x0F 0x4F 0x23 0x32,0x4E99,ACK
9.2306802000,1888,Data,0x100,0x8,0x00 0x00 0x00 0x40 0x0F 0x4F 0x23 0x32,0x4E99,ACK
9.2506802000,1889,Data,0x100,0x8,0x00 0x00 0x00 0x40 0x0F 0x4F 0x23 0x32,0x4E99,ACK
9.2706782000,1890,Data,0x100,0x8,0x00 0x00 0x00 0x40 0x0F 0x4F 0x23 0x32,0x4E99,ACK
9.2907061000,1891,Data,0x100,0x8,0x00 0x00 0x00 0x40 0x0F 0x4F 0x23 0x32,0x4E99,ACK
9.2909544000,1892,Data,0x203,0x8,0x01 0x00 0x57 0x00 0x57 0x00 0x00 0x00,0x25CC,ACK
9.2912026000,1893,Data,0x204,0x8,0x00 0x00 0x00 0x00 0x00 0x00 0x00 0x00,0x79D1,ACK
9.2914589000,1894,Data,0x205,0x8,0x00 0x00 0x00 0x00 0x00 0x00 0x00 0x00,0x72CA,ACK
9.2917551000,1895,Data,0x209,0x8,0x9F 0x27 0x10 0x04 0x90 0x49 0x00 0x00,0x59C2,ACK
9.2919954000,1896,Data,0x20A,0x8,0x00 0x00 0x00 0x00 0x00 0x00 0x00 0x00,0x1B53,ACK
9.2922496000,1897,Data,0x20B,0x8,0xBC 0x02 0x64 0x00 0x01 0xC8 0x00 0x00,0x021C,ACK
9.2924959000,1898,Data,0x20C,0x8,0x00 0x80 0x1E 0x34 0x1E 0x07 0x00 0x00,0x3A9D,ACK
9.2927481000,1899,Data,0x301,0x8,0x00 0x00 0x00 0x00 0x00 0x00 0x00 0x00,0x7E55,ACK
9.2930043000,1900,Data,0x302,0x2,0x00 0xFF,0x6FC0,ACK
9.2931506000,1901,Data,0x485,0x8,0x22 0x00 0x00 0x00 0x62 0x00 0x14 0x0C,0x569F,ACK
9.3106666000,1902,Data,0x100,0x8,0x00 0x00 0x00 0x40 0x0F 0x4F 0x23 0x32,0x4E99,ACK
9.3306766000,1903,Data,0x100,0x8,0x00 0x00 0x00 0x40 0x0F 0x4F 0x23 0x32,0x4E99,ACK
9.3506765000,1904,Data,0x100,0x8,0x00 0x00 0x00 0x40 0x0F 0x4F 0x23 0x32,0x4E99,ACK
9.3706785000,1905,Data,0x100,0x8,0x00 0x00 0x00 0x40 0x0F 0x4F 0x23 0x32,0x4E99,ACK
9.3902066000,1906,Data,0x423,0x8,0xBC 0x02 0x64 0x00 0x28 0x00 0x01 0x00,0x4F59,ACK
9.3906967000,1907,Data,0x100,0x8,0x00 0x00 0x00 0x40 0x0F 0x4F 0x23 0x32,0x4E99,ACK
9.3909429000,1908,Data,0x203,0x8,0x01 0x00 0x57 0x00 0x57 0x00 0x00 0x00,0x25CC,ACK
9.3911851000,1909,Data,0x425,0x8,0x01 0x64 0x49 0x57 0x57 0x59 0x01 0xFF,0x4E46,ACK
9.3914172000,1910,Data,0x204,0x8,0x00 0x00 0x00 0x00 0x00 0x00 0x00 0x00,0x79D1,ACK
9.3916694000,1911,Data,0x205,0x8,0x00 0x00 0x00 0x00 0x00 0x00 0x00 0x00,0x72CA,ACK
9.3919196000,1912,Data,0x209,0x8,0x9F 0x27 0x10 0x04 0x90 0x49 0x00 0x00,0x59C2,ACK
9.3921559000,1913,Data,0x429,0x8,0x20 0x00 0x00 0x00 0x00 0x00 0x00 0x00,0x7AC7,ACK
9.3924039000,1914,Data,0x20A,0x8,0x00 0x00 0x00 0x00 0x00 0x00 0x00 0x00,0x1B53,ACK
9.3926542000,1915,Data,0x20B,0x8,0xBC 0x02 0x64 0x00 0x01 0xC8 0x00 0x00,0x021C,ACK
9.3928944000,1916,Data,0x20C,0x8,0x00 0x80 0x1E 0x34 0x1E 0x07 0x00 0x00,0x3A9D,ACK
9.3935666000,1917,Data,0x420,0x8,0xAF 0x14 0x00 0x00 0x66 0x03 0x00 0x00,0x67E8,ACK
9.4089409000,1918,Data,0x311,0x8,0x39 0x1E 0x07 0x3F 0x90 0x01 0x00 0x00,0x66BC,ACK
9.4103871000,1919,Data,0x310,0x8,0xF1 0x0E 0x78 0x05 0x12 0x02 0x01 0xC8,0x2684,ACK
9.4106753000,1920,Data,0x100,0x8,0x00 0x00 0x00 0x40 0x0F 0x4F 0x23 0x32,0x4E99,ACK
9.4306772000,1921,Data,0x100,0x8,0x00 0x00 0x00 0x40 0x0F 0x4F 0x23 0x32,0x4E99,ACK
9.4506772000,1922,Data,0x100,0x8,0x00 0x00 0x00 0x40 0x0F 0x4F 0x23 0x32,0x4E99,ACK
9.4706752000,1923,Data,0x100,0x8,0x00 0x00 0x00 0x40 0x0F 0x4F 0x23 0x32,0x4E99,ACK
9.4907031000,1924,Data,0x100,0x8,0x00 0x00 0x00 0x40 0x0F 0x4F 0x23 0x32,0x4E99,ACK
9.4909494000,1925,Data,0x203,0x8,0x01 0x00 0x57 0x00 0x57 0x00 0x00 0x00,0x25CC,ACK
9.4911976000,1926,Data,0x204,0x8,0x00 0x00 0x00 0x00 0x00 0x00 0x00 0x00,0x79D1,ACK
9.4914539000,1927,Data,0x205,0x8,0x00 0x00 0x00 0x00 0x00 0x00 0x00 0x00,0x72CA,ACK
9.4917541000,1928,Data,0x209,0x8,0x9F 0x27 0x10 0x04 0x90 0x49 0x00 0x00,0x59C2,ACK
9.4919902000,1929,Data,0x422,0x8,0x00 0x00 0x20 0x00 0x15 0x00 0x02 0x00,0x33F1,ACK
9.4922364000,1930,Data,0x20A,0x8,0x00 0x00 0x00 0x00 0x00 0x00 0x00 0x00,0x1B53,ACK
9.4924866000,1931,Data,0x20B,0x8,0xBC 0x02 0x64 0x00 0x01 0xC8 0x00 0x00,0x021C,ACK
9.4927269000,1932,Data,0x20C,0x8,0x00 0x80 0x1E 0x34 0x1E 0x07 0x00 0x00,0x3A9D,ACK
9.4929791000,1933,Data,0x301,0x8,0x00 0x00 0x00 0x00 0x00 0x00 0x00 0x00,0x7E55,ACK
9.4932354000,1934,Data,0x302,0x2,0x00 0xFF,0x6FC0,ACK
9.4933796000,1935,Data,0x485,0x8,0x22 0x00 0x00 0x00 0x62 0x00 0x14 0x0C,0x569F,ACK
9.4936217000,1936,Data,0x421,0x8,0x38 0x36 0x31 0x34 0xFB 0x04 0x55 0x04,0x0DC7,ACK
9.5106756000,1937,Data,0x100,0x8,0x00 0x00 0x00 0x40 0x0F 0x4F 0x23 0x32,0x4E99,ACK
9.5306756000,1938,Data,0x100,0x8,0x00 0x00 0x00 0x40 0x0F 0x4F 0x23 0x32,0x4E99,ACK
9.5506755000,1939,Data,0x100,0x8,0x00 0x00 0x00 0x40 0x0F 0x4F 0x23 0x32,0x4E99,ACK
9.5706755000,1940,Data,0x100,0x8,0x00 0x00 0x00 0x40 0x0F 0x4F 0x23 0x32,0x4E99,ACK
9.5906915000,1941,Data,0x100,0x8,0x00 0x00 0x00 0x40 0x0F 0x4F 0x23 0x32,0x4E99,ACK
9.5909377000,1942,Data,0x203,0x8,0x01 0x00 0x57 0x00 0x57 0x00 0x00 0x00,0x25CC,ACK
9.5911839000,1943,Data,0x204,0x8,0x00 0x00 0x00 0x00 0x00 0x00 0x00 0x00,0x79D1,ACK
9.5914402000,1944,Data,0x205,0x8,0x00 0x00 0x00 0x00 0x00 0x00 0x00 0x00,0x72CA,ACK
9.5917504000,1945,Data,0x209,0x8,0x9F 0x27 0x10 0x04 0x90 0x49 0x00 0x00,0x59C2,ACK
9.5919907000,1946,Data,0x20A,0x8,0x00 0x00 0x00 0x00 0x00 0x00 0x00 0x00,0x1B53,ACK
9.5922449000,1947,Data,0x20B,0x8,0xBC 0x02 0x64 0x00 0x01 0xC8 0x00 0x00,0x021C,ACK
9.5924892000,1948,Data,0x20C,0x8,0x00 0x80 0x1E 0x34 0x1E 0x07 0x00 0x00,0x3A9D,ACK
9.6095514000,1949,Data,0x311,0x8,0x39 0x1E 0x07 0x3F 0x90 0x01 0x00 0x00,0x66BC,ACK
9.6106735000,1950,Data,0x100,0x8,0x00 0x00 0x00 0x40 0x0F 0x4F 0x23 0x32,0x4E99,ACK
9.6110176000,1951,Data,0x310,0x8,0xF1 0x0E 0x78 0x05 0x12 0x02 0x01 0xC8,0x2684,ACK
9.6306735000,1952,Data,0x100,0x8,0x00 0x00 0x00 0x40 0x0F 0x4F 0x23 0x32,0x4E99,ACK
9.6506735000,1953,Data,0x100,0x8,0x00 0x00 0x00 0x40 0x0F 0x4F 0x23 0x32,0x4E99,ACK
9.6706734000,1954,Data,0x100,0x8,0x00 0x00 0x00 0x40 0x0F 0x4F 0x23 0x32,0x4E99,ACK
9.6907014000,1955,Data,0x100,0x8,0x00 0x00 0x00 0x40 0x0F 0x4F 0x23 0x32,0x4E99,ACK
9.6909496000,1956,Data,0x203,0x8,0x01 0x00 0x57 0x00 0x57 0x00 0x00 0x00,0x25CC,ACK
9.6911979000,1957,Data,0x204,0x8,0x00 0x00 0x00 0x00 0x00 0x00 0x00 0x00,0x79D1,ACK
9.6914541000,1958,Data,0x205,0x8,0x00 0x00 0x00 0x00 0x00 0x00 0x00 0x00,0x72CA,ACK
9.6917504000,1959,Data,0x209,0x8,0x9F 0x27 0x10 0x04 0x90 0x49 0x00 0x00,0x59C2,ACK
9.6919906000,1960,Data,0x20A,0x8,0x00 0x00 0x00 0x00 0x00 0x00 0x00 0x00,0x1B53,ACK
9.6922449000,1961,Data,0x20B,0x8,0xBC 0x02 0x64 0x00 0x01 0xC8 0x00 0x00,0x021C,ACK
9.6924911000,1962,Data,0x20C,0x8,0x00 0x80 0x1E 0x34 0x1E 0x07 0x00 0x00,0x3A9D,ACK
9.6927434000,1963,Data,0x301,0x8,0x00 0x00 0x00 0x00 0x00 0x00 0x00 0x00,0x7E55,ACK
9.6929996000,1964,Data,0x302,0x2,0x00 0xFF,0x6FC0,ACK
9.6931459000,1965,Data,0x485,0x8,0x22 0x00 0x00 0x00 0x62 0x00 0x14 0x0C,0x569F,ACK
9.7106719000,1966,Data,0x100,0x8,0x00 0x00 0x00 0x40 0x0F 0x4F 0x23 0x32,0x4E99,ACK
9.7235780000,1967,Data,0x500,0x8,0x48 0x48 0x49 0xFF 0x48 0x49 0x49 0xFF,0x0870,ACK
9.7306721000,1968,Data,0x100,0x8,0x00 0x00 0x00 0x40 0x0F 0x4F 0x23 0x32,0x4E99,ACK
9.7506720000,1969,Data,0x100,0x8,0x00 0x00 0x00 0x40 0x0F 0x4F 0x23 0x32,0x4E99,ACK
9.7706720000,1970,Data,0x100,0x8,0x00 0x00 0x00 0x40 0x0F 0x4F 0x23 0x32,0x4E99,ACK
9.7906920000,1971,Data,0x100,0x8,0x00 0x00 0x00 0x40 0x0F 0x4F 0x23 0x32,0x4E99,ACK
9.7909402000,1972,Data,0x203,0x8,0x01 0x00 0x57 0x00 0x57 0x00 0x00 0x00,0x25CC,ACK
9.7911885000,1973,Data,0x204,0x8,0x00 0x00 0x00 0x00 0x00 0x00 0x00 0x00,0x79D1,ACK
9.7914447000,1974,Data,0x205,0x8,0x00 0x00 0x00 0x00 0x00 0x00 0x00 0x00,0x72CA,ACK
9.7917349000,1975,Data,0x209,0x8,0x9F 0x27 0x10 0x04 0x90 0x49 0x00 0x00,0x59C2,ACK
9.7919772000,1976,Data,0x20A,0x8,0x00 0x00 0x00 0x00 0x00 0x00 0x00 0x00,0x1B53,ACK
9.7922334000,1977,Data,0x20B,0x8,0xBC 0x02 0x64 0x00 0x01 0xC8 0x00 0x00,0x021C,ACK
9.7924777000,1978,Data,0x20C,0x8,0x00 0x80 0x1E 0x34 0x1E 0x07 0x00 0x00,0x3A9D,ACK
9.7938239000,1979,Data,0x424,0x8,0x6A 0x4A 0x4D 0x69 0x00 0x00 0x00 0x00,0x284F,ACK
9.8096941000,1980,Data,0x311,0x8,0x39 0x1E 0x07 0x3F 0x90 0x01 0x00 0x00,0x66BC,ACK
9.8106703000,1981,Data,0x100,0x8,0x00 0x00 0x00 0x40 0x0F 0x4F 0x23 0x32,0x4E99,ACK
9.8111564000,1982,Data,0x310,0x8,0xF1 0x0E 0x78 0x05 0x12 0x02 0x01 0xC8,0x2684,ACK
9.8306703000,1983,Data,0x100,0x8,0x00 0x00 0x00 0x40 0x0F 0x4F 0x23 0x32,0x4E99,ACK
9.8506722000,1984,Data,0x100,0x8,0x00 0x00 0x00 0x40 0x0F 0x4F 0x23 0x32,0x4E99,ACK
9.8706702000,1985,Data,0x100,0x8,0x00 0x00 0x00 0x40 0x0F 0x4F 0x23 0x32,0x4E99,ACK
9.8905325000,1986,Data,0x423,0x8,0xBC 0x02 0x64 0x00 0x28 0x00 0x01 0x00,0x4F59,ACK
9.8907687000,1987,Data,0x100,0x8,0x00 0x00 0x00 0x40 0x0F 0x4F 0x23 0x32,0x4E99,ACK
9.8910109000,1988,Data,0x203,0x8,0x01 0x00 0x57 0x00 0x57 0x00 0x00 0x00,0x25CC,ACK
9.8912531000,1989,Data,0x204,0x8,0x00 0x00 0x00 0x00 0x00 0x00 0x00 0x00,0x79D1,ACK
9.8915052000,1990,Data,0x425,0x8,0x01 0x64 0x49 0x57 0x57 0x59 0x01 0xFF,0x4E46,ACK
9.8917374000,1991,Data,0x205,0x8,0x00 0x00 0x00 0x00 0x00 0x00 0x00 0x00,0x72CA,ACK
9.8919875000,1992,Data,0x209,0x8,0x9F 0x27 0x10 0x04 0x90 0x49 0x00 0x00,0x59C2,ACK
9.8922237000,1993,Data,0x20A,0x8,0x00 0x00 0x00 0x00 0x00 0x00 0x00 0x00,0x1B53,ACK
9.8924740000,1994,Data,0x429,0x8,0x20 0x00 0x00 0x00 0x00 0x00 0x00 0x00,0x7AC7,ACK
9.8927221000,1995,Data,0x20B,0x8,0xBC 0x02 0x64 0x00 0x01 0xC8 0x00 0x00,0x021C,ACK
9.8929624000,1996,Data,0x20C,0x8,0x00 0x80 0x1E 0x34 0x1E 0x07 0x00 0x00,0x3A9D,ACK
9.8932106000,1997,Data,0x301,0x8,0x00 0x00 0x00 0x00 0x00 0x00 0x00 0x00,0x7E55,ACK
9.8934669000,1998,Data,0x302,0x2,0x00 0xFF,0x6FC0,ACK
9.8936111000,1999,Data,0x485,0x8,0x22 0x00 0x00 0x00 0x62 0x00 0x14 0x0C,0x569F,ACK
9.8938574000,2000,Data,0x480,0x8,0x00 0x00 0x00 0x00 0x21 0x00 0x00 0x00,0x32BE,ACK
9.8941095000,2001,Data,0x420,0x8,0xAE 0x14 0x00 0x00 0x66 0x03 0x00 0x00,0x30D8,ACK
9.8943476000,2002,Data,0x481,0x8,0xCA 0x17 0x08 0x13 0x00 0x00 0x00 0x00,0x1AA4,ACK
9.8945859000,2003,Data,0x482,0x8,0x52 0x01 0x02 0x00 0x00 0x00 0x00 0x00,0x36EA,ACK
9.8948301000,2004,Data,0x483,0x8,0x31 0x4B 0x31 0x55 0x41 0x32 0x35 0x35,0x717E,ACK
9.8950643000,2005,Data,0x484,0x8,0x31 0x50 0x33 0x39 0x36 0x35 0x00 0x00,0x0196,ACK
9.9106704000,2006,Data,0x100,0x8,0x00 0x00 0x00 0x40 0x0F 0x4F 0x23 0x32,0x4E99,ACK
9.9306703000,2007,Data,0x100,0x8,0x00 0x00 0x00 0x40 0x0F 0x4F 0x23 0x32,0x4E99,ACK
9.9506583000,2008,Data,0x100,0x8,0x00 0x00 0x00 0x40 0x0F 0x4F 0x23 0x32,0x4E99,ACK
9.9706703000,2009,Data,0x100,0x8,0x00 0x00 0x00 0x40 0x0F 0x4F 0x23 0x32,0x4E99,ACK
9.9906862000,2010,Data,0x100,0x8,0x00 0x00 0x00 0x40 0x0F 0x4F 0x23 0x32,0x4E99,ACK
9.9909325000,2011,Data,0x203,0x8,0x01 0x00 0x57 0x00 0x57 0x00 0x00 0x00,0x25CC,ACK
9.9911807000,2012,Data,0x204,0x8,0x00 0x00 0x00 0x00 0x00 0x00 0x00 0x00,0x79D1,ACK
9.9914370000,2013,Data,0x205,0x8,0x00 0x00 0x00 0x00 0x00 0x00 0x00 0x00,0x72CA,ACK
9.9917452000,2014,Data,0x209,0x8,0x9F 0x27 0x10 0x04 0x90 0x49 0x00 0x00,0x59C2,ACK
9.9919855000,2015,Data,0x20A,0x8,0x00 0x00 0x00 0x00 0x00 0x00 0x00 0x00,0x1B53,ACK
9.9922397000,2016,Data,0x20B,0x8,0xBC 0x02 0x64 0x00 0x01 0xC8 0x00 0x00,0x021C,ACK
9.9924839000,2017,Data,0x20C,0x8,0x00 0x80 0x1E 0x34 0x1E 0x07 0x00 0x00,0x3A9D,ACK
9.9951421000,2018,Data,0x421,0x8,0x38 0x36 0x31 0x34 0xFB 0x04 0x55 0x04,0x0DC7,ACK
9.9960884000,2019,Data,0x422,0x8,0x00 0x00 0x20 0x00 0x15 0x00 0x02 0x00,0x33F1,ACK