Time [s],Packet,Type,ID,DLC,Data,CRC,ACK
0.0087754000,0,Data,0x100,0x8,0x00 0x00 0x00 0x40 0x0F 0x4F 0x23 0x32,0x4E99,ACK
0.0090237000,1,Data,0x203,0x8,0x01 0x00 0x57 0x00 0x57 0x00 0x00 0x00,0x25CC,ACK
0.0092699000,2,Data,0x204,0x8,0x00 0x00 0x00 0x00 0x00 0x00 0x00 0x00,0x79D1,ACK
0.0095282000,3,Data,0x205,0x8,0x00 0x00 0x00 0x00 0x00 0x00 0x00 0x00,0x72CA,ACK
0.0098324000,4,Data,0x209,0x8,0x9F 0x27 0x10 0x04 0x90 0x49 0x00 0x00,0x59C2,ACK
0.0100727000,5,Data,0x20A,0x8,0x00 0x00 0x00 0x00 0x00 0x00 0x00 0x00,0x1B53,ACK
0.0103269000,6,Data,0x20B,0x8,0xBC 0x02 0x64 0x00 0x01 0xC8 0x00 0x00,0x021C,ACK
0.0105712000,7,Data,0x20C,0x8,0x00 0xC4 0x1E 0x34 0x1E 0x07 0x00 0x00,0x7DA7,ACK
0.0287452000,8,Data,0x100,0x8,0x00 0x00 0x00 0x40 0x0F 0x4F 0x23 0x32,0x4E99,ACK
0.0398274000,9,Data,0x423,0x8,0xBC 0x02 0x64 0x00 0x3C 0x00 0x01 0x00,0x500B,ACK
0.0407256000,10,Data,0x425,0x8,0x01 0x64 0x49 0x57 0x57 0x58 0x01 0xFF,0x3E52,ACK
0.0409619000,11,Data,0x429,0x8,0x20 0x00 0x00 0x00 0x00 0x00 0x00 0x00,0x7AC7,ACK
0.0412102000,12,Data,0x420,0x8,0xA0 0x14 0xFA 0xFF 0x66 0x03 0x00 0x00,0x0477,ACK
0.0414504000,13,Data,0x421,0x8,0x38 0x36 0x31 0x34 0xFB 0x04 0x55 0x04,0x0DC7,ACK
0.0418326000,14,Data,0x422,0x8,0x00 0x00 0x20 0x00 0x15 0x00 0x02 0x00,0x33F1,ACK
0.0487566000,15,Data,0x100,0x8,0x00 0x00 0x00 0x40 0x0F 0x4F 0x23 0x32,0x4E99,ACK
0.0621825000,16,Data,0x212,0x8,0x52 0x01 0x00 0xC9 0x00 0x00 0x00 0x2A,0x2C4E,ACK
0.0624408000,17,Data,0x211,0x8,0xE4 0x00 0x2A 0x00 0x00 0x00 0x00 0x00,0x0D4D,ACK
0.0627230000,18,Data,0x343,0x8,0x00 0x00 0x00 0x00 0x00 0x00 0x00 0x00,0x33F5,ACK
0.0687551000,19,Data,0x100,0x8,0x00 0x00 0x00 0x40 0x0F 0x4F 0x23 0x32,0x4E99,ACK
0.0887530000,20,Data,0x100,0x8,0x00 0x00 0x00 0x40 0x0F 0x4F 0x23 0x32,0x4E99,ACK
0.1087810000,21,Data,0x100,0x8,0x00 0x00 0x00 0x40 0x0F 0x4F 0x23 0x32,0x4E99,ACK
0.1090273000,22,Data,0x203,0x8,0x01 0x00 0x57 0x00 0x57 0x00 0x00 0x00,0x25CC,ACK
0.1092735000,23,Data,0x204,0x8,0x00 0x00 0x00 0x00 0x00 0x00 0x00 0x00,0x79D1,ACK
0.1095317000,24,Data,0x205,0x8,0x00 0x00 0x00 0x00 0x00 0x00 0x00 0x00,0x72CA,ACK
0.1098320000,25,Data,0x209,0x8,0x9F 0x27 0x10 0x04 0x90 0x49 0x00 0x00,0x59C2,ACK
0.1100722000,26,Data,0x20A,0x8,0x00 0x00 0x00 0x00 0x00 0x00 0x00 0x00,0x1B53,ACK
0.1103285000,27,Data,0x20B,0x8,0xBC 0x02 0x64 0x00 0x01 0xC8 0x00 0x00,0x021C,ACK
0.1105727000,28,Data,0x20C,0x8,0x00 0xC4 0x1E 0x34 0x1E 0x07 0x00 0x00,0x7DA7,ACK
0.1108270000,29,Data,0x301,0x8,0x00 0x00 0x00 0x00 0x00 0x00 0x00 0x00,0x7E55,ACK
0.1110832000,30,Data,0x302,0x2,0x00 0xFF,0x6FC0,ACK
0.1112295000,31,Data,0x485,0x8,0x22 0x00 0x00 0x00 0x62 0x00 0x14 0x0C,0x569F,ACK
0.1287535000,32,Data,0x100,0x8,0x00 0x00 0x00 0x40 0x0F 0x4F 0x23 0x32,0x4E99,ACK
0.1487534000,33,Data,0x100,0x8,0x00 0x00 0x00 0x40 0x0F 0x4F 0x23 0x32,0x4E99,ACK
0.1622114000,34,Data,0x212,0x8,0x52 0x01 0x00 0xC9 0x00 0x00 0x00 0x2A,0x2C4E,ACK
0.1624696000,35,Data,0x211,0x8,0xE4 0x00 0x2A 0x00 0x00 0x00 0x00 0x00,0x0D4D,ACK
0.1627299000,36,Data,0x343,0x8,0x00 0x00 0x00 0x00 0x00 0x00 0x00 0x00,0x33F5,ACK
0.1629861000,37,Data,0x341,0x8,0x00 0x00 0x00 0x00 0x02 0x00 0x00 0x00,0x1833,ACK
0.1632844000,38,Data,0x342,0x8,0x0F 0x00 0x23 0x00 0x00 0xC4 0x0F 0x34,0x457A,ACK
0.1635446000,39,Data,0x344,0x8,0x00 0x00 0x00 0x03 0x00 0x00 0x00 0x00,0x6F15,ACK
0.1687526000,40,Data,0x100,0x8,0x00 0x00 0x00 0x40 0x0F 0x4F 0x23 0x32,0x4E99,ACK
0.1720348000,41,Data,0x310,0x8,0xF1 0x0E 0x78 0x05 0x12 0x02 0x01 0xC8,0x2684,ACK
0.1727691000,42,Data,0x311,0x8,0x39 0x1E 0x07 0x3F 0x90 0x01 0x00 0x00,0x66BC,ACK
0.1887530000,43,Data,0x100,0x8,0x00 0x00 0x00 0x40 0x0F 0x4F 0x23 0x32,0x4E99,ACK
0.2087709000,44,Data,0x100,0x8,0x00 0x00 0x00 0x40 0x0F 0x4F 0x23 0x32,0x4E99,ACK
0.2090172000,45,Data,0x203,0x8,0x01 0x00 0x57 0x00 0x57 0x00 0x00 0x00,0x25CC,ACK
0.2092654000,46,Data,0x204,0x8,0x00 0x00 0x00 0x00 0x00 0x00 0x00 0x00,0x79D1,ACK
0.2095217000,47,Data,0x205,0x8,0x00 0x00 0x00 0x00 0x00 0x00 0x00 0x00,0x72CA,ACK
0.2098299000,48,Data,0x209,0x8,0x9F 0x27 0x10 0x04 0x90 0x49 0x00 0x00,0x59C2,ACK
0.2100702000,49,Data,0x20A,0x8,0x00 0x00 0x00 0x00 0x00 0x00 0x00 0x00,0x1B53,ACK
0.2103244000,50,Data,0x20B,0x8,0xBC 0x02 0x64 0x00 0x01 0xC8 0x00 0x00,0x021C,ACK
0.2105687000,51,Data,0x20C,0x8,0x00 0xC4 0x1E 0x34 0x1E 0x07 0x00 0x00,0x7DA7,ACK
0.2287527000,52,Data,0x100,0x8,0x00 0x00 0x00 0x40 0x0F 0x4F 0x23 0x32,0x4E99,ACK
0.2487526000,53,Data,0x100,0x8,0x00 0x00 0x00 0x40 0x0F 0x4F 0x23 0x32,0x4E99,ACK
0.2621805000,54,Data,0x212,0x8,0x52 0x01 0x00 0xC9 0x00 0x00 0x00 0x2A,0x2C4E,ACK
0.2624428000,55,Data,0x211,0x8,0xE4 0x00 0x2A 0x00 0x00 0x00 0x00 0x00,0x0D4D,ACK
0.2626990000,56,Data,0x343,0x8,0x00 0x00 0x00 0x00 0x00 0x00 0x00 0x00,0x33F5,ACK
0.2687511000,57,Data,0x100,0x8,0x00 0x00 0x00 0x40 0x0F 0x4F 0x23 0x32,0x4E99,ACK
0.2887530000,58,Data,0x100,0x8,0x00 0x00 0x00 0x40 0x0F 0x4F 0x23 0x32,0x4E99,ACK
0.3087670000,59,Data,0x100,0x8,0x00 0x00 0x00 0x40 0x0F 0x4F 0x23 0x32,0x4E99,ACK
0.3090133000,60,Data,0x203,0x8,0x01 0x00 0x57 0x00 0x57 0x00 0x00 0x00,0x25CC,ACK
0.3092595000,61,Data,0x204,0x8,0x00 0x00 0x00 0x00 0x00 0x00 0x00 0x00,0x79D1,ACK
0.3095157000,62,Data,0x205,0x8,0x00 0x00 0x00 0x00 0x00 0x00 0x00 0x00,0x72CA,ACK
0.3098280000,63,Data,0x209,0x8,0x9F 0x27 0x10 0x04 0x90 0x49 0x00 0x00,0x59C2,ACK
0.3100682000,64,Data,0x20A,0x8,0x00 0x00 0x00 0x00 0x00 0x00 0x00 0x00,0x1B53,ACK
0.3103225000,65,Data,0x20B,0x8,0xBC 0x02 0x64 0x00 0x01 0xC8 0x00 0x00,0x021C,ACK
0.3105667000,66,Data,0x20C,0x8,0x00 0xC4 0x1E 0x34 0x1E 0x07 0x00 0x00,0x7DA7,ACK
0.3108190000,67,Data,0x301,0x8,0x00 0x00 0x00 0x00 0x00 0x00 0x00 0x00,0x7E55,ACK
0.3110752000,68,Data,0x302,0x2,0x00 0xFF,0x6FC0,ACK
0.3112195000,69,Data,0x485,0x8,0x22 0x00 0x00 0x00 0x62 0x00 0x14 0x0C,0x569F,ACK
0.3287515000,70,Data,0x100,0x8,0x00 0x00 0x00 0x40 0x0F 0x4F 0x23 0x32,0x4E99,ACK
0.3487513000,71,Data,0x100,0x8,0x00 0x00 0x00 0x40 0x0F 0x4F 0x23 0x32,0x4E99,ACK
0.3622192000,72,Data,0x212,0x8,0x52 0x01 0x00 0xC9 0x00 0x00 0x00 0x2A,0x2C4E,ACK
0.3624814000,73,Data,0x211,0x8,0xE4 0x00 0x2A 0x00 0x00 0x00 0x00 0x00,0x0D4D,ACK
0.3627376000,74,Data,0x343,0x8,0x00 0x00 0x00 0x00 0x00 0x00 0x00 0x00,0x33F5,ACK
0.3629958000,75,Data,0x341,0x8,0x00 0x00 0x00 0x00 0x02 0x00 0x00 0x00,0x1833,ACK
0.3632901000,76,Data,0x342,0x8,0x0F 0x00 0x23 0x00 0x00 0xC4 0x0F 0x34,0x457A,ACK
0.3635503000,77,Data,0x344,0x8,0x00 0x00 0x00 0x03 0x00 0x00 0x00 0x00,0x6F15,ACK
0.3638106000,78,Data,0x401,0x8,0x00 0x00 0x34 0x00 0x05 0x2A 0x00 0x00,0x4E01,ACK
0.3687506000,79,Data,0x100,0x8,0x00 0x00 0x00 0x40 0x0F 0x4F 0x23 0x32,0x4E99,ACK
0.3718288000,80,Data,0x310,0x8,0xF1 0x0E 0x78 0x05 0x12 0x02 0x01 0xC8,0x2684,ACK
0.3725631000,81,Data,0x311,0x8,0x39 0x1E 0x07 0x3F 0x90 0x01 0x00 0x00,0x66BC,ACK
0.3887490000,82,Data,0x100,0x8,0x00 0x00 0x00 0x40 0x0F 0x4F 0x23 0x32,0x4E99,ACK
0.4087689000,83,Data,0x100,0x8,0x00 0x00 0x00 0x40 0x0F 0x4F 0x23 0x32,0x4E99,ACK
0.4090152000,84,Data,0x203,0x8,0x01 0x00 0x57 0x00 0x57 0x00 0x00 0x00,0x25CC,ACK
0.4092614000,85,Data,0x204,0x8,0x00 0x00 0x00 0x00 0x00 0x00 0x00 0x00,0x79D1,ACK
0.4095177000,86,Data,0x205,0x8,0x00 0x00 0x00 0x00 0x00 0x00 0x00 0x00,0x72CA,ACK
0.4098279000,87,Data,0x209,0x8,0x9F 0x27 0x10 0x04 0x90 0x49 0x00 0x00,0x59C2,ACK
0.4100682000,88,Data,0x20A,0x8,0x00 0x00 0x00 0x00 0x00 0x00 0x00 0x00,0x1B53,ACK
0.4103224000,89,Data,0x20B,0x8,0xBC 0x02 0x64 0x00 0x01 0xC8 0x00 0x00,0x021C,ACK
0.4105667000,90,Data,0x20C,0x8,0x00 0xC4 0x1E 0x34 0x1E 0x07 0x00 0x00,0x7DA7,ACK
0.4287507000,91,Data,0x100,0x8,0x00 0x00 0x00 0x40 0x0F 0x4F 0x23 0x32,0x4E99,ACK
0.4487506000,92,Data,0x100,0x8,0x00 0x00 0x00 0x40 0x0F 0x4F 0x23 0x32,0x4E99,ACK
0.4621645000,93,Data,0x212,0x8,0x52 0x01 0x00 0xC9 0x00 0x00 0x00 0x2A,0x2C4E,ACK
0.4624468000,94,Data,0x211,0x8,0xE4 0x00 0x2A 0x00 0x00 0x00 0x00 0x00,0x0D4D,ACK
0.4627070000,95,Data,0x343,0x8,0x00 0x00 0x00 0x00 0x00 0x00 0x00 0x00,0x33F5,ACK
0.4687491000,96,Data,0x100,0x8,0x00 0x00 0x00 0x40 0x0F 0x4F 0x23 0x32,0x4E99,ACK
0.4887510000,97,Data,0x100,0x8,0x00 0x00 0x00 0x40 0x0F 0x4F 0x23 0x32,0x4E99,ACK
0.5087750000,98,Data,0x100,0x8,0x00 0x00 0x00 0x40 0x0F 0x4F 0x23 0x32,0x4E99,ACK
0.5090213000,99,Data,0x203,0x8,0x01 0x00 0x57 0x00 0x57 0x00 0x00 0x00,0x25CC,ACK
0.5092675000,100,Data,0x204,0x8,0x00 0x00 0x00 0x00 0x00 0x00 0x00 0x00,0x79D1,ACK
0.5095237000,101,Data,0x205,0x8,0x00 0x00 0x00 0x00 0x00 0x00 0x00 0x00,0x72CA,ACK
0.5098260000,102,Data,0x209,0x8,0x9F 0x27 0x10 0x04 0x90 0x49 0x00 0x00,0x59C2,ACK
0.5100662000,103,Data,0x20A,0x8,0x00 0x00 0x00 0x00 0x00 0x00 0x00 0x00,0x1B53,ACK
0.5103205000,104,Data,0x20B,0x8,0xBC 0x02 0x64 0x00 0x01 0xC8 0x00 0x00,0x021C,ACK
0.5105647000,105,Data,0x20C,0x8,0x00 0xC4 0x1E 0x34 0x1E 0x07 0x00 0x00,0x7DA7,ACK
0.5108190000,106,Data,0x301,0x8,0x00 0x00 0x00 0x00 0x00 0x00 0x00 0x00,0x7E55,ACK
0.5110752000,107,Data,0x302,0x2,0x00 0xFF,0x6FC0,ACK
0.5112195000,108,Data,0x485,0x8,0x22 0x00 0x00 0x00 0x62 0x00 0x14 0x0C,0x569F,ACK
0.5287475000,109,Data,0x100,0x8,0x00 0x00 0x00 0x40 0x0F 0x4F 0x23 0x32,0x4E99,ACK
0.5483056000,110,Data,0x500,0x8,0x48 0x48 0x49 0xFF 0x48 0x48 0x48 0xFF,0x3C42,ACK
0.5485458000,111,Data,0x423,0x8,0xBC 0x02 0x64 0x00 0x3C 0x00 0x01 0x00,0x500B,ACK
0.5487839000,112,Data,0x100,0x8,0x00 0x00 0x00 0x40 0x0F 0x4F 0x23 0x32,0x4E99,ACK
0.5492781000,113,Data,0x424,0x8,0x40 0x4A 0x4D 0x69 0x00 0x00 0x00 0x00,0x31A1,ACK
0.5495163000,114,Data,0x425,0x8,0x01 0x64 0x49 0x57 0x57 0x58 0x01 0xFF,0x3E52,ACK
0.5497526000,115,Data,0x429,0x8,0x20 0x00 0x00 0x00 0x00 0x00 0x00 0x00,0x7AC7,ACK
0.5500008000,116,Data,0x420,0x8,0xA0 0x14 0x00 0x00 0x66 0x03 0x00 0x00,0x6D9C,ACK
0.5502411000,117,Data,0x421,0x8,0x38 0x36 0x31 0x34 0xFB 0x04 0x55 0x04,0x0DC7,ACK
0.5505633000,118,Data,0x422,0x8,0x00 0x00 0x20 0x00 0x15 0x00 0x02 0x00,0x33F1,ACK
0.5621712000,119,Data,0x212,0x8,0x52 0x01 0x00 0xC9 0x00 0x00 0x00 0x2A,0x2C4E,ACK
0.5624335000,120,Data,0x211,0x8,0xE4 0x00 0x2A 0x00 0x00 0x00 0x00 0x00,0x0D4D,ACK
0.5626937000,121,Data,0x343,0x8,0x00 0x00 0x00 0x00 0x00 0x00 0x00 0x00,0x33F5,ACK
0.5629500000,122,Data,0x341,0x8,0x00 0x00 0x00 0x00 0x02 0x00 0x00 0x00,0x1833,ACK
0.5632482000,123,Data,0x342,0x8,0x0F 0x00 0x23 0x00 0x00 0xC4 0x0F 0x34,0x457A,ACK
0.5635045000,124,Data,0x344,0x8,0x00 0x00 0x00 0x03 0x00 0x00 0x00 0x00,0x6F15,ACK
0.5687485000,125,Data,0x100,0x8,0x00 0x00 0x00 0x40 0x0F 0x4F 0x23 0x32,0x4E99,ACK
0.5729666000,126,Data,0x310,0x8,0xF1 0x0E 0x78 0x05 0x12 0x02 0x01 0xC8,0x2684,ACK
0.5737008000,127,Data,0x311,0x8,0x39 0x1E 0x07 0x3F 0x90 0x01 0x00 0x00,0x66BC,ACK
0.5887367000,128,Data,0x100,0x8,0x00 0x00 0x00 0x40 0x0F 0x4F 0x23 0x32,0x4E99,ACK
0.6087667000,129,Data,0x100,0x8,0x00 0x00 0x00 0x40 0x0F 0x4F 0x23 0x32,0x4E99,ACK
0.6090129000,130,Data,0x203,0x8,0x01 0x00 0x57 0x00 0x57 0x00 0x00 0x00,0x25CC,ACK
0.6092612000,131,Data,0x204,0x8,0x00 0x00 0x00 0x00 0x00 0x00 0x00 0x00,0x79D1,ACK
0.6095174000,132,Data,0x205,0x8,0x00 0x00 0x00 0x00 0x00 0x00 0x00 0x00,0x72CA,ACK
0.6098257000,133,Data,0x209,0x8,0x9F 0x27 0x10 0x04 0x90 0x49 0x00 0x00,0x59C2,ACK
0.6100659000,134,Data,0x20A,0x8,0x00 0x00 0x00 0x00 0x00 0x00 0x00 0x00,0x1B53,ACK
0.6103222000,135,Data,0x20B,0x8,0xBC 0x02 0x64 0x00 0x01 0xC8 0x00 0x00,0x021C,ACK
0.6105664000,136,Data,0x20C,0x8,0x00 0xC4 0x1E 0x34 0x1E 0x07 0x00 0x00,0x7DA7,ACK
0.6287484000,137,Data,0x100,0x8,0x00 0x00 0x00 0x40 0x0F 0x4F 0x23 0x32,0x4E99,ACK
0.6487484000,138,Data,0x100,0x8,0x00 0x00 0x00 0x40 0x0F 0x4F 0x23 0x32,0x4E99,ACK
0.6622063000,139,Data,0x212,0x8,0x52 0x01 0x00 0xC9 0x00 0x00 0x00 0x2A,0x2C4E,ACK
0.6624665000,140,Data,0x211,0x8,0xE4 0x00 0x2A 0x00 0x00 0x00 0x00 0x00,0x0D4D,ACK
0.6627228000,141,Data,0x343,0x8,0x00 0x00 0x00 0x00 0x00 0x00 0x00 0x00,0x33F5,ACK
0.6687468000,142,Data,0x100,0x8,0x00 0x00 0x00 0x40 0x0F 0x4F 0x23 0x32,0x4E99,ACK
0.6887448000,143,Data,0x100,0x8,0x00 0x00 0x00 0x40 0x0F 0x4F 0x23 0x32,0x4E99,ACK
0.7087867000,144,Data,0x100,0x8,0x00 0x00 0x00 0x40 0x0F 0x4F 0x23 0x32,0x4E99,ACK
0.7090330000,145,Data,0x203,0x8,0x01 0x00 0x57 0x00 0x57 0x00 0x00 0x00,0x25CC,ACK
0.7092792000,146,Data,0x204,0x8,0x00 0x00 0x00 0x00 0x00 0x00 0x00 0x00,0x79D1,ACK
0.7095355000,147,Data,0x205,0x8,0x00 0x00 0x00 0x00 0x00 0x00 0x00 0x00,0x72CA,ACK
0.7098237000,148,Data,0x209,0x8,0x9F 0x27 0x10 0x04 0x90 0x49 0x00 0x00,0x59C2,ACK
0.7100640000,149,Data,0x20A,0x8,0x00 0x00 0x00 0x00 0x00 0x00 0x00 0x00,0x1B53,ACK
0.7103182000,150,Data,0x20B,0x8,0xBC 0x02 0x64 0x00 0x01 0xC8 0x00 0x00,0x021C,ACK
0.7105625000,151,Data,0x20C,0x8,0x00 0xC4 0x1E 0x34 0x1E 0x07 0x00 0x00,0x7DA7,ACK
0.7108167000,152,Data,0x301,0x8,0x00 0x00 0x00 0x00 0x00 0x00 0x00 0x00,0x7E55,ACK
0.7110728000,153,Data,0x302,0x2,0x00 0xFF,0x6FC0,ACK
0.7112191000,154,Data,0x485,0x8,0x22 0x00 0x00 0x00 0x62 0x00 0x14 0x0C,0x569F,ACK
0.7114653000,155,Data,0x480,0x8,0x00 0x00 0x00 0x00 0x21 0x00 0x00 0x00,0x32BE,ACK
0.7117236000,156,Data,0x481,0x8,0xCA 0x17 0x08 0x13 0x00 0x00 0x00 0x00,0x1AA4,ACK
0.7119678000,157,Data,0x482,0x8,0x52 0x01 0x02 0x00 0x00 0x00 0x00 0x00,0x36EA,ACK
0.7122161000,158,Data,0x483,0x8,0x31 0x4B 0x31 0x55 0x41 0x32 0x35 0x35,0x717E,ACK
0.7124503000,159,Data,0x484,0x8,0x31 0x50 0x33 0x39 0x36 0x35 0x00 0x00,0x0196,ACK
0.7287463000,160,Data,0x100,0x8,0x00 0x00 0x00 0x40 0x0F 0x4F 0x23 0x32,0x4E99,ACK
0.7487443000,161,Data,0x100,0x8,0x00 0x00 0x00 0x40 0x0F 0x4F 0x23 0x32,0x4E99,ACK
0.7622002000,162,Data,0x212,0x8,0x52 0x01 0x00 0xC9 0x00 0x00 0x00 0x2A,0x2C4E,ACK
0.7624605000,163,Data,0x211,0x8,0xE4 0x00 0x2A 0x00 0x00 0x00 0x00 0x00,0x0D4D,ACK
0.7627167000,164,Data,0x343,0x8,0x00 0x00 0x00 0x00 0x00 0x00 0x00 0x00,0x33F5,ACK
0.7629990000,165,Data,0x341,0x8,0x00 0x00 0x00 0x00 0x02 0x00 0x00 0x00,0x1833,ACK
0.7632732000,166,Data,0x342,0x8,0x0F 0x00 0x23 0x00 0x00 0xC4 0x0F 0x34,0x457A,ACK
0.7635535000,167,Data,0x344,0x8,0x00 0x00 0x00 0x03 0x00 0x00 0x00 0x00,0x6F15,ACK
0.7687455000,168,Data,0x100,0x8,0x00 0x00 0x00 0x40 0x0F 0x4F 0x23 0x32,0x4E99,ACK
0.7728876000,169,Data,0x310,0x8,0xF1 0x0E 0x78 0x05 0x12 0x02 0x01 0xC8,0x2684,ACK
0.7736199000,170,Data,0x311,0x8,0x39 0x1E 0x07 0x3F 0x90 0x01 0x00 0x00,0x66BC,ACK
0.7887437000,171,Data,0x100,0x8,0x00 0x00 0x00 0x40 0x0F 0x4F 0x23 0x32,0x4E99,ACK
0.8087657000,172,Data,0x100,0x8,0x00 0x00 0x00 0x40 0x0F 0x4F 0x23 0x32,0x4E99,ACK
0.8090139000,173,Data,0x203,0x8,0x01 0x00 0x57 0x00 0x57 0x00 0x00 0x00,0x25CC,ACK
0.8092602000,174,Data,0x204,0x8,0x00 0x00 0x00 0x00 0x00 0x00 0x00 0x00,0x79D1,ACK
0.8095184000,175,Data,0x205,0x8,0x00 0x00 0x00 0x00 0x00 0x00 0x00 0x00,0x72CA,ACK
0.8098207000,176,Data,0x209,0x8,0x9F 0x27 0x10 0x04 0x90 0x49 0x00 0x00,0x59C2,ACK
0.8100609000,177,Data,0x20A,0x8,0x00 0x00 0x00 0x00 0x00 0x00 0x00 0x00,0x1B53,ACK
0.8103172000,178,Data,0x20B,0x8,0xBC 0x02 0x64 0x00 0x01 0xC8 0x00 0x00,0x021C,ACK
0.8105614000,179,Data,0x20C,0x8,0x00 0xC4 0x1E 0x34 0x1E 0x07 0x00 0x00,0x7DA7,ACK
0.8287454000,180,Data,0x100,0x8,0x00 0x00 0x00 0x40 0x0F 0x4F 0x23 0x32,0x4E99,ACK
0.8487434000,181,Data,0x100,0x8,0x00 0x00 0x00 0x40 0x0F 0x4F 0x23 0x32,0x4E99,ACK
0.8621713000,182,Data,0x212,0x8,0x52 0x01 0x00 0xC9 0x00 0x00 0x00 0x2A,0x2C4E,ACK
0.8624275000,183,Data,0x211,0x8,0xE4 0x00 0x2A 0x00 0x00 0x00 0x00 0x00,0x0D4D,ACK
0.8626898000,184,Data,0x343,0x8,0x00 0x00 0x00 0x00 0x00 0x00 0x00 0x00,0x33F5,ACK
0.8629440000,185,Data,0x401,0x8,0x00 0x00 0x34 0x00 0x05 0x2A 0x00 0x00,0x4E01,ACK
0.8687421000,186,Data,0x100,0x8,0x00 0x00 0x00 0x40 0x0F 0x4F 0x23 0x32,0x4E99,ACK
0.8887440000,187,Data,0x100,0x8,0x00 0x00 0x00 0x40 0x0F 0x4F 0x23 0x32,0x4E99,ACK
0.9087700000,188,Data,0x100,0x8,0x00 0x00 0x00 0x40 0x0F 0x4F 0x23 0x32,0x4E99,ACK
0.9090162000,189,Data,0x203,0x8,0x01 0x00 0x57 0x00 0x57 0x00 0x00 0x00,0x25CC,ACK
0.9092625000,190,Data,0x204,0x8,0x00 0x00 0x00 0x00 0x00 0x00 0x00 0x00,0x79D1,ACK
0.9095207000,191,Data,0x205,0x8,0x00 0x00 0x00 0x00 0x00 0x00 0x00 0x00,0x72CA,ACK
0.9098190000,192,Data,0x209,0x8,0x9F 0x27 0x10 0x04 0x90 0x49 0x00 0x00,0x59C2,ACK
0.9100592000,193,Data,0x20A,0x8,0x00 0x00 0x00 0x00 0x00 0x00 0x00 0x00,0x1B53,ACK
0.9103134000,194,Data,0x20B,0x8,0xBC 0x02 0x64 0x00 0x01 0xC8 0x00 0x00,0x021C,ACK
0.9105596000,195,Data,0x20C,0x8,0x00 0xC4 0x1E 0x34 0x1E 0x07 0x00 0x00,0x7DA7,ACK
0.9108118000,196,Data,0x301,0x8,0x00 0x00 0x00 0x00 0x00 0x00 0x00 0x00,0x7E55,ACK
0.9110681000,197,Data,0x302,0x2,0x00 0xFF,0x6FC0,ACK
0.9112123000,198,Data,0x485,0x8,0x22 0x00 0x00 0x00 0x62 0x00 0x14 0x0C,0x569F,ACK
0.9287423000,199,Data,0x100,0x8,0x00 0x00 0x00 0x40 0x0F 0x4F 0x23 0x32,0x4E99,ACK
0.9487423000,200,Data,0x100,0x8,0x00 0x00 0x00 0x40 0x0F 0x4F 0x23 0x32,0x4E99,ACK
0.9622062000,201,Data,0x212,0x8,0x52 0x01 0x00 0xC9 0x00 0x00 0x00 0x2A,0x2C4E,ACK
0.9624685000,202,Data,0x211,0x8,0xE4 0x00 0x2A 0x00 0x00 0x00 0x00 0x00,0x0D4D,ACK
0.9627267000,203,Data,0x343,0x8,0x00 0x00 0x00 0x00 0x00 0x00 0x00 0x00,0x33F5,ACK
0.9629830000,204,Data,0x341,0x8,0x00 0x00 0x00 0x00 0x02 0x00 0x00 0x00,0x1833,ACK
0.9632592000,205,Data,0x342,0x8,0x0F 0x00 0x23 0x00 0x00 0xC4 0x0F 0x34,0x457A,ACK
0.9635154000,206,Data,0x344,0x8,0x00 0x00 0x00 0x03 0x00 0x00 0x00 0x00,0x6F15,ACK
0.9687435000,207,Data,0x100,0x8,0x00 0x00 0x00 0x40 0x0F 0x4F 0x23 0x32,0x4E99,ACK
0.9738156000,208,Data,0x310,0x8,0xF1 0x0E 0x78 0x05 0x12 0x02 0x01 0xC8,0x2684,ACK
0.9745479000,209,Data,0x311,0x8,0x39 0x1E 0x07 0x3F 0x90 0x01 0x00 0x00,0x66BC,ACK
0.9887418000,210,Data,0x100,0x8,0x00 0x00 0x00 0x40 0x0F 0x4F 0x23 0x32,0x4E99,ACK
1.0087498000,211,Data,0x100,0x8,0x00 0x00 0x00 0x40 0x0F 0x4F 0x23 0x32,0x4E99,ACK
1.0089981000,212,Data,0x203,0x8,0x01 0x00 0x57 0x00 0x57 0x00 0x00 0x00,0x25CC,ACK
1.0092463000,213,Data,0x204,0x8,0x00 0x00 0x00 0x00 0x00 0x00 0x00 0x00,0x79D1,ACK
1.0095026000,214,Data,0x205,0x8,0x00 0x00 0x00 0x00 0x00 0x00 0x00 0x00,0x72CA,ACK
1.0098188000,215,Data,0x209,0x8,0x9F 0x27 0x10 0x04 0x90 0x49 0x00 0x00,0x59C2,ACK
1.0100590000,216,Data,0x20A,0x8,0x00 0x00 0x00 0x00 0x00 0x00 0x00 0x00,0x1B53,ACK
1.0103133000,217,Data,0x20B,0x8,0xBC 0x02 0x64 0x00 0x01 0xC8 0x00 0x00,0x021C,ACK
1.0105575000,218,Data,0x20C,0x8,0x00 0xC4 0x1E 0x34 0x1E 0x07 0x00 0x00,0x7DA7,ACK
1.0287295000,219,Data,0x100,0x8,0x00 0x00 0x00 0x40 0x0F 0x4F 0x23 0x32,0x4E99,ACK
1.0487415000,220,Data,0x100,0x8,0x00 0x00 0x00 0x40 0x0F 0x4F 0x23 0x32,0x4E99,ACK
1.0497177000,221,Data,0x423,0x8,0xBC 0x02 0x64 0x00 0x3C 0x00 0x01 0x00,0x500B,ACK
1.0506160000,222,Data,0x425,0x8,0x01 0x64 0x49 0x57 0x57 0x58 0x01 0xFF,0x3E52,ACK
1.0508522000,223,Data,0x429,0x8,0x20 0x00 0x00 0x00 0x00 0x00 0x00 0x00,0x7AC7,ACK
1.0511005000,224,Data,0x420,0x8,0xA0 0x14 0xF8 0xFF 0x66 0x03 0x00 0x00,0x382F,ACK
1.0513407000,225,Data,0x421,0x8,0x38 0x36 0x31 0x34 0xFB 0x04 0x55 0x04,0x0DC7,ACK
1.0517210000,226,Data,0x422,0x8,0x00 0x00 0x20 0x00 0x15 0x00 0x02 0x00,0x33F1,ACK
1.0621809000,227,Data,0x212,0x8,0x52 0x01 0x00 0xC9 0x00 0x00 0x00 0x2A,0x2C4E,ACK
1.0624410000,228,Data,0x211,0x8,0xE4 0x00 0x2A 0x00 0x00 0x00 0x00 0x00,0x0D4D,ACK
1.0626973000,229,Data,0x343,0x8,0x00 0x00 0x00 0x00 0x00 0x00 0x00 0x00,0x33F5,ACK
1.0687413000,230,Data,0x100,0x8,0x00 0x00 0x00 0x40 0x0F 0x4F 0x23 0x32,0x4E99,ACK
1.0887413000,231,Data,0x100,0x8,0x00 0x00 0x00 0x40 0x0F 0x4F 0x23 0x32,0x4E99,ACK
1.1087672000,232,Data,0x100,0x8,0x00 0x00 0x00 0x40 0x0F 0x4F 0x23 0x32,0x4E99,ACK
1.1090135000,233,Data,0x203,0x8,0x01 0x00 0x57 0x00 0x57 0x00 0x00 0x00,0x25CC,ACK
1.1092617000,234,Data,0x204,0x8,0x00 0x00 0x00 0x00 0x00 0x00 0x00 0x00,0x79D1,ACK
1.1095179000,235,Data,0x205,0x8,0x00 0x00 0x00 0x00 0x00 0x00 0x00 0x00,0x72CA,ACK
1.1098181000,236,Data,0x209,0x8,0x9F 0x27 0x10 0x04 0x90 0x49 0x00 0x00,0x59C2,ACK
1.1100584000,237,Data,0x20A,0x8,0x00 0x00 0x00 0x00 0x00 0x00 0x00 0x00,0x1B53,ACK
1.1103146000,238,Data,0x20B,0x8,0xBC 0x02 0x64 0x00 0x01 0xC8 0x00 0x00,0x021C,ACK
1.1105588000,239,Data,0x20C,0x8,0x00 0xC4 0x1E 0x34 0x1E 0x07 0x00 0x00,0x7DA7,ACK
1.1108131000,240,Data,0x301,0x8,0x00 0x00 0x00 0x00 0x00 0x00 0x00 0x00,0x7E55,ACK
1.1110693000,241,Data,0x302,0x2,0x00 0xFF,0x6FC0,ACK
1.1112156000,242,Data,0x485,0x8,0x22 0x00 0x00 0x00 0x62 0x00 0x14 0x0C,0x569F,ACK
1.1287416000,243,Data,0x100,0x8,0x00 0x00 0x00 0x40 0x0F 0x4F 0x23 0x32,0x4E99,ACK
1.1487415000,244,Data,0x100,0x8,0x00 0x00 0x00 0x40 0x0F 0x4F 0x23 0x32,0x4E99,ACK
1.1621834000,245,Data,0x212,0x8,0x52 0x01 0x00 0xC9 0x00 0x00 0x00 0x2A,0x2C4E,ACK
1.1624657000,246,Data,0x211,0x8,0xE4 0x00 0x2A 0x00 0x00 0x00 0x00 0x00,0x0D4D,ACK
1.1627239000,247,Data,0x343,0x8,0x00 0x00 0x00 0x00 0x00 0x00 0x00 0x00,0x33F5,ACK
1.1629842000,248,Data,0x341,0x8,0x00 0x00 0x00 0x00 0x02 0x00 0x00 0x00,0x1833,ACK
1.1632784000,249,Data,0x342,0x8,0x0F 0x00 0x23 0x00 0x00 0xC4 0x0F 0x34,0x457A,ACK
1.1635387000,250,Data,0x344,0x8,0x00 0x00 0x00 0x03 0x00 0x00 0x00 0x00,0x6F15,ACK
1.1687288000,251,Data,0x100,0x8,0x00 0x00 0x00 0x40 0x0F 0x4F 0x23 0x32,0x4E99,ACK
1.1743469000,252,Data,0x310,0x8,0xF1 0x0E 0x78 0x05 0x12 0x02 0x01 0xC8,0x2684,ACK
1.1750731000,253,Data,0x311,0x8,0x39 0x1E 0x07 0x3F 0x90 0x01 0x00 0x00,0x66BC,ACK
1.1887391000,254,Data,0x100,0x8,0x00 0x00 0x00 0x40 0x0F 0x4F 0x23 0x32,0x4E99,ACK
1.2087591000,255,Data,0x100,0x8,0x00 0x00 0x00 0x40 0x0F 0x4F 0x23 0x32,0x4E99,ACK
1.2090053000,256,Data,0x203,0x8,0x01 0x00 0x57 0x00 0x57 0x00 0x00 0x00,0x25CC,ACK
1.2092516000,257,Data,0x204,0x8,0x00 0x00 0x00 0x00 0x00 0x00 0x00 0x00,0x79D1,ACK
1.2095078000,258,Data,0x205,0x8,0x00 0x00 0x00 0x00 0x00 0x00 0x00 0x00,0x72CA,ACK
1.2098040000,259,Data,0x209,0x8,0x9F 0x27 0x10 0x04 0x90 0x49 0x00 0x00,0x59C2,ACK
1.2100443000,260,Data,0x20A,0x8,0x00 0x00 0x00 0x00 0x00 0x00 0x00 0x00,0x1B53,ACK
1.2103005000,261,Data,0x20B,0x8,0xBC 0x02 0x64 0x00 0x01 0xC8 0x00 0x00,0x021C,ACK
1.2105448000,262,Data,0x20C,0x8,0x00 0xC4 0x1E 0x34 0x1E 0x07 0x00 0x00,0x7DA7,ACK
1.2287268000,263,Data,0x100,0x8,0x00 0x00 0x00 0x40 0x0F 0x4F 0x23 0x32,0x4E99,ACK
1.2487367000,264,Data,0x100,0x8,0x00 0x00 0x00 0x40 0x0F 0x4F 0x23 0x32,0x4E99,ACK
1.2621606000,265,Data,0x212,0x8,0x52 0x01 0x00 0xC9 0x00 0x00 0x00 0x2A,0x2C4E,ACK
1.2624429000,266,Data,0x211,0x8,0xE4 0x00 0x2A 0x00 0x00 0x00 0x00 0x00,0x0D4D,ACK
1.2627031000,267,Data,0x343,0x8,0x00 0x00 0x00 0x00 0x00 0x00 0x00 0x00,0x33F5,ACK
1.2687372000,268,Data,0x100,0x8,0x00 0x00 0x00 0x40 0x0F 0x4F 0x23 0x32,0x4E99,ACK
1.2887390000,269,Data,0x100,0x8,0x00 0x00 0x00 0x40 0x0F 0x4F 0x23 0x32,0x4E99,ACK
1.3087650000,270,Data,0x100,0x8,0x00 0x00 0x00 0x40 0x0F 0x4F 0x23 0x32,0x4E99,ACK
1.3090131000,271,Data,0x203,0x8,0x01 0x00 0x57 0x00 0x57 0x00 0x00 0x00,0x25CC,ACK
1.3092614000,272,Data,0x204,0x8,0x00 0x00 0x00 0x00 0x00 0x00 0x00 0x00,0x79D1,ACK
1.3095176000,273,Data,0x205,0x8,0x00 0x00 0x00 0x00 0x00 0x00 0x00 0x00,0x72CA,ACK
1.3098139000,274,Data,0x209,0x8,0x9F 0x27 0x10 0x04 0x90 0x49 0x00 0x00,0x59C2,ACK
1.3100541000,275,Data,0x20A,0x8,0x00 0x00 0x00 0x00 0x00 0x00 0x00 0x00,0x1B53,ACK
1.3103083000,276,Data,0x20B,0x8,0xBC 0x02 0x64 0x00 0x01 0xC8 0x00 0x00,0x021C,ACK
1.3105546000,277,Data,0x20C,0x8,0x00 0xC4 0x1E 0x34 0x1E 0x07 0x00 0x00,0x7DA7,ACK
1.3108068000,278,Data,0x301,0x8,0x00 0x00 0x00 0x00 0x00 0x00 0x00 0x00,0x7E55,ACK
1.3110631000,279,Data,0x302,0x2,0x00 0xFF,0x6FC0,ACK
1.3112093000,280,Data,0x485,0x8,0x22 0x00 0x00 0x00 0x62 0x00 0x14 0x0C,0x569F,ACK
1.3287373000,281,Data,0x100,0x8,0x00 0x00 0x00 0x40 0x0F 0x4F 0x23 0x32,0x4E99,ACK
1.3399874000,282,Extend Data,0x18EF073E,0x4,0x01 0x01 0x8F 0x02,0x64A1,ACK
1.3405496000,283,Extend Data,0x18EF3E07,0x5,0x01 0x04 0x8F 0x57 0x00,0x3086,ACK
1.3487355000,284,Data,0x100,0x8,0x00 0x00 0x00 0x40 0x0F 0x4F 0x23 0x32,0x4E99,ACK
1.3621694000,285,Data,0x212,0x8,0x52 0x01 0x00 0xC9 0x00 0x00 0x00 0x2A,0x2C4E,ACK
1.3624337000,286,Data,0x211,0x8,0xE4 0x00 0x2A 0x00 0x00 0x00 0x00 0x00,0x0D4D,ACK
1.3626919000,287,Data,0x343,0x8,0x00 0x00 0x00 0x00 0x00 0x00 0x00 0x00,0x33F5,ACK
1.3629522000,288,Data,0x341,0x8,0x00 0x00 0x00 0x00 0x02 0x00 0x00 0x00,0x1833,ACK
1.3632284000,289,Data,0x342,0x8,0x0F 0x00 0x23 0x00 0x00 0xC4 0x0F 0x34,0x457A,ACK
1.3634847000,290,Data,0x344,0x8,0x00 0x00 0x00 0x03 0x00 0x00 0x00 0x00,0x6F15,ACK
1.3637449000,291,Data,0x401,0x8,0x00 0x00 0x34 0x00 0x05 0x2A 0x00 0x00,0x4E01,ACK
1.3687370000,292,Data,0x100,0x8,0x00 0x00 0x00 0x40 0x0F 0x4F 0x23 0x32,0x4E99,ACK
1.3749191000,293,Data,0x310,0x8,0xF1 0x0E 0x78 0x05 0x12 0x02 0x01 0xC8,0x2684,ACK
1.3756534000,294,Data,0x311,0x8,0x39 0x1E 0x07 0x3F 0x90 0x01 0x00 0x00,0x66BC,ACK
1.3887373000,295,Data,0x100,0x8,0x00 0x00 0x00 0x40 0x0F 0x4F 0x23 0x32,0x4E99,ACK
1.4087552000,296,Data,0x100,0x8,0x00 0x00 0x00 0x40 0x0F 0x4F 0x23 0x32,0x4E99,ACK
1.4090014000,297,Data,0x203,0x8,0x01 0x00 0x57 0x00 0x57 0x00 0x00 0x00,0x25CC,ACK
1.4092477000,298,Data,0x204,0x8,0x00 0x00 0x00 0x00 0x00 0x00 0x00 0x00,0x79D1,ACK
1.4095059000,299,Data,0x205,0x8,0x00 0x00 0x00 0x00 0x00 0x00 0x00 0x00,0x72CA,ACK
1.4098142000,300,Data,0x209,0x8,0x9F 0x27 0x10 0x04 0x90 0x49 0x00 0x00,0x59C2,ACK
1.4100544000,301,Data,0x20A,0x8,0x00 0x00 0x00 0x00 0x00 0x00 0x00 0x00,0x1B53,ACK
1.4103107000,302,Data,0x20B,0x8,0xBC 0x02 0x64 0x00 0x01 0xC8 0x00 0x00,0x021C,ACK
1.4105549000,303,Data,0x20C,0x8,0x00 0xC4 0x1E 0x34 0x1E 0x07 0x00 0x00,0x7DA7,ACK
1.4149451000,304,Extend Data,0x18EF073E,0x4,0x01 0x01 0x8C 0x02,0x6D52,ACK
1.4287371000,305,Data,0x100,0x8,0x00 0x00 0x00 0x40 0x0F 0x4F 0x23 0x32,0x4E99,ACK
1.4314212000,306,Extend Data,0x18EF3E07,0x5,0x01 0x04 0x8C 0xA0 0x14,0x391D,ACK
1.4487351000,307,Data,0x100,0x8,0x00 0x00 0x00 0x40 0x0F 0x4F 0x23 0x32,0x4E99,ACK
1.4621470000,308,Data,0x212,0x8,0x52 0x01 0x00 0xC9 0x00 0x00 0x00 0x2A,0x2C4E,ACK
1.4624113000,309,Data,0x211,0x8,0xE4 0x00 0x2A 0x00 0x00 0x00 0x00 0x00,0x0D4D,ACK
1.4626695000,310,Data,0x343,0x8,0x00 0x00 0x00 0x00 0x00 0x00 0x00 0x00,0x33F5,ACK
1.4687356000,311,Data,0x100,0x8,0x00 0x00 0x00 0x40 0x0F 0x4F 0x23 0x32,0x4E99,ACK
1.4887235000,312,Data,0x100,0x8,0x00 0x00 0x00 0x40 0x0F 0x4F 0x23 0x32,0x4E99,ACK
1.4901398000,313,Extend Data,0x18EF073E,0x4,0x01 0x01 0x8D 0x02,0x2974,ACK
1.5087617000,314,Data,0x100,0x8,0x00 0x00 0x00 0x40 0x0F 0x4F 0x23 0x32,0x4E99,ACK
1.5090100000,315,Data,0x203,0x8,0x01 0x00 0x57 0x00 0x57 0x00 0x00 0x00,0x25CC,ACK
1.5092582000,316,Data,0x204,0x8,0x00 0x00 0x00 0x00 0x00 0x00 0x00 0x00,0x79D1,ACK
1.5095145000,317,Data,0x205,0x8,0x00 0x00 0x00 0x00 0x00 0x00 0x00 0x00,0x72CA,ACK
1.5098107000,318,Data,0x209,0x8,0x9F 0x27 0x10 0x04 0x90 0x49 0x00 0x00,0x59C2,ACK
1.5100510000,319,Data,0x20A,0x8,0x00 0x00 0x00 0x00 0x00 0x00 0x00 0x00,0x1B53,ACK
1.5103052000,320,Data,0x20B,0x8,0xBC 0x02 0x64 0x00 0x01 0xC8 0x00 0x00,0x021C,ACK
1.5105495000,321,Data,0x20C,0x8,0x00 0xC4 0x1E 0x34 0x1E 0x07 0x00 0x00,0x7DA7,ACK
1.5108037000,322,Data,0x301,0x8,0x00 0x00 0x00 0x00 0x00 0x00 0x00 0x00,0x7E55,ACK
1.5110600000,323,Data,0x302,0x2,0x00 0xFF,0x6FC0,ACK
1.5112062000,324,Data,0x485,0x8,0x22 0x00 0x00 0x00 0x62 0x00 0x14 0x0C,0x569F,ACK
1.5287342000,325,Data,0x100,0x8,0x00 0x00 0x00 0x40 0x0F 0x4F 0x23 0x32,0x4E99,ACK
1.5487342000,326,Data,0x100,0x8,0x00 0x00 0x00 0x40 0x0F 0x4F 0x23 0x32,0x4E99,ACK
1.5499844000,327,Extend Data,0x18EF073E,0x4,0x01 0x01 0x8E 0x02,0x2087,ACK
1.5573546000,328,Data,0x502,0x8,0x32 0xAC 0x86 0x0E 0x1A 0xB9 0x00 0x00,0x0E93,ACK
1.5576089000,329,Data,0x424,0x8,0x41 0x4A 0x4D 0x69 0x00 0x00 0x00 0x00,0x6691,ACK
1.5578471000,330,Data,0x425,0x8,0x01 0x64 0x49 0x57 0x57 0x58 0x01 0xFF,0x3E52,ACK
1.5580834000,331,Extend Data,0x18EF3E07,0x5,0x01 0x04 0x8D 0xF8 0xFF,0x6F59,ACK
1.5583136000,332,Data,0x429,0x8,0x20 0x00 0x00 0x00 0x00 0x00 0x00 0x00,0x7AC7,ACK
1.5585619000,333,Data,0x420,0x8,0xA0 0x14 0xF8 0xFF 0x66 0x03 0x00 0x00,0x382F,ACK
1.5588021000,334,Extend Data,0x18EF3E07,0x5,0x01 0x04 0x8E 0x64 0x00,0x13C8,ACK
1.5590304000,335,Data,0x421,0x8,0x38 0x36 0x31 0x34 0xFB 0x04 0x55 0x04,0x0DC7,ACK
1.5592646000,336,Data,0x422,0x8,0x00 0x00 0x20 0x00 0x15 0x00 0x02 0x00,0x33F1,ACK
1.5595109000,337,Data,0x423,0x8,0xBC 0x02 0x64 0x00 0x3C 0x00 0x01 0x00,0x500B,ACK
1.5598891000,338,Data,0x501,0x8,0xB4 0xC1 0x83 0x58 0x51 0xE5 0xB2 0x6B,0x057E,ACK
1.5621932000,339,Data,0x212,0x8,0x52 0x01 0x00 0xC9 0x00 0x00 0x00 0x2A,0x2C4E,ACK
1.5624494000,340,Data,0x211,0x8,0xE4 0x00 0x2A 0x00 0x00 0x00 0x00 0x00,0x0D4D,ACK
1.5627097000,341,Data,0x343,0x8,0x00 0x00 0x00 0x00 0x00 0x00 0x00 0x00,0x33F5,ACK
1.5629919000,342,Data,0x341,0x8,0x00 0x00 0x00 0x00 0x02 0x00 0x00 0x00,0x1833,ACK
1.5632662000,343,Data,0x342,0x8,0x0F 0x00 0x23 0x00 0x00 0xC4 0x0F 0x34,0x457A,ACK
1.5635264000,344,Data,0x344,0x8,0x00 0x00 0x00 0x03 0x00 0x00 0x00 0x00,0x6F15,ACK
1.5687325000,345,Data,0x100,0x8,0x00 0x00 0x00 0x40 0x0F 0x4F 0x23 0x32,0x4E99,ACK
1.5754986000,346,Data,0x310,0x8,0xF1 0x0E 0x78 0x05 0x12 0x02 0x01 0xC8,0x2684,ACK
1.5762149000,347,Data,0x311,0x8,0x39 0x1E 0x07 0x3F 0x90 0x01 0x00 0x00,0x66BC,ACK
1.5887328000,348,Data,0x100,0x8,0x00 0x00 0x00 0x40 0x0F 0x4F 0x23 0x32,0x4E99,ACK
1.6087528000,349,Data,0x100,0x8,0x00 0x00 0x00 0x40 0x0F 0x4F 0x23 0x32,0x4E99,ACK
1.6089991000,350,Data,0x203,0x8,0x01 0x00 0x57 0x00 0x57 0x00 0x00 0x00,0x25CC,ACK
1.6092453000,351,Data,0x204,0x8,0x00 0x00 0x00 0x00 0x00 0x00 0x00 0x00,0x79D1,ACK
1.6095015000,352,Data,0x205,0x8,0x00 0x00 0x00 0x00 0x00 0x00 0x00 0x00,0x72CA,ACK
1.6098098000,353,Data,0x209,0x8,0x9F 0x27 0x10 0x04 0x90 0x49 0x00 0x00,0x59C2,ACK
1.6100500000,354,Data,0x20A,0x8,0x00 0x00 0x00 0x00 0x00 0x00 0x00 0x00,0x1B53,ACK
1.6103063000,355,Data,0x20B,0x8,0xBC 0x02 0x64 0x00 0x01 0xC8 0x00 0x00,0x021C,ACK
1.6105505000,356,Data,0x20C,0x8,0x00 0xC4 0x1E 0x34 0x1E 0x07 0x00 0x00,0x7DA7,ACK
1.6248986000,357,Extend Data,0x18EF073E,0x4,0x01 0x01 0x59 0x02,0x652F,ACK
1.6287328000,358,Data,0x100,0x8,0x00 0x00 0x00 0x40 0x0F 0x4F 0x23 0x32,0x4E99,ACK
1.6328290000,359,Extend Data,0x18EF3E07,0x5,0x01 0x04 0x59 0x00 0x00,0x4816,ACK
1.6487329000,360,Data,0x100,0x8,0x00 0x00 0x00 0x40 0x0F 0x4F 0x23 0x32,0x4E99,ACK
1.6621747000,361,Data,0x212,0x8,0x52 0x01 0x00 0xC9 0x00 0x00 0x00 0x2A,0x2C4E,ACK
1.6624330000,362,Data,0x211,0x8,0xE4 0x00 0x2A 0x00 0x00 0x00 0x00 0x00,0x0D4D,ACK
1.6626912000,363,Data,0x343,0x8,0x00 0x00 0x00 0x00 0x00 0x00 0x00 0x00,0x33F5,ACK
1.6687313000,364,Data,0x100,0x8,0x00 0x00 0x00 0x40 0x0F 0x4F 0x23 0x32,0x4E99,ACK
1.6887333000,365,Data,0x100,0x8,0x00 0x00 0x00 0x40 0x0F 0x4F 0x23 0x32,0x4E99,ACK
1.7000014000,366,Extend Data,0x18EF073E,0x4,0x01 0x01 0x92 0x02,0x312C,ACK
1.7087715000,367,Data,0x100,0x8,0x00 0x00 0x00 0x40 0x0F 0x4F 0x23 0x32,0x4E99,ACK
1.7090177000,368,Data,0x203,0x8,0x01 0x00 0x57 0x00 0x57 0x00 0x00 0x00,0x25CC,ACK
1.7092640000,369,Data,0x204,0x8,0x00 0x00 0x00 0x00 0x00 0x00 0x00 0x00,0x79D1,ACK
1.7095202000,370,Data,0x205,0x8,0x00 0x00 0x00 0x00 0x00 0x00 0x00 0x00,0x72CA,ACK
1.7098085000,371,Data,0x209,0x8,0x9F 0x27 0x10 0x04 0x90 0x49 0x00 0x00,0x59C2,ACK
1.7100487000,372,Data,0x20A,0x8,0x00 0x00 0x00 0x00 0x00 0x00 0x00 0x00,0x1B53,ACK
1.7103030000,373,Data,0x20B,0x8,0xBC 0x02 0x64 0x00 0x01 0xC8 0x00 0x00,0x021C,ACK
1.7105472000,374,Data,0x20C,0x8,0x00 0xC4 0x1E 0x34 0x1E 0x07 0x00 0x00,0x7DA7,ACK
1.7107995000,375,Data,0x301,0x8,0x00 0x00 0x00 0x00 0x00 0x00 0x00 0x00,0x7E55,ACK
1.7110557000,376,Data,0x302,0x2,0x00 0xFF,0x6FC0,ACK
1.7112000000,377,Data,0x485,0x8,0x22 0x00 0x00 0x00 0x62 0x00 0x14 0x0C,0x569F,ACK
1.7114462000,378,Data,0x480,0x8,0x00 0x00 0x00 0x00 0x21 0x00 0x00 0x00,0x32BE,ACK
1.7117024000,379,Data,0x481,0x8,0xCA 0x17 0x08 0x13 0x00 0x00 0x00 0x00,0x1AA4,ACK
1.7119447000,380,Data,0x482,0x8,0x52 0x01 0x02 0x00 0x00 0x00 0x00 0x00,0x36EA,ACK
1.7121929000,381,Data,0x483,0x8,0x31 0x4B 0x31 0x55 0x41 0x32 0x35 0x35,0x717E,ACK
1.7124272000,382,Data,0x484,0x8,0x31 0x50 0x33 0x39 0x36 0x35 0x00 0x00,0x0196,ACK
1.7287312000,383,Data,0x100,0x8,0x00 0x00 0x00 0x40 0x0F 0x4F 0x23 0x32,0x4E99,ACK
1.7324954000,384,Extend Data,0x18EF3E07,0x5,0x01 0x04 0x92 0x02 0x00,0x0BF9,ACK
1.7487193000,385,Data,0x100,0x8,0x00 0x00 0x00 0x40 0x0F 0x4F 0x23 0x32,0x4E99,ACK
1.7599554000,386,Extend Data,0x18EF073E,0x4,0x01 0x01 0x96 0x04,0x797B,ACK
1.7605736000,387,Extend Data,0x18EF3E07,0x7,0x01 0x04 0x96 0x16 0x00 0x16 0x00,0x4DDB,ACK
1.7621677000,388,Data,0x212,0x8,0x52 0x01 0x00 0xC9 0x00 0x00 0x00 0x2A,0x2C4E,ACK
1.7624079000,389,Data,0x211,0x8,0xE4 0x00 0x2A 0x00 0x00 0x00 0x00 0x00,0x0D4D,ACK
1.7626642000,390,Data,0x343,0x8,0x00 0x00 0x00 0x00 0x00 0x00 0x00 0x00,0x33F5,ACK
1.7629444000,391,Data,0x341,0x8,0x00 0x00 0x00 0x00 0x02 0x00 0x00 0x00,0x1833,ACK
1.7632227000,392,Data,0x342,0x8,0x0F 0x00 0x23 0x00 0x00 0xC4 0x0F 0x34,0x457A,ACK
1.7634789000,393,Data,0x344,0x8,0x00 0x00 0x00 0x03 0x00 0x00 0x00 0x00,0x6F15,ACK
1.7687310000,394,Data,0x100,0x8,0x00 0x00 0x00 0x40 0x0F 0x4F 0x23 0x32,0x4E99,ACK
1.7761852000,395,Data,0x310,0x8,0xF1 0x0E 0x78 0x05 0x12 0x02 0x01 0xC8,0x2684,ACK
1.7769174000,396,Data,0x311,0x8,0x39 0x1E 0x07 0x3F 0x90 0x01 0x00 0x00,0x66BC,ACK
1.7887293000,397,Data,0x100,0x8,0x00 0x00 0x00 0x40 0x0F 0x4F 0x23 0x32,0x4E99,ACK
1.8087493000,398,Data,0x100,0x8,0x00 0x00 0x00 0x40 0x0F 0x4F 0x23 0x32,0x4E99,ACK
1.8089955000,399,Data,0x203,0x8,0x01 0x00 0x57 0x00 0x57 0x00 0x00 0x00,0x25CC,ACK
1.8092438000,400,Data,0x204,0x8,0x00 0x00 0x00 0x00 0x00 0x00 0x00 0x00,0x79D1,ACK
1.8095000000,401,Data,0x205,0x8,0x00 0x00 0x00 0x00 0x00 0x00 0x00 0x00,0x72CA,ACK
1.8097923000,402,Data,0x209,0x8,0x9F 0x27 0x10 0x04 0x90 0x49 0x00 0x00,0x59C2,ACK
1.8100325000,403,Data,0x20A,0x8,0x00 0x00 0x00 0x00 0x00 0x00 0x00 0x00,0x1B53,ACK
1.8102888000,404,Data,0x20B,0x8,0xBC 0x02 0x64 0x00 0x01 0xC8 0x00 0x00,0x021C,ACK
1.8105330000,405,Data,0x20C,0x8,0x00 0xC4 0x1E 0x34 0x1E 0x07 0x00 0x00,0x7DA7,ACK
1.8287290000,406,Data,0x100,0x8,0x00 0x00 0x00 0x40 0x0F 0x4F 0x23 0x32,0x4E99,ACK
1.8349012000,407,Extend Data,0x18EF073E,0x4,0x01 0x01 0xF9 0x02,0x31EB,ACK
1.8356072000,408,Extend Data,0x18EF3E07,0x5,0x01 0x04 0xF9 0x17 0x00,0x2512,ACK
1.8487312000,409,Data,0x100,0x8,0x00 0x00 0x00 0x40 0x0F 0x4F 0x23 0x32,0x4E99,ACK
1.8621771000,410,Data,0x212,0x8,0x52 0x01 0x00 0xC9 0x00 0x00 0x00 0x2A,0x2C4E,ACK
1.8624374000,411,Data,0x211,0x8,0xE4 0x00 0x2A 0x00 0x00 0x00 0x00 0x00,0x0D4D,ACK
1.8626956000,412,Data,0x343,0x8,0x00 0x00 0x00 0x00 0x00 0x00 0x00 0x00,0x33F5,ACK
1.8629539000,413,Data,0x401,0x8,0x00 0x00 0x34 0x00 0x05 0x2A 0x00 0x00,0x4E01,ACK
1.8687299000,414,Data,0x100,0x8,0x00 0x00 0x00 0x40 0x0F 0x4F 0x23 0x32,0x4E99,ACK
1.8887299000,415,Data,0x100,0x8,0x00 0x00 0x00 0x40 0x0F 0x4F 0x23 0x32,0x4E99,ACK
1.8949501000,416,Extend Data,0x18EF073E,0x4,0x01 0x01 0xA0 0x1A,0x7FC0,ACK
1.9087561000,417,Data,0x100,0x8,0x00 0x00 0x00 0x40 0x0F 0x4F 0x23 0x32,0x4E99,ACK
1.9090024000,418,Data,0x203,0x8,0x01 0x00 0x57 0x00 0x57 0x00 0x00 0x00,0x25CC,ACK
1.9092506000,419,Data,0x204,0x8,0x00 0x00 0x00 0x00 0x00 0x00 0x00 0x00,0x79D1,ACK
1.9095069000,420,Data,0x205,0x8,0x00 0x00 0x00 0x00 0x00 0x00 0x00 0x00,0x72CA,ACK
1.9098071000,421,Data,0x209,0x8,0x9F 0x27 0x10 0x04 0x90 0x49 0x00 0x00,0x59C2,ACK
1.9100493000,422,Data,0x20A,0x8,0x00 0x00 0x00 0x00 0x00 0x00 0x00 0x00,0x1B53,ACK
1.9103036000,423,Data,0x20B,0x8,0xBC 0x02 0x64 0x00 0x01 0xC8 0x00 0x00,0x021C,ACK
1.9105478000,424,Data,0x20C,0x8,0x00 0xC4 0x1E 0x34 0x1E 0x07 0x00 0x00,0x7DA7,ACK
1.9108001000,425,Data,0x301,0x8,0x00 0x00 0x00 0x00 0x00 0x00 0x00 0x00,0x7E55,ACK
1.9110583000,426,Data,0x302,0x2,0x00 0xFF,0x6FC0,ACK
1.9112026000,427,Data,0x485,0x8,0x22 0x00 0x00 0x00 0x62 0x00 0x14 0x0C,0x569F,ACK
1.9287286000,428,Data,0x100,0x8,0x00 0x00 0x00 0x40 0x0F 0x4F 0x23 0x32,0x4E99,ACK
1.9333309000,429,Extend Data,0x1CEC3E07,0x8,0x10 0x1F 0x00 0x05 0xFF 0x00 0xEF 0x00,0x330A,ACK
1.9336270000,430,Extend Data,0x18EC073E,0x8,0x11 0x05 0x01 0xFF 0xFF 0x00 0xEF 0x00,0x4F54,ACK
1.9343711000,431,Extend Data,0x1CEB3E07,0x8,0x01 0x01 0x04 0xA0 0xDE 0x0F 0xDD 0x0F,0x126B,ACK
1.9346514000,432,Extend Data,0x1CEB3E07,0x8,0x02 0xDD 0x0F 0xDE 0x0F 0xDE 0x0F 0xDE,0x1F6A,ACK
1.9349316000,433,Extend Data,0x1CEB3E07,0x8,0x03 0x0F 0xDE 0x0F 0xDE 0x0F 0xDF 0x0F,0x05EA,ACK
1.9352179000,434,Extend Data,0x1CEB3E07,0x8,0x04 0xDF 0x0F 0xDE 0x0F 0xDF 0x0F 0xE1,0x6ED4,ACK
1.9355021000,435,Extend Data,0x1CEB3E07,0x8,0x05 0x0F 0x4D 0xF3 0xFF 0xFF 0xFF 0xFF,0x59FA,ACK
1.9358322000,436,Extend Data,0x18EC073E,0x8,0x13 0x1F 0x00 0x05 0xFF 0x00 0xEF 0x00,0x6E4D,ACK
1.9487283000,437,Data,0x100,0x8,0x00 0x00 0x00 0x40 0x0F 0x4F 0x23 0x32,0x4E99,ACK
1.9621742000,438,Data,0x212,0x8,0x52 0x01 0x00 0xC9 0x00 0x00 0x00 0x2A,0x2C4E,ACK
1.9624324000,439,Data,0x211,0x8,0xE4 0x00 0x2A 0x00 0x00 0x00 0x00 0x00,0x0D4D,ACK
1.9627147000,440,Data,0x343,0x8,0x00 0x00 0x00 0x00 0x00 0x00 0x00 0x00,0x33F5,ACK
1.9629709000,441,Data,0x341,0x8,0x00 0x00 0x00 0x00 0x02 0x00 0x00 0x00,0x1833,ACK
1.9632452000,442,Data,0x342,0x8,0x0F 0x00 0x23 0x00 0x00 0xC4 0x0F 0x34,0x457A,ACK
1.9635274000,443,Data,0x344,0x8,0x00 0x00 0x00 0x03 0x00 0x00 0x00 0x00,0x6F15,ACK
1.9687275000,444,Data,0x100,0x8,0x00 0x00 0x00 0x40 0x0F 0x4F 0x23 0x32,0x4E99,ACK
1.9699657000,445,Extend Data,0x18EF073E,0x4,0x01 0x01 0x82 0x02,0x074B,ACK
1.9705499000,446,Extend Data,0x18EF3E07,0x5,0x01 0x04 0x82 0x64 0x00,0x0BF7,ACK
1.9753602000,447,Data,0x310,0x8,0xF1 0x0E 0x78 0x05 0x12 0x02 0x01 0xC8,0x2684,ACK
1.9781204000,448,Data,0x311,0x8,0x39 0x1E 0x07 0x3F 0x90 0x01 0x00 0x00,0x66BC,ACK
1.9887163000,449,Data,0x100,0x8,0x00 0x00 0x00 0x40 0x0F 0x4F 0x23 0x32,0x4E99,ACK
2.0087463000,450,Data,0x100,0x8,0x00 0x00 0x00 0x40 0x0F 0x4F 0x23 0x32,0x4E99,ACK
2.0089925000,451,Data,0x203,0x8,0x01 0x00 0x57 0x00 0x57 0x00 0x00 0x00,0x25CC,ACK
2.0092388000,452,Data,0x204,0x8,0x00 0x00 0x00 0x00 0x00 0x00 0x00 0x00,0x79D1,ACK
2.0094950000,453,Data,0x205,0x8,0x00 0x00 0x00 0x00 0x00 0x00 0x00 0x00,0x72CA,ACK
2.0097913000,454,Data,0x209,0x8,0x9F 0x27 0x10 0x04 0x90 0x49 0x00 0x00,0x59C2,ACK
2.0100315000,455,Data,0x20A,0x8,0x00 0x00 0x00 0x00 0x00 0x00 0x00 0x00,0x1B53,ACK
2.0102858000,456,Data,0x20B,0x8,0xBC 0x02 0x64 0x00 0x01 0xC8 0x00 0x00,0x021C,ACK
2.0105300000,457,Data,0x20C,0x8,0x00 0xC4 0x1E 0x34 0x1E 0x07 0x00 0x00,0x7DA7,ACK
2.0287260000,458,Data,0x100,0x8,0x00 0x00 0x00 0x40 0x0F 0x4F 0x23 0x32,0x4E99,ACK
2.0306062000,459,Extend Data,0x18EF073E,0x4,0x01 0x01 0x02 0x0E,0x1389,ACK
2.0333945000,460,Extend Data,0x1CEC3E07,0x8,0x10 0x13 0x00 0x03 0xFF 0x00 0xEF 0x00,0x1F52,ACK
2.0336926000,461,Extend Data,0x18EC073E,0x8,0x11 0x03 0x01 0xFF 0xFF 0x00 0xEF 0x00,0x34D9,ACK
2.0344367000,462,Extend Data,0x1CEB3E07,0x8,0x01 0x01 0x04 0x02 0xB4 0xC1 0x83 0x58,0x140B,ACK
2.0347210000,463,Extend Data,0x1CEB3E07,0x8,0x02 0x51 0xE5 0xB2 0x6B 0x32 0xAC 0x86,0x3C30,ACK
2.0349893000,464,Extend Data,0x1CEB3E07,0x8,0x03 0x0E 0x1A 0xB9 0x10 0xF9 0xFF 0xFF,0x4FA2,ACK
2.0352994000,465,Extend Data,0x18EC073E,0x8,0x13 0x13 0x00 0x03 0xFF 0x00 0xEF 0x00,0x4215,ACK
2.0487275000,466,Data,0x100,0x8,0x00 0x00 0x00 0x40 0x0F 0x4F 0x23 0x32,0x4E99,ACK
2.0573998000,467,Data,0x429,0x8,0x20 0x00 0x00 0x00 0x00 0x00 0x00 0x00,0x7AC7,ACK
2.0592980000,468,Data,0x425,0x8,0x01 0x64 0x49 0x57 0x57 0x58 0x01 0xFF,0x3E52,ACK
2.0596943000,469,Data,0x420,0x8,0xA0 0x14 0xFA 0xFF 0x66 0x03 0x00 0x00,0x0477,ACK
2.0599345000,470,Data,0x421,0x8,0x38 0x36 0x31 0x34 0xFB 0x04 0x55 0x04,0x0DC7,ACK
2.0603068000,471,Data,0x422,0x8,0x00 0x00 0x20 0x00 0x15 0x00 0x02 0x00,0x33F1,ACK
2.0607030000,472,Data,0x423,0x8,0xBC 0x02 0x64 0x00 0x3C 0x00 0x01 0x00,0x500B,ACK
2.0621491000,473,Data,0x212,0x8,0x52 0x01 0x00 0xC9 0x00 0x00 0x00 0x2A,0x2C4E,ACK
2.0623894000,474,Data,0x211,0x8,0xE4 0x00 0x2A 0x00 0x00 0x00 0x00 0x00,0x0D4D,ACK
2.0626456000,475,Data,0x343,0x8,0x00 0x00 0x00 0x00 0x00 0x00 0x00 0x00,0x33F5,ACK
2.0687277000,476,Data,0x100,0x8,0x00 0x00 0x00 0x40 0x0F 0x4F 0x23 0x32,0x4E99,ACK
2.0887256000,477,Data,0x100,0x8,0x00 0x00 0x00 0x40 0x0F 0x4F 0x23 0x32,0x4E99,ACK
2.1068816000,478,Extend Data,0x18EF073E,0x4,0x01 0x01 0x0A 0x04,0x50DA,ACK
2.1087519000,479,Data,0x100,0x8,0x00 0x00 0x00 0x40 0x0F 0x4F 0x23 0x32,0x4E99,ACK
2.1089981000,480,Data,0x203,0x8,0x01 0x00 0x57 0x00 0x57 0x00 0x00 0x00,0x25CC,ACK
2.1092464000,481,Data,0x204,0x8,0x00 0x00 0x00 0x00 0x00 0x00 0x00 0x00,0x79D1,ACK
2.1095026000,482,Data,0x205,0x8,0x00 0x00 0x00 0x00 0x00 0x00 0x00 0x00,0x72CA,ACK
2.1098028000,483,Data,0x209,0x8,0x9F 0x27 0x10 0x04 0x90 0x49 0x00 0x00,0x59C2,ACK
2.1100431000,484,Data,0x20A,0x8,0x00 0x00 0x00 0x00 0x00 0x00 0x00 0x00,0x1B53,ACK
2.1102993000,485,Data,0x20B,0x8,0xBC 0x02 0x64 0x00 0x01 0xC8 0x00 0x00,0x021C,ACK
2.1105436000,486,Data,0x20C,0x8,0x00 0xC4 0x1E 0x34 0x1E 0x07 0x00 0x00,0x7DA7,ACK
2.1107978000,487,Data,0x301,0x8,0x00 0x00 0x00 0x00 0x00 0x00 0x00 0x00,0x7E55,ACK
2.1110541000,488,Data,0x302,0x2,0x00 0xFF,0x6FC0,ACK
2.1111983000,489,Data,0x485,0x8,0x22 0x00 0x00 0x00 0x62 0x00 0x14 0x0C,0x569F,ACK
2.1287263000,490,Data,0x100,0x8,0x00 0x00 0x00 0x40 0x0F 0x4F 0x23 0x32,0x4E99,ACK
2.1326366000,491,Extend Data,0x18EF3E07,0x7,0x01 0x04 0x0A 0x7C 0x33 0x00 0x00,0x2745,ACK
2.1487265000,492,Data,0x100,0x8,0x00 0x00 0x00 0x40 0x0F 0x4F 0x23 0x32,0x4E99,ACK
2.1621784000,493,Data,0x212,0x8,0x52 0x01 0x00 0xC9 0x00 0x00 0x00 0x2A,0x2C4E,ACK
2.1624407000,494,Data,0x211,0x8,0xE4 0x00 0x2A 0x00 0x00 0x00 0x00 0x00,0x0D4D,ACK
2.1626969000,495,Data,0x343,0x8,0x00 0x00 0x00 0x00 0x00 0x00 0x00 0x00,0x33F5,ACK
2.1629772000,496,Data,0x341,0x8,0x00 0x00 0x00 0x00 0x02 0x00 0x00 0x00,0x1833,ACK
2.1632554000,497,Data,0x342,0x8,0x0F 0x00 0x23 0x00 0x00 0xC4 0x0F 0x34,0x457A,ACK
2.1635117000,498,Data,0x344,0x8,0x00 0x00 0x00 0x03 0x00 0x00 0x00 0x00,0x6F15,ACK
2.1648978000,499,Extend Data,0x18EF073E,0x4,0x01 0x01 0x10 0x02,0x44F3,ACK
2.1655539000,500,Extend Data,0x18EF3E07,0x5,0x01 0x04 0x10 0x0D 0x00,0x0F0B,ACK
2.1687240000,501,Data,0x100,0x8,0x00 0x00 0x00 0x40 0x0F 0x4F 0x23 0x32,0x4E99,ACK
2.1769762000,502,Data,0x310,0x8,0xF1 0x0E 0x78 0x05 0x12 0x02 0x01 0xC8,0x2684,ACK
2.1777104000,503,Data,0x311,0x8,0x39 0x1E 0x07 0x3F 0x90 0x01 0x00 0x00,0x66BC,ACK
2.1887125000,504,Data,0x100,0x8,0x00 0x00 0x00 0x40 0x0F 0x4F 0x23 0x32,0x4E99,ACK
2.2087444000,505,Data,0x100,0x8,0x00 0x00 0x00 0x40 0x0F 0x4F 0x23 0x32,0x4E99,ACK
2.2089927000,506,Data,0x203,0x8,0x01 0x00 0x57 0x00 0x57 0x00 0x00 0x00,0x25CC,ACK
2.2092408000,507,Data,0x204,0x8,0x00 0x00 0x00 0x00 0x00 0x00 0x00 0x00,0x79D1,ACK
2.2094970000,508,Data,0x205,0x8,0x00 0x00 0x00 0x00 0x00 0x00 0x00 0x00,0x72CA,ACK
2.2097873000,509,Data,0x209,0x8,0x9F 0x27 0x10 0x04 0x90 0x49 0x00 0x00,0x59C2,ACK
2.2100295000,510,Data,0x20A,0x8,0x00 0x00 0x00 0x00 0x00 0x00 0x00 0x00,0x1B53,ACK
2.2102858000,511,Data,0x20B,0x8,0xBC 0x02 0x64 0x00 0x01 0xC8 0x00 0x00,0x021C,ACK
2.2105300000,512,Data,0x20C,0x8,0x00 0xC4 0x1E 0x34 0x1E 0x07 0x00 0x00,0x7DA7,ACK
2.2287260000,513,Data,0x100,0x8,0x00 0x00 0x00 0x40 0x0F 0x4F 0x23 0x32,0x4E99,ACK
2.2405581000,514,Extend Data,0x18EF073E,0x4,0x01 0x01 0x11 0x02,0x00D5,ACK
2.2411423000,515,Extend Data,0x18EF3E07,0x5,0x01 0x04 0x11 0xE0 0x01,0x11AD,ACK
2.2487242000,516,Data,0x100,0x8,0x00 0x00 0x00 0x40 0x0F 0x4F 0x23 0x32,0x4E99,ACK
2.2621441000,517,Data,0x212,0x8,0x52 0x01 0x00 0xC9 0x00 0x00 0x00 0x2A,0x2C4E,ACK
2.2624024000,518,Data,0x211,0x8,0xE4 0x00 0x2A 0x00 0x00 0x00 0x00 0x00,0x0D4D,ACK
2.2626626000,519,Data,0x343,0x8,0x00 0x00 0x00 0x00 0x00 0x00 0x00 0x00,0x33F5,ACK
2.2687227000,520,Data,0x100,0x8,0x00 0x00 0x00 0x40 0x0F 0x4F 0x23 0x32,0x4E99,ACK
2.2887246000,521,Data,0x100,0x8,0x00 0x00 0x00 0x40 0x0F 0x4F 0x23 0x32,0x4E99,ACK
2.3000187000,522,Extend Data,0x18EF073E,0x4,0x01 0x01 0x13 0x02,0x4D00,ACK
2.3087489000,523,Data,0x100,0x8,0x00 0x00 0x00 0x40 0x0F 0x4F 0x23 0x32,0x4E99,ACK
2.3089951000,524,Data,0x203,0x8,0x01 0x00 0x57 0x00 0x57 0x00 0x00 0x00,0x25CC,ACK
2.3092434000,525,Data,0x204,0x8,0x00 0x00 0x00 0x00 0x00 0x00 0x00 0x00,0x79D1,ACK
2.3094996000,526,Data,0x205,0x8,0x00 0x00 0x00 0x00 0x00 0x00 0x00 0x00,0x72CA,ACK
2.3097998000,527,Data,0x209,0x8,0x9F 0x27 0x10 0x04 0x90 0x49 0x00 0x00,0x59C2,ACK
2.3100401000,528,Data,0x20A,0x8,0x00 0x00 0x00 0x00 0x00 0x00 0x00 0x00,0x1B53,ACK
2.3102963000,529,Data,0x20B,0x8,0xBC 0x02 0x64 0x00 0x01 0xC8 0x00 0x00,0x021C,ACK
2.3105406000,530,Data,0x20C,0x8,0x00 0xC4 0x1E 0x34 0x1E 0x07 0x00 0x00,0x7DA7,ACK
2.3107948000,531,Data,0x301,0x8,0x00 0x00 0x00 0x00 0x00 0x00 0x00 0x00,0x7E55,ACK
2.3110511000,532,Data,0x302,0x2,0x00 0xFF,0x6FC0,ACK
2.3111973000,533,Data,0x485,0x8,0x22 0x00 0x00 0x00 0x62 0x00 0x14 0x0C,0x569F,ACK
2.3287233000,534,Data,0x100,0x8,0x00 0x00 0x00 0x40 0x0F 0x4F 0x23 0x32,0x4E99,ACK
2.3317554000,535,Extend Data,0x18EF3E07,0x5,0x01 0x04 0x13 0xFB 0x04,0x6F21,ACK
2.3487233000,536,Data,0x100,0x8,0x00 0x00 0x00 0x40 0x0F 0x4F 0x23 0x32,0x4E99,ACK
2.3599594000,537,Extend Data,0x18EF073E,0x4,0x01 0x01 0x94 0x02,0x22CA,ACK
2.3606617000,538,Extend Data,0x18EF3E07,0x5,0x01 0x04 0x94 0x3C 0x00,0x559A,ACK
2.3621798000,539,Data,0x212,0x8,0x52 0x01 0x00 0xC9 0x00 0x00 0x00 0x2A,0x2C4E,ACK
2.3624380000,540,Data,0x211,0x8,0xE4 0x00 0x2A 0x00 0x00 0x00 0x00 0x00,0x0D4D,ACK
2.3626983000,541,Data,0x343,0x8,0x00 0x00 0x00 0x00 0x00 0x00 0x00 0x00,0x33F5,ACK
2.3629545000,542,Data,0x341,0x8,0x00 0x00 0x00 0x00 0x02 0x00 0x00 0x00,0x1833,ACK
2.3632548000,543,Data,0x342,0x8,0x0F 0x00 0x23 0x00 0x00 0xC4 0x0F 0x34,0x457A,ACK
2.3635150000,544,Data,0x344,0x8,0x00 0x00 0x00 0x03 0x00 0x00 0x00 0x00,0x6F15,ACK
2.3637713000,545,Data,0x401,0x8,0x00 0x00 0x34 0x00 0x05 0x2A 0x00 0x00,0x4E01,ACK
2.3687214000,546,Data,0x100,0x8,0x00 0x00 0x00 0x40 0x0F 0x4F 0x23 0x32,0x4E99,ACK
2.3779614000,547,Data,0x310,0x8,0xF1 0x0E 0x78 0x05 0x12 0x02 0x01 0xC8,0x2684,ACK
2.3786957000,548,Data,0x311,0x8,0x39 0x1E 0x07 0x3F 0x90 0x01 0x00 0x00,0x66BC,ACK
2.3887217000,549,Data,0x100,0x8,0x00 0x00 0x00 0x40 0x0F 0x4F 0x23 0x32,0x4E99,ACK
2.4087397000,550,Data,0x100,0x8,0x00 0x00 0x00 0x40 0x0F 0x4F 0x23 0x32,0x4E99,ACK
2.4089858000,551,Data,0x203,0x8,0x01 0x00 0x57 0x00 0x57 0x00 0x00 0x00,0x25CC,ACK
2.4092340000,552,Data,0x204,0x8,0x00 0x00 0x00 0x00 0x00 0x00 0x00 0x00,0x79D1,ACK
2.4094903000,553,Data,0x205,0x8,0x00 0x00 0x00 0x00 0x00 0x00 0x00 0x00,0x72CA,ACK
2.4097985000,554,Data,0x209,0x8,0x9F 0x27 0x10 0x04 0x90 0x49 0x00 0x00,0x59C2,ACK
2.4100388000,555,Data,0x20A,0x8,0x00 0x00 0x00 0x00 0x00 0x00 0x00 0x00,0x1B53,ACK
2.4102950000,556,Data,0x20B,0x8,0xBC 0x02 0x64 0x00 0x01 0xC8 0x00 0x00,0x021C,ACK
2.4105393000,557,Data,0x20C,0x8,0x00 0xC4 0x1E 0x34 0x1E 0x07 0x00 0x00,0x7DA7,ACK
2.4287213000,558,Data,0x100,0x8,0x00 0x00 0x00 0x40 0x0F 0x4F 0x23 0x32,0x4E99,ACK
2.4353814000,559,Extend Data,0x18EF023E,0x4,0x01 0x01 0x86 0x02,0x29F7,ACK
2.4356875000,560,Extend Data,0x18EF3E02,0x5,0x01 0x04 0x86 0x00 0x00,0x1EE2,ACK
2.4487215000,561,Data,0x100,0x8,0x00 0x00 0x00 0x40 0x0F 0x4F 0x23 0x32,0x4E99,ACK
2.4621613000,562,Data,0x212,0x8,0x52 0x01 0x00 0xC9 0x00 0x00 0x00 0x2A,0x2C4E,ACK
2.4624216000,563,Data,0x211,0x8,0xE4 0x00 0x2A 0x00 0x00 0x00 0x00 0x00,0x0D4D,ACK
2.4626778000,564,Data,0x343,0x8,0x00 0x00 0x00 0x00 0x00 0x00 0x00 0x00,0x33F5,ACK
2.4687219000,565,Data,0x100,0x8,0x00 0x00 0x00 0x40 0x0F 0x4F 0x23 0x32,0x4E99,ACK
2.4887199000,566,Data,0x100,0x8,0x00 0x00 0x00 0x40 0x0F 0x4F 0x23 0x32,0x4E99,ACK
2.4949421000,567,Extend Data,0x18EF023E,0x4,0x01 0x01 0x48 0x02,0x67E1,ACK
2.4953041000,568,Extend Data,0x18EF3E02,0x5,0x01 0x04 0x48 0x00 0x00,0x2BAE,ACK
2.5087461000,569,Data,0x100,0x8,0x00 0x00 0x00 0x40 0x0F 0x4F 0x23 0x32,0x4E99,ACK
2.5089924000,570,Data,0x203,0x8,0x01 0x00 0x57 0x00 0x57 0x00 0x00 0x00,0x25CC,ACK
2.5092406000,571,Data,0x204,0x8,0x00 0x00 0x00 0x00 0x00 0x00 0x00 0x00,0x79D1,ACK
2.5094968000,572,Data,0x205,0x8,0x00 0x00 0x00 0x00 0x00 0x00 0x00 0x00,0x72CA,ACK
2.5097971000,573,Data,0x209,0x8,0x9F 0x27 0x10 0x04 0x90 0x49 0x00 0x00,0x59C2,ACK
2.5100373000,574,Data,0x20A,0x8,0x00 0x00 0x00 0x00 0x00 0x00 0x00 0x00,0x1B53,ACK
2.5102936000,575,Data,0x20B,0x8,0xBC 0x02 0x64 0x00 0x01 0xC8 0x00 0x00,0x021C,ACK
2.5105378000,576,Data,0x20C,0x8,0x00 0xC4 0x1E 0x34 0x1E 0x07 0x00 0x00,0x7DA7,ACK
2.5107921000,577,Data,0x301,0x8,0x00 0x00 0x00 0x00 0x00 0x00 0x00 0x00,0x7E55,ACK
2.5110483000,578,Data,0x302,0x2,0x00 0xFF,0x6FC0,ACK
2.5111946000,579,Data,0x485,0x8,0x22 0x00 0x00 0x00 0x62 0x00 0x14 0x0C,0x569F,ACK
2.5287186000,580,Data,0x100,0x8,0x00 0x00 0x00 0x40 0x0F 0x4F 0x23 0x32,0x4E99,ACK
2.5487204000,581,Data,0x100,0x8,0x00 0x00 0x00 0x40 0x0F 0x4F 0x23 0x32,0x4E99,ACK
2.5550906000,582,Extend Data,0x18EF023E,0x4,0x01 0x01 0x49 0x02,0x23C7,ACK
2.5554026000,583,Extend Data,0x18EF3E02,0x5,0x01 0x04 0x49 0x00 0x00,0x5BBA,ACK
2.5572169000,584,Data,0x500,0x8,0x48 0x48 0x49 0xFF 0x48 0x48 0x48 0xFF,0x3C42,ACK
2.5581632000,585,Data,0x424,0x8,0x42 0x4A 0x4D 0x69 0x00 0x00 0x00 0x00,0x5A58,ACK
2.5585794000,586,Data,0x429,0x8,0x20 0x00 0x00 0x00 0x00 0x00 0x00 0x00,0x7AC7,ACK
2.5605097000,587,Data,0x425,0x8,0x01 0x64 0x49 0x57 0x57 0x58 0x01 0xFF,0x3E52,ACK
2.5608879000,588,Data,0x420,0x8,0xA0 0x14 0xFA 0xFF 0x66 0x03 0x00 0x00,0x0477,ACK
2.5611282000,589,Data,0x421,0x8,0x38 0x36 0x31 0x34 0xFB 0x04 0x55 0x04,0x0DC7,ACK
2.5615184000,590,Data,0x422,0x8,0x00 0x00 0x20 0x00 0x15 0x00 0x02 0x00,0x33F1,ACK
2.5618967000,591,Data,0x423,0x8,0xBC 0x02 0x64 0x00 0x3C 0x00 0x01 0x00,0x500B,ACK
2.5621488000,592,Data,0x212,0x8,0x52 0x01 0x00 0xC9 0x00 0x00 0x00 0x2A,0x2C4E,ACK
2.5623890000,593,Data,0x211,0x8,0xE4 0x00 0x2A 0x00 0x00 0x00 0x00 0x00,0x0D4D,ACK
2.5626473000,594,Data,0x343,0x8,0x00 0x00 0x00 0x00 0x00 0x00 0x00 0x00,0x33F5,ACK
2.5629055000,595,Data,0x341,0x8,0x00 0x00 0x00 0x00 0x02 0x00 0x00 0x00,0x1833,ACK
2.5632018000,596,Data,0x342,0x8,0x0F 0x00 0x23 0x00 0x00 0xC4 0x0F 0x34,0x457A,ACK
2.5634620000,597,Data,0x344,0x8,0x00 0x00 0x00 0x03 0x00 0x00 0x00 0x00,0x6F15,ACK
2.5687201000,598,Data,0x100,0x8,0x00 0x00 0x00 0x40 0x0F 0x4F 0x23 0x32,0x4E99,ACK
2.5778802000,599,Data,0x310,0x8,0xF1 0x0E 0x78 0x05 0x12 0x02 0x01 0xC8,0x2684,ACK
2.5786144000,600,Data,0x311,0x8,0x39 0x1E 0x07 0x3F 0x90 0x01 0x00 0x00,0x66BC,ACK
2.5887185000,601,Data,0x100,0x8,0x00 0x00 0x00 0x40 0x0F 0x4F 0x23 0x32,0x4E99,ACK
2.6087384000,602,Data,0x100,0x8,0x00 0x00 0x00 0x40 0x0F 0x4F 0x23 0x32,0x4E99,ACK
2.6089845000,603,Data,0x203,0x8,0x01 0x00 0x57 0x00 0x57 0x00 0x00 0x00,0x25CC,ACK
2.6092328000,604,Data,0x204,0x8,0x00 0x00 0x00 0x00 0x00 0x00 0x00 0x00,0x79D1,ACK
2.6094890000,605,Data,0x205,0x8,0x00 0x00 0x00 0x00 0x00 0x00 0x00 0x00,0x72CA,ACK
2.6097953000,606,Data,0x209,0x8,0x9F 0x27 0x10 0x04 0x90 0x49 0x00 0x00,0x59C2,ACK
2.6100355000,607,Data,0x20A,0x8,0x00 0x00 0x00 0x00 0x00 0x00 0x00 0x00,0x1B53,ACK
2.6102918000,608,Data,0x20B,0x8,0xBC 0x02 0x64 0x00 0x01 0xC8 0x00 0x00,0x021C,ACK
2.6105360000,609,Data,0x20C,0x8,0x00 0xC4 0x1E 0x34 0x1E 0x07 0x00 0x00,0x7DA7,ACK
2.6287200000,610,Data,0x100,0x8,0x00 0x00 0x00 0x40 0x0F 0x4F 0x23 0x32,0x4E99,ACK
2.6300102000,611,Extend Data,0x18EF023E,0x4,0x01 0x01 0x40 0x02,0x1E1E,ACK
2.6303103000,612,Extend Data,0x18EF3E02,0x5,0x01 0x04 0x40 0x00 0x00,0x78F3,ACK
2.6487182000,613,Data,0x100,0x8,0x00 0x00 0x00 0x40 0x0F 0x4F 0x23 0x32,0x4E99,ACK
2.6621741000,614,Data,0x212,0x8,0x52 0x01 0x00 0xC9 0x00 0x00 0x00 0x2A,0x2C4E,ACK
2.6624323000,615,Data,0x211,0x8,0xE4 0x00 0x2A 0x00 0x00 0x00 0x00 0x00,0x0D4D,ACK
2.6626926000,616,Data,0x343,0x8,0x00 0x00 0x00 0x00 0x00 0x00 0x00 0x00,0x33F5,ACK
2.6687167000,617,Data,0x100,0x8,0x00 0x00 0x00 0x40 0x0F 0x4F 0x23 0x32,0x4E99,ACK
2.6887186000,618,Data,0x100,0x8,0x00 0x00 0x00 0x40 0x0F 0x4F 0x23 0x32,0x4E99,ACK
2.6900089000,619,Extend Data,0x18EF023E,0x4,0x01 0x01 0x3E 0x02,0x32AB,ACK
2.6903209000,620,Extend Data,0x18EF3E02,0x5,0x01 0x04 0x3E 0x00 0x00,0x223F,ACK
2.7087589000,621,Data,0x100,0x8,0x00 0x00 0x00 0x40 0x0F 0x4F 0x23 0x32,0x4E99,ACK
2.7090051000,622,Data,0x203,0x8,0x01 0x00 0x57 0x00 0x57 0x00 0x00 0x00,0x25CC,ACK
2.7092513000,623,Data,0x204,0x8,0x00 0x00 0x00 0x00 0x00 0x00 0x00 0x00,0x79D1,ACK
2.7095096000,624,Data,0x205,0x8,0x00 0x00 0x00 0x00 0x00 0x00 0x00 0x00,0x72CA,ACK
2.7097958000,625,Data,0x209,0x8,0x9F 0x27 0x10 0x04 0x90 0x49 0x00 0x00,0x59C2,ACK
2.7100361000,626,Data,0x20A,0x8,0x00 0x00 0x00 0x00 0x00 0x00 0x00 0x00,0x1B53,ACK
2.7102923000,627,Data,0x20B,0x8,0xBC 0x02 0x64 0x00 0x01 0xC8 0x00 0x00,0x021C,ACK
2.7105366000,628,Data,0x20C,0x8,0x00 0xC4 0x1E 0x34 0x1E 0x07 0x00 0x00,0x7DA7,ACK
2.7107908000,629,Data,0x301,0x8,0x00 0x00 0x00 0x00 0x00 0x00 0x00 0x00,0x7E55,ACK
2.7110471000,630,Data,0x302,0x2,0x00 0xFF,0x6FC0,ACK
2.7111912000,631,Data,0x485,0x8,0x22 0x00 0x00 0x00 0x62 0x00 0x14 0x0C,0x569F,ACK
2.7114374000,632,Data,0x480,0x8,0x00 0x00 0x00 0x00 0x21 0x00 0x00 0x00,0x32BE,ACK
2.7116937000,633,Data,0x481,0x8,0xCA 0x17 0x08 0x13 0x00 0x00 0x00 0x00,0x1AA4,ACK
2.7119359000,634,Data,0x482,0x8,0x52 0x01 0x02 0x00 0x00 0x00 0x00 0x00,0x36EA,ACK
2.7121842000,635,Data,0x483,0x8,0x31 0x4B 0x31 0x55 0x41 0x32 0x35 0x35,0x717E,ACK
2.7124184000,636,Data,0x484,0x8,0x31 0x50 0x33 0x39 0x36 0x35 0x00 0x00,0x0196,ACK
2.7287164000,637,Data,0x100,0x8,0x00 0x00 0x00 0x40 0x0F 0x4F 0x23 0x32,0x4E99,ACK
2.7487184000,638,Data,0x100,0x8,0x00 0x00 0x00 0x40 0x0F 0x4F 0x23 0x32,0x4E99,ACK
2.7500666000,639,Extend Data,0x18EF023E,0x4,0x01 0x01 0x10 0x0E,0x18B4,ACK
2.7512107000,640,Extend Data,0x00EC3E02,0x8,0x10 0x13 0x00 0x03 0xFF 0x00 0xEF 0x00,0x4279,ACK
2.7515089000,641,Extend Data,0x18EC023E,0x8,0x11 0x03 0x01 0xFF 0xFF 0x00 0xEF 0x00,0x527F,ACK
2.7521629000,642,Extend Data,0x00EB3E02,0x8,0x01 0x01 0x04 0x10 0x5A 0x30 0x37 0x58,0x6721,ACK
2.7524672000,643,Extend Data,0x00EB3E02,0x8,0x02 0x42 0x34 0x47 0x32 0x35 0x4D 0x48,0x0168,ACK
2.7527714000,644,Extend Data,0x00EB3E02,0x8,0x03 0x33 0x30 0x36 0x7F 0xFC 0xFF 0xFF,0x5CF3,ACK
2.7530856000,645,Extend Data,0x18EC023E,0x8,0x13 0x13 0x00 0x03 0xFF 0x00 0xEF 0x00,0x24B3,ACK
2.7621755000,646,Data,0x212,0x8,0x52 0x01 0x00 0xC9 0x00 0x00 0x00 0x2A,0x2C4E,ACK
2.7624318000,647,Data,0x211,0x8,0xE4 0x00 0x2A 0x00 0x00 0x00 0x00 0x00,0x0D4D,ACK
2.7627140000,648,Data,0x343,0x8,0x00 0x00 0x00 0x00 0x00 0x00 0x00 0x00,0x33F5,ACK
2.7629703000,649,Data,0x341,0x8,0x00 0x00 0x00 0x00 0x02 0x00 0x00 0x00,0x1833,ACK
2.7632445000,650,Data,0x342,0x8,0x0F 0x00 0x23 0x00 0x00 0xC4 0x0F 0x34,0x457A,ACK
2.7635268000,651,Data,0x344,0x8,0x00 0x00 0x00 0x03 0x00 0x00 0x00 0x00,0x6F15,ACK
2.7687169000,652,Data,0x100,0x8,0x00 0x00 0x00 0x40 0x0F 0x4F 0x23 0x32,0x4E99,ACK
2.7780490000,653,Data,0x310,0x8,0xF1 0x0E 0x78 0x05 0x12 0x02 0x01 0xC8,0x2684,ACK
2.7787832000,654,Data,0x311,0x8,0x39 0x1E 0x07 0x3F 0x90 0x01 0x00 0x00,0x66BC,ACK
2.7887172000,655,Data,0x100,0x8,0x00 0x00 0x00 0x40 0x0F 0x4F 0x23 0x32,0x4E99,ACK
2.8087352000,656,Data,0x100,0x8,0x00 0x00 0x00 0x40 0x0F 0x4F 0x23 0x32,0x4E99,ACK
2.8089833000,657,Data,0x203,0x8,0x01 0x00 0x57 0x00 0x57 0x00 0x00 0x00,0x25CC,ACK
2.8092315000,658,Data,0x204,0x8,0x00 0x00 0x00 0x00 0x00 0x00 0x00 0x00,0x79D1,ACK
2.8094878000,659,Data,0x205,0x8,0x00 0x00 0x00 0x00 0x00 0x00 0x00 0x00,0x72CA,ACK
2.8097920000,660,Data,0x209,0x8,0x9F 0x27 0x10 0x04 0x90 0x49 0x00 0x00,0x59C2,ACK
2.8100323000,661,Data,0x20A,0x8,0x00 0x00 0x00 0x00 0x00 0x00 0x00 0x00,0x1B53,ACK
2.8102865000,662,Data,0x20B,0x8,0xBC 0x02 0x64 0x00 0x01 0xC8 0x00 0x00,0x021C,ACK
2.8105328000,663,Data,0x20C,0x8,0x00 0xC4 0x1E 0x34 0x1E 0x07 0x00 0x00,0x7DA7,ACK
2.8249628000,664,Extend Data,0x18EF023E,0x4,0x01 0x01 0x83 0x02,0x33E2,ACK
2.8252929000,665,Extend Data,0x18EF3E02,0x5,0x01 0x04 0x83 0x00 0x00,0x2594,ACK
2.8287050000,666,Data,0x100,0x8,0x00 0x00 0x00 0x40 0x0F 0x4F 0x23 0x32,0x4E99,ACK
2.8487170000,667,Data,0x100,0x8,0x00 0x00 0x00 0x40 0x0F 0x4F 0x23 0x32,0x4E99,ACK
2.8621548000,668,Data,0x212,0x8,0x52 0x01 0x00 0xC9 0x00 0x00 0x00 0x2A,0x2C4E,ACK
2.8624391000,669,Data,0x211,0x8,0xE4 0x00 0x2A 0x00 0x00 0x00 0x00 0x00,0x0D4D,ACK
2.8626953000,670,Data,0x343,0x8,0x00 0x00 0x00 0x00 0x00 0x00 0x00 0x00,0x33F5,ACK
2.8629556000,671,Data,0x401,0x8,0x00 0x00 0x34 0x00 0x05 0x2A 0x00 0x00,0x4E01,ACK
2.8687157000,672,Data,0x100,0x8,0x00 0x00 0x00 0x40 0x0F 0x4F 0x23 0x32,0x4E99,ACK
2.8887136000,673,Data,0x100,0x8,0x00 0x00 0x00 0x40 0x0F 0x4F 0x23 0x32,0x4E99,ACK
2.9000037000,674,Extend Data,0x18EF023E,0x4,0x01 0x01 0x8F 0x02,0x142E,ACK
2.9003098000,675,Extend Data,0x18EF3E02,0x5,0x01 0x04 0x8F 0x00 0x00,0x3DAB,ACK
2.9087418000,676,Data,0x100,0x8,0x00 0x00 0x00 0x40 0x0F 0x4F 0x23 0x32,0x4E99,ACK
2.9089881000,677,Data,0x203,0x8,0x01 0x00 0x57 0x00 0x57 0x00 0x00 0x00,0x25CC,ACK
2.9092363000,678,Data,0x204,0x8,0x00 0x00 0x00 0x00 0x00 0x00 0x00 0x00,0x79D1,ACK
2.9094926000,679,Data,0x205,0x8,0x00 0x00 0x00 0x00 0x00 0x00 0x00 0x00,0x72CA,ACK
2.9097787000,680,Data,0x209,0x8,0x9F 0x27 0x10 0x04 0x90 0x49 0x00 0x00,0x59C2,ACK
2.9100190000,681,Data,0x20A,0x8,0x00 0x00 0x00 0x00 0x00 0x00 0x00 0x00,0x1B53,ACK
2.9102731000,682,Data,0x20B,0x8,0xBC 0x02 0x64 0x00 0x01 0xC8 0x00 0x00,0x021C,ACK
2.9105172000,683,Data,0x20C,0x8,0x00 0xC4 0x1E 0x34 0x1E 0x07 0x00 0x00,0x7DA7,ACK
2.9107714000,684,Data,0x301,0x8,0x00 0x00 0x00 0x00 0x00 0x00 0x00 0x00,0x7E55,ACK
2.9110277000,685,Data,0x302,0x2,0x00 0xFF,0x6FC0,ACK
2.9111739000,686,Data,0x485,0x8,0x22 0x00 0x00 0x00 0x62 0x00 0x14 0x0C,0x569F,ACK
2.9287159000,687,Data,0x100,0x8,0x00 0x00 0x00 0x40 0x0F 0x4F 0x23 0x32,0x4E99,ACK
2.9487138000,688,Data,0x100,0x8,0x00 0x00 0x00 0x40 0x0F 0x4F 0x23 0x32,0x4E99,ACK
2.9621596000,689,Data,0x212,0x8,0x52 0x01 0x00 0xC9 0x00 0x00 0x00 0x2A,0x2C4E,ACK
2.9624218000,690,Data,0x211,0x8,0xE4 0x00 0x2A 0x00 0x00 0x00 0x00 0x00,0x0D4D,ACK
2.9626799000,691,Data,0x343,0x8,0x00 0x00 0x00 0x00 0x00 0x00 0x00 0x00,0x33F5,ACK
2.9629400000,692,Data,0x341,0x8,0x00 0x00 0x00 0x00 0x02 0x00 0x00 0x00,0x1833,ACK
2.9632361000,693,Data,0x342,0x8,0x0F 0x00 0x23 0x00 0x00 0xC4 0x0F 0x34,0x457A,ACK
2.9634962000,694,Data,0x344,0x8,0x00 0x00 0x00 0x03 0x00 0x00 0x00 0x00,0x6F15,ACK
2.9687122000,695,Data,0x100,0x8,0x00 0x00 0x00 0x40 0x0F 0x4F 0x23 0x32,0x4E99,ACK
2.9782685000,696,Data,0x310,0x8,0xF1 0x0E 0x78 0x05 0x12 0x02 0x01 0xC8,0x2684,ACK
2.9789947000,697,Data,0x311,0x8,0x39 0x1E 0x07 0x3F 0x90 0x01 0x00 0x00,0x66BC,ACK
2.9887127000,698,Data,0x100,0x8,0x00 0x00 0x00 0x40 0x0F 0x4F 0x23 0x32,0x4E99,ACK
3.0087325000,699,Data,0x100,0x8,0x00 0x00 0x00 0x40 0x0F 0x4F 0x23 0x32,0x4E99,ACK
3.0089787000,700,Data,0x203,0x8,0x01 0x00 0x57 0x00 0x57 0x00 0x00 0x00,0x25CC,ACK
3.0092268000,701,Data,0x204,0x8,0x00 0x00 0x00 0x00 0x00 0x00 0x00 0x00,0x79D1,ACK
3.0094829000,702,Data,0x205,0x8,0x00 0x00 0x00 0x00 0x00 0x00 0x00 0x00,0x72CA,ACK
3.0097890000,703,Data,0x209,0x8,0x9F 0x27 0x10 0x04 0x90 0x49 0x00 0x00,0x59C2,ACK
3.0100291000,704,Data,0x20A,0x8,0x00 0x00 0x00 0x00 0x00 0x00 0x00 0x00,0x1B53,ACK
3.0102833000,705,Data,0x20B,0x8,0xBC 0x02 0x64 0x00 0x01 0xC8 0x00 0x00,0x021C,ACK
3.0105274000,706,Data,0x20C,0x8,0x00 0xC4 0x1E 0x34 0x1E 0x07 0x00 0x00,0x7DA7,ACK
3.0287132000,707,Data,0x100,0x8,0x00 0x00 0x00 0x40 0x0F 0x4F 0x23 0x32,0x4E99,ACK
3.0487131000,708,Data,0x100,0x8,0x00 0x00 0x00 0x40 0x0F 0x4F 0x23 0x32,0x4E99,ACK
3.0586133000,709,Data,0x429,0x8,0x20 0x00 0x00 0x00 0x00 0x00 0x00 0x00,0x7AC7,ACK
3.0605276000,710,Data,0x425,0x8,0x01 0x64 0x49 0x57 0x57 0x58 0x01 0xFF,0x3E52,ACK
3.0609058000,711,Data,0x420,0x8,0xA0 0x14 0xFA 0xFF 0x66 0x03 0x00 0x00,0x0477,ACK
3.0611461000,712,Data,0x421,0x8,0x38 0x36 0x31 0x34 0xFB 0x04 0x55 0x04,0x0DC7,ACK
3.0615843000,713,Data,0x422,0x8,0x00 0x00 0x20 0x00 0x15 0x00 0x02 0x00,0x33F1,ACK
3.0619626000,714,Data,0x423,0x8,0xBC 0x02 0x64 0x00 0x3C 0x00 0x01 0x00,0x500B,ACK
3.0622007000,715,Data,0x211,0x8,0xE4 0x00 0x2A 0x00 0x00 0x00 0x00 0x00,0x0D4D,ACK
3.0624428000,716,Data,0x212,0x8,0x52 0x01 0x00 0xC9 0x00 0x00 0x00 0x2A,0x2C4E,ACK
3.0627189000,717,Data,0x343,0x8,0x00 0x00 0x00 0x00 0x00 0x00 0x00 0x00,0x33F5,ACK
3.0687129000,718,Data,0x100,0x8,0x00 0x00 0x00 0x40 0x0F 0x4F 0x23 0x32,0x4E99,ACK
3.0887128000,719,Data,0x100,0x8,0x00 0x00 0x00 0x40 0x0F 0x4F 0x23 0x32,0x4E99,ACK
3.1087266000,720,Data,0x100,0x8,0x00 0x00 0x00 0x40 0x0F 0x4F 0x23 0x32,0x4E99,ACK
3.1089747000,721,Data,0x203,0x8,0x01 0x00 0x57 0x00 0x57 0x00 0x00 0x00,0x25CC,ACK
3.1092228000,722,Data,0x204,0x8,0x00 0x00 0x00 0x00 0x00 0x00 0x00 0x00,0x79D1,ACK
3.1094790000,723,Data,0x205,0x8,0x00 0x00 0x00 0x00 0x00 0x00 0x00 0x00,0x72CA,ACK
3.1097871000,724,Data,0x209,0x8,0x9F 0x27 0x10 0x04 0x90 0x49 0x00 0x00,0x59C2,ACK
3.1100272000,725,Data,0x20A,0x8,0x00 0x00 0x00 0x00 0x00 0x00 0x00 0x00,0x1B53,ACK
3.1102813000,726,Data,0x20B,0x8,0xBC 0x02 0x64 0x00 0x01 0xC8 0x00 0x00,0x021C,ACK
3.1105254000,727,Data,0x20C,0x8,0x00 0xC4 0x1E 0x34 0x1E 0x07 0x00 0x00,0x7DA7,ACK
3.1107796000,728,Data,0x301,0x8,0x00 0x00 0x00 0x00 0x00 0x00 0x00 0x00,0x7E55,ACK
3.1110357000,729,Data,0x302,0x2,0x00 0xFF,0x6FC0,ACK
3.1111818000,730,Data,0x485,0x8,0x22 0x00 0x00 0x00 0x62 0x00 0x14 0x0C,0x569F,ACK
3.1287117000,731,Data,0x100,0x8,0x00 0x00 0x00 0x40 0x0F 0x4F 0x23 0x32,0x4E99,ACK
3.1487115000,732,Data,0x100,0x8,0x00 0x00 0x00 0x40 0x0F 0x4F 0x23 0x32,0x4E99,ACK
3.1621294000,733,Data,0x212,0x8,0x52 0x01 0x00 0xC9 0x00 0x00 0x00 0x2A,0x2C4E,ACK
3.1623695000,734,Data,0x211,0x8,0xE4 0x00 0x2A 0x00 0x00 0x00 0x00 0x00,0x0D4D,ACK
3.1626256000,735,Data,0x343,0x8,0x00 0x00 0x00 0x00 0x00 0x00 0x00 0x00,0x33F5,ACK
3.1628877000,736,Data,0x341,0x8,0x00 0x00 0x00 0x00 0x02 0x00 0x00 0x00,0x1833,ACK
3.1631859000,737,Data,0x342,0x8,0x0F 0x00 0x23 0x00 0x00 0xC4 0x0F 0x34,0x457A,ACK
3.1634420000,738,Data,0x344,0x8,0x00 0x00 0x00 0x03 0x00 0x00 0x00 0x00,0x6F15,ACK
3.1687120000,739,Data,0x100,0x8,0x00 0x00 0x00 0x40 0x0F 0x4F 0x23 0x32,0x4E99,ACK
3.1785882000,740,Data,0x311,0x8,0x39 0x1E 0x07 0x3F 0x90 0x01 0x00 0x00,0x66BC,ACK
3.1799825000,741,Data,0x310,0x8,0xF1 0x0E 0x78 0x05 0x12 0x02 0x01 0xC8,0x2684,ACK
3.1887104000,742,Data,0x100,0x8,0x00 0x00 0x00 0x40 0x0F 0x4F 0x23 0x32,0x4E99,ACK
3.2087283000,743,Data,0x100,0x8,0x00 0x00 0x00 0x40 0x0F 0x4F 0x23 0x32,0x4E99,ACK
3.2089744000,744,Data,0x203,0x8,0x01 0x00 0x57 0x00 0x57 0x00 0x00 0x00,0x25CC,ACK
3.2092225000,745,Data,0x204,0x8,0x00 0x00 0x00 0x00 0x00 0x00 0x00 0x00,0x79D1,ACK
3.2094786000,746,Data,0x205,0x8,0x00 0x00 0x00 0x00 0x00 0x00 0x00 0x00,0x72CA,ACK
3.2097868000,747,Data,0x209,0x8,0x9F 0x27 0x10 0x04 0x90 0x49 0x00 0x00,0x59C2,ACK
3.2100269000,748,Data,0x20A,0x8,0x00 0x00 0x00 0x00 0x00 0x00 0x00 0x00,0x1B53,ACK
3.2102810000,749,Data,0x20B,0x8,0xBC 0x02 0x64 0x00 0x01 0xC8 0x00 0x00,0x021C,ACK
3.2105251000,750,Data,0x20C,0x8,0x00 0xC4 0x1E 0x34 0x1E 0x07 0x00 0x00,0x7DA7,ACK
3.2287090000,751,Data,0x100,0x8,0x00 0x00 0x00 0x40 0x0F 0x4F 0x23 0x32,0x4E99,ACK
3.2487088000,752,Data,0x100,0x8,0x00 0x00 0x00 0x40 0x0F 0x4F 0x23 0x32,0x4E99,ACK
3.2621607000,753,Data,0x212,0x8,0x52 0x01 0x00 0xC9 0x00 0x00 0x00 0x2A,0x2C4E,ACK
3.2624208000,754,Data,0x211,0x8,0xE4 0x00 0x2A 0x00 0x00 0x00 0x00 0x00,0x0D4D,ACK
3.2626789000,755,Data,0x343,0x8,0x00 0x00 0x00 0x00 0x00 0x00 0x00 0x00,0x33F5,ACK
3.2687109000,756,Data,0x100,0x8,0x00 0x00 0x00 0x40 0x0F 0x4F 0x23 0x32,0x4E99,ACK
3.2887088000,757,Data,0x100,0x8,0x00 0x00 0x00 0x40 0x0F 0x4F 0x23 0x32,0x4E99,ACK
3.3087366000,758,Data,0x100,0x8,0x00 0x00 0x00 0x40 0x0F 0x4F 0x23 0x32,0x4E99,ACK
3.3089827000,759,Data,0x203,0x8,0x01 0x00 0x57 0x00 0x57 0x00 0x00 0x00,0x25CC,ACK
3.3092288000,760,Data,0x204,0x8,0x00 0x00 0x00 0x00 0x00 0x00 0x00 0x00,0x79D1,ACK
3.3094870000,761,Data,0x205,0x8,0x00 0x00 0x00 0x00 0x00 0x00 0x00 0x00,0x72CA,ACK
3.3097731000,762,Data,0x209,0x8,0x9F 0x27 0x10 0x04 0x90 0x49 0x00 0x00,0x59C2,ACK
3.3100132000,763,Data,0x20A,0x8,0x00 0x00 0x00 0x00 0x00 0x00 0x00 0x00,0x1B53,ACK
3.3102673000,764,Data,0x20B,0x8,0xBC 0x02 0x64 0x00 0x01 0xC8 0x00 0x00,0x021C,ACK
3.3105114000,765,Data,0x20C,0x8,0x00 0xC4 0x1E 0x34 0x1E 0x07 0x00 0x00,0x7DA7,ACK
3.3107656000,766,Data,0x301,0x8,0x00 0x00 0x00 0x00 0x00 0x00 0x00 0x00,0x7E55,ACK
3.3110217000,767,Data,0x302,0x2,0x00 0xFF,0x6FC0,ACK
3.3111678000,768,Data,0x485,0x8,0x22 0x00 0x00 0x00 0x62 0x00 0x14 0x0C,0x569F,ACK
3.3287097000,769,Data,0x100,0x8,0x00 0x00 0x00 0x40 0x0F 0x4F 0x23 0x32,0x4E99,ACK
3.3487095000,770,Data,0x100,0x8,0x00 0x00 0x00 0x40 0x0F 0x4F 0x23 0x32,0x4E99,ACK
3.3621474000,771,Data,0x212,0x8,0x52 0x01 0x00 0xC9 0x00 0x00 0x00 0x2A,0x2C4E,ACK
3.3624075000,772,Data,0x211,0x8,0xE4 0x00 0x2A 0x00 0x00 0x00 0x00 0x00,0x0D4D,ACK
3.3626676000,773,Data,0x343,0x8,0x00 0x00 0x00 0x00 0x00 0x00 0x00 0x00,0x33F5,ACK
3.3629497000,774,Data,0x341,0x8,0x00 0x00 0x00 0x00 0x02 0x00 0x00 0x00,0x1833,ACK
3.3632219000,775,Data,0x342,0x8,0x0F 0x00 0x23 0x00 0x00 0xC4 0x0F 0x34,0x457A,ACK
3.3635040000,776,Data,0x344,0x8,0x00 0x00 0x00 0x03 0x00 0x00 0x00 0x00,0x6F15,ACK
3.3637601000,777,Data,0x401,0x8,0x00 0x00 0x34 0x00 0x05 0x2A 0x00 0x00,0x4E01,ACK
3.3687081000,778,Data,0x100,0x8,0x00 0x00 0x00 0x40 0x0F 0x4F 0x23 0x32,0x4E99,ACK
3.3790242000,779,Data,0x311,0x8,0x39 0x1E 0x07 0x3F 0x90 0x01 0x00 0x00,0x66BC,ACK
3.3804925000,780,Data,0x310,0x8,0xF1 0x0E 0x78 0x05 0x12 0x02 0x01 0xC8,0x2684,ACK
3.3887064000,781,Data,0x100,0x8,0x00 0x00 0x00 0x40 0x0F 0x4F 0x23 0x32,0x4E99,ACK
3.4087263000,782,Data,0x100,0x8,0x00 0x00 0x00 0x40 0x0F 0x4F 0x23 0x32,0x4E99,ACK
3.4089724000,783,Data,0x203,0x8,0x01 0x00 0x57 0x00 0x57 0x00 0x00 0x00,0x25CC,ACK
3.4092205000,784,Data,0x204,0x8,0x00 0x00 0x00 0x00 0x00 0x00 0x00 0x00,0x79D1,ACK
3.4094766000,785,Data,0x205,0x8,0x00 0x00 0x00 0x00 0x00 0x00 0x00 0x00,0x72CA,ACK
3.4097848000,786,Data,0x209,0x8,0x9F 0x27 0x10 0x04 0x90 0x49 0x00 0x00,0x59C2,ACK
3.4100249000,787,Data,0x20A,0x8,0x00 0x00 0x00 0x00 0x00 0x00 0x00 0x00,0x1B53,ACK
3.4102790000,788,Data,0x20B,0x8,0xBC 0x02 0x64 0x00 0x01 0xC8 0x00 0x00,0x021C,ACK
3.4105231000,789,Data,0x20C,0x8,0x00 0xC4 0x1E 0x34 0x1E 0x07 0x00 0x00,0x7DA7,ACK
3.4287070000,790,Data,0x100,0x8,0x00 0x00 0x00 0x40 0x0F 0x4F 0x23 0x32,0x4E99,ACK
3.4487068000,791,Data,0x100,0x8,0x00 0x00 0x00 0x40 0x0F 0x4F 0x23 0x32,0x4E99,ACK
3.4621408000,792,Data,0x212,0x8,0x52 0x01 0x00 0xC9 0x00 0x00 0x00 0x2A,0x2C4E,ACK
3.4624211000,793,Data,0x211,0x8,0xE4 0x00 0x2A 0x00 0x00 0x00 0x00 0x00,0x0D4D,ACK
3.4626813000,794,Data,0x343,0x8,0x00 0x00 0x00 0x00 0x00 0x00 0x00 0x00,0x33F5,ACK
3.4687053000,795,Data,0x100,0x8,0x00 0x00 0x00 0x40 0x0F 0x4F 0x23 0x32,0x4E99,ACK
3.4887051000,796,Data,0x100,0x8,0x00 0x00 0x00 0x40 0x0F 0x4F 0x23 0x32,0x4E99,ACK
3.5087331000,797,Data,0x100,0x8,0x00 0x00 0x00 0x40 0x0F 0x4F 0x23 0x32,0x4E99,ACK
3.5089792000,798,Data,0x203,0x8,0x01 0x00 0x57 0x00 0x57 0x00 0x00 0x00,0x25CC,ACK
3.5092255000,799,Data,0x204,0x8,0x00 0x00 0x00 0x00 0x00 0x00 0x00 0x00,0x79D1,ACK
3.5094837000,800,Data,0x205,0x8,0x00 0x00 0x00 0x00 0x00 0x00 0x00 0x00,0x72CA,ACK
3.5097840000,801,Data,0x209,0x8,0x9F 0x27 0x10 0x04 0x90 0x49 0x00 0x00,0x59C2,ACK
3.5100242000,802,Data,0x20A,0x8,0x00 0x00 0x00 0x00 0x00 0x00 0x00 0x00,0x1B53,ACK
3.5102784000,803,Data,0x20B,0x8,0xBC 0x02 0x64 0x00 0x01 0xC8 0x00 0x00,0x021C,ACK
3.5105227000,804,Data,0x20C,0x8,0x00 0xC4 0x1E 0x34 0x1E 0x07 0x00 0x00,0x7DA7,ACK
3.5107769000,805,Data,0x301,0x8,0x00 0x00 0x00 0x00 0x00 0x00 0x00 0x00,0x7E55,ACK
3.5110332000,806,Data,0x302,0x2,0x00 0xFF,0x6FC0,ACK
3.5111794000,807,Data,0x485,0x8,0x22 0x00 0x00 0x00 0x62 0x00 0x14 0x0C,0x569F,ACK
3.5287054000,808,Data,0x100,0x8,0x00 0x00 0x00 0x40 0x0F 0x4F 0x23 0x32,0x4E99,ACK
3.5486934000,809,Data,0x100,0x8,0x00 0x00 0x00 0x40 0x0F 0x4F 0x23 0x32,0x4E99,ACK
3.5583375000,810,Data,0x502,0x8,0x32 0xAC 0x86 0x0E 0x1A 0xB9 0x00 0x00,0x0E93,ACK
3.5585837000,811,Data,0x424,0x8,0x43 0x4A 0x4D 0x69 0x00 0x00 0x00 0x00,0x0D68,ACK
3.5589620000,812,Data,0x429,0x8,0x20 0x00 0x00 0x00 0x00 0x00 0x00 0x00,0x7AC7,ACK
3.5603682000,813,Data,0x501,0x8,0xB4 0xC1 0x83 0x58 0x51 0xE5 0xB2 0x6B,0x057E,ACK
3.5609285000,814,Data,0x425,0x8,0x01 0x64 0x49 0x57 0x57 0x58 0x01 0xFF,0x3E52,ACK
3.5613147000,815,Data,0x420,0x8,0xA0 0x14 0x00 0x00 0x66 0x03 0x00 0x00,0x6D9C,ACK
3.5615550000,816,Data,0x421,0x8,0x38 0x36 0x31 0x34 0xFB 0x04 0x55 0x04,0x0DC7,ACK
3.5619372000,817,Data,0x422,0x8,0x00 0x00 0x20 0x00 0x15 0x00 0x02 0x00,0x33F1,ACK
3.5621834000,818,Data,0x212,0x8,0x52 0x01 0x08 0xC9 0x00 0x00 0x00 0x2A,0x18B7,ACK
3.5624175000,819,Data,0x423,0x8,0xBC 0x02 0x64 0x00 0x3C 0x00 0x01 0x00,0x500B,ACK
3.5626556000,820,Data,0x211,0x8,0xE4 0x00 0x2A 0x00 0x00 0x00 0x00 0x00,0x0D4D,ACK
3.5628977000,821,Data,0x341,0x8,0x00 0x00 0x00 0x00 0x02 0x00 0x00 0x00,0x1833,ACK
3.5631500000,822,Data,0x343,0x8,0x00 0x00 0x00 0x00 0x00 0x00 0x00 0x00,0x33F5,ACK
3.5634062000,823,Data,0x342,0x8,0x0F 0x00 0x23 0x00 0x00 0xC4 0x0F 0x34,0x457A,ACK
3.5636665000,824,Data,0x344,0x8,0x00 0x00 0x00 0x03 0x00 0x00 0x00 0x00,0x6F15,ACK
3.5687045000,825,Data,0x100,0x8,0x00 0x00 0x00 0x40 0x0F 0x4F 0x23 0x32,0x4E99,ACK
3.5789767000,826,Data,0x311,0x8,0x39 0x1E 0x07 0x3F 0x90 0x01 0x00 0x00,0x66BC,ACK
3.5803790000,827,Data,0x310,0x8,0xF1 0x0E 0x78 0x05 0x12 0x02 0x01 0xC8,0x2684,ACK
3.5887049000,828,Data,0x100,0x8,0x00 0x00 0x00 0x40 0x0F 0x4F 0x23 0x32,0x4E99,ACK
3.6087249000,829,Data,0x100,0x8,0x00 0x00 0x00 0x40 0x0F 0x4F 0x23 0x32,0x4E99,ACK
3.6089711000,830,Data,0x203,0x8,0x01 0x00 0x57 0x00 0x57 0x00 0x00 0x00,0x25CC,ACK
3.6092174000,831,Data,0x204,0x8,0x00 0x00 0x00 0x00 0x00 0x00 0x00 0x00,0x79D1,ACK
3.6094756000,832,Data,0x205,0x8,0x00 0x00 0x00 0x00 0x00 0x00 0x00 0x00,0x72CA,ACK
3.6097799000,833,Data,0x209,0x8,0x9F 0x27 0x10 0x04 0x90 0x49 0x00 0x00,0x59C2,ACK
3.6100201000,834,Data,0x20A,0x8,0x00 0x00 0x00 0x00 0x00 0x00 0x00 0x00,0x1B53,ACK
3.6102744000,835,Data,0x20B,0x8,0xBC 0x02 0x64 0x00 0x01 0xC8 0x00 0x00,0x021C,ACK
3.6105186000,836,Data,0x20C,0x8,0x00 0xC4 0x1E 0x34 0x1E 0x07 0x00 0x00,0x7DA7,ACK
3.6287046000,837,Data,0x100,0x8,0x00 0x00 0x00 0x40 0x0F 0x4F 0x23 0x32,0x4E99,ACK
3.6487046000,838,Data,0x100,0x8,0x00 0x00 0x00 0x40 0x0F 0x4F 0x23 0x32,0x4E99,ACK
3.6621345000,839,Data,0x212,0x8,0x52 0x01 0x08 0xC9 0x00 0x00 0x00 0x2A,0x18B7,ACK
3.6623947000,840,Data,0x211,0x8,0xE4 0x00 0x2A 0x00 0x00 0x00 0x00 0x00,0x0D4D,ACK
3.6626529000,841,Data,0x343,0x8,0x00 0x00 0x00 0x00 0x00 0x00 0x00 0x00,0x33F5,ACK
3.6687049000,842,Data,0x100,0x8,0x00 0x00 0x00 0x40 0x0F 0x4F 0x23 0x32,0x4E99,ACK
3.6887029000,843,Data,0x100,0x8,0x00 0x00 0x00 0x40 0x0F 0x4F 0x23 0x32,0x4E99,ACK
3.7087448000,844,Data,0x100,0x8,0x00 0x00 0x00 0x40 0x0F 0x4F 0x23 0x32,0x4E99,ACK
3.7089911000,845,Data,0x203,0x8,0x01 0x00 0x57 0x00 0x57 0x00 0x00 0x00,0x25CC,ACK
3.7092373000,846,Data,0x204,0x8,0x00 0x00 0x00 0x00 0x00 0x00 0x00 0x00,0x79D1,ACK
3.7094956000,847,Data,0x205,0x8,0x00 0x00 0x00 0x00 0x00 0x00 0x00 0x00,0x72CA,ACK
3.7097798000,848,Data,0x209,0x8,0x9F 0x27 0x10 0x04 0x90 0x49 0x00 0x00,0x59C2,ACK
3.7100201000,849,Data,0x20A,0x8,0x00 0x00 0x00 0x00 0x00 0x00 0x00 0x00,0x1B53,ACK
3.7102743000,850,Data,0x20B,0x8,0xBC 0x02 0x64 0x00 0x01 0xC8 0x00 0x00,0x021C,ACK
3.7105186000,851,Data,0x20C,0x8,0x00 0xC4 0x1E 0x34 0x1E 0x07 0x00 0x00,0x7DA7,ACK
3.7107728000,852,Data,0x301,0x8,0x00 0x00 0x00 0x00 0x00 0x00 0x00 0x00,0x7E55,ACK
3.7110291000,853,Data,0x302,0x2,0x00 0xFF,0x6FC0,ACK
3.7111733000,854,Data,0x485,0x8,0x22 0x00 0x00 0x00 0x62 0x00 0x14 0x0C,0x569F,ACK
3.7114216000,855,Data,0x480,0x8,0x00 0x00 0x00 0x00 0x21 0x00 0x00 0x00,0x32BE,ACK
3.7116778000,856,Data,0x481,0x8,0xCA 0x17 0x08 0x13 0x00 0x00 0x00 0x00,0x1AA4,ACK
3.7119220000,857,Data,0x482,0x8,0x52 0x01 0x02 0x00 0x00 0x00 0x00 0x00,0x36EA,ACK
3.7121703000,858,Data,0x483,0x8,0x31 0x4B 0x31 0x55 0x41 0x32 0x35 0x35,0x717E,ACK
3.7124045000,859,Data,0x484,0x8,0x31 0x50 0x33 0x39 0x36 0x35 0x00 0x00,0x0196,ACK
3.7287005000,860,Data,0x100,0x8,0x00 0x00 0x00 0x40 0x0F 0x4F 0x23 0x32,0x4E99,ACK
3.7487025000,861,Data,0x100,0x8,0x00 0x00 0x00 0x40 0x0F 0x4F 0x23 0x32,0x4E99,ACK
3.7621705000,862,Data,0x212,0x8,0x52 0x01 0x08 0xC9 0x00 0x00 0x00 0x2A,0x18B7,ACK
3.7624267000,863,Data,0x211,0x8,0xE4 0x00 0x2A 0x00 0x00 0x00 0x00 0x00,0x0D4D,ACK
3.7626870000,864,Data,0x343,0x8,0x00 0x00 0x00 0x00 0x00 0x00 0x00 0x00,0x33F5,ACK
3.7629452000,865,Data,0x341,0x8,0x00 0x00 0x00 0x00 0x02 0x00 0x00 0x00,0x1833,ACK
3.7632415000,866,Data,0x342,0x8,0x0F 0x00 0x23 0x00 0x00 0xC4 0x0F 0x34,0x457A,ACK
3.7635017000,867,Data,0x344,0x8,0x00 0x00 0x00 0x03 0x00 0x00 0x00 0x00,0x6F15,ACK
3.7687017000,868,Data,0x100,0x8,0x00 0x00 0x00 0x40 0x0F 0x4F 0x23 0x32,0x4E99,ACK
3.7784560000,869,Data,0x311,0x8,0x39 0x1E 0x07 0x3F 0x90 0x01 0x00 0x00,0x66BC,ACK
3.7887019000,870,Data,0x100,0x8,0x00 0x00 0x00 0x40 0x0F 0x4F 0x23 0x32,0x4E99,ACK
3.8087219000,871,Data,0x100,0x8,0x00 0x00 0x00 0x40 0x0F 0x4F 0x23 0x32,0x4E99,ACK
3.8089661000,872,Data,0x203,0x8,0x01 0x00 0x57 0x00 0x57 0x00 0x00 0x00,0x25CC,ACK
3.8092124000,873,Data,0x204,0x8,0x00 0x00 0x00 0x00 0x00 0x00 0x00 0x00,0x79D1,ACK
3.8094686000,874,Data,0x205,0x8,0x00 0x00 0x00 0x00 0x00 0x00 0x00 0x00,0x72CA,ACK
3.8097809000,875,Data,0x209,0x8,0x9F 0x27 0x10 0x04 0x90 0x49 0x00 0x00,0x59C2,ACK
3.8100211000,876,Data,0x20A,0x8,0x00 0x00 0x00 0x00 0x00 0x00 0x00 0x00,0x1B53,ACK
3.8102774000,877,Data,0x20B,0x8,0xBC 0x02 0x64 0x00 0x01 0xC8 0x00 0x00,0x021C,ACK
3.8105216000,878,Data,0x20C,0x8,0x00 0x80 0x1E 0x34 0x1E 0x07 0x00 0x00,0x3A9D,ACK
3.8287016000,879,Data,0x100,0x8,0x00 0x00 0x00 0x40 0x0F 0x4F 0x23 0x32,0x4E99,ACK
3.8317958000,880,Data,0x310,0x8,0xF1 0x0E 0x78 0x05 0x12 0x02 0x01 0xC8,0x2684,ACK
3.8487017000,881,Data,0x100,0x8,0x00 0x00 0x00 0x40 0x0F 0x4F 0x23 0x32,0x4E99,ACK
3.8621477000,882,Data,0x212,0x8,0x52 0x01 0x08 0xC9 0x00 0x00 0x00 0x2A,0x18B7,ACK
3.8624059000,883,Data,0x211,0x8,0xE4 0x00 0x2A 0x00 0x00 0x00 0x00 0x00,0x0D4D,ACK
3.8626662000,884,Data,0x343,0x8,0x00 0x00 0x00 0x00 0x00 0x00 0x00 0x00,0x33F5,ACK
3.8629224000,885,Data,0x401,0x8,0x00 0x00 0x34 0x00 0x05 0x2A 0x00 0x00,0x4E01,ACK
3.8687004000,886,Data,0x100,0x8,0x00 0x00 0x00 0x40 0x0F 0x4F 0x23 0x32,0x4E99,ACK
3.8887004000,887,Data,0x100,0x8,0x00 0x00 0x00 0x40 0x0F 0x4F 0x23 0x32,0x4E99,ACK
3.9087263000,888,Data,0x100,0x8,0x00 0x00 0x00 0x40 0x0F 0x4F 0x23 0x32,0x4E99,ACK
3.9089746000,889,Data,0x203,0x8,0x01 0x00 0x57 0x00 0x57 0x00 0x00 0x00,0x25CC,ACK
3.9092228000,890,Data,0x204,0x8,0x00 0x00 0x00 0x00 0x00 0x00 0x00 0x00,0x79D1,ACK
3.9094791000,891,Data,0x205,0x8,0x00 0x00 0x00 0x00 0x00 0x00 0x00 0x00,0x72CA,ACK
3.9097793000,892,Data,0x209,0x8,0x9F 0x27 0x10 0x04 0x90 0x49 0x00 0x00,0x59C2,ACK
3.9100196000,893,Data,0x20A,0x8,0x00 0x00 0x00 0x00 0x00 0x00 0x00 0x00,0x1B53,ACK
3.9102758000,894,Data,0x20B,0x8,0xBC 0x02 0x64 0x00 0x01 0xC8 0x00 0x00,0x021C,ACK
3.9105201000,895,Data,0x20C,0x8,0x00 0x80 0x1E 0x34 0x1E 0x07 0x00 0x00,0x3A9D,ACK
3.9107743000,896,Data,0x301,0x8,0x00 0x00 0x00 0x00 0x00 0x00 0x00 0x00,0x7E55,ACK
3.9110306000,897,Data,0x302,0x2,0x00 0xFF,0x6FC0,ACK
3.9111768000,898,Data,0x485,0x8,0x22 0x00 0x00 0x00 0x62 0x00 0x14 0x0C,0x569F,ACK
3.9286988000,899,Data,0x100,0x8,0x00 0x00 0x00 0x40 0x0F 0x4F 0x23 0x32,0x4E99,ACK
3.9486988000,900,Data,0x100,0x8,0x00 0x00 0x00 0x40 0x0F 0x4F 0x23 0x32,0x4E99,ACK
3.9621367000,901,Data,0x212,0x8,0x52 0x01 0x08 0xC9 0x00 0x00 0x00 0x2A,0x18B7,ACK
3.9623750000,902,Data,0x211,0x8,0xE4 0x00 0x2A 0x00 0x00 0x00 0x00 0x00,0x0D4D,ACK
3.9626312000,903,Data,0x343,0x8,0x00 0x00 0x00 0x00 0x00 0x00 0x00 0x00,0x33F5,ACK
3.9628915000,904,Data,0x341,0x8,0x00 0x00 0x00 0x00 0x02 0x00 0x00 0x00,0x1833,ACK
3.9631897000,905,Data,0x342,0x8,0x0F 0x00 0x23 0x00 0x00 0x80 0x0F 0x34,0x09A6,ACK
3.9634460000,906,Data,0x344,0x8,0x00 0x00 0x00 0x03 0x00 0x00 0x00 0x00,0x6F15,ACK
3.9686980000,907,Data,0x100,0x8,0x00 0x00 0x00 0x40 0x0F 0x4F 0x23 0x32,0x4E99,ACK
3.9792823000,908,Data,0x311,0x8,0x39 0x1E 0x07 0x3F 0x90 0x01 0x00 0x00,0x66BC,ACK
3.9886983000,909,Data,0x100,0x8,0x00 0x00 0x00 0x40 0x0F 0x4F 0x23 0x32,0x4E99,ACK
4.0087163000,910,Data,0x100,0x8,0x00 0x00 0x00 0x40 0x0F 0x4F 0x23 0x32,0x4E99,ACK
4.0089625000,911,Data,0x203,0x8,0x01 0x00 0x57 0x00 0x57 0x00 0x00 0x00,0x25CC,ACK
4.0092068000,912,Data,0x204,0x8,0x00 0x00 0x00 0x00 0x00 0x00 0x00 0x00,0x79D1,ACK
4.0094650000,913,Data,0x205,0x8,0x00 0x00 0x00 0x00 0x00 0x00 0x00 0x00,0x72CA,ACK
4.0097793000,914,Data,0x209,0x8,0x9F 0x27 0x10 0x04 0x90 0x49 0x00 0x00,0x59C2,ACK
4.0100215000,915,Data,0x20A,0x8,0x00 0x00 0x00 0x00 0x00 0x00 0x00 0x00,0x1B53,ACK
4.0102738000,916,Data,0x20B,0x8,0xBC 0x02 0x64 0x00 0x01 0xC8 0x00 0x00,0x021C,ACK
4.0105180000,917,Data,0x20C,0x8,0x00 0x80 0x1E 0x34 0x1E 0x07 0x00 0x00,0x3A9D,ACK
4.0286979000,918,Data,0x100,0x8,0x00 0x00 0x00 0x40 0x0F 0x4F 0x23 0x32,0x4E99,ACK
4.0338641000,919,Data,0x310,0x8,0xF1 0x0E 0x78 0x05 0x12 0x02 0x01 0xC8,0x2684,ACK
4.0486979000,920,Data,0x100,0x8,0x00 0x00 0x00 0x40 0x0F 0x4F 0x23 0x32,0x4E99,ACK
4.0599381000,921,Data,0x429,0x8,0x20 0x00 0x00 0x00 0x00 0x00 0x00 0x00,0x7AC7,ACK
4.0618544000,922,Data,0x425,0x8,0x01 0x64 0x49 0x57 0x57 0x58 0x01 0xFF,0x3E52,ACK
4.0621244000,923,Data,0x212,0x8,0x52 0x01 0x08 0xC9 0x00 0x00 0x00 0x2A,0x18B7,ACK
4.0623586000,924,Data,0x420,0x8,0xA0 0x14 0xF8 0xFF 0x66 0x03 0x00 0x00,0x382F,ACK
4.0625988000,925,Data,0x211,0x8,0xE4 0x00 0x2A 0x00 0x00 0x00 0x00 0x00,0x0D4D,ACK
4.0628409000,926,Data,0x343,0x8,0x00 0x00 0x00 0x00 0x00 0x00 0x00 0x00,0x33F5,ACK
4.0630911000,927,Data,0x421,0x8,0x38 0x36 0x31 0x34 0xFB 0x04 0x55 0x04,0x0DC7,ACK
4.0633254000,928,Data,0x422,0x8,0x00 0x00 0x20 0x00 0x15 0x00 0x02 0x00,0x33F1,ACK
4.0635716000,929,Data,0x423,0x8,0xBC 0x02 0x64 0x00 0x3C 0x00 0x01 0x00,0x500B,ACK
4.0686977000,930,Data,0x100,0x8,0x00 0x00 0x00 0x40 0x0F 0x4F 0x23 0x32,0x4E99,ACK
4.0886956000,931,Data,0x100,0x8,0x00 0x00 0x00 0x40 0x0F 0x4F 0x23 0x32,0x4E99,ACK
4.1087256000,932,Data,0x100,0x8,0x00 0x00 0x00 0x40 0x0F 0x4F 0x23 0x32,0x4E99,ACK
4.1089738000,933,Data,0x203,0x8,0x01 0x00 0x57 0x00 0x57 0x00 0x00 0x00,0x25CC,ACK
4.1092221000,934,Data,0x204,0x8,0x00 0x00 0x00 0x00 0x00 0x00 0x00 0x00,0x79D1,ACK
4.1094783000,935,Data,0x205,0x8,0x00 0x00 0x00 0x00 0x00 0x00 0x00 0x00,0x72CA,ACK
4.1097626000,936,Data,0x209,0x8,0x9F 0x27 0x10 0x04 0x90 0x49 0x00 0x00,0x59C2,ACK
4.1100048000,937,Data,0x20A,0x8,0x00 0x00 0x00 0x00 0x00 0x00 0x00 0x00,0x1B53,ACK
4.1102611000,938,Data,0x20B,0x8,0xBC 0x02 0x64 0x00 0x01 0xC8 0x00 0x00,0x021C,ACK
4.1105053000,939,Data,0x20C,0x8,0x00 0x80 0x1E 0x34 0x1E 0x07 0x00 0x00,0x3A9D,ACK
4.1107596000,940,Data,0x301,0x8,0x00 0x00 0x00 0x00 0x00 0x00 0x00 0x00,0x7E55,ACK
4.1110158000,941,Data,0x302,0x2,0x00 0xFF,0x6FC0,ACK
4.1111620000,942,Data,0x485,0x8,0x22 0x00 0x00 0x00 0x62 0x00 0x14 0x0C,0x569F,ACK
4.1286980000,943,Data,0x100,0x8,0x00 0x00 0x00 0x40 0x0F 0x4F 0x23 0x32,0x4E99,ACK
4.1486960000,944,Data,0x100,0x8,0x00 0x00 0x00 0x40 0x0F 0x4F 0x23 0x32,0x4E99,ACK
4.1621420000,945,Data,0x212,0x8,0x52 0x01 0x08 0xC9 0x00 0x00 0x00 0x2A,0x18B7,ACK
4.1624002000,946,Data,0x211,0x8,0xE4 0x00 0x2A 0x00 0x00 0x00 0x00 0x00,0x0D4D,ACK
4.1626605000,947,Data,0x343,0x8,0x00 0x00 0x00 0x00 0x00 0x00 0x00 0x00,0x33F5,ACK
4.1629367000,948,Data,0x341,0x8,0x00 0x00 0x00 0x00 0x02 0x00 0x00 0x00,0x1833,ACK
4.1631928000,949,Data,0x342,0x8,0x0F 0x00 0x23 0x00 0x00 0x80 0x0F 0x34,0x09A6,ACK
4.1634511000,950,Data,0x344,0x8,0x00 0x00 0x00 0x03 0x00 0x00 0x00 0x00,0x6F15,ACK
4.1686951000,951,Data,0x100,0x8,0x00 0x00 0x00 0x40 0x0F 0x4F 0x23 0x32,0x4E99,ACK
4.1797453000,952,Data,0x311,0x8,0x39 0x1E 0x07 0x3F 0x90 0x01 0x00 0x00,0x66BC,ACK
4.1886853000,953,Data,0x100,0x8,0x00 0x00 0x00 0x40 0x0F 0x4F 0x23 0x32,0x4E99,ACK
4.2087153000,954,Data,0x100,0x8,0x00 0x00 0x00 0x40 0x0F 0x4F 0x23 0x32,0x4E99,ACK
4.2089615000,955,Data,0x203,0x8,0x01 0x00 0x57 0x00 0x57 0x00 0x00 0x00,0x25CC,ACK
4.2092078000,956,Data,0x204,0x8,0x00 0x00 0x00 0x00 0x00 0x00 0x00 0x00,0x79D1,ACK
4.2094660000,957,Data,0x205,0x8,0x00 0x00 0x00 0x00 0x00 0x00 0x00 0x00,0x72CA,ACK
4.2097643000,958,Data,0x209,0x8,0x9F 0x27 0x10 0x04 0x90 0x49 0x00 0x00,0x59C2,ACK
4.2100064000,959,Data,0x20A,0x8,0x00 0x00 0x00 0x00 0x00 0x00 0x00 0x00,0x1B53,ACK
4.2102626000,960,Data,0x20B,0x8,0xBC 0x02 0x64 0x00 0x01 0xC8 0x00 0x00,0x021C,ACK
4.2105069000,961,Data,0x20C,0x8,0x00 0x80 0x1E 0x34 0x1E 0x07 0x00 0x00,0x3A9D,ACK
4.2286969000,962,Data,0x100,0x8,0x00 0x00 0x00 0x40 0x0F 0x4F 0x23 0x32,0x4E99,ACK
4.2344691000,963,Data,0x310,0x8,0xF1 0x0E 0x78 0x05 0x12 0x02 0x01 0xC8,0x2684,ACK
4.2486951000,964,Data,0x100,0x8,0x00 0x00 0x00 0x40 0x0F 0x4F 0x23 0x32,0x4E99,ACK
4.2621250000,965,Data,0x212,0x8,0x52 0x01 0x08 0xC9 0x00 0x00 0x00 0x2A,0x18B7,ACK
4.2623633000,966,Data,0x211,0x8,0xE4 0x00 0x2A 0x00 0x00 0x00 0x00 0x00,0x0D4D,ACK
4.2626195000,967,Data,0x343,0x8,0x00 0x00 0x00 0x00 0x00 0x00 0x00 0x00,0x33F5,ACK
4.2686955000,968,Data,0x100,0x8,0x00 0x00 0x00 0x40 0x0F 0x4F 0x23 0x32,0x4E99,ACK
4.2886935000,969,Data,0x100,0x8,0x00 0x00 0x00 0x40 0x0F 0x4F 0x23 0x32,0x4E99,ACK
4.3087215000,970,Data,0x100,0x8,0x00 0x00 0x00 0x40 0x0F 0x4F 0x23 0x32,0x4E99,ACK
4.3089697000,971,Data,0x203,0x8,0x01 0x00 0x57 0x00 0x57 0x00 0x00 0x00,0x25CC,ACK
4.3092159000,972,Data,0x204,0x8,0x00 0x00 0x00 0x00 0x00 0x00 0x00 0x00,0x79D1,ACK
4.3094742000,973,Data,0x205,0x8,0x00 0x00 0x00 0x00 0x00 0x00 0x00 0x00,0x72CA,ACK
4.3097744000,974,Data,0x209,0x8,0x9F 0x27 0x10 0x04 0x90 0x49 0x00 0x00,0x59C2,ACK
4.3100167000,975,Data,0x20A,0x8,0x00 0x00 0x00 0x00 0x00 0x00 0x00 0x00,0x1B53,ACK
4.3102709000,976,Data,0x20B,0x8,0xBC 0x02 0x64 0x00 0x01 0xC8 0x00 0x00,0x021C,ACK
4.3105152000,977,Data,0x20C,0x8,0x00 0x80 0x1E 0x34 0x1E 0x07 0x00 0x00,0x3A9D,ACK
4.3107674000,978,Data,0x301,0x8,0x00 0x00 0x00 0x00 0x00 0x00 0x00 0x00,0x7E55,ACK
4.3110237000,979,Data,0x302,0x2,0x00 0xFF,0x6FC0,ACK
4.3111679000,980,Data,0x485,0x8,0x22 0x00 0x00 0x00 0x62 0x00 0x14 0x0C,0x569F,ACK
4.3286939000,981,Data,0x100,0x8,0x00 0x00 0x00 0x40 0x0F 0x4F 0x23 0x32,0x4E99,ACK
4.3486939000,982,Data,0x100,0x8,0x00 0x00 0x00 0x40 0x0F 0x4F 0x23 0x32,0x4E99,ACK
4.3621498000,983,Data,0x212,0x8,0x52 0x01 0x08 0xC9 0x00 0x00 0x00 0x2A,0x18B7,ACK
4.3624101000,984,Data,0x211,0x8,0xE4 0x00 0x2A 0x00 0x00 0x00 0x00 0x00,0x0D4D,ACK
4.3626663000,985,Data,0x343,0x8,0x00 0x00 0x00 0x00 0x00 0x00 0x00 0x00,0x33F5,ACK
4.3629266000,986,Data,0x341,0x8,0x00 0x00 0x00 0x00 0x02 0x00 0x00 0x00,0x1833,ACK
4.3632248000,987,Data,0x342,0x8,0x0F 0x00 0x23 0x00 0x00 0x80 0x0F 0x34,0x09A6,ACK
4.3634811000,988,Data,0x344,0x8,0x00 0x00 0x00 0x03 0x00 0x00 0x00 0x00,0x6F15,ACK
4.3637413000,989,Data,0x401,0x8,0x00 0x00 0x34 0x00 0x05 0x2A 0x00 0x00,0x4E01,ACK
4.3686913000,990,Data,0x100,0x8,0x00 0x00 0x00 0x40 0x0F 0x4F 0x23 0x32,0x4E99,ACK
4.3797455000,991,Data,0x311,0x8,0x39 0x1E 0x07 0x3F 0x90 0x01 0x00 0x00,0x66BC,ACK
4.3886936000,992,Data,0x100,0x8,0x00 0x00 0x00 0x40 0x0F 0x4F 0x23 0x32,0x4E99,ACK
4.4087115000,993,Data,0x100,0x8,0x00 0x00 0x00 0x40 0x0F 0x4F 0x23 0x32,0x4E99,ACK
4.4089578000,994,Data,0x203,0x8,0x01 0x00 0x57 0x00 0x57 0x00 0x00 0x00,0x25CC,ACK
4.4092060000,995,Data,0x204,0x8,0x00 0x00 0x00 0x00 0x00 0x00 0x00 0x00,0x79D1,ACK
4.4094621000,996,Data,0x205,0x8,0x00 0x00 0x00 0x00 0x00 0x00 0x00 0x00,0x72CA,ACK
4.4097724000,997,Data,0x209,0x8,0x9F 0x27 0x10 0x04 0x90 0x49 0x00 0x00,0x59C2,ACK
4.4100126000,998,Data,0x20A,0x8,0x00 0x00 0x00 0x00 0x00 0x00 0x00 0x00,0x1B53,ACK
4.4102669000,999,Data,0x20B,0x8,0xBC 0x02 0x64 0x00 0x01 0xC8 0x00 0x00,0x021C,ACK
4.4105111000,1000,Data,0x20C,0x8,0x00 0x80 0x1E 0x34 0x1E 0x07 0x00 0x00,0x3A9D,ACK
4.4286931000,1001,Data,0x100,0x8,0x00 0x00 0x00 0x40 0x0F 0x4F 0x23 0x32,0x4E99,ACK
4.4356213000,1002,Data,0x310,0x8,0xF1 0x0E 0x78 0x05 0x12 0x02 0x01 0xC8,0x2684,ACK
4.4486913000,1003,Data,0x100,0x8,0x00 0x00 0x00 0x40 0x0F 0x4F 0x23 0x32,0x4E99,ACK
4.4621193000,1004,Data,0x212,0x8,0x52 0x01 0x08 0xC9 0x00 0x00 0x00 0x2A,0x18B7,ACK
4.4623795000,1005,Data,0x211,0x8,0xE4 0x00 0x2A 0x00 0x00 0x00 0x00 0x00,0x0D4D,ACK
4.4626398000,1006,Data,0x343,0x8,0x00 0x00 0x00 0x00 0x00 0x00 0x00 0x00,0x33F5,ACK
4.4686918000,1007,Data,0x100,0x8,0x00 0x00 0x00 0x40 0x0F 0x4F 0x23 0x32,0x4E99,ACK
4.4886917000,1008,Data,0x100,0x8,0x00 0x00 0x00 0x40 0x0F 0x4F 0x23 0x32,0x4E99,ACK
4.5087177000,1009,Data,0x100,0x8,0x00 0x00 0x00 0x40 0x0F 0x4F 0x23 0x32,0x4E99,ACK
4.5089619000,1010,Data,0x203,0x8,0x01 0x00 0x57 0x00 0x57 0x00 0x00 0x00,0x25CC,ACK
4.5092082000,1011,Data,0x204,0x8,0x00 0x00 0x00 0x00 0x00 0x00 0x00 0x00,0x79D1,ACK
4.5094644000,1012,Data,0x205,0x8,0x00 0x00 0x00 0x00 0x00 0x00 0x00 0x00,0x72CA,ACK
4.5097707000,1013,Data,0x209,0x8,0x9F 0x27 0x10 0x04 0x90 0x49 0x00 0x00,0x59C2,ACK
4.5100109000,1014,Data,0x20A,0x8,0x00 0x00 0x00 0x00 0x00 0x00 0x00 0x00,0x1B53,ACK
4.5102652000,1015,Data,0x20B,0x8,0xBC 0x02 0x64 0x00 0x01 0xC8 0x00 0x00,0x021C,ACK
4.5105094000,1016,Data,0x20C,0x8,0x00 0x80 0x1E 0x34 0x1E 0x07 0x00 0x00,0x3A9D,ACK
4.5107617000,1017,Data,0x301,0x8,0x00 0x00 0x00 0x00 0x00 0x00 0x00 0x00,0x7E55,ACK
4.5110199000,1018,Data,0x302,0x2,0x00 0xFF,0x6FC0,ACK
4.5111642000,1019,Data,0x485,0x8,0x22 0x00 0x00 0x00 0x62 0x00 0x14 0x0C,0x569F,ACK
4.5286922000,1020,Data,0x100,0x8,0x00 0x00 0x00 0x40 0x0F 0x4F 0x23 0x32,0x4E99,ACK
4.5486920000,1021,Data,0x100,0x8,0x00 0x00 0x00 0x40 0x0F 0x4F 0x23 0x32,0x4E99,ACK
4.5584662000,1022,Data,0x500,0x8,0x48 0x48 0x49 0xFF 0x48 0x48 0x48 0xFF,0x3C42,ACK
4.5593625000,1023,Data,0x424,0x8,0x44 0x4A 0x4D 0x69 0x00 0x00 0x00 0x00,0x23CA,ACK
4.5597567000,1024,Data,0x429,0x8,0x20 0x00 0x00 0x00 0x00 0x00 0x00 0x00,0x7AC7,ACK
4.5616730000,1025,Data,0x425,0x8,0x01 0x64 0x49 0x57 0x57 0x58 0x01 0xFF,0x3E52,ACK
4.5621131000,1026,Data,0x212,0x8,0x52 0x01 0x08 0xC9 0x00 0x00 0x00 0x2A,0x18B7,ACK
4.5623493000,1027,Data,0x211,0x8,0xE4 0x00 0x2A 0x00 0x00 0x00 0x00 0x00,0x0D4D,ACK
4.5626116000,1028,Data,0x343,0x8,0x00 0x00 0x00 0x00 0x00 0x00 0x00 0x00,0x33F5,ACK
4.5628618000,1029,Data,0x422,0x8,0x00 0x00 0x20 0x00 0x15 0x00 0x02 0x00,0x33F1,ACK
4.5631078000,1030,Data,0x341,0x8,0x00 0x00 0x00 0x00 0x02 0x00 0x00 0x00,0x1833,ACK
4.5633601000,1031,Data,0x342,0x8,0x0F 0x00 0x23 0x00 0x00 0x80 0x0F 0x34,0x09A6,ACK
4.5636003000,1032,Data,0x344,0x8,0x00 0x00 0x00 0x03 0x00 0x00 0x00 0x00,0x6F15,ACK
4.5642105000,1033,Data,0x420,0x8,0xA0 0x14 0x00 0x00 0x66 0x03 0x00 0x00,0x6D9C,ACK
4.5644508000,1034,Data,0x421,0x8,0x38 0x36 0x31 0x34 0xFB 0x04 0x55 0x04,0x0DC7,ACK
4.5651550000,1035,Data,0x423,0x8,0xBC 0x02 0x64 0x00 0x3C 0x00 0x01 0x00,0x500B,ACK
4.5686891000,1036,Data,0x100,0x8,0x00 0x00 0x00 0x40 0x0F 0x4F 0x23 0x32,0x4E99,ACK
4.5797213000,1037,Data,0x311,0x8,0x39 0x1E 0x07 0x3F 0x90 0x01 0x00 0x00,0x66BC,ACK
4.5886893000,1038,Data,0x100,0x8,0x00 0x00 0x00 0x40 0x0F 0x4F 0x23 0x32,0x4E99,ACK
4.6086973000,1039,Data,0x100,0x8,0x00 0x00 0x00 0x40 0x0F 0x4F 0x23 0x32,0x4E99,ACK
4.6089454000,1040,Data,0x203,0x8,0x01 0x00 0x57 0x00 0x57 0x00 0x00 0x00,0x25CC,ACK
4.6091936000,1041,Data,0x204,0x8,0x00 0x00 0x00 0x00 0x00 0x00 0x00 0x00,0x79D1,ACK
4.6094499000,1042,Data,0x205,0x8,0x00 0x00 0x00 0x00 0x00 0x00 0x00 0x00,0x72CA,ACK
4.6097681000,1043,Data,0x209,0x8,0x9F 0x27 0x10 0x04 0x90 0x49 0x00 0x00,0x59C2,ACK
4.6100084000,1044,Data,0x20A,0x8,0x00 0x00 0x00 0x00 0x00 0x00 0x00 0x00,0x1B53,ACK
4.6102626000,1045,Data,0x20B,0x8,0xBC 0x02 0x64 0x00 0x01 0xC8 0x00 0x00,0x021C,ACK
4.6105089000,1046,Data,0x20C,0x8,0x00 0x80 0x1E 0x34 0x1E 0x07 0x00 0x00,0x3A9D,ACK
4.6286908000,1047,Data,0x100,0x8,0x00 0x00 0x00 0x40 0x0F 0x4F 0x23 0x32,0x4E99,ACK
4.6354951000,1048,Data,0x310,0x8,0xF1 0x0E 0x78 0x05 0x12 0x02 0x01 0xC8,0x2684,ACK
4.6486891000,1049,Data,0x100,0x8,0x00 0x00 0x00 0x40 0x0F 0x4F 0x23 0x32,0x4E99,ACK
4.6621410000,1050,Data,0x212,0x8,0x52 0x01 0x08 0xC9 0x00 0x00 0x00 0x2A,0x18B7,ACK
4.6624032000,1051,Data,0x211,0x8,0xE4 0x00 0x2A 0x00 0x00 0x00 0x00 0x00,0x0D4D,ACK
4.6626595000,1052,Data,0x343,0x8,0x00 0x00 0x00 0x00 0x00 0x00 0x00 0x00,0x33F5,ACK
4.6686895000,1053,Data,0x100,0x8,0x00 0x00 0x00 0x40 0x0F 0x4F 0x23 0x32,0x4E99,ACK
4.6886895000,1054,Data,0x100,0x8,0x00 0x00 0x00 0x40 0x0F 0x4F 0x23 0x32,0x4E99,ACK
4.7087174000,1055,Data,0x100,0x8,0x00 0x00 0x00 0x40 0x0F 0x4F 0x23 0x32,0x4E99,ACK
4.7089637000,1056,Data,0x203,0x8,0x01 0x00 0x57 0x00 0x57 0x00 0x00 0x00,0x25CC,ACK
4.7092099000,1057,Data,0x204,0x8,0x00 0x00 0x00 0x00 0x00 0x00 0x00 0x00,0x79D1,ACK
4.7094662000,1058,Data,0x205,0x8,0x00 0x00 0x00 0x00 0x00 0x00 0x00 0x00,0x72CA,ACK
4.7097684000,1059,Data,0x209,0x8,0x9F 0x27 0x10 0x04 0x90 0x49 0x00 0x00,0x59C2,ACK
4.7100087000,1060,Data,0x20A,0x8,0x00 0x00 0x00 0x00 0x00 0x00 0x00 0x00,0x1B53,ACK
4.7102629000,1061,Data,0x20B,0x8,0xBC 0x02 0x64 0x00 0x01 0xC8 0x00 0x00,0x021C,ACK
4.7105072000,1062,Data,0x20C,0x8,0x00 0x80 0x1E 0x34 0x1E 0x07 0x00 0x00,0x3A9D,ACK
4.7107614000,1063,Data,0x301,0x8,0x00 0x00 0x00 0x00 0x00 0x00 0x00 0x00,0x7E55,ACK
4.7110177000,1064,Data,0x302,0x2,0x00 0xFF,0x6FC0,ACK
4.7111619000,1065,Data,0x485,0x8,0x22 0x00 0x00 0x00 0x62 0x00 0x14 0x0C,0x569F,ACK
4.7114082000,1066,Data,0x480,0x8,0x00 0x00 0x00 0x00 0x21 0x00 0x00 0x00,0x32BE,ACK
4.7116644000,1067,Data,0x481,0x8,0xCA 0x17 0x08 0x13 0x00 0x00 0x00 0x00,0x1AA4,ACK
4.7119067000,1068,Data,0x482,0x8,0x52 0x01 0x02 0x00 0x00 0x00 0x00 0x00,0x36EA,ACK
4.7121549000,1069,Data,0x483,0x8,0x31 0x4B 0x31 0x55 0x41 0x32 0x35 0x35,0x717E,ACK
4.7123890000,1070,Data,0x484,0x8,0x31 0x50 0x33 0x39 0x36 0x35 0x00 0x00,0x0196,ACK
4.7286870000,1071,Data,0x100,0x8,0x00 0x00 0x00 0x40 0x0F 0x4F 0x23 0x32,0x4E99,ACK
4.7486890000,1072,Data,0x100,0x8,0x00 0x00 0x00 0x40 0x0F 0x4F 0x23 0x32,0x4E99,ACK
4.7621269000,1073,Data,0x212,0x8,0x52 0x01 0x08 0xC9 0x00 0x00 0x00 0x2A,0x18B7,ACK
4.7623891000,1074,Data,0x211,0x8,0xE4 0x00 0x2A 0x00 0x00 0x00 0x00 0x00,0x0D4D,ACK
4.7626453000,1075,Data,0x343,0x8,0x00 0x00 0x00 0x00 0x00 0x00 0x00 0x00,0x33F5,ACK
4.7629275000,1076,Data,0x341,0x8,0x00 0x00 0x00 0x00 0x02 0x00 0x00 0x00,0x1833,ACK
4.7631998000,1077,Data,0x342,0x8,0x0F 0x00 0x23 0x00 0x00 0x80 0x0F 0x34,0x09A6,ACK
4.7634600000,1078,Data,0x344,0x8,0x00 0x00 0x00 0x03 0x00 0x00 0x00 0x00,0x6F15,ACK
4.7686881000,1079,Data,0x100,0x8,0x00 0x00 0x00 0x40 0x0F 0x4F 0x23 0x32,0x4E99,ACK
4.7805923000,1080,Data,0x311,0x8,0x39 0x1E 0x07 0x3F 0x90 0x01 0x00 0x00,0x66BC,ACK
4.7886883000,1081,Data,0x100,0x8,0x00 0x00 0x00 0x40 0x0F 0x4F 0x23 0x32,0x4E99,ACK
4.8087063000,1082,Data,0x100,0x8,0x00 0x00 0x00 0x40 0x0F 0x4F 0x23 0x32,0x4E99,ACK
4.8089545000,1083,Data,0x203,0x8,0x01 0x00 0x57 0x00 0x57 0x00 0x00 0x00,0x25CC,ACK
4.8092028000,1084,Data,0x204,0x8,0x00 0x00 0x00 0x00 0x00 0x00 0x00 0x00,0x79D1,ACK
4.8094590000,1085,Data,0x205,0x8,0x00 0x00 0x00 0x00 0x00 0x00 0x00 0x00,0x72CA,ACK
4.8097672000,1086,Data,0x209,0x8,0x9F 0x27 0x10 0x04 0x90 0x49 0x00 0x00,0x59C2,ACK
4.8100075000,1087,Data,0x20A,0x8,0x00 0x00 0x00 0x00 0x00 0x00 0x00 0x00,0x1B53,ACK
4.8102637000,1088,Data,0x20B,0x8,0xBC 0x02 0x64 0x00 0x01 0xC8 0x00 0x00,0x021C,ACK
4.8105080000,1089,Data,0x20C,0x8,0x00 0x80 0x1E 0x34 0x1E 0x07 0x00 0x00,0x3A9D,ACK
4.8286860000,1090,Data,0x100,0x8,0x00 0x00 0x00 0x40 0x0F 0x4F 0x23 0x32,0x4E99,ACK
4.8357761000,1091,Data,0x310,0x8,0xF1 0x0E 0x78 0x05 0x12 0x02 0x01 0xC8,0x2684,ACK
4.8486861000,1092,Data,0x100,0x8,0x00 0x00 0x00 0x40 0x0F 0x4F 0x23 0x32,0x4E99,ACK
4.8621040000,1093,Data,0x212,0x8,0x52 0x01 0x08 0xC9 0x00 0x00 0x00 0x2A,0x18B7,ACK
4.8623642000,1094,Data,0x211,0x8,0xE4 0x00 0x2A 0x00 0x00 0x00 0x00 0x00,0x0D4D,ACK
4.8626245000,1095,Data,0x343,0x8,0x00 0x00 0x00 0x00 0x00 0x00 0x00 0x00,0x33F5,ACK
4.8629007000,1096,Data,0x401,0x8,0x00 0x00 0x34 0x00 0x05 0x2A 0x00 0x00,0x4E01,ACK
4.8686868000,1097,Data,0x100,0x8,0x00 0x00 0x00 0x40 0x0F 0x4F 0x23 0x32,0x4E99,ACK
4.8886847000,1098,Data,0x100,0x8,0x00 0x00 0x00 0x40 0x0F 0x4F 0x23 0x32,0x4E99,ACK
4.9087007000,1099,Data,0x100,0x8,0x00 0x00 0x00 0x40 0x0F 0x4F 0x23 0x32,0x4E99,ACK
4.9089469000,1100,Data,0x203,0x8,0x01 0x00 0x57 0x00 0x57 0x00 0x00 0x00,0x25CC,ACK
4.9091932000,1101,Data,0x204,0x8,0x00 0x00 0x00 0x00 0x00 0x00 0x00 0x00,0x79D1,ACK
4.9094494000,1102,Data,0x205,0x8,0x00 0x00 0x00 0x00 0x00 0x00 0x00 0x00,0x72CA,ACK
4.9097657000,1103,Data,0x209,0x8,0x9F 0x27 0x10 0x04 0x90 0x49 0x00 0x00,0x59C2,ACK
4.9100059000,1104,Data,0x20A,0x8,0x00 0x00 0x00 0x00 0x00 0x00 0x00 0x00,0x1B53,ACK
4.9102602000,1105,Data,0x20B,0x8,0xBC 0x02 0x64 0x00 0x01 0xC8 0x00 0x00,0x021C,ACK
4.9105044000,1106,Data,0x20C,0x8,0x00 0x80 0x1E 0x34 0x1E 0x07 0x00 0x00,0x3A9D,ACK
4.9107587000,1107,Data,0x301,0x8,0x00 0x00 0x00 0x00 0x00 0x00 0x00 0x00,0x7E55,ACK
4.9110149000,1108,Data,0x302,0x2,0x00 0xFF,0x6FC0,ACK
4.9111592000,1109,Data,0x485,0x8,0x22 0x00 0x00 0x00 0x62 0x00 0x14 0x0C,0x569F,ACK
4.9286872000,1110,Data,0x100,0x8,0x00 0x00 0x00 0x40 0x0F 0x4F 0x23 0x32,0x4E99,ACK
4.9486851000,1111,Data,0x100,0x8,0x00 0x00 0x00 0x40 0x0F 0x4F 0x23 0x32,0x4E99,ACK
4.9621270000,1112,Data,0x212,0x8,0x52 0x01 0x08 0xC9 0x00 0x00 0x00 0x2A,0x18B7,ACK
4.9623913000,1113,Data,0x211,0x8,0xE4 0x00 0x2A 0x00 0x00 0x00 0x00 0x00,0x0D4D,ACK
4.9626515000,1114,Data,0x343,0x8,0x00 0x00 0x00 0x00 0x00 0x00 0x00 0x00,0x33F5,ACK
4.9629078000,1115,Data,0x341,0x8,0x00 0x00 0x00 0x00 0x02 0x00 0x00 0x00,0x1833,ACK
4.9632060000,1116,Data,0x342,0x8,0x0F 0x00 0x23 0x00 0x00 0x80 0x0F 0x34,0x09A6,ACK
4.9634623000,1117,Data,0x344,0x8,0x00 0x00 0x00 0x03 0x00 0x00 0x00 0x00,0x6F15,ACK
4.9686843000,1118,Data,0x100,0x8,0x00 0x00 0x00 0x40 0x0F 0x4F 0x23 0x32,0x4E99,ACK
4.9886843000,1119,Data,0x100,0x8,0x00 0x00 0x00 0x40 0x0F 0x4F 0x23 0x32,0x4E99,ACK
5.0087043000,1120,Data,0x100,0x8,0x00 0x00 0x00 0x40 0x0F 0x4F 0x23 0x32,0x4E99,ACK
5.0089505000,1121,Data,0x203,0x8,0x01 0x00 0x57 0x00 0x57 0x00 0x00 0x00,0x25CC,ACK
5.0091987000,1122,Data,0x204,0x8,0x00 0x00 0x00 0x00 0x00 0x00 0x00 0x00,0x79D1,ACK
5.0094550000,1123,Data,0x205,0x8,0x00 0x00 0x00 0x00 0x00 0x00 0x00 0x00,0x72CA,ACK
5.0097632000,1124,Data,0x209,0x8,0x9F 0x27 0x10 0x04 0x90 0x49 0x00 0x00,0x59C2,ACK
5.0100035000,1125,Data,0x20A,0x8,0x00 0x00 0x00 0x00 0x00 0x00 0x00 0x00,0x1B53,ACK
5.0102577000,1126,Data,0x20B,0x8,0xBC 0x02 0x64 0x00 0x01 0xC8 0x00 0x00,0x021C,ACK
5.0105020000,1127,Data,0x20C,0x8,0x00 0x80 0x1E 0x34 0x1E 0x07 0x00 0x00,0x3A9D,ACK
5.0286820000,1128,Data,0x100,0x8,0x00 0x00 0x00 0x40 0x0F 0x4F 0x23 0x32,0x4E99,ACK
5.0325701000,1129,Data,0x311,0x8,0x39 0x1E 0x07 0x3F 0x90 0x01 0x00 0x00,0x66BC,ACK
5.0359964000,1130,Data,0x310,0x8,0xF1 0x0E 0x78 0x05 0x12 0x02 0x01 0xC8,0x2684,ACK
5.0486843000,1131,Data,0x100,0x8,0x00 0x00 0x00 0x40 0x0F 0x4F 0x23 0x32,0x4E99,ACK
5.0600324000,1132,Data,0x429,0x8,0x20 0x00 0x00 0x00 0x00 0x00 0x00 0x00,0x7AC7,ACK
5.0619906000,1133,Data,0x425,0x8,0x01 0x64 0x49 0x57 0x57 0x58 0x01 0xFF,0x3E52,ACK
5.0622267000,1134,Data,0x211,0x8,0xE4 0x00 0x2A 0x00 0x00 0x00 0x00 0x00,0x0D4D,ACK
5.0624690000,1135,Data,0x212,0x8,0x52 0x01 0x08 0xC9 0x00 0x00 0x00 0x2A,0x18B7,ACK
5.0627032000,1136,Data,0x343,0x8,0x00 0x00 0x00 0x00 0x00 0x00 0x00 0x00,0x33F5,ACK
5.0629554000,1137,Data,0x422,0x8,0x00 0x00 0x20 0x00 0x15 0x00 0x0B 0x00,0x0E28,ACK
5.0645477000,1138,Data,0x420,0x8,0xB1 0x14 0xCE 0x00 0x66 0x03 0x00 0x00,0x761F,ACK
5.0647859000,1139,Data,0x421,0x8,0x38 0x36 0x31 0x34 0xFB 0x04 0x55 0x04,0x0DC7,ACK
5.0654961000,1140,Data,0x423,0x8,0xBC 0x02 0x64 0x00 0x3C 0x00 0x01 0x00,0x500B,ACK
5.0686823000,1141,Data,0x100,0x8,0x00 0x00 0x00 0x40 0x0F 0x4F 0x23 0x32,0x4E99,ACK
5.0886822000,1142,Data,0x100,0x8,0x00 0x00 0x00 0x40 0x0F 0x4F 0x23 0x32,0x4E99,ACK
5.1087102000,1143,Data,0x100,0x8,0x00 0x00 0x00 0x40 0x0F 0x4F 0x23 0x32,0x4E99,ACK
5.1089564000,1144,Data,0x203,0x8,0x01 0x00 0x57 0x00 0x57 0x00 0x00 0x00,0x25CC,ACK
5.1092027000,1145,Data,0x204,0x8,0x00 0x00 0x00 0x00 0x00 0x00 0x00 0x00,0x79D1,ACK
5.1094609000,1146,Data,0x205,0x8,0x00 0x00 0x00 0x00 0x00 0x00 0x00 0x00,0x72CA,ACK
5.1097632000,1147,Data,0x209,0x8,0x9F 0x27 0x10 0x04 0x90 0x49 0x00 0x00,0x59C2,ACK
5.1100034000,1148,Data,0x20A,0x8,0x00 0x00 0x00 0x00 0x00 0x00 0x00 0x00,0x1B53,ACK
5.1102597000,1149,Data,0x20B,0x8,0xBC 0x02 0x64 0x00 0x01 0xC8 0x00 0x00,0x021C,ACK
5.1105059000,1150,Data,0x20C,0x8,0x00 0x80 0x1E 0x34 0x1E 0x07 0x00 0x00,0x3A9D,ACK
5.1107582000,1151,Data,0x301,0x8,0x00 0x00 0x00 0x00 0x00 0x00 0x00 0x00,0x7E55,ACK
5.1110143000,1152,Data,0x302,0x2,0x00 0xFF,0x6FC0,ACK
5.1111605000,1153,Data,0x485,0x8,0x22 0x00 0x00 0x00 0x62 0x00 0x14 0x0C,0x569F,ACK
5.1286805000,1154,Data,0x100,0x8,0x00 0x00 0x00 0x40 0x0F 0x4F 0x23 0x32,0x4E99,ACK
5.1486825000,1155,Data,0x100,0x8,0x00 0x00 0x00 0x40 0x0F 0x4F 0x23 0x32,0x4E99,ACK
5.1621004000,1156,Data,0x212,0x8,0x52 0x01 0x08 0xC9 0x00 0x00 0x00 0x2A,0x18B7,ACK
5.1623607000,1157,Data,0x211,0x8,0xE4 0x00 0x2A 0x00 0x00 0x00 0x00 0x00,0x0D4D,ACK
5.1626429000,1158,Data,0x343,0x8,0x00 0x00 0x00 0x00 0x00 0x00 0x00 0x00,0x33F5,ACK
5.1629032000,1159,Data,0x341,0x8,0x00 0x00 0x00 0x00 0x02 0x00 0x00 0x00,0x1833,ACK
5.1631734000,1160,Data,0x342,0x8,0x0F 0x00 0x23 0x00 0x00 0x80 0x0F 0x34,0x09A6,ACK
5.1634556000,1161,Data,0x344,0x8,0x00 0x00 0x00 0x03 0x00 0x00 0x00 0x00,0x6F15,ACK
5.1686817000,1162,Data,0x100,0x8,0x00 0x00 0x00 0x40 0x0F 0x4F 0x23 0x32,0x4E99,ACK
5.1886817000,1163,Data,0x100,0x8,0x00 0x00 0x00 0x40 0x0F 0x4F 0x23 0x32,0x4E99,ACK
5.2086996000,1164,Data,0x100,0x8,0x00 0x00 0x00 0x40 0x0F 0x4F 0x23 0x32,0x4E99,ACK
5.2089439000,1165,Data,0x203,0x8,0x01 0x00 0x57 0x00 0x57 0x00 0x00 0x00,0x25CC,ACK
5.2091901000,1166,Data,0x204,0x8,0x00 0x00 0x00 0x00 0x00 0x00 0x00 0x00,0x79D1,ACK
5.2094464000,1167,Data,0x205,0x8,0x00 0x00 0x00 0x00 0x00 0x00 0x00 0x00,0x72CA,ACK
5.2097606000,1168,Data,0x209,0x8,0x9F 0x27 0x10 0x04 0x90 0x49 0x00 0x00,0x59C2,ACK
5.2100009000,1169,Data,0x20A,0x8,0x00 0x00 0x00 0x00 0x00 0x00 0x00 0x00,0x1B53,ACK
5.2102551000,1170,Data,0x20B,0x8,0xBC 0x02 0x64 0x00 0x01 0xC8 0x00 0x00,0x021C,ACK
5.2104993000,1171,Data,0x20C,0x8,0x00 0x80 0x1E 0x34 0x1E 0x07 0x00 0x00,0x3A9D,ACK
5.2286813000,1172,Data,0x100,0x8,0x00 0x00 0x00 0x40 0x0F 0x4F 0x23 0x32,0x4E99,ACK
5.2337456000,1173,Data,0x311,0x8,0x39 0x1E 0x07 0x3F 0x90 0x01 0x00 0x00,0x66BC,ACK
5.2371759000,1174,Data,0x310,0x8,0xF1 0x0E 0x78 0x05 0x12 0x02 0x01 0xC8,0x2684,ACK
5.2486818000,1175,Data,0x100,0x8,0x00 0x00 0x00 0x40 0x0F 0x4F 0x23 0x32,0x4E99,ACK
5.2621237000,1176,Data,0x212,0x8,0x52 0x01 0x08 0xC9 0x00 0x00 0x00 0x2A,0x18B7,ACK
5.2623820000,1177,Data,0x211,0x8,0xE4 0x00 0x2A 0x00 0x00 0x00 0x00 0x00,0x0D4D,ACK
5.2626422000,1178,Data,0x343,0x8,0x00 0x00 0x00 0x00 0x00 0x00 0x00 0x00,0x33F5,ACK
5.2686803000,1179,Data,0x100,0x8,0x00 0x00 0x00 0x40 0x0F 0x4F 0x23 0x32,0x4E99,ACK
5.2886822000,1180,Data,0x100,0x8,0x00 0x00 0x00 0x40 0x0F 0x4F 0x23 0x32,0x4E99,ACK
5.3087062000,1181,Data,0x100,0x8,0x00 0x00 0x00 0x40 0x0F 0x4F 0x23 0x32,0x4E99,ACK
5.3089524000,1182,Data,0x203,0x8,0x01 0x00 0x57 0x00 0x57 0x00 0x00 0x00,0x25CC,ACK
5.3091987000,1183,Data,0x204,0x8,0x00 0x00 0x00 0x00 0x00 0x00 0x00 0x00,0x79D1,ACK
5.3094549000,1184,Data,0x205,0x8,0x00 0x00 0x00 0x00 0x00 0x00 0x00 0x00,0x72CA,ACK
5.3097592000,1185,Data,0x209,0x8,0x9F 0x27 0x10 0x04 0x90 0x49 0x00 0x00,0x59C2,ACK
5.3099994000,1186,Data,0x20A,0x8,0x00 0x00 0x00 0x00 0x00 0x00 0x00 0x00,0x1B53,ACK
5.3102537000,1187,Data,0x20B,0x8,0xBC 0x02 0x64 0x00 0x01 0xC8 0x00 0x00,0x021C,ACK
5.3104998000,1188,Data,0x20C,0x8,0x00 0x80 0x1E 0x34 0x1E 0x07 0x00 0x00,0x3A9D,ACK
5.3107520000,1189,Data,0x301,0x8,0x00 0x00 0x00 0x00 0x00 0x00 0x00 0x00,0x7E55,ACK
5.3110083000,1190,Data,0x302,0x2,0x00 0xFF,0x6FC0,ACK
5.3111505000,1191,Data,0x485,0x8,0x22 0x00 0x00 0x00 0x62 0x00 0x14 0x0C,0x569F,ACK
5.3286685000,1192,Data,0x100,0x8,0x00 0x00 0x00 0x40 0x0F 0x4F 0x23 0x32,0x4E99,ACK
5.3486785000,1193,Data,0x100,0x8,0x00 0x00 0x00 0x40 0x0F 0x4F 0x23 0x32,0x4E99,ACK
5.3621104000,1194,Data,0x212,0x8,0x52 0x01 0x08 0xC9 0x00 0x00 0x00 0x2A,0x18B7,ACK
5.3623486000,1195,Data,0x211,0x8,0xE4 0x00 0x2A 0x00 0x00 0x00 0x00 0x00,0x0D4D,ACK
5.3626049000,1196,Data,0x343,0x8,0x00 0x00 0x00 0x00 0x00 0x00 0x00 0x00,0x33F5,ACK
5.3628651000,1197,Data,0x341,0x8,0x00 0x00 0x00 0x00 0x02 0x00 0x00 0x00,0x1833,ACK
5.3631654000,1198,Data,0x342,0x8,0x0F 0x00 0x23 0x00 0x00 0x80 0x0F 0x34,0x09A6,ACK
5.3634216000,1199,Data,0x344,0x8,0x00 0x00 0x00 0x03 0x00 0x00 0x00 0x00,0x6F15,ACK
5.3636799000,1200,Data,0x401,0x8,0x00 0x00 0x34 0x00 0x05 0x2A 0x00 0x00,0x4E01,ACK
5.3686779000,1201,Data,0x100,0x8,0x00 0x00 0x00 0x40 0x0F 0x4F 0x23 0x32,0x4E99,ACK
5.3886799000,1202,Data,0x100,0x8,0x00 0x00 0x00 0x40 0x0F 0x4F 0x23 0x32,0x4E99,ACK
5.4086979000,1203,Data,0x100,0x8,0x00 0x00 0x00 0x40 0x0F 0x4F 0x23 0x32,0x4E99,ACK
5.4089441000,1204,Data,0x203,0x8,0x01 0x00 0x57 0x00 0x57 0x00 0x00 0x00,0x25CC,ACK
5.4091904000,1205,Data,0x204,0x8,0x00 0x00 0x00 0x00 0x00 0x00 0x00 0x00,0x79D1,ACK
5.4094466000,1206,Data,0x205,0x8,0x00 0x00 0x00 0x00 0x00 0x00 0x00 0x00,0x72CA,ACK
5.4097569000,1207,Data,0x209,0x8,0x9F 0x27 0x10 0x04 0x90 0x49 0x00 0x00,0x59C2,ACK
5.4099971000,1208,Data,0x20A,0x8,0x00 0x00 0x00 0x00 0x00 0x00 0x00 0x00,0x1B53,ACK
5.4102513000,1209,Data,0x20B,0x8,0xBC 0x02 0x64 0x00 0x01 0xC8 0x00 0x00,0x021C,ACK
5.4104956000,1210,Data,0x20C,0x8,0x00 0x80 0x1E 0x34 0x1E 0x07 0x00 0x00,0x3A9D,ACK
5.4286656000,1211,Data,0x100,0x8,0x00 0x00 0x00 0x40 0x0F 0x4F 0x23 0x32,0x4E99,ACK
5.4350059000,1212,Data,0x311,0x8,0x39 0x1E 0x07 0x3F 0x90 0x01 0x00 0x00,0x66BC,ACK
5.4364261000,1213,Data,0x310,0x8,0xF1 0x0E 0x78 0x05 0x12 0x02 0x01 0xC8,0x2684,ACK
5.4486760000,1214,Data,0x100,0x8,0x00 0x00 0x00 0x40 0x0F 0x4F 0x23 0x32,0x4E99,ACK
5.4621360000,1215,Data,0x212,0x8,0x52 0x01 0x08 0xC9 0x00 0x00 0x00 0x2A,0x18B7,ACK
5.4623962000,1216,Data,0x211,0x8,0xE4 0x00 0x2A 0x00 0x00 0x00 0x00 0x00,0x0D4D,ACK
5.4626525000,1217,Data,0x343,0x8,0x00 0x00 0x00 0x00 0x00 0x00 0x00 0x00,0x33F5,ACK
5.4686785000,1218,Data,0x100,0x8,0x00 0x00 0x00 0x40 0x0F 0x4F 0x23 0x32,0x4E99,ACK
5.4886785000,1219,Data,0x100,0x8,0x00 0x00 0x00 0x40 0x0F 0x4F 0x23 0x32,0x4E99,ACK
5.5087024000,1220,Data,0x100,0x8,0x00 0x00 0x00 0x40 0x0F 0x4F 0x23 0x32,0x4E99,ACK
5.5089487000,1221,Data,0x203,0x8,0x01 0x00 0x57 0x00 0x57 0x00 0x00 0x00,0x25CC,ACK
5.5091949000,1222,Data,0x204,0x8,0x00 0x00 0x00 0x00 0x00 0x00 0x00 0x00,0x79D1,ACK
5.5094512000,1223,Data,0x205,0x8,0x00 0x00 0x00 0x00 0x00 0x00 0x00 0x00,0x72CA,ACK
5.5097554000,1224,Data,0x209,0x8,0x9F 0x27 0x10 0x04 0x90 0x49 0x00 0x00,0x59C2,ACK
5.5099955000,1225,Data,0x20A,0x8,0x00 0x00 0x00 0x00 0x00 0x00 0x00 0x00,0x1B53,ACK
5.5102498000,1226,Data,0x20B,0x8,0xBC 0x02 0x64 0x00 0x01 0xC8 0x00 0x00,0x021C,ACK
5.5104960000,1227,Data,0x20C,0x8,0x00 0x80 0x1E 0x34 0x1E 0x07 0x00 0x00,0x3A9D,ACK
5.5107483000,1228,Data,0x301,0x8,0x00 0x00 0x00 0x00 0x00 0x00 0x00 0x00,0x7E55,ACK
5.5110045000,1229,Data,0x302,0x2,0x00 0xFF,0x6FC0,ACK
5.5111488000,1230,Data,0x485,0x8,0x22 0x00 0x00 0x00 0x62 0x00 0x14 0x0C,0x569F,ACK
5.5286768000,1231,Data,0x100,0x8,0x00 0x00 0x00 0x40 0x0F 0x4F 0x23 0x32,0x4E99,ACK
5.5486767000,1232,Data,0x100,0x8,0x00 0x00 0x00 0x40 0x0F 0x4F 0x23 0x32,0x4E99,ACK
5.5594550000,1233,Data,0x502,0x8,0x32 0xAC 0x86 0x0E 0x1A 0xB9 0x00 0x00,0x0E93,ACK
5.5596893000,1234,Data,0x424,0x8,0x45 0x4A 0x4D 0x69 0x00 0x00 0x00 0x00,0x74FA,ACK
5.5600635000,1235,Data,0x429,0x8,0x20 0x00 0x00 0x00 0x00 0x00 0x00 0x00,0x7AC7,ACK
5.5615438000,1236,Data,0x501,0x8,0xB4 0xC1 0x83 0x58 0x51 0xE5 0xB2 0x6B,0x057E,ACK
5.5620900000,1237,Data,0x425,0x8,0x01 0x64 0x49 0x57 0x57 0x58 0x01 0xFF,0x3E52,ACK
5.5623261000,1238,Data,0x211,0x8,0xE4 0x00 0x2A 0x00 0x00 0x00 0x00 0x00,0x0D4D,ACK
5.5625684000,1239,Data,0x212,0x8,0x52 0x01 0x08 0xC9 0x00 0x00 0x00 0x2A,0x18B7,ACK
5.5628026000,1240,Data,0x343,0x8,0x00 0x00 0x00 0x00 0x00 0x00 0x00 0x00,0x33F5,ACK
5.5630528000,1241,Data,0x422,0x8,0x00 0x00 0x20 0x00 0x15 0x00 0x0B 0x00,0x0E28,ACK
5.5632969000,1242,Data,0x341,0x8,0x00 0x00 0x00 0x00 0x02 0x00 0x00 0x00,0x1833,ACK
5.5635491000,1243,Data,0x342,0x8,0x0F 0x00 0x23 0x00 0x00 0x80 0x0F 0x34,0x09A6,ACK
5.5637894000,1244,Data,0x344,0x8,0x00 0x00 0x00 0x03 0x00 0x00 0x00 0x00,0x6F15,ACK
5.5646435000,1245,Data,0x420,0x8,0xB2 0x14 0xCC 0x00 0x66 0x03 0x00 0x00,0x768E,ACK
5.5648798000,1246,Data,0x421,0x8,0x38 0x36 0x31 0x34 0xFB 0x04 0x55 0x04,0x0DC7,ACK
5.5655920000,1247,Data,0x423,0x8,0xBC 0x02 0x64 0x00 0x3C 0x00 0x01 0x00,0x500B,ACK
5.5686761000,1248,Data,0x100,0x8,0x00 0x00 0x00 0x40 0x0F 0x4F 0x23 0x32,0x4E99,ACK
5.5886760000,1249,Data,0x100,0x8,0x00 0x00 0x00 0x40 0x0F 0x4F 0x23 0x32,0x4E99,ACK
5.6086940000,1250,Data,0x100,0x8,0x00 0x00 0x00 0x40 0x0F 0x4F 0x23 0x32,0x4E99,ACK
5.6089402000,1251,Data,0x203,0x8,0x01 0x00 0x57 0x00 0x57 0x00 0x00 0x00,0x25CC,ACK
5.6091865000,1252,Data,0x204,0x8,0x00 0x00 0x00 0x00 0x00 0x00 0x00 0x00,0x79D1,ACK
5.6094427000,1253,Data,0x205,0x8,0x00 0x00 0x00 0x00 0x00 0x00 0x00 0x00,0x72CA,ACK
5.6097550000,1254,Data,0x209,0x8,0x9F 0x27 0x10 0x04 0x90 0x49 0x00 0x00,0x59C2,ACK
5.6099952000,1255,Data,0x20A,0x8,0x00 0x00 0x00 0x00 0x00 0x00 0x00 0x00,0x1B53,ACK
5.6102515000,1256,Data,0x20B,0x8,0xBC 0x02 0x64 0x00 0x01 0xC8 0x00 0x00,0x021C,ACK
5.6104957000,1257,Data,0x20C,0x8,0x00 0x80 0x1E 0x34 0x1E 0x07 0x00 0x00,0x3A9D,ACK
5.6286757000,1258,Data,0x100,0x8,0x00 0x00 0x00 0x40 0x0F 0x4F 0x23 0x32,0x4E99,ACK
5.6486757000,1259,Data,0x100,0x8,0x00 0x00 0x00 0x40 0x0F 0x4F 0x23 0x32,0x4E99,ACK
5.6621056000,1260,Data,0x212,0x8,0x52 0x01 0x08 0xC9 0x00 0x00 0x00 0x2A,0x18B7,ACK
5.6623637000,1261,Data,0x211,0x8,0xE4 0x00 0x2A 0x00 0x00 0x00 0x00 0x00,0x0D4D,ACK
5.6626219000,1262,Data,0x343,0x8,0x00 0x00 0x00 0x00 0x00 0x00 0x00 0x00,0x33F5,ACK
5.6686740000,1263,Data,0x100,0x8,0x00 0x00 0x00 0x40 0x0F 0x4F 0x23 0x32,0x4E99,ACK
5.6780322000,1264,Data,0x310,0x8,0xF1 0x0E 0x78 0x05 0x12 0x02 0x01 0xC8,0x2684,ACK
5.6788484000,1265,Data,0x311,0x8,0x39 0x1E 0x07 0x3F 0x90 0x01 0x00 0x00,0x66BC,ACK
5.6886745000,1266,Data,0x100,0x8,0x00 0x00 0x00 0x40 0x0F 0x4F 0x23 0x32,0x4E99,ACK
5.7087144000,1267,Data,0x100,0x8,0x00 0x00 0x00 0x40 0x0F 0x4F 0x23 0x32,0x4E99,ACK
5.7089607000,1268,Data,0x203,0x8,0x01 0x00 0x57 0x00 0x57 0x00 0x00 0x00,0x25CC,ACK
5.7092068000,1269,Data,0x204,0x8,0x00 0x00 0x00 0x00 0x00 0x00 0x00 0x00,0x79D1,ACK
5.7094630000,1270,Data,0x205,0x8,0x00 0x00 0x00 0x00 0x00 0x00 0x00 0x00,0x72CA,ACK
5.7097553000,1271,Data,0x209,0x8,0x9F 0x27 0x10 0x04 0x90 0x49 0x00 0x00,0x59C2,ACK
5.7099955000,1272,Data,0x20A,0x8,0x00 0x00 0x00 0x00 0x00 0x00 0x00 0x00,0x1B53,ACK
5.7102518000,1273,Data,0x20B,0x8,0xBC 0x02 0x64 0x00 0x01 0xC8 0x00 0x00,0x021C,ACK
5.7104960000,1274,Data,0x20C,0x8,0x00 0x80 0x1E 0x34 0x1E 0x07 0x00 0x00,0x3A9D,ACK
5.7107503000,1275,Data,0x301,0x8,0x00 0x00 0x00 0x00 0x00 0x00 0x00 0x00,0x7E55,ACK
5.7110065000,1276,Data,0x302,0x2,0x00 0xFF,0x6FC0,ACK
5.7111508000,1277,Data,0x485,0x8,0x22 0x00 0x00 0x00 0x62 0x00 0x14 0x0C,0x569F,ACK
5.7113970000,1278,Data,0x480,0x8,0x00 0x00 0x00 0x00 0x21 0x00 0x00 0x00,0x32BE,ACK
5.7116673000,1279,Data,0x481,0x8,0xCA 0x17 0x08 0x13 0x00 0x00 0x00 0x00,0x1AA4,ACK
5.7119095000,1280,Data,0x482,0x8,0x52 0x01 0x02 0x00 0x00 0x00 0x00 0x00,0x36EA,ACK
5.7121578000,1281,Data,0x483,0x8,0x31 0x4B 0x31 0x55 0x41 0x32 0x35 0x35,0x717E,ACK
5.7123920000,1282,Data,0x484,0x8,0x31 0x50 0x33 0x39 0x36 0x35 0x00 0x00,0x0196,ACK
5.7286740000,1283,Data,0x100,0x8,0x00 0x00 0x00 0x40 0x0F 0x4F 0x23 0x32,0x4E99,ACK
5.7486740000,1284,Data,0x100,0x8,0x00 0x00 0x00 0x40 0x0F 0x4F 0x23 0x32,0x4E99,ACK
5.7621239000,1285,Data,0x212,0x8,0x52 0x01 0x08 0xC9 0x00 0x00 0x00 0x2A,0x18B7,ACK
5.7623861000,1286,Data,0x211,0x8,0xE4 0x00 0x2A 0x00 0x00 0x00 0x00 0x00,0x0D4D,ACK
5.7626424000,1287,Data,0x343,0x8,0x00 0x00 0x00 0x00 0x00 0x00 0x00 0x00,0x33F5,ACK
5.7629026000,1288,Data,0x341,0x8,0x00 0x00 0x00 0x00 0x02 0x00 0x00 0x00,0x1833,ACK
5.7632029000,1289,Data,0x342,0x8,0x0F 0x00 0x23 0x00 0x00 0x80 0x0F 0x34,0x09A6,ACK
5.7634591000,1290,Data,0x344,0x8,0x00 0x00 0x00 0x03 0x00 0x00 0x00 0x00,0x6F15,ACK
5.7686612000,1291,Data,0x100,0x8,0x00 0x00 0x00 0x40 0x0F 0x4F 0x23 0x32,0x4E99,ACK
5.7886731000,1292,Data,0x100,0x8,0x00 0x00 0x00 0x40 0x0F 0x4F 0x23 0x32,0x4E99,ACK
5.8086931000,1293,Data,0x100,0x8,0x00 0x00 0x00 0x40 0x0F 0x4F 0x23 0x32,0x4E99,ACK
5.8089394000,1294,Data,0x203,0x8,0x01 0x00 0x57 0x00 0x57 0x00 0x00 0x00,0x25CC,ACK
5.8091856000,1295,Data,0x204,0x8,0x00 0x00 0x00 0x00 0x00 0x00 0x00 0x00,0x79D1,ACK
5.8094419000,1296,Data,0x205,0x8,0x00 0x00 0x00 0x00 0x00 0x00 0x00 0x00,0x72CA,ACK
5.8097521000,1297,Data,0x209,0x8,0x9F 0x27 0x10 0x04 0x90 0x49 0x00 0x00,0x59C2,ACK
5.8099923000,1298,Data,0x20A,0x8,0x00 0x00 0x00 0x00 0x00 0x00 0x00 0x00,0x1B53,ACK
5.8102466000,1299,Data,0x20B,0x8,0xBC 0x02 0x64 0x00 0x01 0xC8 0x00 0x00,0x021C,ACK
5.8104908000,1300,Data,0x20C,0x8,0x00 0x80 0x1E 0x34 0x1E 0x07 0x00 0x00,0x3A9D,ACK
5.8286608000,1301,Data,0x100,0x8,0x00 0x00 0x00 0x40 0x0F 0x4F 0x23 0x32,0x4E99,ACK
5.8486707000,1302,Data,0x100,0x8,0x00 0x00 0x00 0x40 0x0F 0x4F 0x23 0x32,0x4E99,ACK
5.8621066000,1303,Data,0x212,0x8,0x52 0x01 0x08 0xC9 0x00 0x00 0x00 0x2A,0x18B7,ACK
5.8623688000,1304,Data,0x211,0x8,0xE4 0x00 0x2A 0x00 0x00 0x00 0x00 0x00,0x0D4D,ACK
5.8626251000,1305,Data,0x343,0x8,0x00 0x00 0x00 0x00 0x00 0x00 0x00 0x00,0x33F5,ACK
5.8628833000,1306,Data,0x401,0x8,0x00 0x00 0x34 0x00 0x05 0x2A 0x00 0x00,0x4E01,ACK
5.8686594000,1307,Data,0x100,0x8,0x00 0x00 0x00 0x40 0x0F 0x4F 0x23 0x32,0x4E99,ACK
5.8779234000,1308,Data,0x310,0x8,0xF1 0x0E 0x78 0x05 0x12 0x02 0x01 0xC8,0x2684,ACK
5.8786577000,1309,Data,0x311,0x8,0x39 0x1E 0x07 0x3F 0x90 0x01 0x00 0x00,0x66BC,ACK
5.8886717000,1310,Data,0x100,0x8,0x00 0x00 0x00 0x40 0x0F 0x4F 0x23 0x32,0x4E99,ACK
5.9086997000,1311,Data,0x100,0x8,0x00 0x00 0x00 0x40 0x0F 0x4F 0x23 0x32,0x4E99,ACK
5.9089478000,1312,Data,0x203,0x8,0x01 0x00 0x57 0x00 0x57 0x00 0x00 0x00,0x25CC,ACK
5.9091960000,1313,Data,0x204,0x8,0x00 0x00 0x00 0x00 0x00 0x00 0x00 0x00,0x79D1,ACK
5.9094523000,1314,Data,0x205,0x8,0x00 0x00 0x00 0x00 0x00 0x00 0x00 0x00,0x72CA,ACK
5.9097385000,1315,Data,0x209,0x8,0x9F 0x27 0x10 0x04 0x90 0x49 0x00 0x00,0x59C2,ACK
5.9099788000,1316,Data,0x20A,0x8,0x00 0x00 0x00 0x00 0x00 0x00 0x00 0x00,0x1B53,ACK
5.9102330000,1317,Data,0x20B,0x8,0xBC 0x02 0x64 0x00 0x01 0xC8 0x00 0x00,0x021C,ACK
5.9104773000,1318,Data,0x20C,0x8,0x00 0x80 0x1E 0x34 0x1E 0x07 0x00 0x00,0x3A9D,ACK
5.9107295000,1319,Data,0x301,0x8,0x00 0x00 0x00 0x00 0x00 0x00 0x00 0x00,0x7E55,ACK
5.9109878000,1320,Data,0x302,0x2,0x00 0xFF,0x6FC0,ACK
5.9111320000,1321,Data,0x485,0x8,0x22 0x00 0x00 0x00 0x62 0x00 0x14 0x0C,0x569F,ACK
5.9286600000,1322,Data,0x100,0x8,0x00 0x00 0x00 0x40 0x0F 0x4F 0x23 0x32,0x4E99,ACK
5.9486700000,1323,Data,0x100,0x8,0x00 0x00 0x00 0x40 0x0F 0x4F 0x23 0x32,0x4E99,ACK
5.9621139000,1324,Data,0x212,0x8,0x52 0x01 0x08 0xC9 0x00 0x00 0x00 0x2A,0x18B7,ACK
5.9623941000,1325,Data,0x211,0x8,0xE4 0x00 0x2A 0x00 0x00 0x00 0x00 0x00,0x0D4D,ACK
5.9626544000,1326,Data,0x343,0x8,0x00 0x00 0x00 0x00 0x00 0x00 0x00 0x00,0x33F5,ACK
5.9629126000,1327,Data,0x341,0x8,0x00 0x00 0x00 0x00 0x02 0x00 0x00 0x00,0x1833,ACK
5.9632089000,1328,Data,0x342,0x8,0x0F 0x00 0x23 0x00 0x00 0x80 0x0F 0x34,0x09A6,ACK
5.9634671000,1329,Data,0x344,0x8,0x00 0x00 0x00 0x03 0x00 0x00 0x00 0x00,0x6F15,ACK
5.9686692000,1330,Data,0x100,0x8,0x00 0x00 0x00 0x40 0x0F 0x4F 0x23 0x32,0x4E99,ACK
5.9886711000,1331,Data,0x100,0x8,0x00 0x00 0x00 0x40 0x0F 0x4F 0x23 0x32,0x4E99,ACK
6.0086891000,1332,Data,0x100,0x8,0x00 0x00 0x00 0x40 0x0F 0x4F 0x23 0x32,0x4E99,ACK
6.0089354000,1333,Data,0x203,0x8,0x01 0x00 0x57 0x00 0x57 0x00 0x00 0x00,0x25CC,ACK
6.0091816000,1334,Data,0x204,0x8,0x00 0x00 0x00 0x00 0x00 0x00 0x00 0x00,0x79D1,ACK
6.0094398000,1335,Data,0x205,0x8,0x00 0x00 0x00 0x00 0x00 0x00 0x00 0x00,0x72CA,ACK
6.0097481000,1336,Data,0x209,0x8,0x9F 0x27 0x10 0x04 0x90 0x49 0x00 0x00,0x59C2,ACK
6.0099883000,1337,Data,0x20A,0x8,0x00 0x00 0x00 0x00 0x00 0x00 0x00 0x00,0x1B53,ACK
6.0102446000,1338,Data,0x20B,0x8,0xBC 0x02 0x64 0x00 0x01 0xC8 0x00 0x00,0x021C,ACK
6.0104908000,1339,Data,0x20C,0x8,0x00 0x80 0x1E 0x34 0x1E 0x07 0x00 0x00,0x3A9D,ACK
6.0286708000,1340,Data,0x100,0x8,0x00 0x00 0x00 0x40 0x0F 0x4F 0x23 0x32,0x4E99,ACK
6.0486707000,1341,Data,0x100,0x8,0x00 0x00 0x00 0x40 0x0F 0x4F 0x23 0x32,0x4E99,ACK
6.0599389000,1342,Data,0x429,0x8,0x20 0x00 0x00 0x00 0x00 0x00 0x00 0x00,0x7AC7,ACK
6.0619012000,1343,Data,0x425,0x8,0x01 0x64 0x49 0x57 0x57 0x58 0x01 0xFF,0x3E52,ACK
6.0621373000,1344,Data,0x212,0x8,0x52 0x01 0x08 0xC9 0x00 0x00 0x00 0x2A,0x18B7,ACK
6.0623795000,1345,Data,0x211,0x8,0xE4 0x00 0x2A 0x00 0x00 0x00 0x00 0x00,0x0D4D,ACK
6.0626398000,1346,Data,0x343,0x8,0x00 0x00 0x00 0x00 0x00 0x00 0x00 0x00,0x33F5,ACK
6.0628899000,1347,Data,0x422,0x8,0x00 0x00 0x20 0x00 0x15 0x00 0x0B 0x00,0x0E28,ACK
6.0644582000,1348,Data,0x420,0x8,0xB3 0x14 0xCC 0x00 0x66 0x03 0x00 0x00,0x21BE,ACK
6.0646964000,1349,Data,0x421,0x8,0x38 0x36 0x31 0x34 0xFB 0x04 0x55 0x04,0x0DC7,ACK
6.0654067000,1350,Data,0x423,0x8,0xBC 0x02 0x64 0x00 0x3C 0x00 0x01 0x00,0x500B,ACK
6.0686687000,1351,Data,0x100,0x8,0x00 0x00 0x00 0x40 0x0F 0x4F 0x23 0x32,0x4E99,ACK
6.0792189000,1352,Data,0x310,0x8,0xF1 0x0E 0x78 0x05 0x12 0x02 0x01 0xC8,0x2684,ACK
6.0799432000,1353,Data,0x311,0x8,0x39 0x1E 0x07 0x3F 0x90 0x01 0x00 0x00,0x66BC,ACK
6.0886692000,1354,Data,0x100,0x8,0x00 0x00 0x00 0x40 0x0F 0x4F 0x23 0x32,0x4E99,ACK
6.1086952000,1355,Data,0x100,0x8,0x00 0x00 0x00 0x40 0x0F 0x4F 0x23 0x32,0x4E99,ACK
6.1089414000,1356,Data,0x203,0x8,0x01 0x00 0x57 0x00 0x57 0x00 0x00 0x00,0x25CC,ACK
6.1091877000,1357,Data,0x204,0x8,0x00 0x00 0x00 0x00 0x00 0x00 0x00 0x00,0x79D1,ACK
6.1094459000,1358,Data,0x205,0x8,0x00 0x00 0x00 0x00 0x00 0x00 0x00 0x00,0x72CA,ACK
6.1097482000,1359,Data,0x209,0x8,0x9F 0x27 0x10 0x04 0x90 0x49 0x00 0x00,0x59C2,ACK
6.1099884000,1360,Data,0x20A,0x8,0x00 0x00 0x00 0x00 0x00 0x00 0x00 0x00,0x1B53,ACK
6.1102426000,1361,Data,0x20B,0x8,0xBC 0x02 0x64 0x00 0x01 0xC8 0x00 0x00,0x021C,ACK
6.1104869000,1362,Data,0x20C,0x8,0x00 0x80 0x1E 0x34 0x1E 0x07 0x00 0x00,0x3A9D,ACK
6.1107391000,1363,Data,0x301,0x8,0x00 0x00 0x00 0x00 0x00 0x00 0x00 0x00,0x7E55,ACK
6.1109974000,1364,Data,0x302,0x2,0x00 0xFF,0x6FC0,ACK
6.1111416000,1365,Data,0x485,0x8,0x22 0x00 0x00 0x00 0x62 0x00 0x14 0x0C,0x569F,ACK
6.1286696000,1366,Data,0x100,0x8,0x00 0x00 0x00 0x40 0x0F 0x4F 0x23 0x32,0x4E99,ACK
6.1486676000,1367,Data,0x100,0x8,0x00 0x00 0x00 0x40 0x0F 0x4F 0x23 0x32,0x4E99,ACK
6.1621155000,1368,Data,0x212,0x8,0x52 0x01 0x08 0xC9 0x00 0x00 0x00 0x2A,0x18B7,ACK
6.1623536000,1369,Data,0x211,0x8,0xE4 0x00 0x2A 0x00 0x00 0x00 0x00 0x00,0x0D4D,ACK
6.1626079000,1370,Data,0x343,0x8,0x00 0x00 0x00 0x00 0x00 0x00 0x00 0x00,0x33F5,ACK
6.1628681000,1371,Data,0x341,0x8,0x00 0x00 0x00 0x00 0x02 0x00 0x00 0x00,0x1833,ACK
6.1631663000,1372,Data,0x342,0x8,0x0F 0x00 0x23 0x00 0x00 0x80 0x0F 0x34,0x09A6,ACK
6.1634226000,1373,Data,0x344,0x8,0x00 0x00 0x00 0x03 0x00 0x00 0x00 0x00,0x6F15,ACK
6.1686687000,1374,Data,0x100,0x8,0x00 0x00 0x00 0x40 0x0F 0x4F 0x23 0x32,0x4E99,ACK
6.1886666000,1375,Data,0x100,0x8,0x00 0x00 0x00 0x40 0x0F 0x4F 0x23 0x32,0x4E99,ACK
6.2086866000,1376,Data,0x100,0x8,0x00 0x00 0x00 0x40 0x0F 0x4F 0x23 0x32,0x4E99,ACK
6.2089328000,1377,Data,0x203,0x8,0x01 0x00 0x57 0x00 0x57 0x00 0x00 0x00,0x25CC,ACK
6.2091811000,1378,Data,0x204,0x8,0x00 0x00 0x00 0x00 0x00 0x00 0x00 0x00,0x79D1,ACK
6.2094373000,1379,Data,0x205,0x8,0x00 0x00 0x00 0x00 0x00 0x00 0x00 0x00,0x72CA,ACK
6.2097356000,1380,Data,0x209,0x8,0x9F 0x27 0x10 0x04 0x90 0x49 0x00 0x00,0x59C2,ACK
6.2099778000,1381,Data,0x20A,0x8,0x00 0x00 0x00 0x00 0x00 0x00 0x00 0x00,0x1B53,ACK
6.2102341000,1382,Data,0x20B,0x8,0xBC 0x02 0x64 0x00 0x01 0xC8 0x00 0x00,0x021C,ACK
6.2104783000,1383,Data,0x20C,0x8,0x00 0x80 0x1E 0x34 0x1E 0x07 0x00 0x00,0x3A9D,ACK
6.2286683000,1384,Data,0x100,0x8,0x00 0x00 0x00 0x40 0x0F 0x4F 0x23 0x32,0x4E99,ACK
6.2486663000,1385,Data,0x100,0x8,0x00 0x00 0x00 0x40 0x0F 0x4F 0x23 0x32,0x4E99,ACK
6.2621022000,1386,Data,0x212,0x8,0x52 0x01 0x08 0xC9 0x00 0x00 0x00 0x2A,0x18B7,ACK
6.2623844000,1387,Data,0x211,0x8,0xE4 0x00 0x2A 0x00 0x00 0x00 0x00 0x00,0x0D4D,ACK
6.2626427000,1388,Data,0x343,0x8,0x00 0x00 0x00 0x00 0x00 0x00 0x00 0x00,0x33F5,ACK
6.2686667000,1389,Data,0x100,0x8,0x00 0x00 0x00 0x40 0x0F 0x4F 0x23 0x32,0x4E99,ACK
6.2787129000,1390,Data,0x310,0x8,0xF1 0x0E 0x78 0x05 0x12 0x02 0x01 0xC8,0x2684,ACK
6.2794472000,1391,Data,0x311,0x8,0x39 0x1E 0x07 0x3F 0x90 0x01 0x00 0x00,0x66BC,ACK
6.2886652000,1392,Data,0x100,0x8,0x00 0x00 0x00 0x40 0x0F 0x4F 0x23 0x32,0x4E99,ACK
6.3086932000,1393,Data,0x100,0x8,0x00 0x00 0x00 0x40 0x0F 0x4F 0x23 0x32,0x4E99,ACK
6.3089414000,1394,Data,0x203,0x8,0x01 0x00 0x57 0x00 0x57 0x00 0x00 0x00,0x25CC,ACK
6.3091897000,1395,Data,0x204,0x8,0x00 0x00 0x00 0x00 0x00 0x00 0x00 0x00,0x79D1,ACK
6.3094459000,1396,Data,0x205,0x8,0x00 0x00 0x00 0x00 0x00 0x00 0x00 0x00,0x72CA,ACK
6.3097461000,1397,Data,0x209,0x8,0x9F 0x27 0x10 0x04 0x90 0x49 0x00 0x00,0x59C2,ACK
6.3099864000,1398,Data,0x20A,0x8,0x00 0x00 0x00 0x00 0x00 0x00 0x00 0x00,0x1B53,ACK
6.3102386000,1399,Data,0x20B,0x8,0xBC 0x02 0x64 0x00 0x01 0xC8 0x00 0x00,0x021C,ACK
6.3104829000,1400,Data,0x20C,0x8,0x00 0x80 0x1E 0x34 0x1E 0x07 0x00 0x00,0x3A9D,ACK
6.3107351000,1401,Data,0x301,0x8,0x00 0x00 0x00 0x00 0x00 0x00 0x00 0x00,0x7E55,ACK
6.3109914000,1402,Data,0x302,0x2,0x00 0xFF,0x6FC0,ACK
6.3111376000,1403,Data,0x485,0x8,0x22 0x00 0x00 0x00 0x62 0x00 0x14 0x0C,0x569F,ACK
6.3286536000,1404,Data,0x100,0x8,0x00 0x00 0x00 0x40 0x0F 0x4F 0x23 0x32,0x4E99,ACK
6.3486656000,1405,Data,0x100,0x8,0x00 0x00 0x00 0x40 0x0F 0x4F 0x23 0x32,0x4E99,ACK
6.3621255000,1406,Data,0x212,0x8,0x52 0x01 0x08 0xC9 0x00 0x00 0x00 0x2A,0x18B7,ACK
6.3623836000,1407,Data,0x211,0x8,0xE4 0x00 0x2A 0x00 0x00 0x00 0x00 0x00,0x0D4D,ACK
6.3626438000,1408,Data,0x343,0x8,0x00 0x00 0x00 0x00 0x00 0x00 0x00 0x00,0x33F5,ACK
6.3629221000,1409,Data,0x341,0x8,0x00 0x00 0x00 0x00 0x02 0x00 0x00 0x00,0x1833,ACK
6.3631983000,1410,Data,0x342,0x8,0x0F 0x00 0x23 0x00 0x00 0x80 0x0F 0x34,0x09A6,ACK
6.3634806000,1411,Data,0x344,0x8,0x00 0x00 0x00 0x03 0x00 0x00 0x00 0x00,0x6F15,ACK
6.3637388000,1412,Data,0x401,0x8,0x00 0x00 0x34 0x00 0x05 0x2A 0x00 0x00,0x4E01,ACK
6.3686649000,1413,Data,0x100,0x8,0x00 0x00 0x00 0x40 0x0F 0x4F 0x23 0x32,0x4E99,ACK
6.3886629000,1414,Data,0x100,0x8,0x00 0x00 0x00 0x40 0x0F 0x4F 0x23 0x32,0x4E99,ACK
6.4086848000,1415,Data,0x100,0x8,0x00 0x00 0x00 0x40 0x0F 0x4F 0x23 0x32,0x4E99,ACK
6.4089331000,1416,Data,0x203,0x8,0x01 0x00 0x57 0x00 0x57 0x00 0x00 0x00,0x25CC,ACK
6.4091813000,1417,Data,0x204,0x8,0x00 0x00 0x00 0x00 0x00 0x00 0x00 0x00,0x79D1,ACK
6.4094376000,1418,Data,0x205,0x8,0x00 0x00 0x00 0x00 0x00 0x00 0x00 0x00,0x72CA,ACK
6.4097438000,1419,Data,0x209,0x8,0x9F 0x27 0x10 0x04 0x90 0x49 0x00 0x00,0x59C2,ACK
6.4099861000,1420,Data,0x20A,0x8,0x00 0x00 0x00 0x00 0x00 0x00 0x00 0x00,0x1B53,ACK
6.4102403000,1421,Data,0x20B,0x8,0xBC 0x02 0x64 0x00 0x01 0xC8 0x00 0x00,0x021C,ACK
6.4104846000,1422,Data,0x20C,0x8,0x00 0x80 0x1E 0x34 0x1E 0x07 0x00 0x00,0x3A9D,ACK
6.4286646000,1423,Data,0x100,0x8,0x00 0x00 0x00 0x40 0x0F 0x4F 0x23 0x32,0x4E99,ACK
6.4486645000,1424,Data,0x100,0x8,0x00 0x00 0x00 0x40 0x0F 0x4F 0x23 0x32,0x4E99,ACK
6.4620904000,1425,Data,0x212,0x8,0x52 0x01 0x08 0xC9 0x00 0x00 0x00 0x2A,0x18B7,ACK
6.4623506000,1426,Data,0x211,0x8,0xE4 0x00 0x2A 0x00 0x00 0x00 0x00 0x00,0x0D4D,ACK
6.4626069000,1427,Data,0x343,0x8,0x00 0x00 0x00 0x00 0x00 0x00 0x00 0x00,0x33F5,ACK
6.4686610000,1428,Data,0x100,0x8,0x00 0x00 0x00 0x40 0x0F 0x4F 0x23 0x32,0x4E99,ACK
6.4799952000,1429,Data,0x310,0x8,0xF1 0x0E 0x78 0x05 0x12 0x02 0x01 0xC8,0x2684,ACK
6.4807275000,1430,Data,0x311,0x8,0x39 0x1E 0x07 0x3F 0x90 0x01 0x00 0x00,0x66BC,ACK
6.4886634000,1431,Data,0x100,0x8,0x00 0x00 0x00 0x40 0x0F 0x4F 0x23 0x32,0x4E99,ACK
6.5086894000,1432,Data,0x100,0x8,0x00 0x00 0x00 0x40 0x0F 0x4F 0x23 0x32,0x4E99,ACK
6.5089357000,1433,Data,0x203,0x8,0x01 0x00 0x57 0x00 0x57 0x00 0x00 0x00,0x25CC,ACK
6.5091819000,1434,Data,0x204,0x8,0x00 0x00 0x00 0x00 0x00 0x00 0x00 0x00,0x79D1,ACK
6.5094401000,1435,Data,0x205,0x8,0x00 0x00 0x00 0x00 0x00 0x00 0x00 0x00,0x72CA,ACK
6.5097424000,1436,Data,0x209,0x8,0x9F 0x27 0x10 0x04 0x90 0x49 0x00 0x00,0x59C2,ACK
6.5099846000,1437,Data,0x20A,0x8,0x00 0x00 0x00 0x00 0x00 0x00 0x00 0x00,0x1B53,ACK
6.5102409000,1438,Data,0x20B,0x8,0xBC 0x02 0x64 0x00 0x01 0xC8 0x00 0x00,0x021C,ACK
6.5104851000,1439,Data,0x20C,0x8,0x00 0x80 0x1E 0x34 0x1E 0x07 0x00 0x00,0x3A9D,ACK
6.5107394000,1440,Data,0x301,0x8,0x00 0x00 0x00 0x00 0x00 0x00 0x00 0x00,0x7E55,ACK
6.5109956000,1441,Data,0x302,0x2,0x00 0xFF,0x6FC0,ACK
6.5111399000,1442,Data,0x485,0x8,0x22 0x00 0x00 0x00 0x62 0x00 0x14 0x0C,0x569F,ACK
6.5286619000,1443,Data,0x100,0x8,0x00 0x00 0x00 0x40 0x0F 0x4F 0x23 0x32,0x4E99,ACK
6.5486638000,1444,Data,0x100,0x8,0x00 0x00 0x00 0x40 0x0F 0x4F 0x23 0x32,0x4E99,ACK
6.5586301000,1445,Data,0x500,0x8,0x48 0x48 0x49 0xFF 0x48 0x48 0x48 0xFF,0x3C42,ACK
6.5595463000,1446,Data,0x424,0x8,0x46 0x4A 0x4D 0x69 0x00 0x00 0x00 0x00,0x4833,ACK
6.5599246000,1447,Data,0x429,0x8,0x20 0x00 0x00 0x00 0x00 0x00 0x00 0x00,0x7AC7,ACK
6.5618848000,1448,Data,0x425,0x8,0x01 0x64 0x49 0x57 0x57 0x58 0x01 0xFF,0x3E52,ACK
6.5621210000,1449,Data,0x212,0x8,0x52 0x01 0x08 0xC9 0x00 0x00 0x00 0x2A,0x18B7,ACK
6.5623952000,1450,Data,0x211,0x8,0xE4 0x00 0x2A 0x00 0x00 0x00 0x00 0x00,0x0D4D,ACK
6.5626515000,1451,Data,0x343,0x8,0x00 0x00 0x00 0x00 0x00 0x00 0x00 0x00,0x33F5,ACK
6.5629016000,1452,Data,0x422,0x8,0x00 0x00 0x20 0x00 0x15 0x00 0x0B 0x00,0x0E28,ACK
6.5631457000,1453,Data,0x341,0x8,0x00 0x00 0x00 0x00 0x02 0x00 0x00 0x00,0x1833,ACK
6.5633979000,1454,Data,0x342,0x8,0x0F 0x00 0x23 0x00 0x00 0x80 0x0F 0x34,0x09A6,ACK
6.5636382000,1455,Data,0x344,0x8,0x00 0x00 0x00 0x03 0x00 0x00 0x00 0x00,0x6F15,ACK
6.5644463000,1456,Data,0x420,0x8,0xB3 0x14 0xCC 0x00 0x66 0x03 0x00 0x00,0x21BE,ACK
6.5646846000,1457,Data,0x421,0x8,0x38 0x36 0x31 0x34 0xFB 0x04 0x55 0x04,0x0DC7,ACK
6.5653768000,1458,Data,0x423,0x8,0xBC 0x02 0x64 0x00 0x3C 0x00 0x01 0x00,0x500B,ACK
6.5686629000,1459,Data,0x100,0x8,0x00 0x00 0x00 0x40 0x0F 0x4F 0x23 0x32,0x4E99,ACK
6.5886629000,1460,Data,0x100,0x8,0x00 0x00 0x00 0x40 0x0F 0x4F 0x23 0x32,0x4E99,ACK
6.6086808000,1461,Data,0x100,0x8,0x00 0x00 0x00 0x40 0x0F 0x4F 0x23 0x32,0x4E99,ACK
6.6089291000,1462,Data,0x203,0x8,0x01 0x00 0x57 0x00 0x57 0x00 0x00 0x00,0x25CC,ACK
6.6091773000,1463,Data,0x204,0x8,0x00 0x00 0x00 0x00 0x00 0x00 0x00 0x00,0x79D1,ACK
6.6094336000,1464,Data,0x205,0x8,0x00 0x00 0x00 0x00 0x00 0x00 0x00 0x00,0x72CA,ACK
6.6097418000,1465,Data,0x209,0x8,0x9F 0x27 0x10 0x04 0x90 0x49 0x00 0x00,0x59C2,ACK
6.6099821000,1466,Data,0x20A,0x8,0x00 0x00 0x00 0x00 0x00 0x00 0x00 0x00,0x1B53,ACK
6.6102383000,1467,Data,0x20B,0x8,0xBC 0x02 0x64 0x00 0x01 0xC8 0x00 0x00,0x021C,ACK
6.6104824000,1468,Data,0x20C,0x8,0x00 0x80 0x1E 0x34 0x1E 0x07 0x00 0x00,0x3A9D,ACK
6.6286604000,1469,Data,0x100,0x8,0x00 0x00 0x00 0x40 0x0F 0x4F 0x23 0x32,0x4E99,ACK
6.6486604000,1470,Data,0x100,0x8,0x00 0x00 0x00 0x40 0x0F 0x4F 0x23 0x32,0x4E99,ACK
6.6621163000,1471,Data,0x212,0x8,0x52 0x01 0x08 0xC9 0x00 0x00 0x00 0x2A,0x18B7,ACK
6.6623725000,1472,Data,0x211,0x8,0xE4 0x00 0x2A 0x00 0x00 0x00 0x00 0x00,0x0D4D,ACK
6.6626328000,1473,Data,0x343,0x8,0x00 0x00 0x00 0x00 0x00 0x00 0x00 0x00,0x33F5,ACK
6.6686609000,1474,Data,0x100,0x8,0x00 0x00 0x00 0x40 0x0F 0x4F 0x23 0x32,0x4E99,ACK
6.6809030000,1475,Data,0x310,0x8,0xF1 0x0E 0x78 0x05 0x12 0x02 0x01 0xC8,0x2684,ACK
6.6886589000,1476,Data,0x100,0x8,0x00 0x00 0x00 0x40 0x0F 0x4F 0x23 0x32,0x4E99,ACK
6.6955331000,1477,Extend Data,0x18EF073E,0x4,0x01 0x01 0x8F 0x02,0x64A1,ACK
6.7087011000,1478,Data,0x100,0x8,0x00 0x00 0x00 0x40 0x0F 0x4F 0x23 0x32,0x4E99,ACK
6.7089474000,1479,Data,0x203,0x8,0x01 0x00 0x57 0x00 0x57 0x00 0x00 0x00,0x25CC,ACK
6.7091936000,1480,Data,0x204,0x8,0x00 0x00 0x00 0x00 0x00 0x00 0x00 0x00,0x79D1,ACK
6.7094499000,1481,Data,0x205,0x8,0x00 0x00 0x00 0x00 0x00 0x00 0x00 0x00,0x72CA,ACK
6.7097401000,1482,Data,0x209,0x8,0x9F 0x27 0x10 0x04 0x90 0x49 0x00 0x00,0x59C2,ACK
6.7099804000,1483,Data,0x20A,0x8,0x00 0x00 0x00 0x00 0x00 0x00 0x00 0x00,0x1B53,ACK
6.7102346000,1484,Data,0x20B,0x8,0xBC 0x02 0x64 0x00 0x01 0xC8 0x00 0x00,0x021C,ACK
6.7104789000,1485,Data,0x20C,0x8,0x00 0x80 0x1E 0x34 0x1E 0x07 0x00 0x00,0x3A9D,ACK
6.7107331000,1486,Data,0x301,0x8,0x00 0x00 0x00 0x00 0x00 0x00 0x00 0x00,0x7E55,ACK
6.7109894000,1487,Data,0x302,0x2,0x00 0xFF,0x6FC0,ACK
6.7111356000,1488,Data,0x485,0x8,0x22 0x00 0x00 0x00 0x62 0x00 0x14 0x0C,0x569F,ACK
6.7113839000,1489,Data,0x480,0x8,0x00 0x00 0x00 0x00 0x21 0x00 0x00 0x00,0x32BE,ACK
6.7116521000,1490,Data,0x481,0x8,0xCA 0x17 0x08 0x13 0x00 0x00 0x00 0x00,0x1AA4,ACK
6.7118964000,1491,Data,0x482,0x8,0x52 0x01 0x02 0x00 0x00 0x00 0x00 0x00,0x36EA,ACK
6.7121446000,1492,Data,0x483,0x8,0x31 0x4B 0x31 0x55 0x41 0x32 0x35 0x35,0x717E,ACK
6.7123788000,1493,Data,0x484,0x8,0x31 0x50 0x33 0x39 0x36 0x35 0x00 0x00,0x0196,ACK
6.7286589000,1494,Data,0x100,0x8,0x00 0x00 0x00 0x40 0x0F 0x4F 0x23 0x32,0x4E99,ACK
6.7322550000,1495,Data,0x311,0x8,0x39 0x1E 0x07 0x3F 0x90 0x01 0x00 0x00,0x66BC,ACK
6.7324933000,1496,Extend Data,0x18EF3E07,0x5,0x01 0x04 0x8F 0x57 0x00,0x3086,ACK
6.7486472000,1497,Data,0x100,0x8,0x00 0x00 0x00 0x40 0x0F 0x4F 0x23 0x32,0x4E99,ACK
6.7620911000,1498,Data,0x212,0x8,0x52 0x01 0x08 0xC9 0x00 0x00 0x00 0x2A,0x18B7,ACK
6.7623493000,1499,Data,0x211,0x8,0xE4 0x00 0x2A 0x00 0x00 0x00 0x00 0x00,0x0D4D,ACK
6.7626096000,1500,Data,0x343,0x8,0x00 0x00 0x00 0x00 0x00 0x00 0x00 0x00,0x33F5,ACK
6.7628858000,1501,Data,0x341,0x8,0x00 0x00 0x00 0x00 0x02 0x00 0x00 0x00,0x1833,ACK
6.7631641000,1502,Data,0x342,0x8,0x0F 0x00 0x23 0x00 0x00 0x80 0x0F 0x34,0x09A6,ACK
6.7634203000,1503,Data,0x344,0x8,0x00 0x00 0x00 0x03 0x00 0x00 0x00 0x00,0x6F15,ACK
6.7686604000,1504,Data,0x100,0x8,0x00 0x00 0x00 0x40 0x0F 0x4F 0x23 0x32,0x4E99,ACK
6.7699606000,1505,Extend Data,0x18EF073E,0x4,0x01 0x01 0x8C 0x02,0x6D52,ACK
6.7706028000,1506,Extend Data,0x18EF3E07,0x5,0x01 0x04 0x8C 0xB3 0x14,0x0689,ACK
6.7886467000,1507,Data,0x100,0x8,0x00 0x00 0x00 0x40 0x0F 0x4F 0x23 0x32,0x4E99,ACK
6.8086787000,1508,Data,0x100,0x8,0x00 0x00 0x00 0x40 0x0F 0x4F 0x23 0x32,0x4E99,ACK
6.8089270000,1509,Data,0x203,0x8,0x01 0x00 0x57 0x00 0x57 0x00 0x00 0x00,0x25CC,ACK
6.8091732000,1510,Data,0x204,0x8,0x00 0x00 0x00 0x00 0x00 0x00 0x00 0x00,0x79D1,ACK
6.8094315000,1511,Data,0x205,0x8,0x00 0x00 0x00 0x00 0x00 0x00 0x00 0x00,0x72CA,ACK
6.8097237000,1512,Data,0x209,0x8,0x9F 0x27 0x10 0x04 0x90 0x49 0x00 0x00,0x59C2,ACK
6.8099659000,1513,Data,0x20A,0x8,0x00 0x00 0x00 0x00 0x00 0x00 0x00 0x00,0x1B53,ACK
6.8102222000,1514,Data,0x20B,0x8,0xBC 0x02 0x64 0x00 0x01 0xC8 0x00 0x00,0x021C,ACK
6.8104664000,1515,Data,0x20C,0x8,0x00 0x80 0x1E 0x34 0x1E 0x07 0x00 0x00,0x3A9D,ACK
6.8286584000,1516,Data,0x100,0x8,0x00 0x00 0x00 0x40 0x0F 0x4F 0x23 0x32,0x4E99,ACK
6.8300087000,1517,Extend Data,0x18EF073E,0x4,0x01 0x01 0x8D 0x02,0x2974,ACK
6.8486586000,1518,Data,0x100,0x8,0x00 0x00 0x00 0x40 0x0F 0x4F 0x23 0x32,0x4E99,ACK
6.8620785000,1519,Data,0x212,0x8,0x52 0x01 0x08 0xC9 0x00 0x00 0x00 0x2A,0x18B7,ACK
6.8623187000,1520,Data,0x211,0x8,0xE4 0x00 0x2A 0x00 0x00 0x00 0x00 0x00,0x0D4D,ACK
6.8625770000,1521,Data,0x343,0x8,0x00 0x00 0x00 0x00 0x00 0x00 0x00 0x00,0x33F5,ACK
6.8628352000,1522,Data,0x401,0x8,0x00 0x00 0x34 0x00 0x05 0x2A 0x00 0x00,0x4E01,ACK
6.8678734000,1523,Extend Data,0x18EF3E07,0x5,0x01 0x04 0x8D 0xCC 0x00,0x6B56,ACK
6.8686556000,1524,Data,0x100,0x8,0x00 0x00 0x00 0x40 0x0F 0x4F 0x23 0x32,0x4E99,ACK
6.8811837000,1525,Data,0x310,0x8,0xF1 0x0E 0x78 0x05 0x12 0x02 0x01 0xC8,0x2684,ACK
6.8886557000,1526,Data,0x100,0x8,0x00 0x00 0x00 0x40 0x0F 0x4F 0x23 0x32,0x4E99,ACK
6.9055477000,1527,Extend Data,0x18EF073E,0x4,0x01 0x01 0x8E 0x02,0x2087,ACK
6.9086838000,1528,Data,0x100,0x8,0x00 0x00 0x00 0x40 0x0F 0x4F 0x23 0x32,0x4E99,ACK
6.9089300000,1529,Data,0x203,0x8,0x01 0x00 0x57 0x00 0x57 0x00 0x00 0x00,0x25CC,ACK
6.9091763000,1530,Data,0x204,0x8,0x00 0x00 0x00 0x00 0x00 0x00 0x00 0x00,0x79D1,ACK
6.9094345000,1531,Data,0x205,0x8,0x00 0x00 0x00 0x00 0x00 0x00 0x00 0x00,0x72CA,ACK
6.9097368000,1532,Data,0x209,0x8,0x9F 0x27 0x10 0x04 0x90 0x49 0x00 0x00,0x59C2,ACK
6.9099789000,1533,Data,0x20A,0x8,0x00 0x00 0x00 0x00 0x00 0x00 0x00 0x00,0x1B53,ACK
6.9102331000,1534,Data,0x20B,0x8,0xBC 0x02 0x64 0x00 0x01 0xC8 0x00 0x00,0x021C,ACK
6.9104774000,1535,Data,0x20C,0x8,0x00 0x80 0x1E 0x34 0x1E 0x07 0x00 0x00,0x3A9D,ACK
6.9107316000,1536,Data,0x301,0x8,0x00 0x00 0x00 0x00 0x00 0x00 0x00 0x00,0x7E55,ACK
6.9109879000,1537,Data,0x302,0x2,0x00 0xFF,0x6FC0,ACK
6.9111341000,1538,Data,0x485,0x8,0x22 0x00 0x00 0x00 0x62 0x00 0x14 0x0C,0x569F,ACK
6.9286561000,1539,Data,0x100,0x8,0x00 0x00 0x00 0x40 0x0F 0x4F 0x23 0x32,0x4E99,ACK
6.9329823000,1540,Extend Data,0x18EF3E07,0x5,0x01 0x04 0x8E 0x64 0x00,0x13C8,ACK
6.9333425000,1541,Data,0x311,0x8,0x39 0x1E 0x07 0x3F 0x90 0x01 0x00 0x00,0x66BC,ACK
6.9486564000,1542,Data,0x100,0x8,0x00 0x00 0x00 0x40 0x0F 0x4F 0x23 0x32,0x4E99,ACK
6.9621043000,1543,Data,0x212,0x8,0x52 0x01 0x08 0xC9 0x00 0x00 0x00 0x2A,0x18B7,ACK
6.9623644000,1544,Data,0x211,0x8,0xE4 0x00 0x2A 0x00 0x00 0x00 0x00 0x00,0x0D4D,ACK
6.9626206000,1545,Data,0x343,0x8,0x00 0x00 0x00 0x00 0x00 0x00 0x00 0x00,0x33F5,ACK
6.9629027000,1546,Data,0x341,0x8,0x00 0x00 0x00 0x00 0x02 0x00 0x00 0x00,0x1833,ACK
6.9631768000,1547,Data,0x342,0x8,0x0F 0x00 0x23 0x00 0x00 0x80 0x0F 0x34,0x09A6,ACK
6.9634369000,1548,Data,0x344,0x8,0x00 0x00 0x00 0x03 0x00 0x00 0x00 0x00,0x6F15,ACK
6.9649150000,1549,Extend Data,0x18EF073E,0x4,0x01 0x01 0x59 0x02,0x652F,ACK
6.9656171000,1550,Extend Data,0x18EF3E07,0x5,0x01 0x04 0x59 0x00 0x00,0x4816,ACK
6.9686552000,1551,Data,0x100,0x8,0x00 0x00 0x00 0x40 0x0F 0x4F 0x23 0x32,0x4E99,ACK
6.9886570000,1552,Data,0x100,0x8,0x00 0x00 0x00 0x40 0x0F 0x4F 0x23 0x32,0x4E99,ACK
7.0086748000,1553,Data,0x100,0x8,0x00 0x00 0x00 0x40 0x0F 0x4F 0x23 0x32,0x4E99,ACK
7.0089230000,1554,Data,0x203,0x8,0x01 0x00 0x57 0x00 0x57 0x00 0x00 0x00,0x25CC,ACK
7.0091711000,1555,Data,0x204,0x8,0x00 0x00 0x00 0x00 0x00 0x00 0x00 0x00,0x79D1,ACK
7.0094272000,1556,Data,0x205,0x8,0x00 0x00 0x00 0x00 0x00 0x00 0x00 0x00,0x72CA,ACK
7.0097353000,1557,Data,0x209,0x8,0x9F 0x27 0x10 0x04 0x90 0x49 0x00 0x00,0x59C2,ACK
7.0099754000,1558,Data,0x20A,0x8,0x00 0x00 0x00 0x00 0x00 0x00 0x00 0x00,0x1B53,ACK
7.0102296000,1559,Data,0x20B,0x8,0xBC 0x02 0x64 0x00 0x01 0xC8 0x00 0x00,0x021C,ACK
7.0104757000,1560,Data,0x20C,0x8,0x00 0x80 0x1E 0x34 0x1E 0x07 0x00 0x00,0x3A9D,ACK
7.0286535000,1561,Data,0x100,0x8,0x00 0x00 0x00 0x40 0x0F 0x4F 0x23 0x32,0x4E99,ACK
7.0400135000,1562,Extend Data,0x18EF073E,0x4,0x01 0x01 0x92 0x02,0x312C,ACK
7.0407177000,1563,Extend Data,0x18EF3E07,0x5,0x01 0x04 0x92 0x02 0x00,0x0BF9,ACK
7.0486556000,1564,Data,0x100,0x8,0x00 0x00 0x00 0x40 0x0F 0x4F 0x23 0x32,0x4E99,ACK
7.0605119000,1565,Data,0x429,0x8,0x20 0x00 0x00 0x00 0x00 0x00 0x00 0x00,0x7AC7,ACK
7.0620800000,1566,Data,0x212,0x8,0x52 0x01 0x08 0xC9 0x00 0x00 0x00 0x2A,0x18B7,ACK
7.0623361000,1567,Data,0x211,0x8,0xE4 0x00 0x2A 0x00 0x00 0x00 0x00 0x00,0x0D4D,ACK
7.0625782000,1568,Data,0x425,0x8,0x01 0x64 0x49 0x57 0x57 0x58 0x01 0xFF,0x3E52,ACK
7.0628142000,1569,Data,0x343,0x8,0x00 0x00 0x00 0x00 0x00 0x00 0x00 0x00,0x33F5,ACK
7.0634484000,1570,Data,0x422,0x8,0x00 0x00 0x20 0x00 0x15 0x00 0x0B 0x00,0x0E28,ACK
7.0650087000,1571,Data,0x420,0x8,0xB3 0x14 0xD0 0x00 0x66 0x03 0x00 0x00,0x0405,ACK
7.0652489000,1572,Data,0x421,0x8,0x38 0x36 0x31 0x34 0xFB 0x04 0x55 0x04,0x0DC7,ACK
7.0659572000,1573,Data,0x423,0x8,0xBC 0x02 0x64 0x00 0x3C 0x00 0x01 0x00,0x500B,ACK
7.0686533000,1574,Data,0x100,0x8,0x00 0x00 0x00 0x40 0x0F 0x4F 0x23 0x32,0x4E99,ACK
7.0886532000,1575,Data,0x100,0x8,0x00 0x00 0x00 0x40 0x0F 0x4F 0x23 0x32,0x4E99,ACK
7.1086810000,1576,Data,0x100,0x8,0x00 0x00 0x00 0x40 0x0F 0x4F 0x23 0x32,0x4E99,ACK
7.1089271000,1577,Data,0x203,0x8,0x01 0x00 0x57 0x00 0x57 0x00 0x00 0x00,0x25CC,ACK
7.1091733000,1578,Data,0x204,0x8,0x00 0x00 0x00 0x00 0x00 0x00 0x00 0x00,0x79D1,ACK
7.1094294000,1579,Data,0x205,0x8,0x00 0x00 0x00 0x00 0x00 0x00 0x00 0x00,0x72CA,ACK
7.1097335000,1580,Data,0x209,0x8,0x9F 0x27 0x10 0x04 0x90 0x49 0x00 0x00,0x59C2,ACK
7.1099736000,1581,Data,0x20A,0x8,0x00 0x00 0x00 0x00 0x00 0x00 0x00 0x00,0x1B53,ACK
7.1102277000,1582,Data,0x20B,0x8,0xBC 0x02 0x64 0x00 0x01 0xC8 0x00 0x00,0x021C,ACK
7.1104719000,1583,Data,0x20C,0x8,0x00 0x80 0x1E 0x34 0x1E 0x07 0x00 0x00,0x3A9D,ACK
7.1107260000,1584,Data,0x301,0x8,0x00 0x00 0x00 0x00 0x00 0x00 0x00 0x00,0x7E55,ACK
7.1109821000,1585,Data,0x302,0x2,0x00 0xFF,0x6FC0,ACK
7.1111262000,1586,Data,0x485,0x8,0x22 0x00 0x00 0x00 0x62 0x00 0x14 0x0C,0x569F,ACK
7.1155303000,1587,Extend Data,0x18EF073E,0x4,0x01 0x01 0x96 0x04,0x797B,ACK
7.1286542000,1588,Data,0x100,0x8,0x00 0x00 0x00 0x40 0x0F 0x4F 0x23 0x32,0x4E99,ACK
7.1311643000,1589,Extend Data,0x18EF3E07,0x7,0x01 0x04 0x96 0x16 0x00 0x16 0x00,0x4DDB,ACK
7.1314265000,1590,Data,0x310,0x8,0xF1 0x0E 0x78 0x05 0x12 0x02 0x01 0xC8,0x2684,ACK
7.1341188000,1591,Data,0x311,0x8,0x39 0x1E 0x07 0x3F 0x90 0x01 0x00 0x00,0x66BC,ACK
7.1486547000,1592,Data,0x100,0x8,0x00 0x00 0x00 0x40 0x0F 0x4F 0x23 0x32,0x4E99,ACK
7.1621105000,1593,Data,0x212,0x8,0x52 0x01 0x08 0xC9 0x00 0x00 0x00 0x2A,0x18B7,ACK
7.1623687000,1594,Data,0x211,0x8,0xE4 0x00 0x2A 0x00 0x00 0x00 0x00 0x00,0x0D4D,ACK
7.1626288000,1595,Data,0x343,0x8,0x00 0x00 0x00 0x00 0x00 0x00 0x00 0x00,0x33F5,ACK
7.1628849000,1596,Data,0x341,0x8,0x00 0x00 0x00 0x00 0x02 0x00 0x00 0x00,0x1833,ACK
7.1631850000,1597,Data,0x342,0x8,0x0F 0x00 0x23 0x00 0x00 0x80 0x0F 0x34,0x09A6,ACK
7.1634412000,1598,Data,0x344,0x8,0x00 0x00 0x00 0x03 0x00 0x00 0x00 0x00,0x6F15,ACK
7.1686531000,1599,Data,0x100,0x8,0x00 0x00 0x00 0x40 0x0F 0x4F 0x23 0x32,0x4E99,ACK
7.1749152000,1600,Extend Data,0x18EF073E,0x4,0x01 0x01 0xF9 0x02,0x31EB,ACK
7.1755953000,1601,Extend Data,0x18EF3E07,0x5,0x01 0x04 0xF9 0x17 0x00,0x2512,ACK
7.1886412000,1602,Data,0x100,0x8,0x00 0x00 0x00 0x40 0x0F 0x4F 0x23 0x32,0x4E99,ACK
7.2086711000,1603,Data,0x100,0x8,0x00 0x00 0x00 0x40 0x0F 0x4F 0x23 0x32,0x4E99,ACK
7.2089172000,1604,Data,0x203,0x8,0x01 0x00 0x57 0x00 0x57 0x00 0x00 0x00,0x25CC,ACK
7.2091633000,1605,Data,0x204,0x8,0x00 0x00 0x00 0x00 0x00 0x00 0x00 0x00,0x79D1,ACK
7.2094194000,1606,Data,0x205,0x8,0x00 0x00 0x00 0x00 0x00 0x00 0x00 0x00,0x72CA,ACK
7.2097336000,1607,Data,0x209,0x8,0x9F 0x27 0x10 0x04 0x90 0x49 0x00 0x00,0x59C2,ACK
7.2099737000,1608,Data,0x20A,0x8,0x00 0x00 0x00 0x00 0x00 0x00 0x00 0x00,0x1B53,ACK
7.2102278000,1609,Data,0x20B,0x8,0xBC 0x02 0x64 0x00 0x01 0xC8 0x00 0x00,0x021C,ACK
7.2104719000,1610,Data,0x20C,0x8,0x00 0x80 0x1E 0x34 0x1E 0x07 0x00 0x00,0x3A9D,ACK
7.2286538000,1611,Data,0x100,0x8,0x00 0x00 0x00 0x40 0x0F 0x4F 0x23 0x32,0x4E99,ACK
7.2486516000,1612,Data,0x100,0x8,0x00 0x00 0x00 0x40 0x0F 0x4F 0x23 0x32,0x4E99,ACK
7.2501137000,1613,Extend Data,0x18EF073E,0x4,0x01 0x01 0xA0 0x1A,0x7FC0,ACK
7.2514539000,1614,Extend Data,0x1CEC3E07,0x8,0x10 0x1F 0x00 0x05 0xFF 0x00 0xEF 0x00,0x330A,ACK
7.2517481000,1615,Extend Data,0x18EC073E,0x8,0x11 0x05 0x01 0xFF 0xFF 0x00 0xEF 0x00,0x4F54,ACK
7.2533482000,1616,Extend Data,0x1CEB3E07,0x8,0x01 0x01 0x04 0xA0 0xED 0x0F 0xED 0x0F,0x0385,ACK
7.2536284000,1617,Extend Data,0x1CEB3E07,0x8,0x02 0xED 0x0F 0xEE 0x0F 0xED 0x0F 0xEE,0x605E,ACK
7.2539067000,1618,Extend Data,0x1CEB3E07,0x8,0x03 0x0F 0xEE 0x0F 0xEE 0x0F 0xEF 0x0F,0x4883,ACK
7.2541889000,1619,Extend Data,0x1CEB3E07,0x8,0x04 0xEF 0x0F 0xED 0x0F 0xEF 0x0F 0xEF,0x3D3E,ACK
7.2544652000,1620,Extend Data,0x1CEB3E07,0x8,0x05 0x0F 0x82 0xF2 0xFF 0xFF 0xFF 0xFF,0x2521,ACK
7.2547833000,1621,Extend Data,0x18EC073E,0x8,0x13 0x1F 0x00 0x05 0xFF 0x00 0xEF 0x00,0x6E4D,ACK
7.2620872000,1622,Data,0x212,0x8,0x52 0x01 0x08 0xC9 0x00 0x00 0x00 0x2A,0x18B7,ACK
7.2623473000,1623,Data,0x211,0x8,0xE4 0x00 0x2A 0x00 0x00 0x00 0x00 0x00,0x0D4D,ACK
7.2626055000,1624,Data,0x343,0x8,0x00 0x00 0x00 0x00 0x00 0x00 0x00 0x00,0x33F5,ACK
7.2686515000,1625,Data,0x100,0x8,0x00 0x00 0x00 0x40 0x0F 0x4F 0x23 0x32,0x4E99,ACK
7.2886513000,1626,Data,0x100,0x8,0x00 0x00 0x00 0x40 0x0F 0x4F 0x23 0x32,0x4E99,ACK
7.3086791000,1627,Data,0x100,0x8,0x00 0x00 0x00 0x40 0x0F 0x4F 0x23 0x32,0x4E99,ACK
7.3089253000,1628,Data,0x203,0x8,0x01 0x00 0x57 0x00 0x57 0x00 0x00 0x00,0x25CC,ACK
7.3091714000,1629,Data,0x204,0x8,0x00 0x00 0x00 0x00 0x00 0x00 0x00 0x00,0x79D1,ACK
7.3094296000,1630,Data,0x205,0x8,0x00 0x00 0x00 0x00 0x00 0x00 0x00 0x00,0x72CA,ACK
7.3097197000,1631,Data,0x209,0x8,0x9F 0x27 0x10 0x04 0x90 0x49 0x00 0x00,0x59C2,ACK
7.3099619000,1632,Data,0x20A,0x8,0x00 0x00 0x00 0x00 0x00 0x00 0x00 0x00,0x1B53,ACK
7.3102161000,1633,Data,0x20B,0x8,0xBC 0x02 0x64 0x00 0x01 0xC8 0x00 0x00,0x021C,ACK
7.3104622000,1634,Data,0x20C,0x8,0x00 0x80 0x1E 0x34 0x1E 0x07 0x00 0x00,0x3A9D,ACK
7.3107144000,1635,Data,0x301,0x8,0x00 0x00 0x00 0x00 0x00 0x00 0x00 0x00,0x7E55,ACK
7.3109705000,1636,Data,0x302,0x2,0x00 0xFF,0x6FC0,ACK
7.3111146000,1637,Data,0x485,0x8,0x22 0x00 0x00 0x00 0x62 0x00 0x14 0x0C,0x569F,ACK
7.3255345000,1638,Extend Data,0x18EF073E,0x4,0x01 0x01 0x82 0x02,0x074B,ACK
7.3286387000,1639,Data,0x100,0x8,0x00 0x00 0x00 0x40 0x0F 0x4F 0x23 0x32,0x4E99,ACK
7.3319468000,1640,Extend Data,0x18EF3E07,0x5,0x01 0x04 0x82 0x64 0x00,0x0BF7,ACK
7.3321790000,1641,Data,0x310,0x8,0xF1 0x0E 0x78 0x05 0x12 0x02 0x01 0xC8,0x2684,ACK
7.3349033000,1642,Data,0x311,0x8,0x39 0x1E 0x07 0x3F 0x90 0x01 0x00 0x00,0x66BC,ACK
7.3486492000,1643,Data,0x100,0x8,0x00 0x00 0x00 0x40 0x0F 0x4F 0x23 0x32,0x4E99,ACK
7.3620952000,1644,Data,0x212,0x8,0x52 0x01 0x08 0xC9 0x00 0x00 0x00 0x2A,0x18B7,ACK
7.3623774000,1645,Data,0x211,0x8,0xE4 0x00 0x2A 0x00 0x00 0x00 0x00 0x00,0x0D4D,ACK
7.3626357000,1646,Data,0x343,0x8,0x00 0x00 0x00 0x00 0x00 0x00 0x00 0x00,0x33F5,ACK
7.3628959000,1647,Data,0x341,0x8,0x00 0x00 0x00 0x00 0x02 0x00 0x00 0x00,0x1833,ACK
7.3631901000,1648,Data,0x342,0x8,0x0F 0x00 0x23 0x00 0x00 0x80 0x0F 0x34,0x09A6,ACK
7.3634484000,1649,Data,0x344,0x8,0x00 0x00 0x00 0x03 0x00 0x00 0x00 0x00,0x6F15,ACK
7.3637046000,1650,Data,0x401,0x8,0x00 0x00 0x34 0x00 0x05 0x2A 0x00 0x00,0x4E01,ACK
7.3686506000,1651,Data,0x100,0x8,0x00 0x00 0x00 0x40 0x0F 0x4F 0x23 0x32,0x4E99,ACK
7.3886486000,1652,Data,0x100,0x8,0x00 0x00 0x00 0x40 0x0F 0x4F 0x23 0x32,0x4E99,ACK
7.4000767000,1653,Extend Data,0x18EF073E,0x4,0x01 0x01 0x02 0x0E,0x1389,ACK
7.4086688000,1654,Data,0x100,0x8,0x00 0x00 0x00 0x40 0x0F 0x4F 0x23 0x32,0x4E99,ACK
7.4089149000,1655,Data,0x203,0x8,0x01 0x00 0x57 0x00 0x57 0x00 0x00 0x00,0x25CC,ACK
7.4091632000,1656,Data,0x204,0x8,0x00 0x00 0x00 0x00 0x00 0x00 0x00 0x00,0x79D1,ACK
7.4094194000,1657,Data,0x205,0x8,0x00 0x00 0x00 0x00 0x00 0x00 0x00 0x00,0x72CA,ACK
7.4097297000,1658,Data,0x209,0x8,0x9F 0x27 0x10 0x04 0x90 0x49 0x00 0x00,0x59C2,ACK
7.4099699000,1659,Data,0x20A,0x8,0x00 0x00 0x00 0x00 0x00 0x00 0x00 0x00,0x1B53,ACK
7.4102242000,1660,Data,0x20B,0x8,0xBC 0x02 0x64 0x00 0x01 0xC8 0x00 0x00,0x021C,ACK
7.4104684000,1661,Data,0x20C,0x8,0x00 0x80 0x1E 0x34 0x1E 0x07 0x00 0x00,0x3A9D,ACK
7.4286504000,1662,Data,0x100,0x8,0x00 0x00 0x00 0x40 0x0F 0x4F 0x23 0x32,0x4E99,ACK
7.4323927000,1663,Extend Data,0x1CEC3E07,0x8,0x10 0x13 0x00 0x03 0xFF 0x00 0xEF 0x00,0x1F52,ACK
7.4326928000,1664,Extend Data,0x18EC073E,0x8,0x11 0x03 0x01 0xFF 0xFF 0x00 0xEF 0x00,0x34D9,ACK
7.4334329000,1665,Extend Data,0x1CEB3E07,0x8,0x01 0x01 0x04 0x02 0xB4 0xC1 0x83 0x58,0x140B,ACK
7.4337172000,1666,Extend Data,0x1CEB3E07,0x8,0x02 0x51 0xE5 0xB2 0x6B 0x32 0xAC 0x86,0x3C30,ACK
7.4339854000,1667,Extend Data,0x1CEB3E07,0x8,0x03 0x0E 0x1A 0xB9 0x10 0xF9 0xFF 0xFF,0x4FA2,ACK
7.4342956000,1668,Extend Data,0x18EC073E,0x8,0x13 0x13 0x00 0x03 0xFF 0x00 0xEF 0x00,0x4215,ACK
7.4486496000,1669,Data,0x100,0x8,0x00 0x00 0x00 0x40 0x0F 0x4F 0x23 0x32,0x4E99,ACK
7.4620656000,1670,Data,0x212,0x8,0x52 0x01 0x08 0xC9 0x00 0x00 0x00 0x2A,0x18B7,ACK
7.4623477000,1671,Data,0x211,0x8,0xE4 0x00 0x2A 0x00 0x00 0x00 0x00 0x00,0x0D4D,ACK
7.4626080000,1672,Data,0x343,0x8,0x00 0x00 0x00 0x00 0x00 0x00 0x00 0x00,0x33F5,ACK
7.4686480000,1673,Data,0x100,0x8,0x00 0x00 0x00 0x40 0x0F 0x4F 0x23 0x32,0x4E99,ACK
7.4749121000,1674,Extend Data,0x18EF073E,0x4,0x01 0x01 0x0A 0x04,0x50DA,ACK
7.4754842000,1675,Extend Data,0x18EF3E07,0x7,0x01 0x04 0x0A 0x7C 0x33 0x00 0x00,0x2745,ACK
7.4886502000,1676,Data,0x100,0x8,0x00 0x00 0x00 0x40 0x0F 0x4F 0x23 0x32,0x4E99,ACK
7.5086741000,1677,Data,0x100,0x8,0x00 0x00 0x00 0x40 0x0F 0x4F 0x23 0x32,0x4E99,ACK
7.5089204000,1678,Data,0x203,0x8,0x01 0x00 0x57 0x00 0x57 0x00 0x00 0x00,0x25CC,ACK
7.5091666000,1679,Data,0x204,0x8,0x00 0x00 0x00 0x00 0x00 0x00 0x00 0x00,0x79D1,ACK
7.5094249000,1680,Data,0x205,0x8,0x00 0x00 0x00 0x00 0x00 0x00 0x00 0x00,0x72CA,ACK
7.5097271000,1681,Data,0x209,0x8,0x9F 0x27 0x10 0x04 0x90 0x49 0x00 0x00,0x59C2,ACK
7.5099674000,1682,Data,0x20A,0x8,0x00 0x00 0x00 0x00 0x00 0x00 0x00 0x00,0x1B53,ACK
7.5102236000,1683,Data,0x20B,0x8,0xBC 0x02 0x64 0x00 0x01 0xC8 0x00 0x00,0x021C,ACK
7.5104699000,1684,Data,0x20C,0x8,0x00 0x80 0x1E 0x34 0x1E 0x07 0x00 0x00,0x3A9D,ACK
7.5107221000,1685,Data,0x301,0x8,0x00 0x00 0x00 0x00 0x00 0x00 0x00 0x00,0x7E55,ACK
7.5109803000,1686,Data,0x302,0x2,0x00 0xFF,0x6FC0,ACK
7.5111266000,1687,Data,0x485,0x8,0x22 0x00 0x00 0x00 0x62 0x00 0x14 0x0C,0x569F,ACK
7.5286466000,1688,Data,0x100,0x8,0x00 0x00 0x00 0x40 0x0F 0x4F 0x23 0x32,0x4E99,ACK
7.5319648000,1689,Data,0x310,0x8,0xF1 0x0E 0x78 0x05 0x12 0x02 0x01 0xC8,0x2684,ACK
7.5347310000,1690,Data,0x311,0x8,0x39 0x1E 0x07 0x3F 0x90 0x01 0x00 0x00,0x66BC,ACK
7.5369291000,1691,Extend Data,0x18EF073E,0x4,0x01 0x01 0x10 0x02,0x44F3,ACK
7.5376253000,1692,Extend Data,0x18EF3E07,0x5,0x01 0x04 0x10 0x0D 0x00,0x0F0B,ACK
7.5486473000,1693,Data,0x100,0x8,0x00 0x00 0x00 0x40 0x0F 0x4F 0x23 0x32,0x4E99,ACK
7.5597796000,1694,Data,0x502,0x8,0x32 0xAC 0x86 0x0E 0x1A 0xB9 0x00 0x00,0x0E93,ACK
7.5600138000,1695,Data,0x424,0x8,0x47 0x4A 0x4D 0x69 0x00 0x00 0x00 0x00,0x1F03,ACK
7.5604121000,1696,Data,0x429,0x8,0x20 0x00 0x00 0x00 0x00 0x00 0x00 0x00,0x7AC7,ACK
7.5618563000,1697,Data,0x501,0x8,0xB4 0xC1 0x83 0x58 0x51 0xE5 0xB2 0x6B,0x057E,ACK
7.5620904000,1698,Data,0x212,0x8,0x52 0x01 0x08 0xC9 0x00 0x00 0x00 0x2A,0x18B7,ACK
7.5623306000,1699,Data,0x211,0x8,0xE4 0x00 0x2A 0x00 0x00 0x00 0x00 0x00,0x0D4D,ACK
7.5625728000,1700,Data,0x425,0x8,0x01 0x64 0x49 0x57 0x57 0x58 0x01 0xFF,0x3E52,ACK
7.5628089000,1701,Data,0x341,0x8,0x00 0x00 0x00 0x00 0x02 0x00 0x00 0x00,0x1833,ACK
7.5630611000,1702,Data,0x342,0x8,0x0F 0x00 0x23 0x00 0x00 0x80 0x0F 0x34,0x09A6,ACK
7.5633014000,1703,Data,0x343,0x8,0x00 0x00 0x00 0x00 0x00 0x00 0x00 0x00,0x33F5,ACK
7.5635516000,1704,Data,0x422,0x8,0x00 0x00 0x20 0x00 0x15 0x00 0x0B 0x00,0x0E28,ACK
7.5637956000,1705,Data,0x344,0x8,0x00 0x00 0x00 0x03 0x00 0x00 0x00 0x00,0x6F15,ACK
7.5649578000,1706,Data,0x420,0x8,0xB4 0x14 0xCA 0x00 0x66 0x03 0x00 0x00,0x4BF4,ACK
7.5651981000,1707,Data,0x421,0x8,0x38 0x36 0x31 0x34 0xFB 0x04 0x55 0x04,0x0DC7,ACK
7.5659063000,1708,Data,0x423,0x8,0xBC 0x02 0x64 0x00 0x3C 0x00 0x01 0x00,0x500B,ACK
7.5686464000,1709,Data,0x100,0x8,0x00 0x00 0x00 0x40 0x0F 0x4F 0x23 0x32,0x4E99,ACK
7.5886463000,1710,Data,0x100,0x8,0x00 0x00 0x00 0x40 0x0F 0x4F 0x23 0x32,0x4E99,ACK
7.6086643000,1711,Data,0x100,0x8,0x00 0x00 0x00 0x40 0x0F 0x4F 0x23 0x32,0x4E99,ACK
7.6089106000,1712,Data,0x203,0x8,0x01 0x00 0x57 0x00 0x57 0x00 0x00 0x00,0x25CC,ACK
7.6091588000,1713,Data,0x204,0x8,0x00 0x00 0x00 0x00 0x00 0x00 0x00 0x00,0x79D1,ACK
7.6094171000,1714,Data,0x205,0x8,0x00 0x00 0x00 0x00 0x00 0x00 0x00 0x00,0x72CA,ACK
7.6097253000,1715,Data,0x209,0x8,0x9F 0x27 0x10 0x04 0x90 0x49 0x00 0x00,0x59C2,ACK
7.6099655000,1716,Data,0x20A,0x8,0x00 0x00 0x00 0x00 0x00 0x00 0x00 0x00,0x1B53,ACK
7.6102198000,1717,Data,0x20B,0x8,0xBC 0x02 0x64 0x00 0x01 0xC8 0x00 0x00,0x021C,ACK
7.6104640000,1718,Data,0x20C,0x8,0x00 0x80 0x1E 0x34 0x1E 0x07 0x00 0x00,0x3A9D,ACK
7.6107183000,1719,Extend Data,0x18EF073E,0x4,0x01 0x01 0x11 0x02,0x00D5,ACK
7.6286463000,1720,Data,0x100,0x8,0x00 0x00 0x00 0x40 0x0F 0x4F 0x23 0x32,0x4E99,ACK
7.6315924000,1721,Extend Data,0x18EF3E07,0x5,0x01 0x04 0x11 0xE0 0x01,0x11AD,ACK
7.6486462000,1722,Data,0x100,0x8,0x00 0x00 0x00 0x40 0x0F 0x4F 0x23 0x32,0x4E99,ACK
7.6620602000,1723,Data,0x212,0x8,0x52 0x01 0x08 0xC9 0x00 0x00 0x00 0x2A,0x18B7,ACK
7.6623004000,1724,Data,0x211,0x8,0xE4 0x00 0x2A 0x00 0x00 0x00 0x00 0x00,0x0D4D,ACK
7.6625567000,1725,Data,0x343,0x8,0x00 0x00 0x00 0x00 0x00 0x00 0x00 0x00,0x33F5,ACK
7.6686347000,1726,Data,0x100,0x8,0x00 0x00 0x00 0x40 0x0F 0x4F 0x23 0x32,0x4E99,ACK
7.6699829000,1727,Extend Data,0x18EF073E,0x4,0x01 0x01 0x13 0x02,0x4D00,ACK
7.6707192000,1728,Extend Data,0x18EF3E07,0x5,0x01 0x04 0x13 0xFB 0x04,0x6F21,ACK
7.6886450000,1729,Data,0x100,0x8,0x00 0x00 0x00 0x40 0x0F 0x4F 0x23 0x32,0x4E99,ACK
7.7086870000,1730,Data,0x100,0x8,0x00 0x00 0x00 0x40 0x0F 0x4F 0x23 0x32,0x4E99,ACK
7.7089332000,1731,Data,0x203,0x8,0x01 0x00 0x57 0x00 0x57 0x00 0x00 0x00,0x25CC,ACK
7.7091795000,1732,Data,0x204,0x8,0x00 0x00 0x00 0x00 0x00 0x00 0x00 0x00,0x79D1,ACK
7.7094377000,1733,Data,0x205,0x8,0x00 0x00 0x00 0x00 0x00 0x00 0x00 0x00,0x72CA,ACK
7.7097140000,1734,Data,0x209,0x8,0x9F 0x27 0x10 0x04 0x90 0x49 0x00 0x00,0x59C2,ACK
7.7099562000,1735,Data,0x20A,0x8,0x00 0x00 0x00 0x00 0x00 0x00 0x00 0x00,0x1B53,ACK
7.7102105000,1736,Data,0x20B,0x8,0xBC 0x02 0x64 0x00 0x01 0xC8 0x00 0x00,0x021C,ACK
7.7104547000,1737,Data,0x20C,0x8,0x00 0x80 0x1E 0x34 0x1E 0x07 0x00 0x00,0x3A9D,ACK
7.7107070000,1738,Data,0x301,0x8,0x00 0x00 0x00 0x00 0x00 0x00 0x00 0x00,0x7E55,ACK
7.7109652000,1739,Data,0x302,0x2,0x00 0xFF,0x6FC0,ACK
7.7111095000,1740,Data,0x485,0x8,0x22 0x00 0x00 0x00 0x62 0x00 0x14 0x0C,0x569F,ACK
7.7113556000,1741,Data,0x480,0x8,0x00 0x00 0x00 0x00 0x21 0x00 0x00 0x00,0x32BE,ACK
7.7116118000,1742,Data,0x481,0x8,0xCA 0x17 0x08 0x13 0x00 0x00 0x00 0x00,0x1AA4,ACK
7.7118541000,1743,Data,0x482,0x8,0x52 0x01 0x02 0x00 0x00 0x00 0x00 0x00,0x36EA,ACK
7.7121023000,1744,Data,0x483,0x8,0x31 0x4B 0x31 0x55 0x41 0x32 0x35 0x35,0x717E,ACK
7.7123366000,1745,Data,0x484,0x8,0x31 0x50 0x33 0x39 0x36 0x35 0x00 0x00,0x0196,ACK
7.7286446000,1746,Data,0x100,0x8,0x00 0x00 0x00 0x40 0x0F 0x4F 0x23 0x32,0x4E99,ACK
7.7338008000,1747,Data,0x310,0x8,0xF1 0x0E 0x78 0x05 0x12 0x02 0x01 0xC8,0x2684,ACK
7.7345350000,1748,Data,0x311,0x8,0x39 0x1E 0x07 0x3F 0x90 0x01 0x00 0x00,0x66BC,ACK
7.7455330000,1749,Extend Data,0x18EF073E,0x4,0x01 0x01 0x94 0x02,0x22CA,ACK
7.7461071000,1750,Extend Data,0x18EF3E07,0x5,0x01 0x04 0x94 0x3C 0x00,0x559A,ACK
7.7486432000,1751,Data,0x100,0x8,0x00 0x00 0x00 0x40 0x0F 0x4F 0x23 0x32,0x4E99,ACK
7.7621071000,1752,Data,0x212,0x8,0x52 0x01 0x08 0xC9 0x00 0x00 0x00 0x2A,0x18B7,ACK
7.7623654000,1753,Data,0x211,0x8,0xE4 0x00 0x2A 0x00 0x00 0x00 0x00 0x00,0x0D4D,ACK
7.7626236000,1754,Data,0x343,0x8,0x00 0x00 0x00 0x00 0x00 0x00 0x00 0x00,0x33F5,ACK
7.7629079000,1755,Data,0x341,0x8,0x00 0x00 0x00 0x00 0x02 0x00 0x00 0x00,0x1833,ACK
7.7631801000,1756,Data,0x342,0x8,0x0F 0x00 0x23 0x00 0x00 0x80 0x0F 0x34,0x09A6,ACK
7.7634604000,1757,Data,0x344,0x8,0x00 0x00 0x00 0x03 0x00 0x00 0x00 0x00,0x6F15,ACK
7.7686444000,1758,Data,0x100,0x8,0x00 0x00 0x00 0x40 0x0F 0x4F 0x23 0x32,0x4E99,ACK
7.7886443000,1759,Data,0x100,0x8,0x00 0x00 0x00 0x40 0x0F 0x4F 0x23 0x32,0x4E99,ACK
7.8049684000,1760,Extend Data,0x18EF023E,0x4,0x01 0x01 0x86 0x02,0x29F7,ACK
7.8052765000,1761,Extend Data,0x18EF3E02,0x5,0x01 0x04 0x86 0x00 0x00,0x1EE2,ACK
7.8086626000,1762,Data,0x100,0x8,0x00 0x00 0x00 0x40 0x0F 0x4F 0x23 0x32,0x4E99,ACK
7.8089088000,1763,Data,0x203,0x8,0x01 0x00 0x57 0x00 0x57 0x00 0x00 0x00,0x25CC,ACK
7.8091570000,1764,Data,0x204,0x8,0x00 0x00 0x00 0x00 0x00 0x00 0x00 0x00,0x79D1,ACK
7.8094133000,1765,Data,0x205,0x8,0x00 0x00 0x00 0x00 0x00 0x00 0x00 0x00,0x72CA,ACK
7.8097255000,1766,Data,0x209,0x8,0x9F 0x27 0x10 0x04 0x90 0x49 0x00 0x00,0x59C2,ACK
7.8099658000,1767,Data,0x20A,0x8,0x00 0x00 0x00 0x00 0x00 0x00 0x00 0x00,0x1B53,ACK
7.8102220000,1768,Data,0x20B,0x8,0xBC 0x02 0x64 0x00 0x01 0xC8 0x00 0x00,0x021C,ACK
7.8104663000,1769,Data,0x20C,0x8,0x00 0x80 0x1E 0x34 0x1E 0x07 0x00 0x00,0x3A9D,ACK
7.8286423000,1770,Data,0x100,0x8,0x00 0x00 0x00 0x40 0x0F 0x4F 0x23 0x32,0x4E99,ACK
7.8486442000,1771,Data,0x100,0x8,0x00 0x00 0x00 0x40 0x0F 0x4F 0x23 0x32,0x4E99,ACK
7.8620782000,1772,Data,0x212,0x8,0x52 0x01 0x08 0xC9 0x00 0x00 0x00 0x2A,0x18B7,ACK
7.8623364000,1773,Data,0x211,0x8,0xE4 0x00 0x2A 0x00 0x00 0x00 0x00 0x00,0x0D4D,ACK
7.8625947000,1774,Data,0x343,0x8,0x00 0x00 0x00 0x00 0x00 0x00 0x00 0x00,0x33F5,ACK
7.8628509000,1775,Data,0x401,0x8,0x00 0x00 0x34 0x00 0x05 0x2A 0x00 0x00,0x4E01,ACK
7.8686429000,1776,Data,0x100,0x8,0x00 0x00 0x00 0x40 0x0F 0x4F 0x23 0x32,0x4E99,ACK
7.8801630000,1777,Extend Data,0x18EF023E,0x4,0x01 0x01 0x48 0x02,0x67E1,ACK
7.8804532000,1778,Extend Data,0x18EF3E02,0x5,0x01 0x04 0x48 0x00 0x00,0x2BAE,ACK
7.8886432000,1779,Data,0x100,0x8,0x00 0x00 0x00 0x40 0x0F 0x4F 0x23 0x32,0x4E99,ACK
7.9086691000,1780,Data,0x100,0x8,0x00 0x00 0x00 0x40 0x0F 0x4F 0x23 0x32,0x4E99,ACK
7.9089154000,1781,Data,0x203,0x8,0x01 0x00 0x57 0x00 0x57 0x00 0x00 0x00,0x25CC,ACK
7.9091616000,1782,Data,0x204,0x8,0x00 0x00 0x00 0x00 0x00 0x00 0x00 0x00,0x79D1,ACK
7.9094199000,1783,Data,0x205,0x8,0x00 0x00 0x00 0x00 0x00 0x00 0x00 0x00,0x72CA,ACK
7.9097221000,1784,Data,0x209,0x8,0x9F 0x27 0x10 0x04 0x90 0x49 0x00 0x00,0x59C2,ACK
7.9099623000,1785,Data,0x20A,0x8,0x00 0x00 0x00 0x00 0x00 0x00 0x00 0x00,0x1B53,ACK
7.9102186000,1786,Data,0x20B,0x8,0xBC 0x02 0x64 0x00 0x01 0xC8 0x00 0x00,0x021C,ACK
7.9104648000,1787,Data,0x20C,0x8,0x00 0x80 0x1E 0x34 0x1E 0x07 0x00 0x00,0x3A9D,ACK
7.9107171000,1788,Data,0x301,0x8,0x00 0x00 0x00 0x00 0x00 0x00 0x00 0x00,0x7E55,ACK
7.9109733000,1789,Data,0x302,0x2,0x00 0xFF,0x6FC0,ACK
7.9111176000,1790,Data,0x485,0x8,0x22 0x00 0x00 0x00 0x62 0x00 0x14 0x0C,0x569F,ACK
7.9286416000,1791,Data,0x100,0x8,0x00 0x00 0x00 0x40 0x0F 0x4F 0x23 0x32,0x4E99,ACK
7.9486435000,1792,Data,0x100,0x8,0x00 0x00 0x00 0x40 0x0F 0x4F 0x23 0x32,0x4E99,ACK
7.9620695000,1793,Data,0x212,0x8,0x52 0x01 0x08 0xC9 0x00 0x00 0x00 0x2A,0x18B7,ACK
7.9623096000,1794,Data,0x211,0x8,0xE4 0x00 0x2A 0x00 0x00 0x00 0x00 0x00,0x0D4D,ACK
7.9625659000,1795,Data,0x343,0x8,0x00 0x00 0x00 0x00 0x00 0x00 0x00 0x00,0x33F5,ACK
7.9628261000,1796,Data,0x341,0x8,0x00 0x00 0x00 0x00 0x02 0x00 0x00 0x00,0x1833,ACK
7.9631223000,1797,Data,0x342,0x8,0x0F 0x00 0x23 0x00 0x00 0x80 0x0F 0x34,0x09A6,ACK
7.9633806000,1798,Data,0x344,0x8,0x00 0x00 0x00 0x03 0x00 0x00 0x00 0x00,0x6F15,ACK
7.9686426000,1799,Data,0x100,0x8,0x00 0x00 0x00 0x40 0x0F 0x4F 0x23 0x32,0x4E99,ACK
7.9702268000,1800,Extend Data,0x18EF023E,0x4,0x01 0x01 0x49 0x02,0x23C7,ACK
7.9705490000,1801,Extend Data,0x18EF3E02,0x5,0x01 0x04 0x49 0x00 0x00,0x5BBA,ACK
7.9781731000,1802,Data,0x311,0x8,0x39 0x1E 0x07 0x3F 0x90 0x01 0x00 0x00,0x66BC,ACK
7.9796193000,1803,Data,0x310,0x8,0xF1 0x0E 0x78 0x05 0x12 0x02 0x01 0xC8,0x2684,ACK
7.9886293000,1804,Data,0x100,0x8,0x00 0x00 0x00 0x40 0x0F 0x4F 0x23 0x32,0x4E99,ACK
8.0086613000,1805,Data,0x100,0x8,0x00 0x00 0x00 0x40 0x0F 0x4F 0x23 0x32,0x4E99,ACK
8.0089095000,1806,Data,0x203,0x8,0x01 0x00 0x57 0x00 0x57 0x00 0x00 0x00,0x25CC,ACK
8.0091578000,1807,Data,0x204,0x8,0x00 0x00 0x00 0x00 0x00 0x00 0x00 0x00,0x79D1,ACK
8.0094140000,1808,Data,0x205,0x8,0x00 0x00 0x00 0x00 0x00 0x00 0x00 0x00,0x72CA,ACK
8.0097083000,1809,Data,0x209,0x8,0x9F 0x27 0x10 0x04 0x90 0x49 0x00 0x00,0x59C2,ACK
8.0099485000,1810,Data,0x20A,0x8,0x00 0x00 0x00 0x00 0x00 0x00 0x00 0x00,0x1B53,ACK
8.0102028000,1811,Data,0x20B,0x8,0xBC 0x02 0x64 0x00 0x01 0xC8 0x00 0x00,0x021C,ACK
8.0104470000,1812,Data,0x20C,0x8,0x00 0x80 0x1E 0x34 0x1E 0x07 0x00 0x00,0x3A9D,ACK
8.0286410000,1813,Data,0x100,0x8,0x00 0x00 0x00 0x40 0x0F 0x4F 0x23 0x32,0x4E99,ACK
8.0300072000,1814,Extend Data,0x18EF023E,0x4,0x01 0x01 0x40 0x02,0x1E1E,ACK
8.0302954000,1815,Extend Data,0x18EF3E02,0x5,0x01 0x04 0x40 0x00 0x00,0x78F3,ACK
8.0486392000,1816,Data,0x100,0x8,0x00 0x00 0x00 0x40 0x0F 0x4F 0x23 0x32,0x4E99,ACK
8.0614615000,1817,Data,0x429,0x8,0x20 0x00 0x00 0x00 0x00 0x00 0x00 0x00,0x7AC7,ACK
8.0620875000,1818,Data,0x212,0x8,0x52 0x01 0x08 0xC9 0x00 0x00 0x00 0x2A,0x18B7,ACK
8.0623478000,1819,Data,0x211,0x8,0xE4 0x00 0x2A 0x00 0x00 0x00 0x00 0x00,0x0D4D,ACK
8.0626040000,1820,Data,0x343,0x8,0x00 0x00 0x00 0x00 0x00 0x00 0x00 0x00,0x33F5,ACK
8.0634362000,1821,Data,0x425,0x8,0x01 0x64 0x49 0x57 0x57 0x58 0x01 0xFF,0x3E52,ACK
8.0643305000,1822,Data,0x422,0x8,0x00 0x00 0x20 0x00 0x15 0x00 0x0B 0x00,0x0E28,ACK
8.0659087000,1823,Data,0x420,0x8,0xB4 0x14 0xCC 0x00 0x66 0x03 0x00 0x00,0x0F1C,ACK
8.0661470000,1824,Data,0x421,0x8,0x38 0x36 0x31 0x34 0xFB 0x04 0x55 0x04,0x0DC7,ACK
8.0668552000,1825,Data,0x423,0x8,0xBC 0x02 0x64 0x00 0x3C 0x00 0x01 0x00,0x500B,ACK
8.0686393000,1826,Data,0x100,0x8,0x00 0x00 0x00 0x40 0x0F 0x4F 0x23 0x32,0x4E99,ACK
8.0886413000,1827,Data,0x100,0x8,0x00 0x00 0x00 0x40 0x0F 0x4F 0x23 0x32,0x4E99,ACK
8.1048873000,1828,Extend Data,0x18EF023E,0x4,0x01 0x01 0x3E 0x02,0x32AB,ACK
8.1052594000,1829,Extend Data,0x18EF3E02,0x5,0x01 0x04 0x3E 0x00 0x00,0x223F,ACK
8.1086675000,1830,Data,0x100,0x8,0x00 0x00 0x00 0x40 0x0F 0x4F 0x23 0x32,0x4E99,ACK
8.1089137000,1831,Data,0x203,0x8,0x01 0x00 0x57 0x00 0x57 0x00 0x00 0x00,0x25CC,ACK
8.1091600000,1832,Data,0x204,0x8,0x00 0x00 0x00 0x00 0x00 0x00 0x00 0x00,0x79D1,ACK
8.1094162000,1833,Data,0x205,0x8,0x00 0x00 0x00 0x00 0x00 0x00 0x00 0x00,0x72CA,ACK
8.1097205000,1834,Data,0x209,0x8,0x9F 0x27 0x10 0x04 0x90 0x49 0x00 0x00,0x59C2,ACK
8.1099607000,1835,Data,0x20A,0x8,0x00 0x00 0x00 0x00 0x00 0x00 0x00 0x00,0x1B53,ACK
8.1102168000,1836,Data,0x20B,0x8,0xBC 0x02 0x64 0x00 0x01 0xC8 0x00 0x00,0x021C,ACK
8.1104631000,1837,Data,0x20C,0x8,0x00 0x80 0x1E 0x34 0x1E 0x07 0x00 0x00,0x3A9D,ACK
8.1107153000,1838,Data,0x301,0x8,0x00 0x00 0x00 0x00 0x00 0x00 0x00 0x00,0x7E55,ACK
8.1109736000,1839,Data,0x302,0x2,0x00 0xFF,0x6FC0,ACK
8.1111178000,1840,Data,0x485,0x8,0x22 0x00 0x00 0x00 0x62 0x00 0x14 0x0C,0x569F,ACK
8.1286398000,1841,Data,0x100,0x8,0x00 0x00 0x00 0x40 0x0F 0x4F 0x23 0x32,0x4E99,ACK
8.1486378000,1842,Data,0x100,0x8,0x00 0x00 0x00 0x40 0x0F 0x4F 0x23 0x32,0x4E99,ACK
8.1620717000,1843,Data,0x212,0x8,0x52 0x01 0x08 0xC9 0x00 0x00 0x00 0x2A,0x18B7,ACK
8.1623320000,1844,Data,0x211,0x8,0xE4 0x00 0x2A 0x00 0x00 0x00 0x00 0x00,0x0D4D,ACK
8.1625902000,1845,Data,0x343,0x8,0x00 0x00 0x00 0x00 0x00 0x00 0x00 0x00,0x33F5,ACK
8.1628685000,1846,Data,0x341,0x8,0x00 0x00 0x00 0x00 0x02 0x00 0x00 0x00,0x1833,ACK
8.1631227000,1847,Data,0x342,0x8,0x0F 0x00 0x23 0x00 0x00 0x80 0x0F 0x34,0x09A6,ACK
8.1633830000,1848,Data,0x344,0x8,0x00 0x00 0x00 0x03 0x00 0x00 0x00 0x00,0x6F15,ACK
8.1662330000,1849,Extend Data,0x18EF023E,0x4,0x01 0x01 0x10 0x0E,0x18B4,ACK
8.1670792000,1850,Extend Data,0x00EC3E02,0x8,0x10 0x13 0x00 0x03 0xFF 0x00 0xEF 0x00,0x4279,ACK
8.1673753000,1851,Extend Data,0x18EC023E,0x8,0x11 0x03 0x01 0xFF 0xFF 0x00 0xEF 0x00,0x527F,ACK
8.1680714000,1852,Extend Data,0x00EB3E02,0x8,0x01 0x01 0x04 0x10 0x5A 0x30 0x37 0x58,0x6721,ACK
8.1683776000,1853,Extend Data,0x00EB3E02,0x8,0x02 0x42 0x34 0x47 0x32 0x35 0x4D 0x48,0x0168,ACK
8.1686497000,1854,Data,0x100,0x8,0x00 0x00 0x00 0x40 0x0F 0x4F 0x23 0x32,0x4E99,ACK
8.1688919000,1855,Extend Data,0x00EB3E02,0x8,0x03 0x33 0x30 0x36 0x7F 0xFC 0xFF 0xFF,0x5CF3,ACK
8.1692060000,1856,Extend Data,0x18EC023E,0x8,0x13 0x13 0x00 0x03 0xFF 0x00 0xEF 0x00,0x24B3,ACK
8.1783221000,1857,Data,0x311,0x8,0x39 0x1E 0x07 0x3F 0x90 0x01 0x00 0x00,0x66BC,ACK
8.1797323000,1858,Data,0x310,0x8,0xF1 0x0E 0x78 0x05 0x12 0x02 0x01 0xC8,0x2684,ACK
8.1886363000,1859,Data,0x100,0x8,0x00 0x00 0x00 0x40 0x0F 0x4F 0x23 0x32,0x4E99,ACK
8.2086583000,1860,Data,0x100,0x8,0x00 0x00 0x00 0x40 0x0F 0x4F 0x23 0x32,0x4E99,ACK
8.2089045000,1861,Data,0x203,0x8,0x01 0x00 0x57 0x00 0x57 0x00 0x00 0x00,0x25CC,ACK
8.2091508000,1862,Data,0x204,0x8,0x00 0x00 0x00 0x00 0x00 0x00 0x00 0x00,0x79D1,ACK
8.2094090000,1863,Data,0x205,0x8,0x00 0x00 0x00 0x00 0x00 0x00 0x00 0x00,0x72CA,ACK
8.2097173000,1864,Data,0x209,0x8,0x9F 0x27 0x10 0x04 0x90 0x49 0x00 0x00,0x59C2,ACK
8.2099575000,1865,Data,0x20A,0x8,0x00 0x00 0x00 0x00 0x00 0x00 0x00 0x00,0x1B53,ACK
8.2102138000,1866,Data,0x20B,0x8,0xBC 0x02 0x64 0x00 0x01 0xC8 0x00 0x00,0x021C,ACK
8.2104580000,1867,Data,0x20C,0x8,0x00 0x80 0x1E 0x34 0x1E 0x07 0x00 0x00,0x3A9D,ACK
8.2286380000,1868,Data,0x100,0x8,0x00 0x00 0x00 0x40 0x0F 0x4F 0x23 0x32,0x4E99,ACK
8.2401121000,1869,Extend Data,0x18EF023E,0x4,0x01 0x01 0x83 0x02,0x33E2,ACK
8.2404322000,1870,Extend Data,0x18EF3E02,0x5,0x01 0x04 0x83 0x00 0x00,0x2594,ACK
8.2486382000,1871,Data,0x100,0x8,0x00 0x00 0x00 0x40 0x0F 0x4F 0x23 0x32,0x4E99,ACK
8.2620982000,1872,Data,0x212,0x8,0x52 0x01 0x08 0xC9 0x00 0x00 0x00 0x2A,0x18B7,ACK
8.2623563000,1873,Data,0x211,0x8,0xE4 0x00 0x2A 0x00 0x00 0x00 0x00 0x00,0x0D4D,ACK
8.2626165000,1874,Data,0x343,0x8,0x00 0x00 0x00 0x00 0x00 0x00 0x00 0x00,0x33F5,ACK
8.2686366000,1875,Data,0x100,0x8,0x00 0x00 0x00 0x40 0x0F 0x4F 0x23 0x32,0x4E99,ACK
8.2886365000,1876,Data,0x100,0x8,0x00 0x00 0x00 0x40 0x0F 0x4F 0x23 0x32,0x4E99,ACK
8.3086645000,1877,Data,0x100,0x8,0x00 0x00 0x00 0x40 0x0F 0x4F 0x23 0x32,0x4E99,ACK
8.3089107000,1878,Data,0x203,0x8,0x01 0x00 0x57 0x00 0x57 0x00 0x00 0x00,0x25CC,ACK
8.3091590000,1879,Data,0x204,0x8,0x00 0x00 0x00 0x00 0x00 0x00 0x00 0x00,0x79D1,ACK
8.3094152000,1880,Data,0x205,0x8,0x00 0x00 0x00 0x00 0x00 0x00 0x00 0x00,0x72CA,ACK
8.3097013000,1881,Data,0x209,0x8,0x9F 0x27 0x10 0x04 0x90 0x49 0x00 0x00,0x59C2,ACK
8.3099416000,1882,Data,0x20A,0x8,0x00 0x00 0x00 0x00 0x00 0x00 0x00 0x00,0x1B53,ACK
8.3101978000,1883,Data,0x20B,0x8,0xBC 0x02 0x64 0x00 0x01 0xC8 0x00 0x00,0x021C,ACK
8.3104421000,1884,Data,0x20C,0x8,0x00 0x80 0x1E 0x34 0x1E 0x07 0x00 0x00,0x3A9D,ACK
8.3106963000,1885,Data,0x301,0x8,0x00 0x00 0x00 0x00 0x00 0x00 0x00 0x00,0x7E55,ACK
8.3109526000,1886,Data,0x302,0x2,0x00 0xFF,0x6FC0,ACK
8.3110988000,1887,Data,0x485,0x8,0x22 0x00 0x00 0x00 0x62 0x00 0x14 0x0C,0x569F,ACK
8.3148930000,1888,Extend Data,0x18EF023E,0x4,0x01 0x01 0x8F 0x02,0x142E,ACK
8.3152271000,1889,Extend Data,0x18EF3E02,0x5,0x01 0x04 0x8F 0x00 0x00,0x3DAB,ACK
8.3286351000,1890,Data,0x100,0x8,0x00 0x00 0x00 0x40 0x0F 0x4F 0x23 0x32,0x4E99,ACK
8.3486370000,1891,Data,0x100,0x8,0x00 0x00 0x00 0x40 0x0F 0x4F 0x23 0x32,0x4E99,ACK
8.3620849000,1892,Data,0x212,0x8,0x52 0x01 0x08 0xC9 0x00 0x00 0x00 0x2A,0x18B7,ACK
8.3623232000,1893,Data,0x211,0x8,0xE4 0x00 0x2A 0x00 0x00 0x00 0x00 0x00,0x0D4D,ACK
8.3625815000,1894,Data,0x343,0x8,0x00 0x00 0x00 0x00 0x00 0x00 0x00 0x00,0x33F5,ACK
8.3628417000,1895,Data,0x341,0x8,0x00 0x00 0x00 0x00 0x02 0x00 0x00 0x00,0x1833,ACK
8.3631399000,1896,Data,0x342,0x8,0x0F 0x00 0x23 0x00 0x00 0x80 0x0F 0x34,0x09A6,ACK
8.3633982000,1897,Data,0x344,0x8,0x00 0x00 0x00 0x03 0x00 0x00 0x00 0x00,0x6F15,ACK
8.3636564000,1898,Data,0x401,0x8,0x00 0x00 0x34 0x00 0x05 0x2A 0x00 0x00,0x4E01,ACK
8.3686345000,1899,Data,0x100,0x8,0x00 0x00 0x00 0x40 0x0F 0x4F 0x23 0x32,0x4E99,ACK
8.3795826000,1900,Data,0x310,0x8,0xF1 0x0E 0x78 0x05 0x12 0x02 0x01 0xC8,0x2684,ACK
8.3802989000,1901,Data,0x311,0x8,0x39 0x1E 0x07 0x3F 0x90 0x01 0x00 0x00,0x66BC,ACK
8.3886348000,1902,Data,0x100,0x8,0x00 0x00 0x00 0x40 0x0F 0x4F 0x23 0x32,0x4E99,ACK
8.4086528000,1903,Data,0x100,0x8,0x00 0x00 0x00 0x40 0x0F 0x4F 0x23 0x32,0x4E99,ACK
8.4088990000,1904,Data,0x203,0x8,0x01 0x00 0x57 0x00 0x57 0x00 0x00 0x00,0x25CC,ACK
8.4091473000,1905,Data,0x204,0x8,0x00 0x00 0x00 0x00 0x00 0x00 0x00 0x00,0x79D1,ACK
8.4094035000,1906,Data,0x205,0x8,0x00 0x00 0x00 0x00 0x00 0x00 0x00 0x00,0x72CA,ACK
8.4097138000,1907,Data,0x209,0x8,0x9F 0x27 0x10 0x04 0x90 0x49 0x00 0x00,0x59C2,ACK
8.4099540000,1908,Data,0x20A,0x8,0x00 0x00 0x00 0x00 0x00 0x00 0x00 0x00,0x1B53,ACK
8.4102083000,1909,Data,0x20B,0x8,0xBC 0x02 0x64 0x00 0x01 0xC8 0x00 0x00,0x021C,ACK
8.4104545000,1910,Data,0x20C,0x8,0x00 0x80 0x1E 0x34 0x1E 0x07 0x00 0x00,0x3A9D,ACK
8.4286345000,1911,Data,0x100,0x8,0x00 0x00 0x00 0x40 0x0F 0x4F 0x23 0x32,0x4E99,ACK
8.4486365000,1912,Data,0x100,0x8,0x00 0x00 0x00 0x40 0x0F 0x4F 0x23 0x32,0x4E99,ACK
8.4620544000,1913,Data,0x212,0x8,0x52 0x01 0x08 0xC9 0x00 0x00 0x00 0x2A,0x18B7,ACK
8.4623105000,1914,Data,0x211,0x8,0xE4 0x00 0x2A 0x00 0x00 0x00 0x00 0x00,0x0D4D,ACK
8.4625708000,1915,Data,0x343,0x8,0x00 0x00 0x00 0x00 0x00 0x00 0x00 0x00,0x33F5,ACK
8.4686348000,1916,Data,0x100,0x8,0x00 0x00 0x00 0x40 0x0F 0x4F 0x23 0x32,0x4E99,ACK
8.4886328000,1917,Data,0x100,0x8,0x00 0x00 0x00 0x40 0x0F 0x4F 0x23 0x32,0x4E99,ACK
8.5086607000,1918,Data,0x100,0x8,0x00 0x00 0x00 0x40 0x0F 0x4F 0x23 0x32,0x4E99,ACK
8.5089070000,1919,Data,0x203,0x8,0x01 0x00 0x57 0x00 0x57 0x00 0x00 0x00,0x25CC,ACK
8.5091531000,1920,Data,0x204,0x8,0x00 0x00 0x00 0x00 0x00 0x00 0x00 0x00,0x79D1,ACK
8.5094093000,1921,Data,0x205,0x8,0x00 0x00 0x00 0x00 0x00 0x00 0x00 0x00,0x72CA,ACK
8.5097016000,1922,Data,0x209,0x8,0x9F 0x27 0x10 0x04 0x90 0x49 0x00 0x00,0x59C2,ACK
8.5099418000,1923,Data,0x20A,0x8,0x00 0x00 0x00 0x00 0x00 0x00 0x00 0x00,0x1B53,ACK
8.5101981000,1924,Data,0x20B,0x8,0xBC 0x02 0x64 0x00 0x01 0xC8 0x00 0x00,0x021C,ACK
8.5104423000,1925,Data,0x20C,0x8,0x00 0x80 0x1E 0x34 0x1E 0x07 0x00 0x00,0x3A9D,ACK
8.5106966000,1926,Data,0x301,0x8,0x00 0x00 0x00 0x00 0x00 0x00 0x00 0x00,0x7E55,ACK
8.5109528000,1927,Data,0x302,0x2,0x00 0xFF,0x6FC0,ACK
8.5110971000,1928,Data,0x485,0x8,0x22 0x00 0x00 0x00 0x62 0x00 0x14 0x0C,0x569F,ACK
8.5286351000,1929,Data,0x100,0x8,0x00 0x00 0x00 0x40 0x0F 0x4F 0x23 0x32,0x4E99,ACK
8.5486330000,1930,Data,0x100,0x8,0x00 0x00 0x00 0x40 0x0F 0x4F 0x23 0x32,0x4E99,ACK
8.5600973000,1931,Data,0x500,0x8,0x48 0x48 0x49 0xFF 0x48 0x48 0x48 0xFF,0x3C42,ACK
8.5610536000,1932,Data,0x424,0x8,0x48 0x4A 0x4D 0x69 0x00 0x00 0x00 0x00,0x1577,ACK
8.5614558000,1933,Data,0x429,0x8,0x20 0x00 0x00 0x00 0x00 0x00 0x00 0x00,0x7AC7,ACK
8.5620859000,1934,Data,0x212,0x8,0x52 0x01 0x08 0xC9 0x00 0x00 0x00 0x2A,0x18B7,ACK
8.5623442000,1935,Data,0x211,0x8,0xE4 0x00 0x2A 0x00 0x00 0x00 0x00 0x00,0x0D4D,ACK
8.5626044000,1936,Data,0x343,0x8,0x00 0x00 0x00 0x00 0x00 0x00 0x00 0x00,0x33F5,ACK
8.5628607000,1937,Data,0x341,0x8,0x00 0x00 0x00 0x00 0x02 0x00 0x00 0x00,0x1833,ACK
8.5631609000,1938,Data,0x342,0x8,0x0F 0x00 0x23 0x00 0x00 0x80 0x0F 0x34,0x09A6,ACK
8.5634212000,1939,Data,0x344,0x8,0x00 0x00 0x00 0x03 0x00 0x00 0x00 0x00,0x6F15,ACK
8.5636693000,1940,Data,0x425,0x8,0x01 0x64 0x49 0x57 0x57 0x58 0x01 0xFF,0x3E52,ACK
8.5643256000,1941,Data,0x422,0x8,0x00 0x00 0x20 0x00 0x15 0x00 0x0B 0x00,0x0E28,ACK
8.5659038000,1942,Data,0x420,0x8,0xB4 0x14 0xCC 0x00 0x66 0x03 0x00 0x00,0x0F1C,ACK
8.5661421000,1943,Data,0x421,0x8,0x38 0x36 0x31 0x34 0xFB 0x04 0x55 0x04,0x0DC7,ACK
8.5668523000,1944,Data,0x423,0x8,0xBC 0x02 0x64 0x00 0x3C 0x00 0x01 0x00,0x500B,ACK
8.5686325000,1945,Data,0x100,0x8,0x00 0x00 0x00 0x40 0x0F 0x4F 0x23 0x32,0x4E99,ACK
8.5807206000,1946,Data,0x310,0x8,0xF1 0x0E 0x78 0x05 0x12 0x02 0x01 0xC8,0x2684,ACK
8.5886326000,1947,Data,0x100,0x8,0x00 0x00 0x00 0x40 0x0F 0x4F 0x23 0x32,0x4E99,ACK
8.6086524000,1948,Data,0x100,0x8,0x00 0x00 0x00 0x40 0x0F 0x4F 0x23 0x32,0x4E99,ACK
8.6088987000,1949,Data,0x203,0x8,0x01 0x00 0x57 0x00 0x57 0x00 0x00 0x00,0x25CC,ACK
8.6091469000,1950,Data,0x204,0x8,0x00 0x00 0x00 0x00 0x00 0x00 0x00 0x00,0x79D1,ACK
8.6094031000,1951,Data,0x205,0x8,0x00 0x00 0x00 0x00 0x00 0x00 0x00 0x00,0x72CA,ACK
8.6097114000,1952,Data,0x209,0x8,0x9F 0x27 0x10 0x04 0x90 0x49 0x00 0x00,0x59C2,ACK
8.6099516000,1953,Data,0x20A,0x8,0x00 0x00 0x00 0x00 0x00 0x00 0x00 0x00,0x1B53,ACK
8.6102079000,1954,Data,0x20B,0x8,0xBC 0x02 0x64 0x00 0x01 0xC8 0x00 0x00,0x021C,ACK
8.6104521000,1955,Data,0x20C,0x8,0x00 0x80 0x1E 0x34 0x1E 0x07 0x00 0x00,0x3A9D,ACK
8.6286301000,1956,Data,0x100,0x8,0x00 0x00 0x00 0x40 0x0F 0x4F 0x23 0x32,0x4E99,ACK
8.6309422000,1957,Data,0x311,0x8,0x39 0x1E 0x07 0x3F 0x90 0x01 0x00 0x00,0x66BC,ACK
8.6486301000,1958,Data,0x100,0x8,0x00 0x00 0x00 0x40 0x0F 0x4F 0x23 0x32,0x4E99,ACK
8.6620760000,1959,Data,0x212,0x8,0x52 0x01 0x08 0xC9 0x00 0x00 0x00 0x2A,0x18B7,ACK
8.6623362000,1960,Data,0x211,0x8,0xE4 0x00 0x2A 0x00 0x00 0x00 0x00 0x00,0x0D4D,ACK
8.6625965000,1961,Data,0x343,0x8,0x00 0x00 0x00 0x00 0x00 0x00 0x00 0x00,0x33F5,ACK
8.6686305000,1962,Data,0x100,0x8,0x00 0x00 0x00 0x40 0x0F 0x4F 0x23 0x32,0x4E99,ACK
8.6886325000,1963,Data,0x100,0x8,0x00 0x00 0x00 0x40 0x0F 0x4F 0x23 0x32,0x4E99,ACK
8.7086705000,1964,Data,0x100,0x8,0x00 0x00 0x00 0x40 0x0F 0x4F 0x23 0x32,0x4E99,ACK
8.7089166000,1965,Data,0x203,0x8,0x01 0x00 0x57 0x00 0x57 0x00 0x00 0x00,0x25CC,ACK
8.7091628000,1966,Data,0x204,0x8,0x00 0x00 0x00 0x00 0x00 0x00 0x00 0x00,0x79D1,ACK
8.7094191000,1967,Data,0x205,0x8,0x00 0x00 0x00 0x00 0x00 0x00 0x00 0x00,0x72CA,ACK
8.7097113000,1968,Data,0x209,0x8,0x9F 0x27 0x10 0x04 0x90 0x49 0x00 0x00,0x59C2,ACK
8.7099536000,1969,Data,0x20A,0x8,0x00 0x00 0x00 0x00 0x00 0x00 0x00 0x00,0x1B53,ACK
8.7102078000,1970,Data,0x20B,0x8,0xBC 0x02 0x64 0x00 0x01 0xC8 0x00 0x00,0x021C,ACK
8.7104521000,1971,Data,0x20C,0x8,0x00 0x80 0x1E 0x34 0x1E 0x07 0x00 0x00,0x3A9D,ACK
8.7107043000,1972,Data,0x301,0x8,0x00 0x00 0x00 0x00 0x00 0x00 0x00 0x00,0x7E55,ACK
8.7109626000,1973,Data,0x302,0x2,0x00 0xFF,0x6FC0,ACK
8.7111068000,1974,Data,0x485,0x8,0x22 0x00 0x00 0x00 0x62 0x00 0x14 0x0C,0x569F,ACK
8.7113530000,1975,Data,0x480,0x8,0x00 0x00 0x00 0x00 0x21 0x00 0x00 0x00,0x32BE,ACK
8.7116093000,1976,Data,0x481,0x8,0xCA 0x17 0x08 0x13 0x00 0x00 0x00 0x00,0x1AA4,ACK
8.7118515000,1977,Data,0x482,0x8,0x52 0x01 0x02 0x00 0x00 0x00 0x00 0x00,0x36EA,ACK
8.7120998000,1978,Data,0x483,0x8,0x31 0x4B 0x31 0x55 0x41 0x32 0x35 0x35,0x717E,ACK
8.7123340000,1979,Data,0x484,0x8,0x31 0x50 0x33 0x39 0x36 0x35 0x00 0x00,0x0196,ACK
8.7286300000,1980,Data,0x100,0x8,0x00 0x00 0x00 0x40 0x0F 0x4F 0x23 0x32,0x4E99,ACK
8.7486320000,1981,Data,0x100,0x8,0x00 0x00 0x00 0x40 0x0F 0x4F 0x23 0x32,0x4E99,ACK
8.7620739000,1982,Data,0x212,0x8,0x52 0x01 0x08 0xC9 0x00 0x00 0x00 0x2A,0x18B7,ACK
8.7623122000,1983,Data,0x211,0x8,0xE4 0x00 0x2A 0x00 0x00 0x00 0x00 0x00,0x0D4D,ACK
8.7625684000,1984,Data,0x343,0x8,0x00 0x00 0x00 0x00 0x00 0x00 0x00 0x00,0x33F5,ACK
8.7628487000,1985,Data,0x341,0x8,0x00 0x00 0x00 0x00 0x02 0x00 0x00 0x00,0x1833,ACK
8.7631229000,1986,Data,0x342,0x8,0x0F 0x00 0x23 0x00 0x00 0x80 0x0F 0x34,0x09A6,ACK
8.7633832000,1987,Data,0x344,0x8,0x00 0x00 0x00 0x03 0x00 0x00 0x00 0x00,0x6F15,ACK
8.7686312000,1988,Data,0x100,0x8,0x00 0x00 0x00 0x40 0x0F 0x4F 0x23 0x32,0x4E99,ACK
8.7886292000,1989,Data,0x100,0x8,0x00 0x00 0x00 0x40 0x0F 0x4F 0x23 0x32,0x4E99,ACK
8.8086491000,1990,Data,0x100,0x8,0x00 0x00 0x00 0x40 0x0F 0x4F 0x23 0x32,0x4E99,ACK
8.8088974000,1991,Data,0x203,0x8,0x01 0x00 0x57 0x00 0x57 0x00 0x00 0x00,0x25CC,ACK
8.8091456000,1992,Data,0x204,0x8,0x00 0x00 0x00 0x00 0x00 0x00 0x00 0x00,0x79D1,ACK
8.8094019000,1993,Data,0x205,0x8,0x00 0x00 0x00 0x00 0x00 0x00 0x00 0x00,0x72CA,ACK
8.8097101000,1994,Data,0x209,0x8,0x9F 0x27 0x10 0x04 0x90 0x49 0x00 0x00,0x59C2,ACK
8.8099504000,1995,Data,0x20A,0x8,0x00 0x00 0x00 0x00 0x00 0x00 0x00 0x00,0x1B53,ACK
8.8102066000,1996,Data,0x20B,0x8,0xBC 0x02 0x64 0x00 0x01 0xC8 0x00 0x00,0x021C,ACK
8.8104509000,1997,Data,0x20C,0x8,0x00 0x80 0x1E 0x34 0x1E 0x07 0x00 0x00,0x3A9D,ACK
8.8286289000,1998,Data,0x100,0x8,0x00 0x00 0x00 0x40 0x0F 0x4F 0x23 0x32,0x4E99,ACK
8.8329129000,1999,Data,0x310,0x8,0xF1 0x0E 0x78 0x05 0x12 0x02 0x01 0xC8,0x2684,ACK
8.8336632000,2000,Data,0x311,0x8,0x39 0x1E 0x07 0x3F 0x90 0x01 0x00 0x00,0x66BC,ACK
8.8486291000,2001,Data,0x100,0x8,0x00 0x00 0x00 0x40 0x0F 0x4F 0x23 0x32,0x4E99,ACK
8.8620830000,2002,Data,0x212,0x8,0x52 0x01 0x08 0xC9 0x00 0x00 0x00 0x2A,0x18B7,ACK
8.8623412000,2003,Data,0x211,0x8,0xE4 0x00 0x2A 0x00 0x00 0x00 0x00 0x00,0x0D4D,ACK
8.8626015000,2004,Data,0x343,0x8,0x00 0x00 0x00 0x00 0x00 0x00 0x00 0x00,0x33F5,ACK
8.8628597000,2005,Data,0x401,0x8,0x00 0x00 0x34 0x00 0x05 0x2A 0x00 0x00,0x4E01,ACK
8.8686178000,2006,Data,0x100,0x8,0x00 0x00 0x00 0x40 0x0F 0x4F 0x23 0x32,0x4E99,ACK
8.8886297000,2007,Data,0x100,0x8,0x00 0x00 0x00 0x40 0x0F 0x4F 0x23 0x32,0x4E99,ACK
8.9086537000,2008,Data,0x100,0x8,0x00 0x00 0x00 0x40 0x0F 0x4F 0x23 0x32,0x4E99,ACK
8.9089000000,2009,Data,0x203,0x8,0x01 0x00 0x57 0x00 0x57 0x00 0x00 0x00,0x25CC,ACK
8.9091482000,2010,Data,0x204,0x8,0x00 0x00 0x00 0x00 0x00 0x00 0x00 0x00,0x79D1,ACK
8.9094044000,2011,Data,0x205,0x8,0x00 0x00 0x00 0x00 0x00 0x00 0x00 0x00,0x72CA,ACK
8.9097067000,2012,Data,0x209,0x8,0x9F 0x27 0x10 0x04 0x90 0x49 0x00 0x00,0x59C2,ACK
8.9099469000,2013,Data,0x20A,0x8,0x00 0x00 0x00 0x00 0x00 0x00 0x00 0x00,0x1B53,ACK
8.9102012000,2014,Data,0x20B,0x8,0xBC 0x02 0x64 0x00 0x01 0xC8 0x00 0x00,0x021C,ACK
8.9104454000,2015,Data,0x20C,0x8,0x00 0x80 0x1E 0x34 0x1E 0x07 0x00 0x00,0x3A9D,ACK
8.9106997000,2016,Data,0x301,0x8,0x00 0x00 0x00 0x00 0x00 0x00 0x00 0x00,0x7E55,ACK
8.9109559000,2017,Data,0x302,0x2,0x00 0xFF,0x6FC0,ACK
8.9111022000,2018,Data,0x485,0x8,0x22 0x00 0x00 0x00 0x62 0x00 0x14 0x0C,0x569F,ACK
8.9286282000,2019,Data,0x100,0x8,0x00 0x00 0x00 0x40 0x0F 0x4F 0x23 0x32,0x4E99,ACK
8.9486281000,2020,Data,0x100,0x8,0x00 0x00 0x00 0x40 0x0F 0x4F 0x23 0x32,0x4E99,ACK
8.9620700000,2021,Data,0x212,0x8,0x52 0x01 0x08 0xC9 0x00 0x00 0x00 0x2A,0x18B7,ACK
8.9623262000,2022,Data,0x211,0x8,0xE4 0x00 0x2A 0x00 0x00 0x00 0x00 0x00,0x0D4D,ACK
8.9625864000,2023,Data,0x343,0x8,0x00 0x00 0x00 0x00 0x00 0x00 0x00 0x00,0x33F5,ACK
8.9628627000,2024,Data,0x341,0x8,0x00 0x00 0x00 0x00 0x02 0x00 0x00 0x00,0x1833,ACK
8.9631169000,2025,Data,0x342,0x8,0x0F 0x00 0x23 0x00 0x00 0x80 0x0F 0x34,0x09A6,ACK
8.9633751000,2026,Data,0x344,0x8,0x00 0x00 0x00 0x03 0x00 0x00 0x00 0x00,0x6F15,ACK
8.9686272000,2027,Data,0x100,0x8,0x00 0x00 0x00 0x40 0x0F 0x4F 0x23 0x32,0x4E99,ACK
8.9886272000,2028,Data,0x100,0x8,0x00 0x00 0x00 0x40 0x0F 0x4F 0x23 0x32,0x4E99,ACK
9.0086451000,2029,Data,0x100,0x8,0x00 0x00 0x00 0x40 0x0F 0x4F 0x23 0x32,0x4E99,ACK
9.0088914000,2030,Data,0x203,0x8,0x01 0x00 0x57 0x00 0x57 0x00 0x00 0x00,0x25CC,ACK
9.0091376000,2031,Data,0x204,0x8,0x00 0x00 0x00 0x00 0x00 0x00 0x00 0x00,0x79D1,ACK
9.0093959000,2032,Data,0x205,0x8,0x00 0x00 0x00 0x00 0x00 0x00 0x00 0x00,0x72CA,ACK
9.0097081000,2033,Data,0x209,0x8,0x9F 0x27 0x10 0x04 0x90 0x49 0x00 0x00,0x59C2,ACK
9.0099484000,2034,Data,0x20A,0x8,0x00 0x00 0x00 0x00 0x00 0x00 0x00 0x00,0x1B53,ACK
9.0102026000,2035,Data,0x20B,0x8,0xBC 0x02 0x64 0x00 0x01 0xC8 0x00 0x00,0x021C,ACK
9.0104469000,2036,Data,0x20C,0x8,0x00 0x80 0x1E 0x34 0x1E 0x07 0x00 0x00,0x3A9D,ACK
9.0286248000,2037,Data,0x100,0x8,0x00 0x00 0x00 0x40 0x0F 0x4F 0x23 0x32,0x4E99,ACK
9.0339069000,2038,Data,0x310,0x8,0xF1 0x0E 0x78 0x05 0x12 0x02 0x01 0xC8,0x2684,ACK
9.0346412000,2039,Data,0x311,0x8,0x39 0x1E 0x07 0x3F 0x90 0x01 0x00 0x00,0x66BC,ACK
9.0486151000,2040,Data,0x100,0x8,0x00 0x00 0x00 0x40 0x0F 0x4F 0x23 0x32,0x4E99,ACK
9.0620630000,2041,Data,0x212,0x8,0x52 0x01 0x08 0xC9 0x00 0x00 0x00 0x2A,0x18B7,ACK
9.0622972000,2042,Data,0x429,0x8,0x20 0x00 0x00 0x00 0x00 0x00 0x00 0x00,0x7AC7,ACK
9.0625453000,2043,Data,0x211,0x8,0xE4 0x00 0x2A 0x00 0x00 0x00 0x00 0x00,0x0D4D,ACK
9.0627876000,2044,Data,0x343,0x8,0x00 0x00 0x00 0x00 0x00 0x00 0x00 0x00,0x33F5,ACK
9.0640737000,2045,Data,0x425,0x8,0x01 0x64 0x49 0x57 0x57 0x58 0x01 0xFF,0x3E52,ACK
9.0649840000,2046,Data,0x422,0x8,0x00 0x00 0x20 0x00 0x15 0x00 0x1B 0x00,0x384F,ACK
9.0665682000,2047,Data,0x420,0x8,0xB5 0x14 0xCC 0x00 0x66 0x03 0x00 0x00,0x582C,ACK
9.0668065000,2048,Data,0x421,0x8,0x38 0x36 0x31 0x34 0xFB 0x04 0x55 0x04,0x0DC7,ACK
9.0675167000,2049,Data,0x423,0x8,0xBC 0x02 0x64 0x00 0x3C 0x00 0x01 0x00,0x500B,ACK
9.0686268000,2050,Data,0x100,0x8,0x00 0x00 0x00 0x40 0x0F 0x4F 0x23 0x32,0x4E99,ACK
9.0886267000,2051,Data,0x100,0x8,0x00 0x00 0x00 0x40 0x0F 0x4F 0x23 0x32,0x4E99,ACK
9.1086527000,2052,Data,0x100,0x8,0x00 0x00 0x00 0x40 0x0F 0x4F 0x23 0x32,0x4E99,ACK
9.1089009000,2053,Data,0x203,0x8,0x01 0x00 0x57 0x00 0x57 0x00 0x00 0x00,0x25CC,ACK
9.1091492000,2054,Data,0x204,0x8,0x00 0x00 0x00 0x00 0x00 0x00 0x00 0x00,0x79D1,ACK
9.1094054000,2055,Data,0x205,0x8,0x00 0x00 0x00 0x00 0x00 0x00 0x00 0x00,0x72CA,ACK
9.1097057000,2056,Data,0x209,0x8,0x9F 0x27 0x10 0x04 0x90 0x49 0x00 0x00,0x59C2,ACK
9.1099459000,2057,Data,0x20A,0x8,0x00 0x00 0x00 0x00 0x00 0x00 0x00 0x00,0x1B53,ACK
9.1102022000,2058,Data,0x20B,0x8,0xBC 0x02 0x64 0x00 0x01 0xC8 0x00 0x00,0x021C,ACK
9.1104464000,2059,Data,0x20C,0x8,0x00 0x80 0x1E 0x34 0x1E 0x07 0x00 0x00,0x3A9D,ACK
9.1107007000,2060,Data,0x301,0x8,0x00 0x00 0x00 0x00 0x00 0x00 0x00 0x00,0x7E55,ACK
9.1109569000,2061,Data,0x302,0x2,0x00 0xFF,0x6FC0,ACK
9.1111032000,2062,Data,0x485,0x8,0x22 0x00 0x00 0x00 0x62 0x00 0x14 0x0C,0x569F,ACK
9.1286252000,2063,Data,0x100,0x8,0x00 0x00 0x00 0x40 0x0F 0x4F 0x23 0x32,0x4E99,ACK
9.1486251000,2064,Data,0x100,0x8,0x00 0x00 0x00 0x40 0x0F 0x4F 0x23 0x32,0x4E99,ACK
9.1620710000,2065,Data,0x212,0x8,0x52 0x01 0x08 0xC9 0x00 0x00 0x00 0x2A,0x18B7,ACK
9.1623331000,2066,Data,0x211,0x8,0xE4 0x00 0x2A 0x00 0x00 0x00 0x00 0x00,0x0D4D,ACK
9.1625894000,2067,Data,0x343,0x8,0x00 0x00 0x00 0x00 0x00 0x00 0x00 0x00,0x33F5,ACK
9.1628496000,2068,Data,0x341,0x8,0x00 0x00 0x00 0x00 0x02 0x00 0x00 0x00,0x1833,ACK
9.1631439000,2069,Data,0x342,0x8,0x0F 0x00 0x23 0x00 0x00 0x80 0x0F 0x34,0x09A6,ACK
9.1634041000,2070,Data,0x344,0x8,0x00 0x00 0x00 0x03 0x00 0x00 0x00 0x00,0x6F15,ACK
9.1686242000,2071,Data,0x100,0x8,0x00 0x00 0x00 0x40 0x0F 0x4F 0x23 0x32,0x4E99,ACK
9.1886222000,2072,Data,0x100,0x8,0x00 0x00 0x00 0x40 0x0F 0x4F 0x23 0x32,0x4E99,ACK
9.2086441000,2073,Data,0x100,0x8,0x00 0x00 0x00 0x40 0x0F 0x4F 0x23 0x32,0x4E99,ACK
9.2088924000,2074,Data,0x203,0x8,0x01 0x00 0x57 0x00 0x57 0x00 0x00 0x00,0x25CC,ACK
9.2091406000,2075,Data,0x204,0x8,0x00 0x00 0x00 0x00 0x00 0x00 0x00 0x00,0x79D1,ACK
9.2093969000,2076,Data,0x205,0x8,0x00 0x00 0x00 0x00 0x00 0x00 0x00 0x00,0x72CA,ACK
9.2097031000,2077,Data,0x209,0x8,0x9F 0x27 0x10 0x04 0x90 0x49 0x00 0x00,0x59C2,ACK
9.2099454000,2078,Data,0x20A,0x8,0x00 0x00 0x00 0x00 0x00 0x00 0x00 0x00,0x1B53,ACK
9.2101976000,2079,Data,0x20B,0x8,0xBC 0x02 0x64 0x00 0x01 0xC8 0x00 0x00,0x021C,ACK
9.2104419000,2080,Data,0x20C,0x8,0x00 0x80 0x1E 0x34 0x1E 0x07 0x00 0x00,0x3A9D,ACK
9.2286238000,2081,Data,0x100,0x8,0x00 0x00 0x00 0x40 0x0F 0x4F 0x23 0x32,0x4E99,ACK
9.2486238000,2082,Data,0x100,0x8,0x00 0x00 0x00 0x40 0x0F 0x4F 0x23 0x32,0x4E99,ACK
9.2580360000,2083,Data,0x310,0x8,0xF1 0x0E 0x78 0x05 0x12 0x02 0x01 0xC8,0x2684,ACK
9.2587682000,2084,Data,0x311,0x8,0x39 0x1E 0x07 0x3F 0x90 0x01 0x00 0x00,0x66BC,ACK
9.2620642000,2085,Data,0x212,0x8,0x52 0x01 0x08 0xC9 0x00 0x00 0x00 0x2A,0x18B7,ACK
9.2623225000,2086,Data,0x211,0x8,0xE4 0x00 0x2A 0x00 0x00 0x00 0x00 0x00,0x0D4D,ACK
9.2625807000,2087,Data,0x343,0x8,0x00 0x00 0x00 0x00 0x00 0x00 0x00 0x00,0x33F5,ACK
9.2686228000,2088,Data,0x100,0x8,0x00 0x00 0x00 0x40 0x0F 0x4F 0x23 0x32,0x4E99,ACK
9.2886227000,2089,Data,0x100,0x8,0x00 0x00 0x00 0x40 0x0F 0x4F 0x23 0x32,0x4E99,ACK
9.3086487000,2090,Data,0x100,0x8,0x00 0x00 0x00 0x40 0x0F 0x4F 0x23 0x32,0x4E99,ACK
9.3088929000,2091,Data,0x203,0x8,0x01 0x00 0x57 0x00 0x57 0x00 0x00 0x00,0x25CC,ACK
9.3091392000,2092,Data,0x204,0x8,0x00 0x00 0x00 0x00 0x00 0x00 0x00 0x00,0x79D1,ACK
9.3093954000,2093,Data,0x205,0x8,0x00 0x00 0x00 0x00 0x00 0x00 0x00 0x00,0x72CA,ACK
9.3097017000,2094,Data,0x209,0x8,0x9F 0x27 0x10 0x04 0x90 0x49 0x00 0x00,0x59C2,ACK
9.3099419000,2095,Data,0x20A,0x8,0x00 0x00 0x00 0x00 0x00 0x00 0x00 0x00,0x1B53,ACK
9.3101962000,2096,Data,0x20B,0x8,0xBC 0x02 0x64 0x00 0x01 0xC8 0x00 0x00,0x021C,ACK
9.3104404000,2097,Data,0x20C,0x8,0x00 0x80 0x1E 0x34 0x1E 0x07 0x00 0x00,0x3A9D,ACK
9.3106927000,2098,Data,0x301,0x8,0x00 0x00 0x00 0x00 0x00 0x00 0x00 0x00,0x7E55,ACK
9.3109509000,2099,Data,0x302,0x2,0x00 0xFF,0x6FC0,ACK
9.3110952000,2100,Data,0x485,0x8,0x22 0x00 0x00 0x00 0x62 0x00 0x14 0x0C,0x569F,ACK
9.3286211000,2101,Data,0x100,0x8,0x00 0x00 0x00 0x40 0x0F 0x4F 0x23 0x32,0x4E99,ACK
9.3486091000,2102,Data,0x100,0x8,0x00 0x00 0x00 0x40 0x0F 0x4F 0x23 0x32,0x4E99,ACK
9.3620930000,2103,Data,0x212,0x8,0x52 0x01 0x08 0xC9 0x00 0x00 0x00 0x2A,0x18B7,ACK
9.3623491000,2104,Data,0x211,0x8,0xE4 0x00 0x2A 0x00 0x00 0x00 0x00 0x00,0x0D4D,ACK
9.3626094000,2105,Data,0x343,0x8,0x00 0x00 0x00 0x00 0x00 0x00 0x00 0x00,0x33F5,ACK
9.3628656000,2106,Data,0x341,0x8,0x00 0x00 0x00 0x00 0x02 0x00 0x00 0x00,0x1833,ACK
9.3631619000,2107,Data,0x342,0x8,0x0F 0x00 0x23 0x00 0x00 0x80 0x0F 0x34,0x09A6,ACK
9.3634181000,2108,Data,0x344,0x8,0x00 0x00 0x00 0x03 0x00 0x00 0x00 0x00,0x6F15,ACK
9.3636784000,2109,Data,0x401,0x8,0x00 0x00 0x34 0x00 0x05 0x2A 0x00 0x00,0x4E01,ACK
9.3686224000,2110,Data,0x100,0x8,0x00 0x00 0x00 0x40 0x0F 0x4F 0x23 0x32,0x4E99,ACK
9.3886204000,2111,Data,0x100,0x8,0x00 0x00 0x00 0x40 0x0F 0x4F 0x23 0x32,0x4E99,ACK
9.4086384000,2112,Data,0x100,0x8,0x00 0x00 0x00 0x40 0x0F 0x4F 0x23 0x32,0x4E99,ACK
9.4088846000,2113,Data,0x203,0x8,0x01 0x00 0x57 0x00 0x57 0x00 0x00 0x00,0x25CC,ACK
9.4091309000,2114,Data,0x204,0x8,0x00 0x00 0x00 0x00 0x00 0x00 0x00 0x00,0x79D1,ACK
9.4093871000,2115,Data,0x205,0x8,0x00 0x00 0x00 0x00 0x00 0x00 0x00 0x00,0x72CA,ACK
9.4097014000,2116,Data,0x209,0x8,0x9F 0x27 0x10 0x04 0x90 0x49 0x00 0x00,0x59C2,ACK
9.4099436000,2117,Data,0x20A,0x8,0x00 0x00 0x00 0x00 0x00 0x00 0x00 0x00,0x1B53,ACK
9.4101979000,2118,Data,0x20B,0x8,0xBC 0x02 0x64 0x00 0x01 0xC8 0x00 0x00,0x021C,ACK
9.4104421000,2119,Data,0x20C,0x8,0x00 0x80 0x1E 0x34 0x1E 0x07 0x00 0x00,0x3A9D,ACK
9.4286200000,2120,Data,0x100,0x8,0x00 0x00 0x00 0x40 0x0F 0x4F 0x23 0x32,0x4E99,ACK
9.4486219000,2121,Data,0x100,0x8,0x00 0x00 0x00 0x40 0x0F 0x4F 0x23 0x32,0x4E99,ACK
9.4573602000,2122,Data,0x310,0x8,0xF1 0x0E 0x78 0x05 0x12 0x02 0x01 0xC8,0x2684,ACK
9.4601225000,2123,Data,0x311,0x8,0x39 0x1E 0x07 0x3F 0x90 0x01 0x00 0x00,0x66BC,ACK
9.4620746000,2124,Data,0x212,0x8,0x52 0x01 0x08 0xC9 0x00 0x00 0x00 0x2A,0x18B7,ACK
9.4623128000,2125,Data,0x211,0x8,0xE4 0x00 0x2A 0x00 0x00 0x00 0x00 0x00,0x0D4D,ACK
9.4625691000,2126,Data,0x343,0x8,0x00 0x00 0x00 0x00 0x00 0x00 0x00 0x00,0x33F5,ACK
9.4686191000,2127,Data,0x100,0x8,0x00 0x00 0x00 0x40 0x0F 0x4F 0x23 0x32,0x4E99,ACK
9.4886191000,2128,Data,0x100,0x8,0x00 0x00 0x00 0x40 0x0F 0x4F 0x23 0x32,0x4E99,ACK
9.5086471000,2129,Data,0x100,0x8,0x00 0x00 0x00 0x40 0x0F 0x4F 0x23 0x32,0x4E99,ACK
9.5088933000,2130,Data,0x203,0x8,0x01 0x00 0x57 0x00 0x57 0x00 0x00 0x00,0x25CC,ACK
9.5091395000,2131,Data,0x204,0x8,0x00 0x00 0x00 0x00 0x00 0x00 0x00 0x00,0x79D1,ACK
9.5093958000,2132,Data,0x205,0x8,0x00 0x00 0x00 0x00 0x00 0x00 0x00 0x00,0x72CA,ACK
9.5097000000,2133,Data,0x209,0x8,0x9F 0x27 0x10 0x04 0x90 0x49 0x00 0x00,0x59C2,ACK
9.5099403000,2134,Data,0x20A,0x8,0x00 0x00 0x00 0x00 0x00 0x00 0x00 0x00,0x1B53,ACK
9.5101965000,2135,Data,0x20B,0x8,0xBC 0x02 0x64 0x00 0x01 0xC8 0x00 0x00,0x021C,ACK
9.5104408000,2136,Data,0x20C,0x8,0x00 0x80 0x1E 0x34 0x1E 0x07 0x00 0x00,0x3A9D,ACK
9.5106950000,2137,Data,0x301,0x8,0x00 0x00 0x00 0x00 0x00 0x00 0x00 0x00,0x7E55,ACK
9.5109513000,2138,Data,0x302,0x2,0x00 0xFF,0x6FC0,ACK
9.5110975000,2139,Data,0x485,0x8,0x22 0x00 0x00 0x00 0x62 0x00 0x14 0x0C,0x569F,ACK
9.5286075000,2140,Data,0x100,0x8,0x00 0x00 0x00 0x40 0x0F 0x4F 0x23 0x32,0x4E99,ACK
9.5486195000,2141,Data,0x100,0x8,0x00 0x00 0x00 0x40 0x0F 0x4F 0x23 0x32,0x4E99,ACK
9.5611216000,2142,Data,0x502,0x8,0x32 0xAC 0x86 0x0E 0x1A 0xB9 0x00 0x00,0x0E93,ACK
9.5613578000,2143,Data,0x424,0x8,0x49 0x4A 0x4D 0x69 0x00 0x00 0x00 0x00,0x4247,ACK
9.5617501000,2144,Data,0x429,0x8,0x20 0x00 0x00 0x00 0x00 0x00 0x00 0x00,0x7AC7,ACK
9.5620621000,2145,Data,0x212,0x8,0x52 0x01 0x08 0xC9 0x00 0x00 0x00 0x2A,0x18B7,ACK
9.5623224000,2146,Data,0x211,0x8,0xE4 0x00 0x2A 0x00 0x00 0x00 0x00 0x00,0x0D4D,ACK
9.5626046000,2147,Data,0x343,0x8,0x00 0x00 0x00 0x00 0x00 0x00 0x00 0x00,0x33F5,ACK
9.5628649000,2148,Data,0x341,0x8,0x00 0x00 0x00 0x00 0x02 0x00 0x00 0x00,0x1833,ACK
9.5631351000,2149,Data,0x342,0x8,0x0F 0x00 0x23 0x00 0x00 0x80 0x0F 0x34,0x09A6,ACK
9.5633753000,2150,Data,0x501,0x8,0xB4 0xC1 0x83 0x58 0x51 0xE5 0xB2 0x6B,0x057E,ACK
9.5636055000,2151,Data,0x344,0x8,0x00 0x00 0x00 0x03 0x00 0x00 0x00 0x00,0x6F15,ACK
9.5638536000,2152,Data,0x425,0x8,0x01 0x64 0x49 0x57 0x57 0x58 0x01 0xFF,0x3E52,ACK
9.5646878000,2153,Data,0x422,0x8,0x00 0x00 0x20 0x00 0x15 0x00 0x1B 0x00,0x384F,ACK
9.5662561000,2154,Data,0x420,0x8,0xB5 0x14 0xCE 0x00 0x66 0x03 0x00 0x00,0x6474,ACK
9.5664923000,2155,Data,0x421,0x8,0x38 0x36 0x31 0x34 0xFB 0x04 0x55 0x04,0x0DC7,ACK
9.5686184000,2156,Data,0x100,0x8,0x00 0x00 0x00 0x40 0x0F 0x4F 0x23 0x32,0x4E99,ACK
9.5692386000,2157,Data,0x423,0x8,0xBC 0x02 0x64 0x00 0x3C 0x00 0x01 0x00,0x500B,ACK
9.5886184000,2158,Data,0x100,0x8,0x00 0x00 0x00 0x40 0x0F 0x4F 0x23 0x32,0x4E99,ACK
9.6086364000,2159,Data,0x100,0x8,0x00 0x00 0x00 0x40 0x0F 0x4F 0x23 0x32,0x4E99,ACK
9.6088826000,2160,Data,0x203,0x8,0x01 0x00 0x57 0x00 0x57 0x00 0x00 0x00,0x25CC,ACK
9.6091309000,2161,Data,0x204,0x8,0x00 0x00 0x00 0x00 0x00 0x00 0x00 0x00,0x79D1,ACK
9.6093871000,2162,Data,0x205,0x8,0x00 0x00 0x00 0x00 0x00 0x00 0x00 0x00,0x72CA,ACK
9.6096973000,2163,Data,0x209,0x8,0x9F 0x27 0x10 0x04 0x90 0x49 0x00 0x00,0x59C2,ACK
9.6099376000,2164,Data,0x20A,0x8,0x00 0x00 0x00 0x00 0x00 0x00 0x00 0x00,0x1B53,ACK
9.6101917000,2165,Data,0x20B,0x8,0xBC 0x02 0x64 0x00 0x01 0xC8 0x00 0x00,0x021C,ACK
9.6104360000,2166,Data,0x20C,0x8,0x00 0x80 0x1E 0x34 0x1E 0x07 0x00 0x00,0x3A9D,ACK
9.6286179000,2167,Data,0x100,0x8,0x00 0x00 0x00 0x40 0x0F 0x4F 0x23 0x32,0x4E99,ACK
9.6486159000,2168,Data,0x100,0x8,0x00 0x00 0x00 0x40 0x0F 0x4F 0x23 0x32,0x4E99,ACK
9.6579662000,2169,Data,0x310,0x8,0xF1 0x0E 0x78 0x05 0x12 0x02 0x01 0xC8,0x2684,ACK
9.6607305000,2170,Data,0x311,0x8,0x39 0x1E 0x07 0x3F 0x90 0x01 0x00 0x00,0x66BC,ACK
9.6620465000,2171,Data,0x212,0x8,0x52 0x01 0x08 0xC9 0x00 0x00 0x00 0x2A,0x18B7,ACK
9.6623288000,2172,Data,0x211,0x8,0xE4 0x00 0x2A 0x00 0x00 0x00 0x00 0x00,0x0D4D,ACK
9.6625890000,2173,Data,0x343,0x8,0x00 0x00 0x00 0x00 0x00 0x00 0x00 0x00,0x33F5,ACK
9.6686171000,2174,Data,0x100,0x8,0x00 0x00 0x00 0x40 0x0F 0x4F 0x23 0x32,0x4E99,ACK
9.6886151000,2175,Data,0x100,0x8,0x00 0x00 0x00 0x40 0x0F 0x4F 0x23 0x32,0x4E99,ACK
9.7086570000,2176,Data,0x100,0x8,0x00 0x00 0x00 0x40 0x0F 0x4F 0x23 0x32,0x4E99,ACK
9.7089053000,2177,Data,0x203,0x8,0x01 0x00 0x57 0x00 0x57 0x00 0x00 0x00,0x25CC,ACK
9.7091535000,2178,Data,0x204,0x8,0x00 0x00 0x00 0x00 0x00 0x00 0x00 0x00,0x79D1,ACK
9.7094098000,2179,Data,0x205,0x8,0x00 0x00 0x00 0x00 0x00 0x00 0x00 0x00,0x72CA,ACK
9.7096980000,2180,Data,0x209,0x8,0x9F 0x27 0x10 0x04 0x90 0x49 0x00 0x00,0x59C2,ACK
9.7099383000,2181,Data,0x20A,0x8,0x00 0x00 0x00 0x00 0x00 0x00 0x00 0x00,0x1B53,ACK
9.7101925000,2182,Data,0x20B,0x8,0xBC 0x02 0x64 0x00 0x01 0xC8 0x00 0x00,0x021C,ACK
9.7104368000,2183,Data,0x20C,0x8,0x00 0x80 0x1E 0x34 0x1E 0x07 0x00 0x00,0x3A9D,ACK
9.7106890000,2184,Data,0x301,0x8,0x00 0x00 0x00 0x00 0x00 0x00 0x00 0x00,0x7E55,ACK
9.7109453000,2185,Data,0x302,0x2,0x00 0xFF,0x6FC0,ACK
9.7110895000,2186,Data,0x485,0x8,0x22 0x00 0x00 0x00 0x62 0x00 0x14 0x0C,0x569F,ACK
9.7113378000,2187,Data,0x480,0x8,0x00 0x00 0x00 0x00 0x21 0x00 0x00 0x00,0x32BE,ACK
9.7115940000,2188,Data,0x481,0x8,0xCA 0x17 0x08 0x13 0x00 0x00 0x00 0x00,0x1AA4,ACK
9.7118363000,2189,Data,0x482,0x8,0x52 0x01 0x02 0x00 0x00 0x00 0x00 0x00,0x36EA,ACK
9.7120865000,2190,Data,0x483,0x8,0x31 0x4B 0x31 0x55 0x41 0x32 0x35 0x35,0x717E,ACK
9.7123207000,2191,Data,0x484,0x8,0x31 0x50 0x33 0x39 0x36 0x35 0x00 0x00,0x0196,ACK
9.7286168000,2192,Data,0x100,0x8,0x00 0x00 0x00 0x40 0x0F 0x4F 0x23 0x32,0x4E99,ACK
9.7486167000,2193,Data,0x100,0x8,0x00 0x00 0x00 0x40 0x0F 0x4F 0x23 0x32,0x4E99,ACK
9.7620586000,2194,Data,0x212,0x8,0x52 0x01 0x08 0xC9 0x00 0x00 0x00 0x2A,0x18B7,ACK
9.7623209000,2195,Data,0x211,0x8,0xE4 0x00 0x2A 0x00 0x00 0x00 0x00 0x00,0x0D4D,ACK
9.7625811000,2196,Data,0x343,0x8,0x00 0x00 0x00 0x00 0x00 0x00 0x00 0x00,0x33F5,ACK
9.7628373000,2197,Data,0x341,0x8,0x00 0x00 0x00 0x00 0x02 0x00 0x00 0x00,0x1833,ACK
9.7631376000,2198,Data,0x342,0x8,0x0F 0x00 0x23 0x00 0x00 0x80 0x0F 0x34,0x09A6,ACK
9.7633938000,2199,Data,0x344,0x8,0x00 0x00 0x00 0x03 0x00 0x00 0x00 0x00,0x6F15,ACK
9.7686159000,2200,Data,0x100,0x8,0x00 0x00 0x00 0x40 0x0F 0x4F 0x23 0x32,0x4E99,ACK
9.7886159000,2201,Data,0x100,0x8,0x00 0x00 0x00 0x40 0x0F 0x4F 0x23 0x32,0x4E99,ACK
9.8086339000,2202,Data,0x100,0x8,0x00 0x00 0x00 0x40 0x0F 0x4F 0x23 0x32,0x4E99,ACK
9.8088801000,2203,Data,0x203,0x8,0x01 0x00 0x57 0x00 0x57 0x00 0x00 0x00,0x25CC,ACK
9.8091283000,2204,Data,0x204,0x8,0x00 0x00 0x00 0x00 0x00 0x00 0x00 0x00,0x79D1,ACK
9.8093846000,2205,Data,0x205,0x8,0x00 0x00 0x00 0x00 0x00 0x00 0x00 0x00,0x72CA,ACK
9.8096947000,2206,Data,0x209,0x8,0x9F 0x27 0x10 0x04 0x90 0x49 0x00 0x00,0x59C2,ACK
9.8099350000,2207,Data,0x20A,0x8,0x00 0x00 0x00 0x00 0x00 0x00 0x00 0x00,0x1B53,ACK
9.8101892000,2208,Data,0x20B,0x8,0xBC 0x02 0x64 0x00 0x01 0xC8 0x00 0x00,0x021C,ACK
9.8104355000,2209,Data,0x20C,0x8,0x00 0x80 0x1E 0x34 0x1E 0x07 0x00 0x00,0x3A9D,ACK
9.8286154000,2210,Data,0x100,0x8,0x00 0x00 0x00 0x40 0x0F 0x4F 0x23 0x32,0x4E99,ACK
9.8486134000,2211,Data,0x100,0x8,0x00 0x00 0x00 0x40 0x0F 0x4F 0x23 0x32,0x4E99,ACK
9.8583117000,2212,Data,0x310,0x8,0xF1 0x0E 0x78 0x05 0x12 0x02 0x01 0xC8,0x2684,ACK
9.8610720000,2213,Data,0x311,0x8,0x39 0x1E 0x07 0x3F 0x90 0x01 0x00 0x00,0x66BC,ACK
9.8620500000,2214,Data,0x212,0x8,0x52 0x01 0x08 0xC9 0x00 0x00 0x00 0x2A,0x18B7,ACK
9.8622883000,2215,Data,0x211,0x8,0xE4 0x00 0x2A 0x00 0x00 0x00 0x00 0x00,0x0D4D,ACK
9.8625445000,2216,Data,0x343,0x8,0x00 0x00 0x00 0x00 0x00 0x00 0x00 0x00,0x33F5,ACK
9.8628048000,2217,Data,0x401,0x8,0x00 0x00 0x34 0x00 0x05 0x2A 0x00 0x00,0x4E01,ACK
9.8686129000,2218,Data,0x100,0x8,0x00 0x00 0x00 0x40 0x0F 0x4F 0x23 0x32,0x4E99,ACK
9.8886128000,2219,Data,0x100,0x8,0x00 0x00 0x00 0x40 0x0F 0x4F 0x23 0x32,0x4E99,ACK
9.9086408000,2220,Data,0x100,0x8,0x00 0x00 0x00 0x40 0x0F 0x4F 0x23 0x32,0x4E99,ACK
9.9088870000,2221,Data,0x203,0x8,0x01 0x00 0x57 0x00 0x57 0x00 0x00 0x00,0x25CC,ACK
9.9091333000,2222,Data,0x204,0x8,0x00 0x00 0x00 0x00 0x00 0x00 0x00 0x00,0x79D1,ACK
9.9093915000,2223,Data,0x205,0x8,0x00 0x00 0x00 0x00 0x00 0x00 0x00 0x00,0x72CA,ACK
9.9096938000,2224,Data,0x209,0x8,0x9F 0x27 0x10 0x04 0x90 0x49 0x00 0x00,0x59C2,ACK
9.9099340000,2225,Data,0x20A,0x8,0x00 0x00 0x00 0x00 0x00 0x00 0x00 0x00,0x1B53,ACK
9.9101883000,2226,Data,0x20B,0x8,0xBC 0x02 0x64 0x00 0x01 0xC8 0x00 0x00,0x021C,ACK
9.9104325000,2227,Data,0x20C,0x8,0x00 0x80 0x1E 0x34 0x1E 0x07 0x00 0x00,0x3A9D,ACK
9.9106868000,2228,Data,0x301,0x8,0x00 0x00 0x00 0x00 0x00 0x00 0x00 0x00,0x7E55,ACK
9.9109430000,2229,Data,0x302,0x2,0x00 0xFF,0x6FC0,ACK
9.9110893000,2230,Data,0x485,0x8,0x22 0x00 0x00 0x00 0x62 0x00 0x14 0x0C,0x569F,ACK
9.9286132000,2231,Data,0x100,0x8,0x00 0x00 0x00 0x40 0x0F 0x4F 0x23 0x32,0x4E99,ACK
9.9486132000,2232,Data,0x100,0x8,0x00 0x00 0x00 0x40 0x0F 0x4F 0x23 0x32,0x4E99,ACK
9.9620671000,2233,Data,0x212,0x8,0x52 0x01 0x08 0xC9 0x00 0x00 0x00 0x2A,0x18B7,ACK
9.9623253000,2234,Data,0x211,0x8,0xE4 0x00 0x2A 0x00 0x00 0x00 0x00 0x00,0x0D4D,ACK
9.9625836000,2235,Data,0x343,0x8,0x00 0x00 0x00 0x00 0x00 0x00 0x00 0x00,0x33F5,ACK
9.9628438000,2236,Data,0x341,0x8,0x00 0x00 0x00 0x00 0x02 0x00 0x00 0x00,0x1833,ACK
9.9631401000,2237,Data,0x342,0x8,0x0F 0x00 0x23 0x00 0x00 0x80 0x0F 0x34,0x09A6,ACK
9.9634003000,2238,Data,0x344,0x8,0x00 0x00 0x00 0x03 0x00 0x00 0x00 0x00,0x6F15,ACK
9.9686124000,2239,Data,0x100,0x8,0x00 0x00 0x00 0x40 0x0F 0x4F 0x23 0x32,0x4E99,ACK
9.9886124000,2240,Data,0x100,0x8,0x00 0x00 0x00 0x40 0x0F 0x4F 0x23 0x32,0x4E99,ACK