Time [s],Packet,Type,ID,DLC,Data,CRC,ACK
0.0043762000,0,Data,0x212,0x8,0x52 0x01 0x00 0xC9 0x00 0x00 0x00 0x2A,0x2C4E,ACK
0.0046383000,1,Data,0x211,0x8,0xE4 0x00 0x2A 0x00 0x00 0x00 0x00 0x00,0x0D4D,ACK
0.0048945000,2,Data,0x343,0x8,0x00 0x00 0x00 0x00 0x00 0x00 0x00 0x00,0x33F5,ACK
0.0134745000,3,Data,0x100,0x8,0x00 0x00 0x00 0x40 0x23 0x4F 0x64 0x32,0x4018,ACK
0.0334745000,4,Data,0x100,0x8,0x00 0x00 0x00 0x40 0x23 0x4F 0x64 0x32,0x4018,ACK
0.0395587000,5,Data,0x423,0x8,0xBC 0x02 0x64 0x00 0x3D 0x00 0x01 0x00,0x4EF3,ACK
0.0410150000,6,Data,0x421,0x8,0x38 0x36 0x31 0x34 0xFB 0x04 0x55 0x04,0x0DC7,ACK
0.0534730000,7,Data,0x100,0x8,0x00 0x00 0x00 0x40 0x23 0x4F 0x64 0x32,0x4018,ACK
0.0537133000,8,Data,0x310,0x8,0xF1 0x0E 0x78 0x05 0x17 0x02 0x01 0xC8,0x439C,ACK
0.0734731000,9,Data,0x100,0x8,0x00 0x00 0x00 0x40 0x23 0x4F 0x64 0x32,0x4018,ACK
0.0746373000,10,Data,0x311,0x8,0x39 0x1E 0x07 0x3F 0x90 0x01 0x00 0x00,0x66BC,ACK
0.0935012000,11,Data,0x100,0x8,0x00 0x00 0x00 0x40 0x23 0x4F 0x64 0x32,0x4018,ACK
0.0937474000,12,Data,0x203,0x8,0x03 0x00 0x57 0x00 0x57 0x00 0x00 0x00,0x4E35,ACK
0.0939897000,13,Data,0x204,0x8,0x00 0x00 0x00 0x00 0x00 0x00 0x00 0x00,0x79D1,ACK
0.0942479000,14,Data,0x205,0x8,0x00 0x00 0x00 0x00 0x00 0x00 0x00 0x00,0x72CA,ACK
0.0945342000,15,Data,0x209,0x8,0x9F 0x27 0x10 0x04 0x90 0x49 0x00 0x00,0x59C2,ACK
0.0947744000,16,Data,0x20A,0x8,0x00 0x00 0x00 0x00 0x00 0x00 0x00 0x00,0x1B53,ACK
0.0950287000,17,Data,0x20B,0x8,0xBC 0x02 0x64 0x00 0x01 0xC8 0x00 0x00,0x021C,ACK
0.0952749000,18,Data,0x20C,0x8,0x00 0xC4 0x50 0x34 0x1E 0x07 0x00 0x00,0x214C,ACK
0.0955232000,19,Data,0x301,0x8,0x00 0x00 0x00 0x00 0x00 0x00 0x00 0x00,0x7E55,ACK
0.0957794000,20,Data,0x302,0x2,0x00 0xFF,0x6FC0,ACK
0.0959257000,21,Data,0x485,0x8,0x22 0x00 0x00 0x00 0x0C 0x02 0x48 0x0C,0x1FCE,ACK
0.1043816000,22,Data,0x212,0x8,0x52 0x01 0x00 0xC9 0x00 0x00 0x00 0x2A,0x2C4E,ACK
0.1046399000,23,Data,0x211,0x8,0xE4 0x00 0x2A 0x00 0x00 0x00 0x00 0x00,0x0D4D,ACK
0.1049241000,24,Data,0x343,0x8,0x00 0x00 0x00 0x00 0x00 0x00 0x00 0x00,0x33F5,ACK
0.1051784000,25,Data,0x341,0x8,0x00 0x00 0x00 0x00 0x02 0x00 0x00 0x00,0x1833,ACK
0.1054746000,26,Data,0x342,0x8,0x23 0x00 0x64 0x00 0x00 0xC4 0x28 0x34,0x6836,ACK
0.1057368000,27,Data,0x344,0x8,0x00 0x00 0x00 0x03 0x00 0x00 0x00 0x00,0x6F15,ACK
0.1134729000,28,Data,0x100,0x8,0x00 0x00 0x00 0x40 0x23 0x4F 0x64 0x32,0x4018,ACK
0.1334709000,29,Data,0x100,0x8,0x00 0x00 0x00 0x40 0x23 0x4F 0x64 0x32,0x4018,ACK
0.1534709000,30,Data,0x100,0x8,0x00 0x00 0x00 0x40 0x23 0x4F 0x64 0x32,0x4018,ACK
0.1734727000,31,Data,0x100,0x8,0x00 0x00 0x00 0x40 0x23 0x4F 0x64 0x32,0x4018,ACK
0.1934907000,32,Data,0x100,0x8,0x00 0x00 0x00 0x40 0x23 0x4F 0x64 0x32,0x4018,ACK
0.1937369000,33,Data,0x203,0x8,0x03 0x00 0x57 0x00 0x57 0x00 0x00 0x00,0x4E35,ACK
0.1939792000,34,Data,0x204,0x8,0x00 0x00 0x00 0x00 0x00 0x00 0x00 0x00,0x79D1,ACK
0.1942354000,35,Data,0x205,0x8,0x00 0x00 0x00 0x00 0x00 0x00 0x00 0x00,0x72CA,ACK
0.1945337000,36,Data,0x209,0x8,0x9F 0x27 0x10 0x04 0x90 0x49 0x00 0x00,0x59C2,ACK
0.1947759000,37,Data,0x20A,0x8,0x00 0x00 0x00 0x00 0x00 0x00 0x00 0x00,0x1B53,ACK
0.1950322000,38,Data,0x20B,0x8,0xBC 0x02 0x64 0x00 0x01 0xC8 0x00 0x00,0x021C,ACK
0.1952764000,39,Data,0x20C,0x8,0x00 0xC4 0x50 0x34 0x1E 0x07 0x00 0x00,0x214C,ACK
0.2043904000,40,Data,0x212,0x8,0x52 0x01 0x00 0xC9 0x00 0x00 0x00 0x2A,0x2C4E,ACK
0.2046527000,41,Data,0x211,0x8,0xE4 0x00 0x2A 0x00 0x00 0x00 0x00 0x00,0x0D4D,ACK
0.2049109000,42,Data,0x343,0x8,0x00 0x00 0x00 0x00 0x00 0x00 0x00 0x00,0x33F5,ACK
0.2051672000,43,Data,0x401,0x8,0x00 0x00 0x34 0x00 0x05 0x2C 0x00 0x00,0x20D2,ACK
0.2134712000,44,Data,0x100,0x8,0x00 0x00 0x00 0x40 0x23 0x4F 0x64 0x32,0x4018,ACK
0.2334711000,45,Data,0x100,0x8,0x00 0x00 0x00 0x40 0x23 0x4F 0x64 0x32,0x4018,ACK
0.2534710000,46,Data,0x100,0x8,0x00 0x00 0x00 0x40 0x23 0x4F 0x64 0x32,0x4018,ACK
0.2547332000,47,Data,0x310,0x8,0xF1 0x0E 0x78 0x05 0x17 0x02 0x01 0xC8,0x439C,ACK
0.2734691000,48,Data,0x100,0x8,0x00 0x00 0x00 0x40 0x23 0x4F 0x64 0x32,0x4018,ACK
0.2738672000,49,Data,0x311,0x8,0x39 0x1E 0x07 0x3F 0x90 0x01 0x00 0x00,0x66BC,ACK
0.2935091000,50,Data,0x100,0x8,0x00 0x00 0x00 0x40 0x23 0x4F 0x64 0x32,0x4018,ACK
0.2937533000,51,Data,0x203,0x8,0x03 0x00 0x57 0x00 0x57 0x00 0x00 0x00,0x4E35,ACK
0.2939976000,52,Data,0x204,0x8,0x00 0x00 0x00 0x00 0x00 0x00 0x00 0x00,0x79D1,ACK
0.2942538000,53,Data,0x205,0x8,0x00 0x00 0x00 0x00 0x00 0x00 0x00 0x00,0x72CA,ACK
0.2945461000,54,Data,0x209,0x8,0x9F 0x27 0x10 0x04 0x90 0x49 0x00 0x00,0x59C2,ACK
0.2947863000,55,Data,0x20A,0x8,0x00 0x00 0x00 0x00 0x00 0x00 0x00 0x00,0x1B53,ACK
0.2950425000,56,Data,0x20B,0x8,0xBC 0x02 0x64 0x00 0x01 0xC8 0x00 0x00,0x021C,ACK
0.2952888000,57,Data,0x20C,0x8,0x00 0xC4 0x50 0x34 0x1E 0x07 0x00 0x00,0x214C,ACK
0.2955350000,58,Data,0x301,0x8,0x00 0x00 0x00 0x00 0x00 0x00 0x00 0x00,0x7E55,ACK
0.2957913000,59,Data,0x302,0x2,0x00 0xFF,0x6FC0,ACK
0.2959355000,60,Data,0x485,0x8,0x22 0x00 0x00 0x00 0x0C 0x02 0x48 0x0C,0x1FCE,ACK
0.2961798000,61,Data,0x480,0x8,0x00 0x00 0x00 0x00 0x20 0x00 0x00 0x00,0x2C46,ACK
0.2964360000,62,Data,0x481,0x8,0x32 0x0A 0x28 0x08 0x00 0x00 0x00 0x00,0x1D9A,ACK
0.2966863000,63,Data,0x482,0x8,0x52 0x01 0x02 0x00 0x00 0x00 0x00 0x00,0x36EA,ACK
0.2969345000,64,Data,0x483,0x8,0x31 0x4B 0x31 0x55 0x41 0x32 0x35 0x35,0x717E,ACK
0.2971688000,65,Data,0x484,0x8,0x31 0x50 0x33 0x39 0x36 0x35 0x00 0x00,0x0196,ACK
0.3043788000,66,Data,0x212,0x8,0x52 0x01 0x00 0xC9 0x00 0x00 0x00 0x2A,0x2C4E,ACK
0.3046390000,67,Data,0x211,0x8,0xE4 0x00 0x2A 0x00 0x00 0x00 0x00 0x00,0x0D4D,ACK
0.3048953000,68,Data,0x343,0x8,0x00 0x00 0x00 0x00 0x00 0x00 0x00 0x00,0x33F5,ACK
0.3051555000,69,Data,0x341,0x8,0x00 0x00 0x00 0x00 0x02 0x00 0x00 0x00,0x1833,ACK
0.3054537000,70,Data,0x342,0x8,0x23 0x00 0x64 0x00 0x00 0xC4 0x28 0x34,0x6836,ACK
0.3057120000,71,Data,0x344,0x8,0x00 0x00 0x00 0x03 0x00 0x00 0x00 0x00,0x6F15,ACK
0.3134700000,72,Data,0x100,0x8,0x00 0x00 0x00 0x40 0x23 0x4F 0x64 0x32,0x4018,ACK
0.3334700000,73,Data,0x100,0x8,0x00 0x00 0x00 0x40 0x23 0x4F 0x64 0x32,0x4018,ACK
0.3534700000,74,Data,0x100,0x8,0x00 0x00 0x00 0x40 0x23 0x4F 0x64 0x32,0x4018,ACK
0.3734680000,75,Data,0x100,0x8,0x00 0x00 0x00 0x40 0x23 0x4F 0x64 0x32,0x4018,ACK
0.3934879000,76,Data,0x100,0x8,0x00 0x00 0x00 0x40 0x23 0x4F 0x64 0x32,0x4018,ACK
0.3937341000,77,Data,0x203,0x8,0x03 0x00 0x57 0x00 0x57 0x00 0x00 0x00,0x4E35,ACK
0.3939762000,78,Data,0x204,0x8,0x00 0x00 0x00 0x00 0x00 0x00 0x00 0x00,0x79D1,ACK
0.3942323000,79,Data,0x205,0x8,0x00 0x00 0x00 0x00 0x00 0x00 0x00 0x00,0x72CA,ACK
0.3945324000,80,Data,0x209,0x8,0x9F 0x27 0x10 0x04 0x90 0x49 0x00 0x00,0x59C2,ACK
0.3947726000,81,Data,0x20A,0x8,0x00 0x00 0x00 0x00 0x00 0x00 0x00 0x00,0x1B53,ACK
0.3950267000,82,Data,0x20B,0x8,0xBC 0x02 0x64 0x00 0x01 0xC8 0x00 0x00,0x021C,ACK
0.3952708000,83,Data,0x20C,0x8,0x00 0xC4 0x50 0x34 0x1E 0x07 0x00 0x00,0x214C,ACK
0.4043687000,84,Data,0x212,0x8,0x52 0x01 0x00 0xC9 0x00 0x00 0x00 0x2A,0x2C4E,ACK
0.4046268000,85,Data,0x211,0x8,0xE4 0x00 0x2A 0x00 0x00 0x00 0x00 0x00,0x0D4D,ACK
0.4049090000,86,Data,0x343,0x8,0x00 0x00 0x00 0x00 0x00 0x00 0x00 0x00,0x33F5,ACK
0.4134669000,87,Data,0x100,0x8,0x00 0x00 0x00 0x40 0x23 0x4F 0x64 0x32,0x4018,ACK
0.4334669000,88,Data,0x100,0x8,0x00 0x00 0x00 0x40 0x23 0x4F 0x64 0x32,0x4018,ACK
0.4534669000,89,Data,0x100,0x8,0x00 0x00 0x00 0x40 0x23 0x4F 0x64 0x32,0x4018,ACK
0.4553109000,90,Data,0x310,0x8,0xF1 0x0E 0x78 0x05 0x17 0x02 0x01 0xC8,0x439C,ACK
0.4734668000,91,Data,0x100,0x8,0x00 0x00 0x00 0x40 0x23 0x4F 0x64 0x32,0x4018,ACK
0.4744389000,92,Data,0x311,0x8,0x39 0x1E 0x07 0x3F 0x90 0x01 0x00 0x00,0x66BC,ACK
0.4874192000,93,Data,0x425,0x8,0x01 0x64 0x49 0x57 0x57 0x58 0x01 0xFF,0x3E52,ACK
0.4876555000,94,Data,0x429,0x8,0x20 0x00 0x00 0x00 0x00 0x00 0x00 0x00,0x7AC7,ACK
0.4879037000,95,Data,0x420,0x8,0xA3 0x14 0xF4 0xFF 0x66 0x03 0x00 0x00,0x48AF,ACK
0.4934938000,96,Data,0x100,0x8,0x00 0x00 0x00 0x40 0x23 0x4F 0x64 0x32,0x4018,ACK
0.4937381000,97,Data,0x203,0x8,0x03 0x00 0x57 0x00 0x57 0x00 0x00 0x00,0x4E35,ACK
0.4939803000,98,Data,0x204,0x8,0x00 0x00 0x00 0x00 0x00 0x00 0x00 0x00,0x79D1,ACK
0.4942366000,99,Data,0x205,0x8,0x00 0x00 0x00 0x00 0x00 0x00 0x00 0x00,0x72CA,ACK
0.4945448000,100,Data,0x209,0x8,0x9F 0x27 0x10 0x04 0x90 0x49 0x00 0x00,0x59C2,ACK
0.4947850000,101,Data,0x20A,0x8,0x00 0x00 0x00 0x00 0x00 0x00 0x00 0x00,0x1B53,ACK
0.4950393000,102,Data,0x20B,0x8,0xBC 0x02 0x64 0x00 0x01 0xC8 0x00 0x00,0x021C,ACK
0.4952835000,103,Data,0x20C,0x8,0x00 0xC4 0x50 0x34 0x1E 0x07 0x00 0x00,0x214C,ACK
0.4955318000,104,Data,0x301,0x8,0x00 0x00 0x00 0x00 0x00 0x00 0x00 0x00,0x7E55,ACK
0.4957880000,105,Data,0x302,0x2,0x00 0xFF,0x6FC0,ACK
0.4959343000,106,Data,0x485,0x8,0x22 0x00 0x00 0x00 0x0C 0x02 0x48 0x0C,0x1FCE,ACK
0.5043863000,107,Data,0x212,0x8,0x52 0x01 0x00 0xC9 0x00 0x00 0x00 0x2A,0x2C4E,ACK
0.5046445000,108,Data,0x211,0x8,0xE4 0x00 0x2A 0x00 0x00 0x00 0x00 0x00,0x0D4D,ACK
0.5049048000,109,Data,0x343,0x8,0x00 0x00 0x00 0x00 0x00 0x00 0x00 0x00,0x33F5,ACK
0.5051610000,110,Data,0x341,0x8,0x00 0x00 0x00 0x00 0x02 0x00 0x00 0x00,0x1833,ACK
0.5054613000,111,Data,0x342,0x8,0x23 0x00 0x64 0x00 0x00 0xC4 0x28 0x34,0x6836,ACK
0.5057215000,112,Data,0x344,0x8,0x00 0x00 0x00 0x03 0x00 0x00 0x00 0x00,0x6F15,ACK
0.5134675000,113,Data,0x100,0x8,0x00 0x00 0x00 0x40 0x23 0x4F 0x64 0x32,0x4018,ACK
0.5334675000,114,Data,0x100,0x8,0x00 0x00 0x00 0x40 0x23 0x4F 0x64 0x32,0x4018,ACK
0.5388378000,115,Data,0x422,0x8,0x00 0x00 0x20 0x00 0x15 0x00 0x02 0x00,0x33F1,ACK
0.5392340000,116,Data,0x423,0x8,0xBC 0x02 0x64 0x00 0x3D 0x00 0x01 0x00,0x4EF3,ACK
0.5426643000,117,Data,0x421,0x8,0x38 0x36 0x31 0x34 0xFB 0x04 0x55 0x04,0x0DC7,ACK
0.5534662000,118,Data,0x100,0x8,0x00 0x00 0x00 0x40 0x23 0x4F 0x64 0x32,0x4018,ACK
0.5734662000,119,Data,0x100,0x8,0x00 0x00 0x00 0x40 0x23 0x4F 0x64 0x32,0x4018,ACK
0.5934862000,120,Data,0x100,0x8,0x00 0x00 0x00 0x40 0x23 0x4F 0x64 0x32,0x4018,ACK
0.5937304000,121,Data,0x203,0x8,0x03 0x00 0x57 0x00 0x57 0x00 0x00 0x00,0x4E35,ACK
0.5939727000,122,Data,0x204,0x8,0x00 0x00 0x00 0x00 0x00 0x00 0x00 0x00,0x79D1,ACK
0.5942289000,123,Data,0x205,0x8,0x00 0x00 0x00 0x00 0x00 0x00 0x00 0x00,0x72CA,ACK
0.5945312000,124,Data,0x209,0x8,0x9F 0x27 0x10 0x04 0x90 0x49 0x00 0x00,0x59C2,ACK
0.5947734000,125,Data,0x20A,0x8,0x00 0x00 0x00 0x00 0x00 0x00 0x00 0x00,0x1B53,ACK
0.5950297000,126,Data,0x20B,0x8,0xBC 0x02 0x64 0x00 0x01 0xC8 0x00 0x00,0x021C,ACK
0.5952739000,127,Data,0x20C,0x8,0x00 0xC4 0x50 0x34 0x1E 0x07 0x00 0x00,0x214C,ACK
0.6043599000,128,Data,0x212,0x8,0x52 0x01 0x00 0xC9 0x00 0x00 0x00 0x2A,0x2C4E,ACK
0.6046241000,129,Data,0x211,0x8,0xE4 0x00 0x2A 0x00 0x00 0x00 0x00 0x00,0x0D4D,ACK
0.6048784000,130,Data,0x343,0x8,0x00 0x00 0x00 0x00 0x00 0x00 0x00 0x00,0x33F5,ACK
0.6134644000,131,Data,0x100,0x8,0x00 0x00 0x00 0x40 0x23 0x4F 0x64 0x32,0x4018,ACK
0.6334644000,132,Data,0x100,0x8,0x00 0x00 0x00 0x40 0x23 0x4F 0x64 0x32,0x4018,ACK
0.6534642000,133,Data,0x100,0x8,0x00 0x00 0x00 0x40 0x23 0x4F 0x64 0x32,0x4018,ACK
0.6549784000,134,Data,0x310,0x8,0xF1 0x0E 0x78 0x05 0x17 0x02 0x01 0xC8,0x439C,ACK
0.6734662000,135,Data,0x100,0x8,0x00 0x00 0x00 0x40 0x23 0x4F 0x64 0x32,0x4018,ACK
0.6741184000,136,Data,0x311,0x8,0x39 0x1E 0x07 0x3F 0x90 0x01 0x00 0x00,0x66BC,ACK
0.6934923000,137,Data,0x100,0x8,0x00 0x00 0x00 0x40 0x23 0x4F 0x64 0x32,0x4018,ACK
0.6937386000,138,Data,0x203,0x8,0x03 0x00 0x57 0x00 0x57 0x00 0x00 0x00,0x4E35,ACK
0.6939808000,139,Data,0x204,0x8,0x00 0x00 0x00 0x00 0x00 0x00 0x00 0x00,0x79D1,ACK
0.6942371000,140,Data,0x205,0x8,0x00 0x00 0x00 0x00 0x00 0x00 0x00 0x00,0x72CA,ACK
0.6945273000,141,Data,0x209,0x8,0x9F 0x27 0x10 0x04 0x90 0x49 0x00 0x00,0x59C2,ACK
0.6947695000,142,Data,0x20A,0x8,0x00 0x00 0x00 0x00 0x00 0x00 0x00 0x00,0x1B53,ACK
0.6950258000,143,Data,0x20B,0x8,0xBC 0x02 0x64 0x00 0x01 0xC8 0x00 0x00,0x021C,ACK
0.6952700000,144,Data,0x20C,0x8,0x00 0xC4 0x50 0x34 0x1E 0x07 0x00 0x00,0x214C,ACK
0.6955183000,145,Data,0x301,0x8,0x00 0x00 0x00 0x00 0x00 0x00 0x00 0x00,0x7E55,ACK
0.6957765000,146,Data,0x302,0x2,0x00 0xFF,0x6FC0,ACK
0.6959228000,147,Data,0x485,0x8,0x22 0x00 0x00 0x00 0x0C 0x02 0x48 0x0C,0x1FCE,ACK
0.7043968000,148,Data,0x212,0x8,0x52 0x01 0x00 0xC9 0x00 0x00 0x00 0x2A,0x2C4E,ACK
0.7046591000,149,Data,0x211,0x8,0xE4 0x00 0x2A 0x00 0x00 0x00 0x00 0x00,0x0D4D,ACK
0.7049153000,150,Data,0x343,0x8,0x00 0x00 0x00 0x00 0x00 0x00 0x00 0x00,0x33F5,ACK
0.7051755000,151,Data,0x341,0x8,0x00 0x00 0x00 0x00 0x02 0x00 0x00 0x00,0x1833,ACK
0.7054718000,152,Data,0x342,0x8,0x23 0x00 0x64 0x00 0x00 0xC4 0x28 0x34,0x6836,ACK
0.7057280000,153,Data,0x344,0x8,0x00 0x00 0x00 0x03 0x00 0x00 0x00 0x00,0x6F15,ACK
0.7059883000,154,Data,0x401,0x8,0x00 0x00 0x34 0x00 0x05 0x2C 0x00 0x00,0x20D2,ACK
0.7134643000,155,Data,0x100,0x8,0x00 0x00 0x00 0x40 0x23 0x4F 0x64 0x32,0x4018,ACK
0.7334643000,156,Data,0x100,0x8,0x00 0x00 0x00 0x40 0x23 0x4F 0x64 0x32,0x4018,ACK
0.7534642000,157,Data,0x100,0x8,0x00 0x00 0x00 0x40 0x23 0x4F 0x64 0x32,0x4018,ACK
0.7734642000,158,Data,0x100,0x8,0x00 0x00 0x00 0x40 0x23 0x4F 0x64 0x32,0x4018,ACK
0.7934842000,159,Data,0x100,0x8,0x00 0x00 0x00 0x40 0x23 0x4F 0x64 0x32,0x4018,ACK
0.7937284000,160,Data,0x203,0x8,0x03 0x00 0x57 0x00 0x57 0x00 0x00 0x00,0x4E35,ACK
0.7939727000,161,Data,0x204,0x8,0x00 0x00 0x00 0x00 0x00 0x00 0x00 0x00,0x79D1,ACK
0.7942289000,162,Data,0x205,0x8,0x00 0x00 0x00 0x00 0x00 0x00 0x00 0x00,0x72CA,ACK
0.7945392000,163,Data,0x209,0x8,0x9F 0x27 0x10 0x04 0x90 0x49 0x00 0x00,0x59C2,ACK
0.7947794000,164,Data,0x20A,0x8,0x00 0x00 0x00 0x00 0x00 0x00 0x00 0x00,0x1B53,ACK
0.7950337000,165,Data,0x20B,0x8,0xBC 0x02 0x64 0x00 0x01 0xC8 0x00 0x00,0x021C,ACK
0.7952779000,166,Data,0x20C,0x8,0x00 0xC4 0x50 0x34 0x1E 0x07 0x00 0x00,0x214C,ACK
0.8043739000,167,Data,0x212,0x8,0x52 0x01 0x00 0xC9 0x00 0x00 0x00 0x2A,0x2C4E,ACK
0.8046321000,168,Data,0x211,0x8,0xE4 0x00 0x2A 0x00 0x00 0x00 0x00 0x00,0x0D4D,ACK
0.8048924000,169,Data,0x343,0x8,0x00 0x00 0x00 0x00 0x00 0x00 0x00 0x00,0x33F5,ACK
0.8134644000,170,Data,0x100,0x8,0x00 0x00 0x00 0x40 0x23 0x4F 0x64 0x32,0x4018,ACK
0.8334624000,171,Data,0x100,0x8,0x00 0x00 0x00 0x40 0x23 0x4F 0x64 0x32,0x4018,ACK
0.8534624000,172,Data,0x100,0x8,0x00 0x00 0x00 0x40 0x23 0x4F 0x64 0x32,0x4018,ACK
0.8555906000,173,Data,0x310,0x8,0xF1 0x0E 0x78 0x05 0x17 0x02 0x01 0xC8,0x439C,ACK
0.8734625000,174,Data,0x100,0x8,0x00 0x00 0x00 0x40 0x23 0x4F 0x64 0x32,0x4018,ACK
0.8747286000,175,Data,0x311,0x8,0x39 0x1E 0x07 0x3F 0x90 0x01 0x00 0x00,0x66BC,ACK
0.8934884000,176,Data,0x100,0x8,0x00 0x00 0x00 0x40 0x23 0x4F 0x64 0x32,0x4018,ACK
0.8937306000,177,Data,0x203,0x8,0x03 0x00 0x57 0x00 0x57 0x00 0x00 0x00,0x4E35,ACK
0.8939747000,178,Data,0x204,0x8,0x00 0x00 0x00 0x00 0x00 0x00 0x00 0x00,0x79D1,ACK
0.8942308000,179,Data,0x205,0x8,0x00 0x00 0x00 0x00 0x00 0x00 0x00 0x00,0x72CA,ACK
0.8945389000,180,Data,0x209,0x8,0x9F 0x27 0x10 0x04 0x90 0x49 0x00 0x00,0x59C2,ACK
0.8947790000,181,Data,0x20A,0x8,0x00 0x00 0x00 0x00 0x00 0x00 0x00 0x00,0x1B53,ACK
0.8950332000,182,Data,0x20B,0x8,0xBC 0x02 0x64 0x00 0x01 0xC8 0x00 0x00,0x021C,ACK
0.8952773000,183,Data,0x20C,0x8,0x00 0xC4 0x50 0x34 0x1E 0x07 0x00 0x00,0x214C,ACK
0.8955254000,184,Data,0x301,0x8,0x00 0x00 0x00 0x00 0x00 0x00 0x00 0x00,0x7E55,ACK
0.8957815000,185,Data,0x302,0x2,0x00 0xFF,0x6FC0,ACK
0.8959257000,186,Data,0x485,0x8,0x22 0x00 0x00 0x00 0x0C 0x02 0x48 0x0C,0x1FCE,ACK
0.9043676000,187,Data,0x212,0x8,0x52 0x01 0x00 0xC9 0x00 0x00 0x00 0x2A,0x2C4E,ACK
0.9046257000,188,Data,0x211,0x8,0xE4 0x00 0x2A 0x00 0x00 0x00 0x00 0x00,0x0D4D,ACK
0.9048860000,189,Data,0x343,0x8,0x00 0x00 0x00 0x00 0x00 0x00 0x00 0x00,0x33F5,ACK
0.9051642000,190,Data,0x341,0x8,0x00 0x00 0x00 0x00 0x02 0x00 0x00 0x00,0x1833,ACK
0.9054424000,191,Data,0x342,0x8,0x23 0x00 0x64 0x00 0x00 0xC4 0x28 0x34,0x6836,ACK
0.9056987000,192,Data,0x344,0x8,0x00 0x00 0x00 0x03 0x00 0x00 0x00 0x00,0x6F15,ACK
0.9134607000,193,Data,0x100,0x8,0x00 0x00 0x00 0x40 0x23 0x4F 0x64 0x32,0x4018,ACK
0.9334626000,194,Data,0x100,0x8,0x00 0x00 0x00 0x40 0x23 0x4F 0x64 0x32,0x4018,ACK
0.9534626000,195,Data,0x100,0x8,0x00 0x00 0x00 0x40 0x23 0x4F 0x64 0x32,0x4018,ACK
0.9734626000,196,Data,0x100,0x8,0x00 0x00 0x00 0x40 0x23 0x4F 0x64 0x32,0x4018,ACK
0.9845967000,197,Data,0x501,0x8,0xB4 0xC1 0x83 0x58 0x51 0xE5 0xB2 0x6B,0x057E,ACK
0.9848270000,198,Data,0x502,0x8,0x32 0xAC 0x86 0x0E 0x1A 0xB9 0x00 0x00,0x0E93,ACK
0.9870972000,199,Data,0x424,0x8,0x69 0x3E 0x4D 0x69 0x00 0x00 0x00 0x00,0x5C29,ACK
0.9873355000,200,Data,0x425,0x8,0x01 0x64 0x49 0x57 0x57 0x58 0x01 0xFF,0x3E52,ACK
0.9875717000,201,Data,0x429,0x8,0x20 0x00 0x00 0x00 0x00 0x00 0x00 0x00,0x7AC7,ACK
0.9934798000,202,Data,0x100,0x8,0x00 0x00 0x00 0x40 0x23 0x4F 0x64 0x32,0x4018,ACK
0.9937241000,203,Data,0x203,0x8,0x03 0x00 0x57 0x00 0x57 0x00 0x00 0x00,0x4E35,ACK
0.9939663000,204,Data,0x204,0x8,0x00 0x00 0x00 0x00 0x00 0x00 0x00 0x00,0x79D1,ACK
0.9942246000,205,Data,0x205,0x8,0x00 0x00 0x00 0x00 0x00 0x00 0x00 0x00,0x72CA,ACK
0.9945248000,206,Data,0x209,0x8,0x9F 0x27 0x10 0x04 0x90 0x49 0x00 0x00,0x59C2,ACK
0.9947651000,207,Data,0x20A,0x8,0x00 0x00 0x00 0x00 0x00 0x00 0x00 0x00,0x1B53,ACK
0.9950193000,208,Data,0x20B,0x8,0xBC 0x02 0x64 0x00 0x01 0xC8 0x00 0x00,0x021C,ACK
0.9952635000,209,Data,0x20C,0x8,0x00 0xC4 0x50 0x34 0x1E 0x07 0x00 0x00,0x214C,ACK
1.0043455000,210,Data,0x212,0x8,0x52 0x01 0x00 0xC9 0x00 0x00 0x00 0x2A,0x2C4E,ACK
1.0045858000,211,Data,0x211,0x8,0xE4 0x00 0x2A 0x00 0x00 0x00 0x00 0x00,0x0D4D,ACK
1.0048420000,212,Data,0x343,0x8,0x00 0x00 0x00 0x00 0x00 0x00 0x00 0x00,0x33F5,ACK
1.0134600000,213,Data,0x100,0x8,0x00 0x00 0x00 0x40 0x23 0x4F 0x64 0x32,0x4018,ACK
1.0334600000,214,Data,0x100,0x8,0x00 0x00 0x00 0x40 0x23 0x4F 0x64 0x32,0x4018,ACK
1.0390843000,215,Data,0x423,0x8,0xBC 0x02 0x64 0x00 0x3D 0x00 0x01 0x00,0x4EF3,ACK
1.0403125000,216,Data,0x420,0x8,0xA3 0x14 0xF6 0xFF 0x66 0x03 0x00 0x00,0x74F7,ACK
1.0408768000,217,Data,0x422,0x8,0x00 0x00 0x20 0x00 0x15 0x00 0x02 0x00,0x33F1,ACK
1.0426210000,218,Data,0x421,0x8,0x38 0x36 0x31 0x34 0xFB 0x04 0x55 0x04,0x0DC7,ACK
1.0534610000,219,Data,0x100,0x8,0x00 0x00 0x00 0x40 0x23 0x4F 0x64 0x32,0x4018,ACK
1.0551053000,220,Data,0x310,0x8,0xF1 0x0E 0x78 0x05 0x17 0x02 0x01 0xC8,0x439C,ACK
1.0734592000,221,Data,0x100,0x8,0x00 0x00 0x00 0x40 0x23 0x4F 0x64 0x32,0x4018,ACK
1.0742353000,222,Data,0x311,0x8,0x39 0x1E 0x07 0x3F 0x90 0x01 0x00 0x00,0x66BC,ACK
1.0934852000,223,Data,0x100,0x8,0x00 0x00 0x00 0x40 0x23 0x4F 0x64 0x32,0x4018,ACK
1.0937314000,224,Data,0x203,0x8,0x03 0x00 0x57 0x00 0x57 0x00 0x00 0x00,0x4E35,ACK
1.0939737000,225,Data,0x204,0x8,0x00 0x00 0x00 0x00 0x00 0x00 0x00 0x00,0x79D1,ACK
1.0942299000,226,Data,0x205,0x8,0x00 0x00 0x00 0x00 0x00 0x00 0x00 0x00,0x72CA,ACK
1.0945362000,227,Data,0x209,0x8,0x9F 0x27 0x10 0x04 0x90 0x49 0x00 0x00,0x59C2,ACK
1.0947764000,228,Data,0x20A,0x8,0x00 0x00 0x00 0x00 0x00 0x00 0x00 0x00,0x1B53,ACK
1.0950327000,229,Data,0x20B,0x8,0xBC 0x02 0x64 0x00 0x01 0xC8 0x00 0x00,0x021C,ACK
1.0952769000,230,Data,0x20C,0x8,0x00 0xC4 0x50 0x34 0x1E 0x07 0x00 0x00,0x214C,ACK
1.0955252000,231,Data,0x301,0x8,0x00 0x00 0x00 0x00 0x00 0x00 0x00 0x00,0x7E55,ACK
1.0957814000,232,Data,0x302,0x2,0x00 0xFF,0x6FC0,ACK
1.0959277000,233,Data,0x485,0x8,0x22 0x00 0x00 0x00 0x0C 0x02 0x48 0x0C,0x1FCE,ACK
1.1043796000,234,Data,0x212,0x8,0x52 0x01 0x00 0xC9 0x00 0x00 0x00 0x2A,0x2C4E,ACK
1.1046419000,235,Data,0x211,0x8,0xE4 0x00 0x2A 0x00 0x00 0x00 0x00 0x00,0x0D4D,ACK
1.1048981000,236,Data,0x343,0x8,0x00 0x00 0x00 0x00 0x00 0x00 0x00 0x00,0x33F5,ACK
1.1051783000,237,Data,0x341,0x8,0x00 0x00 0x00 0x00 0x02 0x00 0x00 0x00,0x1833,ACK
1.1054526000,238,Data,0x342,0x8,0x23 0x00 0x64 0x00 0x00 0xC4 0x28 0x34,0x6836,ACK
1.1057128000,239,Data,0x344,0x8,0x00 0x00 0x00 0x03 0x00 0x00 0x00 0x00,0x6F15,ACK
1.1134469000,240,Data,0x100,0x8,0x00 0x00 0x00 0x40 0x23 0x4F 0x64 0x32,0x4018,ACK
1.1334589000,241,Data,0x100,0x8,0x00 0x00 0x00 0x40 0x23 0x4F 0x64 0x32,0x4018,ACK
1.1534567000,242,Data,0x100,0x8,0x00 0x00 0x00 0x40 0x23 0x4F 0x64 0x32,0x4018,ACK
1.1734567000,243,Data,0x100,0x8,0x00 0x00 0x00 0x40 0x23 0x4F 0x64 0x32,0x4018,ACK
1.1934767000,244,Data,0x100,0x8,0x00 0x00 0x00 0x40 0x23 0x4F 0x64 0x32,0x4018,ACK
1.1937209000,245,Data,0x203,0x8,0x03 0x00 0x57 0x00 0x57 0x00 0x00 0x00,0x4E35,ACK
1.1939652000,246,Data,0x204,0x8,0x00 0x00 0x00 0x00 0x00 0x00 0x00 0x00,0x79D1,ACK
1.1942214000,247,Data,0x205,0x8,0x00 0x00 0x00 0x00 0x00 0x00 0x00 0x00,0x72CA,ACK
1.1945337000,248,Data,0x209,0x8,0x9F 0x27 0x10 0x04 0x90 0x49 0x00 0x00,0x59C2,ACK
1.1947739000,249,Data,0x20A,0x8,0x00 0x00 0x00 0x00 0x00 0x00 0x00 0x00,0x1B53,ACK
1.1950282000,250,Data,0x20B,0x8,0xBC 0x02 0x64 0x00 0x01 0xC8 0x00 0x00,0x021C,ACK
1.1952744000,251,Data,0x20C,0x8,0x00 0xC4 0x50 0x34 0x1E 0x07 0x00 0x00,0x214C,ACK
1.2043664000,252,Data,0x212,0x8,0x52 0x01 0x00 0xC9 0x00 0x00 0x00 0x2A,0x2C4E,ACK
1.2046227000,253,Data,0x211,0x8,0xE4 0x00 0x2A 0x00 0x00 0x00 0x00 0x00,0x0D4D,ACK
1.2049049000,254,Data,0x343,0x8,0x00 0x00 0x00 0x00 0x00 0x00 0x00 0x00,0x33F5,ACK
1.2051612000,255,Data,0x401,0x8,0x00 0x00 0x34 0x00 0x05 0x2C 0x00 0x00,0x20D2,ACK
1.2134592000,256,Data,0x100,0x8,0x00 0x00 0x00 0x40 0x23 0x4F 0x64 0x32,0x4018,ACK
1.2212013000,257,Extend Data,0x18EF073E,0x4,0x01 0x01 0x8F 0x02,0x64A1,ACK
1.2334574000,258,Data,0x100,0x8,0x00 0x00 0x00 0x40 0x23 0x4F 0x64 0x32,0x4018,ACK
1.2384395000,259,Extend Data,0x18EF3E07,0x5,0x01 0x04 0x8F 0x57 0x00,0x3086,ACK
1.2534554000,260,Data,0x100,0x8,0x00 0x00 0x00 0x40 0x23 0x4F 0x64 0x32,0x4018,ACK
1.2563115000,261,Data,0x310,0x8,0xF1 0x0E 0x78 0x05 0x17 0x02 0x01 0xC8,0x439C,ACK
1.2734573000,262,Data,0x100,0x8,0x00 0x00 0x00 0x40 0x23 0x4F 0x64 0x32,0x4018,ACK
1.2754395000,263,Data,0x311,0x8,0x39 0x1E 0x07 0x3F 0x90 0x01 0x00 0x00,0x66BC,ACK
1.2825956000,264,Extend Data,0x18EF073E,0x4,0x01 0x01 0x8C 0x02,0x6D52,ACK
1.2832998000,265,Extend Data,0x18EF3E07,0x5,0x01 0x04 0x8C 0xA3 0x14,0x30EE,ACK
1.2934958000,266,Data,0x100,0x8,0x00 0x00 0x00 0x40 0x23 0x4F 0x64 0x32,0x4018,ACK
1.2937401000,267,Data,0x203,0x8,0x03 0x00 0x57 0x00 0x57 0x00 0x00 0x00,0x4E35,ACK
1.2939823000,268,Data,0x204,0x8,0x00 0x00 0x00 0x00 0x00 0x00 0x00 0x00,0x79D1,ACK
1.2942386000,269,Data,0x205,0x8,0x00 0x00 0x00 0x00 0x00 0x00 0x00 0x00,0x72CA,ACK
1.2945328000,270,Data,0x209,0x8,0x9F 0x27 0x10 0x04 0x90 0x49 0x00 0x00,0x59C2,ACK
1.2947730000,271,Data,0x20A,0x8,0x00 0x00 0x00 0x00 0x00 0x00 0x00 0x00,0x1B53,ACK
1.2950273000,272,Data,0x20B,0x8,0xBC 0x02 0x64 0x00 0x01 0xC8 0x00 0x00,0x021C,ACK
1.2952715000,273,Data,0x20C,0x8,0x00 0xC4 0x50 0x34 0x1E 0x07 0x00 0x00,0x214C,ACK
1.2955198000,274,Data,0x301,0x8,0x00 0x00 0x00 0x00 0x00 0x00 0x00 0x00,0x7E55,ACK
1.2957760000,275,Data,0x302,0x2,0x00 0xFF,0x6FC0,ACK
1.2959223000,276,Data,0x485,0x8,0x22 0x00 0x00 0x00 0x0C 0x02 0x48 0x0C,0x1FCE,ACK
1.2961665000,277,Data,0x480,0x8,0x00 0x00 0x00 0x00 0x20 0x00 0x00 0x00,0x2C46,ACK
1.2964228000,278,Data,0x481,0x8,0x32 0x0A 0x28 0x08 0x00 0x00 0x00 0x00,0x1D9A,ACK
1.2966710000,279,Data,0x482,0x8,0x52 0x01 0x02 0x00 0x00 0x00 0x00 0x00,0x36EA,ACK
1.2969193000,280,Data,0x483,0x8,0x31 0x4B 0x31 0x55 0x41 0x32 0x35 0x35,0x717E,ACK
1.2971535000,281,Data,0x484,0x8,0x31 0x50 0x33 0x39 0x36 0x35 0x00 0x00,0x0196,ACK
1.3043435000,282,Data,0x212,0x8,0x52 0x01 0x00 0xC9 0x00 0x00 0x00 0x2A,0x2C4E,ACK
1.3045838000,283,Data,0x211,0x8,0xE4 0x00 0x2A 0x00 0x00 0x00 0x00 0x00,0x0D4D,ACK
1.3048440000,284,Data,0x343,0x8,0x00 0x00 0x00 0x00 0x00 0x00 0x00 0x00,0x33F5,ACK
1.3051002000,285,Data,0x341,0x8,0x00 0x00 0x00 0x00 0x02 0x00 0x00 0x00,0x1833,ACK
1.3053984000,286,Data,0x342,0x8,0x23 0x00 0x64 0x00 0x00 0xC4 0x28 0x34,0x6836,ACK
1.3056546000,287,Data,0x344,0x8,0x00 0x00 0x00 0x03 0x00 0x00 0x00 0x00,0x6F15,ACK
1.3134567000,288,Data,0x100,0x8,0x00 0x00 0x00 0x40 0x23 0x4F 0x64 0x32,0x4018,ACK
1.3334546000,289,Data,0x100,0x8,0x00 0x00 0x00 0x40 0x23 0x4F 0x64 0x32,0x4018,ACK
1.3534546000,290,Data,0x100,0x8,0x00 0x00 0x00 0x40 0x23 0x4F 0x64 0x32,0x4018,ACK
1.3563568000,291,Extend Data,0x18EF073E,0x4,0x01 0x01 0x8D 0x02,0x2974,ACK
1.3569091000,292,Extend Data,0x18EF3E07,0x5,0x01 0x04 0x8D 0xF4 0xFF,0x4895,ACK
1.3734430000,293,Data,0x100,0x8,0x00 0x00 0x00 0x40 0x23 0x4F 0x64 0x32,0x4018,ACK
1.3934728000,294,Data,0x100,0x8,0x00 0x00 0x00 0x40 0x23 0x4F 0x64 0x32,0x4018,ACK
1.3937189000,295,Data,0x203,0x8,0x03 0x00 0x57 0x00 0x57 0x00 0x00 0x00,0x4E35,ACK
1.3939612000,296,Data,0x204,0x8,0x00 0x00 0x00 0x00 0x00 0x00 0x00 0x00,0x79D1,ACK
1.3942174000,297,Data,0x205,0x8,0x00 0x00 0x00 0x00 0x00 0x00 0x00 0x00,0x72CA,ACK
1.3945317000,298,Data,0x209,0x8,0x9F 0x27 0x10 0x04 0x90 0x49 0x00 0x00,0x59C2,ACK
1.3947719000,299,Data,0x20A,0x8,0x00 0x00 0x00 0x00 0x00 0x00 0x00 0x00,0x1B53,ACK
1.3950282000,300,Data,0x20B,0x8,0xBC 0x02 0x64 0x00 0x01 0xC8 0x00 0x00,0x021C,ACK
1.3952724000,301,Data,0x20C,0x8,0x00 0xC4 0x50 0x34 0x1E 0x07 0x00 0x00,0x214C,ACK
1.4043324000,302,Data,0x212,0x8,0x52 0x01 0x00 0xC9 0x00 0x00 0x00 0x2A,0x2C4E,ACK
1.4045727000,303,Data,0x211,0x8,0xE4 0x00 0x2A 0x00 0x00 0x00 0x00 0x00,0x0D4D,ACK
1.4048289000,304,Data,0x343,0x8,0x00 0x00 0x00 0x00 0x00 0x00 0x00 0x00,0x33F5,ACK
1.4134549000,305,Data,0x100,0x8,0x00 0x00 0x00 0x40 0x23 0x4F 0x64 0x32,0x4018,ACK
1.4162471000,306,Extend Data,0x18EF073E,0x4,0x01 0x01 0x8E 0x02,0x2087,ACK
1.4334551000,307,Data,0x100,0x8,0x00 0x00 0x00 0x40 0x23 0x4F 0x64 0x32,0x4018,ACK
1.4389594000,308,Extend Data,0x18EF3E07,0x5,0x01 0x04 0x8E 0x64 0x00,0x13C8,ACK
1.4534554000,309,Data,0x100,0x8,0x00 0x00 0x00 0x40 0x23 0x4F 0x64 0x32,0x4018,ACK
1.4563274000,310,Data,0x310,0x8,0xF1 0x0E 0x78 0x05 0x17 0x02 0x01 0xC8,0x439C,ACK
1.4734533000,311,Data,0x100,0x8,0x00 0x00 0x00 0x40 0x23 0x4F 0x64 0x32,0x4018,ACK
1.4754555000,312,Data,0x311,0x8,0x39 0x1E 0x07 0x3F 0x90 0x01 0x00 0x00,0x66BC,ACK
1.4913153000,313,Extend Data,0x18EF073E,0x4,0x01 0x01 0x59 0x02,0x652F,ACK
1.4934796000,314,Data,0x100,0x8,0x00 0x00 0x00 0x40 0x23 0x4F 0x64 0x32,0x4018,ACK
1.4937258000,315,Data,0x203,0x8,0x03 0x00 0x57 0x00 0x57 0x00 0x00 0x00,0x4E35,ACK
1.4939681000,316,Data,0x204,0x8,0x00 0x00 0x00 0x00 0x00 0x00 0x00 0x00,0x79D1,ACK
1.4942243000,317,Data,0x205,0x8,0x00 0x00 0x00 0x00 0x00 0x00 0x00 0x00,0x72CA,ACK
1.4945306000,318,Data,0x209,0x8,0x9F 0x27 0x10 0x04 0x90 0x49 0x00 0x00,0x59C2,ACK
1.4947708000,319,Data,0x20A,0x8,0x00 0x00 0x00 0x00 0x00 0x00 0x00 0x00,0x1B53,ACK
1.4950270000,320,Data,0x20B,0x8,0xBC 0x02 0x64 0x00 0x01 0xC8 0x00 0x00,0x021C,ACK
1.4952713000,321,Data,0x20C,0x8,0x00 0xC4 0x50 0x34 0x1E 0x07 0x00 0x00,0x214C,ACK
1.4955195000,322,Data,0x301,0x8,0x00 0x00 0x00 0x00 0x00 0x00 0x00 0x00,0x7E55,ACK
1.4957758000,323,Data,0x302,0x2,0x00 0xFF,0x6FC0,ACK
1.4959220000,324,Data,0x485,0x8,0x22 0x00 0x00 0x00 0x0C 0x02 0x48 0x0C,0x1FCE,ACK
1.5043440000,325,Data,0x212,0x8,0x52 0x01 0x00 0xC9 0x00 0x00 0x00 0x2A,0x2C4E,ACK
1.5046043000,326,Data,0x211,0x8,0xE4 0x00 0x2A 0x00 0x00 0x00 0x00 0x00,0x0D4D,ACK
1.5048645000,327,Data,0x343,0x8,0x00 0x00 0x00 0x00 0x00 0x00 0x00 0x00,0x33F5,ACK
1.5051448000,328,Data,0x341,0x8,0x00 0x00 0x00 0x00 0x02 0x00 0x00 0x00,0x1833,ACK
1.5054190000,329,Data,0x342,0x8,0x23 0x00 0x64 0x00 0x00 0xC4 0x28 0x34,0x6836,ACK
1.5056793000,330,Data,0x344,0x8,0x00 0x00 0x00 0x03 0x00 0x00 0x00 0x00,0x6F15,ACK
1.5134533000,331,Data,0x100,0x8,0x00 0x00 0x00 0x40 0x23 0x4F 0x64 0x32,0x4018,ACK
1.5334533000,332,Data,0x100,0x8,0x00 0x00 0x00 0x40 0x23 0x4F 0x64 0x32,0x4018,ACK
1.5392675000,333,Extend Data,0x18EF3E07,0x5,0x01 0x04 0x59 0x00 0x00,0x4816,ACK
1.5394998000,334,Data,0x425,0x8,0x01 0x64 0x49 0x57 0x57 0x58 0x01 0xFF,0x3E52,ACK
1.5397360000,335,Data,0x429,0x8,0x20 0x00 0x00 0x00 0x00 0x00 0x00 0x00,0x7AC7,ACK
1.5399843000,336,Data,0x420,0x8,0xA3 0x14 0xF6 0xFF 0x66 0x03 0x00 0x00,0x74F7,ACK
1.5408045000,337,Data,0x423,0x8,0xBC 0x02 0x64 0x00 0x3D 0x00 0x01 0x00,0x4EF3,ACK
1.5422188000,338,Data,0x421,0x8,0x38 0x36 0x31 0x34 0xFB 0x04 0x55 0x04,0x0DC7,ACK
1.5426090000,339,Data,0x422,0x8,0x00 0x00 0x20 0x00 0x15 0x00 0x02 0x00,0x33F1,ACK
1.5517750000,340,Extend Data,0x18EF073E,0x4,0x01 0x01 0x92 0x02,0x312C,ACK
1.5523373000,341,Extend Data,0x18EF3E07,0x5,0x01 0x04 0x92 0x02 0x00,0x0BF9,ACK
1.5534514000,342,Data,0x100,0x8,0x00 0x00 0x00 0x40 0x23 0x4F 0x64 0x32,0x4018,ACK
1.5734533000,343,Data,0x100,0x8,0x00 0x00 0x00 0x40 0x23 0x4F 0x64 0x32,0x4018,ACK
1.5934713000,344,Data,0x100,0x8,0x00 0x00 0x00 0x40 0x23 0x4F 0x64 0x32,0x4018,ACK
1.5937156000,345,Data,0x203,0x8,0x03 0x00 0x57 0x00 0x57 0x00 0x00 0x00,0x4E35,ACK
1.5939578000,346,Data,0x204,0x8,0x00 0x00 0x00 0x00 0x00 0x00 0x00 0x00,0x79D1,ACK
1.5942141000,347,Data,0x205,0x8,0x00 0x00 0x00 0x00 0x00 0x00 0x00 0x00,0x72CA,ACK
1.5945283000,348,Data,0x209,0x8,0x9F 0x27 0x10 0x04 0x90 0x49 0x00 0x00,0x59C2,ACK
1.5947685000,349,Data,0x20A,0x8,0x00 0x00 0x00 0x00 0x00 0x00 0x00 0x00,0x1B53,ACK
1.5950228000,350,Data,0x20B,0x8,0xBC 0x02 0x64 0x00 0x01 0xC8 0x00 0x00,0x021C,ACK
1.5952670000,351,Data,0x20C,0x8,0x00 0xC4 0x50 0x34 0x1E 0x07 0x00 0x00,0x214C,ACK
1.6043730000,352,Data,0x212,0x8,0x52 0x01 0x00 0xC9 0x00 0x00 0x00 0x2A,0x2C4E,ACK
1.6046312000,353,Data,0x211,0x8,0xE4 0x00 0x2A 0x00 0x00 0x00 0x00 0x00,0x0D4D,ACK
1.6048915000,354,Data,0x343,0x8,0x00 0x00 0x00 0x00 0x00 0x00 0x00 0x00,0x33F5,ACK
1.6134515000,355,Data,0x100,0x8,0x00 0x00 0x00 0x40 0x23 0x4F 0x64 0x32,0x4018,ACK
1.6261875000,356,Extend Data,0x18EF073E,0x4,0x01 0x01 0x96 0x04,0x797B,ACK
1.6334515000,357,Data,0x100,0x8,0x00 0x00 0x00 0x40 0x23 0x4F 0x64 0x32,0x4018,ACK
1.6393816000,358,Extend Data,0x18EF3E07,0x7,0x01 0x04 0x96 0x16 0x00 0x16 0x00,0x4DDB,ACK
1.6534516000,359,Data,0x100,0x8,0x00 0x00 0x00 0x40 0x23 0x4F 0x64 0x32,0x4018,ACK
1.6567339000,360,Data,0x310,0x8,0xF1 0x0E 0x78 0x05 0x17 0x02 0x01 0xC8,0x439C,ACK
1.6734518000,361,Data,0x100,0x8,0x00 0x00 0x00 0x40 0x23 0x4F 0x64 0x32,0x4018,ACK
1.6758619000,362,Data,0x311,0x8,0x39 0x1E 0x07 0x3F 0x90 0x01 0x00 0x00,0x66BC,ACK
1.6865039000,363,Extend Data,0x18EF073E,0x4,0x01 0x01 0xF9 0x02,0x31EB,ACK
1.6871142000,364,Extend Data,0x18EF3E07,0x5,0x01 0x04 0xF9 0x17 0x00,0x2512,ACK
1.6934662000,365,Data,0x100,0x8,0x00 0x00 0x00 0x40 0x23 0x4F 0x64 0x32,0x4018,ACK
1.6937104000,366,Data,0x203,0x8,0x03 0x00 0x57 0x00 0x57 0x00 0x00 0x00,0x4E35,ACK
1.6939527000,367,Data,0x204,0x8,0x00 0x00 0x00 0x00 0x00 0x00 0x00 0x00,0x79D1,ACK
1.6942089000,368,Data,0x205,0x8,0x00 0x00 0x00 0x00 0x00 0x00 0x00 0x00,0x72CA,ACK
1.6945272000,369,Data,0x209,0x8,0x9F 0x27 0x10 0x04 0x90 0x49 0x00 0x00,0x59C2,ACK
1.6947674000,370,Data,0x20A,0x8,0x00 0x00 0x00 0x00 0x00 0x00 0x00 0x00,0x1B53,ACK
1.6950237000,371,Data,0x20B,0x8,0xBC 0x02 0x64 0x00 0x01 0xC8 0x00 0x00,0x021C,ACK
1.6952679000,372,Data,0x20C,0x8,0x00 0xC4 0x50 0x34 0x1E 0x07 0x00 0x00,0x214C,ACK
1.6955162000,373,Data,0x301,0x8,0x00 0x00 0x00 0x00 0x00 0x00 0x00 0x00,0x7E55,ACK
1.6957724000,374,Data,0x302,0x2,0x00 0xFF,0x6FC0,ACK
1.6959187000,375,Data,0x485,0x8,0x22 0x00 0x00 0x00 0x0C 0x02 0x48 0x0C,0x1FCE,ACK
1.7043567000,376,Data,0x212,0x8,0x52 0x01 0x00 0xC9 0x00 0x00 0x00 0x2A,0x2C4E,ACK
1.7046189000,377,Data,0x211,0x8,0xE4 0x00 0x2A 0x00 0x00 0x00 0x00 0x00,0x0D4D,ACK
1.7048792000,378,Data,0x343,0x8,0x00 0x00 0x00 0x00 0x00 0x00 0x00 0x00,0x33F5,ACK
1.7051354000,379,Data,0x341,0x8,0x00 0x00 0x00 0x00 0x02 0x00 0x00 0x00,0x1833,ACK
1.7054117000,380,Data,0x342,0x8,0x23 0x00 0x64 0x00 0x00 0xC4 0x28 0x34,0x6836,ACK
1.7056679000,381,Data,0x344,0x8,0x00 0x00 0x00 0x03 0x00 0x00 0x00 0x00,0x6F15,ACK
1.7059282000,382,Data,0x401,0x8,0x00 0x00 0x34 0x00 0x05 0x2C 0x00 0x00,0x20D2,ACK
1.7134502000,383,Data,0x100,0x8,0x00 0x00 0x00 0x40 0x23 0x4F 0x64 0x32,0x4018,ACK
1.7334501000,384,Data,0x100,0x8,0x00 0x00 0x00 0x40 0x23 0x4F 0x64 0x32,0x4018,ACK
1.7463682000,385,Extend Data,0x18EF073E,0x4,0x01 0x01 0xA0 0x1A,0x7FC0,ACK
1.7470085000,386,Extend Data,0x1CEC3E07,0x8,0x10 0x1F 0x00 0x05 0xFF 0x00 0xEF 0x00,0x330A,ACK
1.7473046000,387,Extend Data,0x18EC073E,0x8,0x11 0x05 0x01 0xFF 0xFF 0x00 0xEF 0x00,0x4F54,ACK
1.7479327000,388,Extend Data,0x1CEB3E07,0x8,0x01 0x01 0x04 0xA0 0xE0 0x0F 0xDF 0x0F,0x43B8,ACK
1.7482190000,389,Extend Data,0x1CEB3E07,0x8,0x02 0xDF 0x0F 0xDF 0x0F 0xE0 0x0F 0xDF,0x4912,ACK
1.7485052000,390,Extend Data,0x1CEB3E07,0x8,0x03 0x0F 0xE0 0x0F 0xDF 0x0F 0xE1 0x0F,0x243C,ACK
1.7487855000,391,Extend Data,0x1CEB3E07,0x8,0x04 0xE1 0x0F 0xE0 0x0F 0xE1 0x0F 0xE3,0x6DDE,ACK
1.7490618000,392,Extend Data,0x1CEB3E07,0x8,0x05 0x0F 0x36 0xF3 0xFF 0xFF 0xFF 0xFF,0x1C02,ACK
1.7493779000,393,Extend Data,0x18EC073E,0x8,0x13 0x1F 0x00 0x05 0xFF 0x00 0xEF 0x00,0x6E4D,ACK
1.7534501000,394,Data,0x100,0x8,0x00 0x00 0x00 0x40 0x23 0x4F 0x64 0x32,0x4018,ACK
1.7734481000,395,Data,0x100,0x8,0x00 0x00 0x00 0x40 0x23 0x4F 0x64 0x32,0x4018,ACK
1.7934701000,396,Data,0x100,0x8,0x00 0x00 0x00 0x40 0x23 0x4F 0x64 0x32,0x4018,ACK
1.7937143000,397,Data,0x203,0x8,0x03 0x00 0x57 0x00 0x57 0x00 0x00 0x00,0x4E35,ACK
1.7939586000,398,Data,0x204,0x8,0x00 0x00 0x00 0x00 0x00 0x00 0x00 0x00,0x79D1,ACK
1.7942148000,399,Data,0x205,0x8,0x00 0x00 0x00 0x00 0x00 0x00 0x00 0x00,0x72CA,ACK
1.7945250000,400,Data,0x209,0x8,0x9F 0x27 0x10 0x04 0x90 0x49 0x00 0x00,0x59C2,ACK
1.7947653000,401,Data,0x20A,0x8,0x00 0x00 0x00 0x00 0x00 0x00 0x00 0x00,0x1B53,ACK
1.7950195000,402,Data,0x20B,0x8,0xBC 0x02 0x64 0x00 0x01 0xC8 0x00 0x00,0x021C,ACK
1.7952638000,403,Data,0x20C,0x8,0x00 0xC4 0x50 0x34 0x1E 0x07 0x00 0x00,0x214C,ACK
1.8043377000,404,Data,0x212,0x8,0x52 0x01 0x00 0xC9 0x00 0x00 0x00 0x2A,0x2C4E,ACK
1.8045999000,405,Data,0x211,0x8,0xE4 0x00 0x2A 0x00 0x00 0x00 0x00 0x00,0x0D4D,ACK
1.8048541000,406,Data,0x343,0x8,0x00 0x00 0x00 0x00 0x00 0x00 0x00 0x00,0x33F5,ACK
1.8134502000,407,Data,0x100,0x8,0x00 0x00 0x00 0x40 0x23 0x4F 0x64 0x32,0x4018,ACK
1.8212003000,408,Extend Data,0x18EF073E,0x4,0x01 0x01 0x82 0x02,0x074B,ACK
1.8334484000,409,Data,0x100,0x8,0x00 0x00 0x00 0x40 0x23 0x4F 0x64 0x32,0x4018,ACK
1.8406406000,410,Extend Data,0x18EF3E07,0x5,0x01 0x04 0x82 0x64 0x00,0x0BF7,ACK
1.8534365000,411,Data,0x100,0x8,0x00 0x00 0x00 0x40 0x23 0x4F 0x64 0x32,0x4018,ACK
1.8563126000,412,Data,0x310,0x8,0xF1 0x0E 0x78 0x05 0x17 0x02 0x01 0xC8,0x439C,ACK
1.8734465000,413,Data,0x100,0x8,0x00 0x00 0x00 0x40 0x23 0x4F 0x64 0x32,0x4018,ACK
1.8774826000,414,Data,0x311,0x8,0x39 0x1E 0x07 0x3F 0x90 0x01 0x00 0x00,0x66BC,ACK
1.8811687000,415,Extend Data,0x18EF073E,0x4,0x01 0x01 0x02 0x0E,0x1389,ACK
1.8818829000,416,Extend Data,0x1CEC3E07,0x8,0x10 0x13 0x00 0x03 0xFF 0x00 0xEF 0x00,0x1F52,ACK
1.8821810000,417,Extend Data,0x18EC073E,0x8,0x11 0x03 0x01 0xFF 0xFF 0x00 0xEF 0x00,0x34D9,ACK
1.8829231000,418,Extend Data,0x1CEB3E07,0x8,0x01 0x01 0x04 0x02 0xB4 0xC1 0x83 0x58,0x140B,ACK
1.8832074000,419,Extend Data,0x1CEB3E07,0x8,0x02 0x51 0xE5 0xB2 0x6B 0x32 0xAC 0x86,0x3C30,ACK
1.8834756000,420,Extend Data,0x1CEB3E07,0x8,0x03 0x0E 0x1A 0xB9 0x10 0xF9 0xFF 0xFF,0x4FA2,ACK
1.8837857000,421,Extend Data,0x18EC073E,0x8,0x13 0x13 0x00 0x03 0xFF 0x00 0xEF 0x00,0x4215,ACK
1.8934758000,422,Data,0x100,0x8,0x00 0x00 0x00 0x40 0x23 0x4F 0x64 0x32,0x4018,ACK
1.8937221000,423,Data,0x203,0x8,0x03 0x00 0x57 0x00 0x57 0x00 0x00 0x00,0x4E35,ACK
1.8939643000,424,Data,0x204,0x8,0x00 0x00 0x00 0x00 0x00 0x00 0x00 0x00,0x79D1,ACK
1.8942206000,425,Data,0x205,0x8,0x00 0x00 0x00 0x00 0x00 0x00 0x00 0x00,0x72CA,ACK
1.8945108000,426,Data,0x209,0x8,0x9F 0x27 0x10 0x04 0x90 0x49 0x00 0x00,0x59C2,ACK
1.8947530000,427,Data,0x20A,0x8,0x00 0x00 0x00 0x00 0x00 0x00 0x00 0x00,0x1B53,ACK
1.8950093000,428,Data,0x20B,0x8,0xBC 0x02 0x64 0x00 0x01 0xC8 0x00 0x00,0x021C,ACK
1.8952535000,429,Data,0x20C,0x8,0x00 0xC4 0x50 0x34 0x1E 0x07 0x00 0x00,0x214C,ACK
1.8955018000,430,Data,0x301,0x8,0x00 0x00 0x00 0x00 0x00 0x00 0x00 0x00,0x7E55,ACK
1.8957580000,431,Data,0x302,0x2,0x00 0xFF,0x6FC0,ACK
1.8959043000,432,Data,0x485,0x8,0x22 0x00 0x00 0x00 0x0C 0x02 0x48 0x0C,0x1FCE,ACK
1.9043343000,433,Data,0x212,0x8,0x52 0x01 0x00 0xC9 0x00 0x00 0x00 0x2A,0x2C4E,ACK
1.9046164000,434,Data,0x211,0x8,0xE4 0x00 0x2A 0x00 0x00 0x00 0x00 0x00,0x0D4D,ACK
1.9048767000,435,Data,0x343,0x8,0x00 0x00 0x00 0x00 0x00 0x00 0x00 0x00,0x33F5,ACK
1.9051369000,436,Data,0x341,0x8,0x00 0x00 0x00 0x00 0x02 0x00 0x00 0x00,0x1833,ACK
1.9054352000,437,Data,0x342,0x8,0x23 0x00 0x64 0x00 0x00 0xC4 0x28 0x34,0x6836,ACK
1.9056954000,438,Data,0x344,0x8,0x00 0x00 0x00 0x03 0x00 0x00 0x00 0x00,0x6F15,ACK
1.9134474000,439,Data,0x100,0x8,0x00 0x00 0x00 0x40 0x23 0x4F 0x64 0x32,0x4018,ACK
1.9334354000,440,Data,0x100,0x8,0x00 0x00 0x00 0x40 0x23 0x4F 0x64 0x32,0x4018,ACK
1.9412795000,441,Extend Data,0x18EF073E,0x4,0x01 0x01 0x0A 0x04,0x50DA,ACK
1.9534456000,442,Data,0x100,0x8,0x00 0x00 0x00 0x40 0x23 0x4F 0x64 0x32,0x4018,ACK
1.9734456000,443,Data,0x100,0x8,0x00 0x00 0x00 0x40 0x23 0x4F 0x64 0x32,0x4018,ACK
1.9852077000,444,Data,0x500,0x8,0x48 0x48 0x49 0xFF 0x48 0x48 0x48 0xFF,0x3C42,ACK
1.9856860000,445,Extend Data,0x18EF3E07,0x7,0x01 0x04 0x0A 0x7C 0x33 0x00 0x00,0x2745,ACK
1.9934659000,446,Data,0x100,0x8,0x00 0x00 0x00 0x40 0x23 0x4F 0x64 0x32,0x4018,ACK
1.9937102000,447,Data,0x203,0x8,0x03 0x00 0x57 0x00 0x57 0x00 0x00 0x00,0x4E35,ACK
1.9939523000,448,Data,0x204,0x8,0x00 0x00 0x00 0x00 0x00 0x00 0x00 0x00,0x79D1,ACK
1.9942086000,449,Data,0x205,0x8,0x00 0x00 0x00 0x00 0x00 0x00 0x00 0x00,0x72CA,ACK
1.9945228000,450,Data,0x209,0x8,0x9F 0x27 0x10 0x04 0x90 0x49 0x00 0x00,0x59C2,ACK
1.9947630000,451,Data,0x20A,0x8,0x00 0x00 0x00 0x00 0x00 0x00 0x00 0x00,0x1B53,ACK
1.9950173000,452,Data,0x20B,0x8,0xBC 0x02 0x64 0x00 0x01 0xC8 0x00 0x00,0x021C,ACK
1.9952635000,453,Data,0x20C,0x8,0x00 0xC4 0x50 0x34 0x1E 0x07 0x00 0x00,0x214C,ACK
2.0023577000,454,Extend Data,0x18EF073E,0x4,0x01 0x01 0x10 0x02,0x44F3,ACK
2.0043138000,455,Data,0x212,0x8,0x52 0x01 0x00 0xC9 0x00 0x00 0x00 0x2A,0x2C4E,ACK
2.0045540000,456,Data,0x211,0x8,0xE4 0x00 0x2A 0x00 0x00 0x00 0x00 0x00,0x0D4D,ACK
2.0048123000,457,Data,0x343,0x8,0x00 0x00 0x00 0x00 0x00 0x00 0x00 0x00,0x33F5,ACK
2.0134463000,458,Data,0x100,0x8,0x00 0x00 0x00 0x40 0x23 0x4F 0x64 0x32,0x4018,ACK
2.0334463000,459,Data,0x100,0x8,0x00 0x00 0x00 0x40 0x23 0x4F 0x64 0x32,0x4018,ACK
2.0387665000,460,Data,0x424,0x8,0x6A 0x3E 0x4D 0x69 0x00 0x00 0x00 0x00,0x60E0,ACK
2.0390088000,461,Extend Data,0x18EF3E07,0x5,0x01 0x04 0x10 0x0D 0x00,0x0F0B,ACK
2.0392410000,462,Data,0x425,0x8,0x01 0x64 0x49 0x57 0x57 0x58 0x01 0xFF,0x3E52,ACK
2.0394773000,463,Data,0x429,0x8,0x20 0x00 0x00 0x00 0x00 0x00 0x00 0x00,0x7AC7,ACK
2.0403975000,464,Data,0x423,0x8,0xBC 0x02 0x64 0x00 0x3D 0x00 0x01 0x00,0x4EF3,ACK
2.0416258000,465,Data,0x420,0x8,0xA3 0x14 0xF6 0xFF 0x66 0x03 0x00 0x00,0x74F7,ACK
2.0422080000,466,Data,0x422,0x8,0x00 0x00 0x20 0x00 0x15 0x00 0x02 0x00,0x33F1,ACK
2.0439423000,467,Data,0x421,0x8,0x38 0x36 0x31 0x34 0xFB 0x04 0x55 0x04,0x0DC7,ACK
2.0534462000,468,Data,0x100,0x8,0x00 0x00 0x00 0x40 0x23 0x4F 0x64 0x32,0x4018,ACK
2.0564203000,469,Data,0x310,0x8,0xF1 0x0E 0x78 0x05 0x17 0x02 0x01 0xC8,0x439C,ACK
2.0734442000,470,Data,0x100,0x8,0x00 0x00 0x00 0x40 0x23 0x4F 0x64 0x32,0x4018,ACK
2.0762344000,471,Extend Data,0x18EF073E,0x4,0x01 0x01 0x11 0x02,0x00D5,ACK
2.0768666000,472,Extend Data,0x18EF3E07,0x5,0x01 0x04 0x11 0xE0 0x01,0x11AD,ACK
2.0777328000,473,Data,0x311,0x8,0x39 0x1E 0x07 0x3F 0x90 0x01 0x00 0x00,0x66BC,ACK
2.0934727000,474,Data,0x100,0x8,0x00 0x00 0x00 0x40 0x23 0x4F 0x64 0x32,0x4018,ACK
2.0937169000,475,Data,0x203,0x8,0x03 0x00 0x57 0x00 0x57 0x00 0x00 0x00,0x4E35,ACK
2.0939592000,476,Data,0x204,0x8,0x00 0x00 0x00 0x00 0x00 0x00 0x00 0x00,0x79D1,ACK
2.0942154000,477,Data,0x205,0x8,0x00 0x00 0x00 0x00 0x00 0x00 0x00 0x00,0x72CA,ACK
2.0945217000,478,Data,0x209,0x8,0x9F 0x27 0x10 0x04 0x90 0x49 0x00 0x00,0x59C2,ACK
2.0947619000,479,Data,0x20A,0x8,0x00 0x00 0x00 0x00 0x00 0x00 0x00 0x00,0x1B53,ACK
2.0950162000,480,Data,0x20B,0x8,0xBC 0x02 0x64 0x00 0x01 0xC8 0x00 0x00,0x021C,ACK
2.0952604000,481,Data,0x20C,0x8,0x00 0xC4 0x50 0x34 0x1E 0x07 0x00 0x00,0x214C,ACK
2.0955087000,482,Data,0x301,0x8,0x00 0x00 0x00 0x00 0x00 0x00 0x00 0x00,0x7E55,ACK
2.0957649000,483,Data,0x302,0x2,0x00 0xFF,0x6FC0,ACK
2.0959112000,484,Data,0x485,0x8,0x22 0x00 0x00 0x00 0x0C 0x02 0x48 0x0C,0x1FCE,ACK
2.1043291000,485,Data,0x212,0x8,0x52 0x01 0x00 0xC9 0x00 0x00 0x00 0x2A,0x2C4E,ACK
2.1045712000,486,Data,0x211,0x8,0xE4 0x00 0x2A 0x00 0x00 0x00 0x00 0x00,0x0D4D,ACK
2.1048273000,487,Data,0x343,0x8,0x00 0x00 0x00 0x00 0x00 0x00 0x00 0x00,0x33F5,ACK
2.1050875000,488,Data,0x341,0x8,0x00 0x00 0x00 0x00 0x02 0x00 0x00 0x00,0x1833,ACK
2.1053856000,489,Data,0x342,0x8,0x23 0x00 0x64 0x00 0x00 0xC4 0x28 0x34,0x6836,ACK
2.1056417000,490,Data,0x344,0x8,0x00 0x00 0x00 0x03 0x00 0x00 0x00 0x00,0x6F15,ACK
2.1134437000,491,Data,0x100,0x8,0x00 0x00 0x00 0x40 0x23 0x4F 0x64 0x32,0x4018,ACK
2.1334435000,492,Data,0x100,0x8,0x00 0x00 0x00 0x40 0x23 0x4F 0x64 0x32,0x4018,ACK
2.1363797000,493,Extend Data,0x18EF073E,0x4,0x01 0x01 0x13 0x02,0x4D00,ACK
2.1391299000,494,Extend Data,0x18EF3E07,0x5,0x01 0x04 0x13 0xFB 0x04,0x6F21,ACK
2.1534459000,495,Data,0x100,0x8,0x00 0x00 0x00 0x40 0x23 0x4F 0x64 0x32,0x4018,ACK
2.1734438000,496,Data,0x100,0x8,0x00 0x00 0x00 0x40 0x23 0x4F 0x64 0x32,0x4018,ACK
2.1934618000,497,Data,0x100,0x8,0x00 0x00 0x00 0x40 0x23 0x4F 0x64 0x32,0x4018,ACK
2.1937061000,498,Data,0x203,0x8,0x03 0x00 0x57 0x00 0x57 0x00 0x00 0x00,0x4E35,ACK
2.1939483000,499,Data,0x204,0x8,0x00 0x00 0x00 0x00 0x00 0x00 0x00 0x00,0x79D1,ACK
2.1942046000,500,Data,0x205,0x8,0x00 0x00 0x00 0x00 0x00 0x00 0x00 0x00,0x72CA,ACK
2.1945208000,501,Data,0x209,0x8,0x9F 0x27 0x10 0x04 0x90 0x49 0x00 0x00,0x59C2,ACK
2.1947610000,502,Data,0x20A,0x8,0x00 0x00 0x00 0x00 0x00 0x00 0x00 0x00,0x1B53,ACK
2.1950153000,503,Data,0x20B,0x8,0xBC 0x02 0x64 0x00 0x01 0xC8 0x00 0x00,0x021C,ACK
2.1952595000,504,Data,0x20C,0x8,0x00 0xC4 0x50 0x34 0x1E 0x07 0x00 0x00,0x214C,ACK
2.2043275000,505,Data,0x212,0x8,0x52 0x01 0x00 0xC9 0x00 0x00 0x00 0x2A,0x2C4E,ACK
2.2046138000,506,Data,0x211,0x8,0xE4 0x00 0x2A 0x00 0x00 0x00 0x00 0x00,0x0D4D,ACK
2.2048700000,507,Data,0x343,0x8,0x00 0x00 0x00 0x00 0x00 0x00 0x00 0x00,0x33F5,ACK
2.2051303000,508,Data,0x401,0x8,0x00 0x00 0x34 0x00 0x05 0x2C 0x00 0x00,0x20D2,ACK
2.2111983000,509,Extend Data,0x18EF073E,0x4,0x01 0x01 0x94 0x02,0x22CA,ACK
2.2134445000,510,Data,0x100,0x8,0x00 0x00 0x00 0x40 0x23 0x4F 0x64 0x32,0x4018,ACK
2.2334445000,511,Data,0x100,0x8,0x00 0x00 0x00 0x40 0x23 0x4F 0x64 0x32,0x4018,ACK
2.2389347000,512,Extend Data,0x18EF3E07,0x5,0x01 0x04 0x94 0x3D 0x00,0x11BC,ACK
2.2534426000,513,Data,0x100,0x8,0x00 0x00 0x00 0x40 0x23 0x4F 0x64 0x32,0x4018,ACK
2.2578228000,514,Data,0x310,0x8,0xF1 0x0E 0x78 0x05 0x17 0x02 0x01 0xC8,0x439C,ACK
2.2710627000,515,Extend Data,0x18EF023E,0x4,0x01 0x01 0x86 0x02,0x29F7,ACK
2.2715968000,516,Extend Data,0x18EF3E02,0x5,0x01 0x04 0x86 0x00 0x00,0x1EE2,ACK
2.2734430000,517,Data,0x100,0x8,0x00 0x00 0x00 0x40 0x23 0x4F 0x64 0x32,0x4018,ACK
2.2770750000,518,Data,0x311,0x8,0x39 0x1E 0x07 0x3F 0x90 0x01 0x00 0x00,0x66BC,ACK
2.2934829000,519,Data,0x100,0x8,0x00 0x00 0x00 0x40 0x23 0x4F 0x64 0x32,0x4018,ACK
2.2937272000,520,Data,0x203,0x8,0x03 0x00 0x57 0x00 0x57 0x00 0x00 0x00,0x4E35,ACK
2.2939714000,521,Data,0x204,0x8,0x00 0x00 0x00 0x00 0x00 0x00 0x00 0x00,0x79D1,ACK
2.2942277000,522,Data,0x205,0x8,0x00 0x00 0x00 0x00 0x00 0x00 0x00 0x00,0x72CA,ACK
2.2945179000,523,Data,0x209,0x8,0x9F 0x27 0x10 0x04 0x90 0x49 0x00 0x00,0x59C2,ACK
2.2947582000,524,Data,0x20A,0x8,0x00 0x00 0x00 0x00 0x00 0x00 0x00 0x00,0x1B53,ACK
2.2950124000,525,Data,0x20B,0x8,0xBC 0x02 0x64 0x00 0x01 0xC8 0x00 0x00,0x021C,ACK
2.2952587000,526,Data,0x20C,0x8,0x00 0xC4 0x50 0x34 0x1E 0x07 0x00 0x00,0x214C,ACK
2.2955089000,527,Data,0x301,0x8,0x00 0x00 0x00 0x00 0x00 0x00 0x00 0x00,0x7E55,ACK
2.2957652000,528,Data,0x302,0x2,0x00 0xFF,0x6FC0,ACK
2.2959094000,529,Data,0x485,0x8,0x22 0x00 0x00 0x00 0x0C 0x02 0x48 0x0C,0x1FCE,ACK
2.2961537000,530,Data,0x480,0x8,0x00 0x00 0x00 0x00 0x20 0x00 0x00 0x00,0x2C46,ACK
2.2964099000,531,Data,0x481,0x8,0x32 0x0A 0x28 0x08 0x00 0x00 0x00 0x00,0x1D9A,ACK
2.2966601000,532,Data,0x482,0x8,0x52 0x01 0x02 0x00 0x00 0x00 0x00 0x00,0x36EA,ACK
2.2969084000,533,Data,0x483,0x8,0x31 0x4B 0x31 0x55 0x41 0x32 0x35 0x35,0x717E,ACK
2.2971426000,534,Data,0x484,0x8,0x31 0x50 0x33 0x39 0x36 0x35 0x00 0x00,0x0196,ACK
2.3043566000,535,Data,0x212,0x8,0x52 0x01 0x00 0xC9 0x00 0x00 0x00 0x2A,0x2C4E,ACK
2.3046149000,536,Data,0x211,0x8,0xE4 0x00 0x2A 0x00 0x00 0x00 0x00 0x00,0x0D4D,ACK
2.3048971000,537,Data,0x343,0x8,0x00 0x00 0x00 0x00 0x00 0x00 0x00 0x00,0x33F5,ACK
2.3051534000,538,Data,0x341,0x8,0x00 0x00 0x00 0x00 0x02 0x00 0x00 0x00,0x1833,ACK
2.3054296000,539,Data,0x342,0x8,0x23 0x00 0x64 0x00 0x00 0xC4 0x28 0x34,0x6836,ACK
2.3057118000,540,Data,0x344,0x8,0x00 0x00 0x00 0x03 0x00 0x00 0x00 0x00,0x6F15,ACK
2.3134439000,541,Data,0x100,0x8,0x00 0x00 0x00 0x40 0x23 0x4F 0x64 0x32,0x4018,ACK
2.3320559000,542,Extend Data,0x18EF023E,0x4,0x01 0x01 0x48 0x02,0x67E1,ACK
2.3325120000,543,Extend Data,0x18EF3E02,0x5,0x01 0x04 0x48 0x00 0x00,0x2BAE,ACK
2.3334421000,544,Data,0x100,0x8,0x00 0x00 0x00 0x40 0x23 0x4F 0x64 0x32,0x4018,ACK
2.3534401000,545,Data,0x100,0x8,0x00 0x00 0x00 0x40 0x23 0x4F 0x64 0x32,0x4018,ACK
2.3734400000,546,Data,0x100,0x8,0x00 0x00 0x00 0x40 0x23 0x4F 0x64 0x32,0x4018,ACK
2.3934598000,547,Data,0x100,0x8,0x00 0x00 0x00 0x40 0x23 0x4F 0x64 0x32,0x4018,ACK
2.3937041000,548,Data,0x203,0x8,0x03 0x00 0x57 0x00 0x57 0x00 0x00 0x00,0x4E35,ACK
2.3939463000,549,Data,0x204,0x8,0x00 0x00 0x00 0x00 0x00 0x00 0x00 0x00,0x79D1,ACK
2.3942046000,550,Data,0x205,0x8,0x00 0x00 0x00 0x00 0x00 0x00 0x00 0x00,0x72CA,ACK
2.3945168000,551,Data,0x209,0x8,0x9F 0x27 0x10 0x04 0x90 0x49 0x00 0x00,0x59C2,ACK
2.3947570000,552,Data,0x20A,0x8,0x00 0x00 0x00 0x00 0x00 0x00 0x00 0x00,0x1B53,ACK
2.3950113000,553,Data,0x20B,0x8,0xBC 0x02 0x64 0x00 0x01 0xC8 0x00 0x00,0x021C,ACK
2.3952575000,554,Data,0x20C,0x8,0x00 0xC4 0x50 0x34 0x1E 0x07 0x00 0x00,0x214C,ACK
2.4043376000,555,Data,0x212,0x8,0x52 0x01 0x00 0xC9 0x00 0x00 0x00 0x2A,0x2C4E,ACK
2.4045777000,556,Data,0x211,0x8,0xE4 0x00 0x2A 0x00 0x00 0x00 0x00 0x00,0x0D4D,ACK
2.4048379000,557,Data,0x343,0x8,0x00 0x00 0x00 0x00 0x00 0x00 0x00 0x00,0x33F5,ACK
2.4073760000,558,Extend Data,0x18EF023E,0x4,0x01 0x01 0x49 0x02,0x23C7,ACK
2.4076841000,559,Extend Data,0x18EF3E02,0x5,0x01 0x04 0x49 0x00 0x00,0x5BBA,ACK
2.4134422000,560,Data,0x100,0x8,0x00 0x00 0x00 0x40 0x23 0x4F 0x64 0x32,0x4018,ACK
2.4334281000,561,Data,0x100,0x8,0x00 0x00 0x00 0x40 0x23 0x4F 0x64 0x32,0x4018,ACK
2.4534401000,562,Data,0x100,0x8,0x00 0x00 0x00 0x40 0x23 0x4F 0x64 0x32,0x4018,ACK
2.4584082000,563,Data,0x310,0x8,0xF1 0x0E 0x78 0x05 0x17 0x02 0x01 0xC8,0x439C,ACK
2.4662062000,564,Extend Data,0x18EF023E,0x4,0x01 0x01 0x40 0x02,0x1E1E,ACK
2.4665803000,565,Extend Data,0x18EF3E02,0x5,0x01 0x04 0x40 0x00 0x00,0x78F3,ACK
2.4734403000,566,Data,0x100,0x8,0x00 0x00 0x00 0x40 0x23 0x4F 0x64 0x32,0x4018,ACK
2.4775925000,567,Data,0x311,0x8,0x39 0x1E 0x07 0x3F 0x90 0x01 0x00 0x00,0x66BC,ACK
2.4934544000,568,Data,0x100,0x8,0x00 0x00 0x00 0x40 0x23 0x4F 0x64 0x32,0x4018,ACK
2.4937006000,569,Data,0x203,0x8,0x03 0x00 0x57 0x00 0x57 0x00 0x00 0x00,0x4E35,ACK
2.4939428000,570,Data,0x204,0x8,0x00 0x00 0x00 0x00 0x00 0x00 0x00 0x00,0x79D1,ACK
2.4941991000,571,Data,0x205,0x8,0x00 0x00 0x00 0x00 0x00 0x00 0x00 0x00,0x72CA,ACK
2.4945153000,572,Data,0x209,0x8,0x9F 0x27 0x10 0x04 0x90 0x49 0x00 0x00,0x59C2,ACK
2.4947555000,573,Data,0x20A,0x8,0x00 0x00 0x00 0x00 0x00 0x00 0x00 0x00,0x1B53,ACK
2.4950098000,574,Data,0x20B,0x8,0xBC 0x02 0x64 0x00 0x01 0xC8 0x00 0x00,0x021C,ACK
2.4952540000,575,Data,0x20C,0x8,0x00 0xC4 0x50 0x34 0x1E 0x07 0x00 0x00,0x214C,ACK
2.4955023000,576,Data,0x301,0x8,0x00 0x00 0x00 0x00 0x00 0x00 0x00 0x00,0x7E55,ACK
2.4957585000,577,Data,0x302,0x2,0x00 0xFF,0x6FC0,ACK
2.4959048000,578,Data,0x485,0x8,0x22 0x00 0x00 0x00 0x0C 0x02 0x48 0x0C,0x1FCE,ACK
2.5043708000,579,Data,0x212,0x8,0x52 0x01 0x00 0xC9 0x00 0x00 0x00 0x2A,0x2C4E,ACK
2.5046310000,580,Data,0x211,0x8,0xE4 0x00 0x2A 0x00 0x00 0x00 0x00 0x00,0x0D4D,ACK
2.5049093000,581,Data,0x343,0x8,0x00 0x00 0x00 0x00 0x00 0x00 0x00 0x00,0x33F5,ACK
2.5051715000,582,Data,0x341,0x8,0x00 0x00 0x00 0x00 0x02 0x00 0x00 0x00,0x1833,ACK
2.5054478000,583,Data,0x342,0x8,0x23 0x00 0x64 0x00 0x00 0xC4 0x28 0x34,0x6836,ACK
2.5057260000,584,Data,0x344,0x8,0x00 0x00 0x00 0x03 0x00 0x00 0x00 0x00,0x6F15,ACK
2.5134400000,585,Data,0x100,0x8,0x00 0x00 0x00 0x40 0x23 0x4F 0x64 0x32,0x4018,ACK
2.5278581000,586,Extend Data,0x18EF023E,0x4,0x01 0x01 0x3E 0x02,0x32AB,ACK
2.5281722000,587,Extend Data,0x18EF3E02,0x5,0x01 0x04 0x3E 0x00 0x00,0x223F,ACK
2.5334403000,588,Data,0x100,0x8,0x00 0x00 0x00 0x40 0x23 0x4F 0x64 0x32,0x4018,ACK
2.5388705000,589,Data,0x429,0x8,0x20 0x00 0x00 0x00 0x00 0x00 0x00 0x00,0x7AC7,ACK
2.5399508000,590,Data,0x423,0x8,0xBC 0x02 0x64 0x00 0x3D 0x00 0x01 0x00,0x4EF3,ACK
2.5408490000,591,Data,0x425,0x8,0x01 0x64 0x49 0x57 0x57 0x58 0x01 0xFF,0x3E52,ACK
2.5412453000,592,Data,0x420,0x8,0xA3 0x14 0xF4 0xFF 0x66 0x03 0x00 0x00,0x48AF,ACK
2.5438415000,593,Data,0x422,0x8,0x00 0x00 0x20 0x00 0x15 0x00 0x02 0x00,0x33F1,ACK
2.5455858000,594,Data,0x421,0x8,0x38 0x36 0x31 0x34 0xFB 0x04 0x55 0x04,0x0DC7,ACK
2.5534379000,595,Data,0x100,0x8,0x00 0x00 0x00 0x40 0x23 0x4F 0x64 0x32,0x4018,ACK
2.5734378000,596,Data,0x100,0x8,0x00 0x00 0x00 0x40 0x23 0x4F 0x64 0x32,0x4018,ACK
2.5934578000,597,Data,0x100,0x8,0x00 0x00 0x00 0x40 0x23 0x4F 0x64 0x32,0x4018,ACK
2.5937021000,598,Data,0x203,0x8,0x03 0x00 0x57 0x00 0x57 0x00 0x00 0x00,0x4E35,ACK
2.5939463000,599,Data,0x204,0x8,0x00 0x00 0x00 0x00 0x00 0x00 0x00 0x00,0x79D1,ACK
2.5942026000,600,Data,0x205,0x8,0x00 0x00 0x00 0x00 0x00 0x00 0x00 0x00,0x72CA,ACK
2.5945167000,601,Data,0x209,0x8,0x9F 0x27 0x10 0x04 0x90 0x49 0x00 0x00,0x59C2,ACK
2.5947569000,602,Data,0x20A,0x8,0x00 0x00 0x00 0x00 0x00 0x00 0x00 0x00,0x1B53,ACK
2.5950130000,603,Data,0x20B,0x8,0xBC 0x02 0x64 0x00 0x01 0xC8 0x00 0x00,0x021C,ACK
2.5952572000,604,Data,0x20C,0x8,0x00 0xC4 0x50 0x34 0x1E 0x07 0x00 0x00,0x214C,ACK
2.6012053000,605,Extend Data,0x18EF023E,0x4,0x01 0x01 0x10 0x0E,0x18B4,ACK
2.6024154000,606,Extend Data,0x00EC3E02,0x8,0x10 0x13 0x00 0x03 0xFF 0x00 0xEF 0x00,0x4279,ACK
2.6027114000,607,Extend Data,0x18EC023E,0x8,0x11 0x03 0x01 0xFF 0xFF 0x00 0xEF 0x00,0x527F,ACK
2.6033955000,608,Extend Data,0x00EB3E02,0x8,0x01 0x01 0x04 0x10 0x5A 0x30 0x37 0x58,0x6721,ACK
2.6037256000,609,Extend Data,0x00EB3E02,0x8,0x02 0x42 0x34 0x47 0x32 0x35 0x4D 0x48,0x0168,ACK
2.6040277000,610,Extend Data,0x00EB3E02,0x8,0x03 0x33 0x30 0x36 0x7F 0xFC 0xFF 0xFF,0x5CF3,ACK
2.6043378000,611,Data,0x212,0x8,0x52 0x01 0x00 0xC9 0x00 0x00 0x00 0x2A,0x2C4E,ACK
2.6045739000,612,Extend Data,0x18EC023E,0x8,0x13 0x13 0x00 0x03 0xFF 0x00 0xEF 0x00,0x24B3,ACK
2.6048560000,613,Data,0x211,0x8,0xE4 0x00 0x2A 0x00 0x00 0x00 0x00 0x00,0x0D4D,ACK
2.6050981000,614,Data,0x343,0x8,0x00 0x00 0x00 0x00 0x00 0x00 0x00 0x00,0x33F5,ACK
2.6134400000,615,Data,0x100,0x8,0x00 0x00 0x00 0x40 0x23 0x4F 0x64 0x32,0x4018,ACK
2.6334359000,616,Data,0x100,0x8,0x00 0x00 0x00 0x40 0x23 0x4F 0x64 0x32,0x4018,ACK
2.6534379000,617,Data,0x100,0x8,0x00 0x00 0x00 0x40 0x23 0x4F 0x64 0x32,0x4018,ACK
2.6596422000,618,Data,0x310,0x8,0xF1 0x0E 0x78 0x05 0x17 0x02 0x01 0xC8,0x439C,ACK
2.6611883000,619,Extend Data,0x18EF023E,0x4,0x01 0x01 0x83 0x02,0x33E2,ACK
2.6615984000,620,Extend Data,0x18EF3E02,0x5,0x01 0x04 0x83 0x00 0x00,0x2594,ACK
2.6734383000,621,Data,0x100,0x8,0x00 0x00 0x00 0x40 0x23 0x4F 0x64 0x32,0x4018,ACK
2.6788784000,622,Data,0x311,0x8,0x39 0x1E 0x07 0x3F 0x90 0x01 0x00 0x00,0x66BC,ACK
2.6934623000,623,Data,0x100,0x8,0x00 0x00 0x00 0x40 0x23 0x4F 0x64 0x32,0x4018,ACK
2.6937066000,624,Data,0x203,0x8,0x03 0x00 0x57 0x00 0x57 0x00 0x00 0x00,0x4E35,ACK
2.6939488000,625,Data,0x204,0x8,0x00 0x00 0x00 0x00 0x00 0x00 0x00 0x00,0x79D1,ACK
2.6942051000,626,Data,0x205,0x8,0x00 0x00 0x00 0x00 0x00 0x00 0x00 0x00,0x72CA,ACK
2.6945133000,627,Data,0x209,0x8,0x9F 0x27 0x10 0x04 0x90 0x49 0x00 0x00,0x59C2,ACK
2.6947535000,628,Data,0x20A,0x8,0x00 0x00 0x00 0x00 0x00 0x00 0x00 0x00,0x1B53,ACK
2.6950058000,629,Data,0x20B,0x8,0xBC 0x02 0x64 0x00 0x01 0xC8 0x00 0x00,0x021C,ACK
2.6952500000,630,Data,0x20C,0x8,0x00 0xC4 0x50 0x34 0x1E 0x07 0x00 0x00,0x214C,ACK
2.6955003000,631,Data,0x301,0x8,0x00 0x00 0x00 0x00 0x00 0x00 0x00 0x00,0x7E55,ACK
2.6957565000,632,Data,0x302,0x2,0x00 0xFF,0x6FC0,ACK
2.6959028000,633,Data,0x485,0x8,0x22 0x00 0x00 0x00 0x0C 0x02 0x48 0x0C,0x1FCE,ACK
2.7043348000,634,Data,0x212,0x8,0x52 0x01 0x00 0xC9 0x00 0x00 0x00 0x2A,0x2C4E,ACK
2.7046170000,635,Data,0x211,0x8,0xE4 0x00 0x2A 0x00 0x00 0x00 0x00 0x00,0x0D4D,ACK
2.7048773000,636,Data,0x343,0x8,0x00 0x00 0x00 0x00 0x00 0x00 0x00 0x00,0x33F5,ACK
2.7051335000,637,Data,0x341,0x8,0x00 0x00 0x00 0x00 0x02 0x00 0x00 0x00,0x1833,ACK
2.7054318000,638,Data,0x342,0x8,0x23 0x00 0x64 0x00 0x00 0xC4 0x28 0x34,0x6836,ACK
2.7056920000,639,Data,0x344,0x8,0x00 0x00 0x00 0x03 0x00 0x00 0x00 0x00,0x6F15,ACK
2.7059483000,640,Data,0x401,0x8,0x00 0x00 0x34 0x00 0x05 0x2C 0x00 0x00,0x20D2,ACK
2.7134363000,641,Data,0x100,0x8,0x00 0x00 0x00 0x40 0x23 0x4F 0x64 0x32,0x4018,ACK
2.7334363000,642,Data,0x100,0x8,0x00 0x00 0x00 0x40 0x23 0x4F 0x64 0x32,0x4018,ACK
2.7372965000,643,Extend Data,0x18EF023E,0x4,0x01 0x01 0x8F 0x02,0x142E,ACK
2.7376086000,644,Extend Data,0x18EF3E02,0x5,0x01 0x04 0x8F 0x00 0x00,0x3DAB,ACK
2.7534345000,645,Data,0x100,0x8,0x00 0x00 0x00 0x40 0x23 0x4F 0x64 0x32,0x4018,ACK
2.7734365000,646,Data,0x100,0x8,0x00 0x00 0x00 0x40 0x23 0x4F 0x64 0x32,0x4018,ACK
2.7934564000,647,Data,0x100,0x8,0x00 0x00 0x00 0x40 0x23 0x4F 0x64 0x32,0x4018,ACK
2.7937007000,648,Data,0x203,0x8,0x03 0x00 0x57 0x00 0x57 0x00 0x00 0x00,0x4E35,ACK
2.7939429000,649,Data,0x204,0x8,0x00 0x00 0x00 0x00 0x00 0x00 0x00 0x00,0x79D1,ACK
2.7941992000,650,Data,0x205,0x8,0x00 0x00 0x00 0x00 0x00 0x00 0x00 0x00,0x72CA,ACK
2.7945114000,651,Data,0x209,0x8,0x9F 0x27 0x10 0x04 0x90 0x49 0x00 0x00,0x59C2,ACK
2.7947517000,652,Data,0x20A,0x8,0x00 0x00 0x00 0x00 0x00 0x00 0x00 0x00,0x1B53,ACK
2.7950079000,653,Data,0x20B,0x8,0xBC 0x02 0x64 0x00 0x01 0xC8 0x00 0x00,0x021C,ACK
2.7952522000,654,Data,0x20C,0x8,0x00 0xC4 0x50 0x34 0x1E 0x07 0x00 0x00,0x214C,ACK
2.8043401000,655,Data,0x212,0x8,0x52 0x01 0x00 0xC9 0x00 0x00 0x00 0x2A,0x2C4E,ACK
2.8046024000,656,Data,0x211,0x8,0xE4 0x00 0x2A 0x00 0x00 0x00 0x00 0x00,0x0D4D,ACK
2.8048586000,657,Data,0x343,0x8,0x00 0x00 0x00 0x00 0x00 0x00 0x00 0x00,0x33F5,ACK
2.8134367000,658,Data,0x100,0x8,0x00 0x00 0x00 0x40 0x23 0x4F 0x64 0x32,0x4018,ACK
2.8334366000,659,Data,0x100,0x8,0x00 0x00 0x00 0x40 0x23 0x4F 0x64 0x32,0x4018,ACK
2.8534346000,660,Data,0x100,0x8,0x00 0x00 0x00 0x40 0x23 0x4F 0x64 0x32,0x4018,ACK
2.8588849000,661,Data,0x310,0x8,0xF1 0x0E 0x78 0x05 0x17 0x02 0x01 0xC8,0x439C,ACK
2.8734348000,662,Data,0x100,0x8,0x00 0x00 0x00 0x40 0x23 0x4F 0x64 0x32,0x4018,ACK
2.8801211000,663,Data,0x311,0x8,0x39 0x1E 0x07 0x3F 0x90 0x01 0x00 0x00,0x66BC,ACK
2.8934611000,664,Data,0x100,0x8,0x00 0x00 0x00 0x40 0x23 0x4F 0x64 0x32,0x4018,ACK
2.8937073000,665,Data,0x203,0x8,0x03 0x00 0x57 0x00 0x57 0x00 0x00 0x00,0x4E35,ACK
2.8939496000,666,Data,0x204,0x8,0x00 0x00 0x00 0x00 0x00 0x00 0x00 0x00,0x79D1,ACK
2.8942058000,667,Data,0x205,0x8,0x00 0x00 0x00 0x00 0x00 0x00 0x00 0x00,0x72CA,ACK
2.8945100000,668,Data,0x209,0x8,0x9F 0x27 0x10 0x04 0x90 0x49 0x00 0x00,0x59C2,ACK
2.8947503000,669,Data,0x20A,0x8,0x00 0x00 0x00 0x00 0x00 0x00 0x00 0x00,0x1B53,ACK
2.8950045000,670,Data,0x20B,0x8,0xBC 0x02 0x64 0x00 0x01 0xC8 0x00 0x00,0x021C,ACK
2.8952508000,671,Data,0x20C,0x8,0x00 0xC4 0x50 0x34 0x1E 0x07 0x00 0x00,0x214C,ACK
2.8955010000,672,Data,0x301,0x8,0x00 0x00 0x00 0x00 0x00 0x00 0x00 0x00,0x7E55,ACK
2.8957573000,673,Data,0x302,0x2,0x00 0xFF,0x6FC0,ACK
2.8959035000,674,Data,0x485,0x8,0x22 0x00 0x00 0x00 0x0C 0x02 0x48 0x0C,0x1FCE,ACK
2.9043416000,675,Data,0x212,0x8,0x52 0x01 0x00 0xC9 0x00 0x00 0x00 0x2A,0x2C4E,ACK
2.9046017000,676,Data,0x211,0x8,0xE4 0x00 0x2A 0x00 0x00 0x00 0x00 0x00,0x0D4D,ACK
2.9048799000,677,Data,0x343,0x8,0x00 0x00 0x00 0x00 0x00 0x00 0x00 0x00,0x33F5,ACK
2.9051402000,678,Data,0x341,0x8,0x00 0x00 0x00 0x00 0x02 0x00 0x00 0x00,0x1833,ACK
2.9054124000,679,Data,0x342,0x8,0x23 0x00 0x64 0x00 0x00 0xC4 0x28 0x34,0x6836,ACK
2.9056947000,680,Data,0x344,0x8,0x00 0x00 0x00 0x03 0x00 0x00 0x00 0x00,0x6F15,ACK
2.9134347000,681,Data,0x100,0x8,0x00 0x00 0x00 0x40 0x23 0x4F 0x64 0x32,0x4018,ACK
2.9334346000,682,Data,0x100,0x8,0x00 0x00 0x00 0x40 0x23 0x4F 0x64 0x32,0x4018,ACK
2.9534345000,683,Data,0x100,0x8,0x00 0x00 0x00 0x40 0x23 0x4F 0x64 0x32,0x4018,ACK
2.9734345000,684,Data,0x100,0x8,0x00 0x00 0x00 0x40 0x23 0x4F 0x64 0x32,0x4018,ACK
2.9934524000,685,Data,0x100,0x8,0x00 0x00 0x00 0x40 0x23 0x4F 0x64 0x32,0x4018,ACK
2.9936987000,686,Data,0x203,0x8,0x03 0x00 0x57 0x00 0x57 0x00 0x00 0x00,0x4E35,ACK
2.9939409000,687,Data,0x204,0x8,0x00 0x00 0x00 0x00 0x00 0x00 0x00 0x00,0x79D1,ACK
2.9941972000,688,Data,0x205,0x8,0x00 0x00 0x00 0x00 0x00 0x00 0x00 0x00,0x72CA,ACK
2.9945074000,689,Data,0x209,0x8,0x9F 0x27 0x10 0x04 0x90 0x49 0x00 0x00,0x59C2,ACK
2.9947477000,690,Data,0x20A,0x8,0x00 0x00 0x00 0x00 0x00 0x00 0x00 0x00,0x1B53,ACK
2.9950019000,691,Data,0x20B,0x8,0xBC 0x02 0x64 0x00 0x01 0xC8 0x00 0x00,0x021C,ACK
2.9952482000,692,Data,0x20C,0x8,0x00 0xC4 0x50 0x34 0x1E 0x07 0x00 0x00,0x214C,ACK
3.0043541000,693,Data,0x212,0x8,0x52 0x01 0x00 0xC9 0x00 0x00 0x00 0x2A,0x2C4E,ACK
3.0046124000,694,Data,0x211,0x8,0xE4 0x00 0x2A 0x00 0x00 0x00 0x00 0x00,0x0D4D,ACK
3.0048726000,695,Data,0x343,0x8,0x00 0x00 0x00 0x00 0x00 0x00 0x00 0x00,0x33F5,ACK
3.0134327000,696,Data,0x100,0x8,0x00 0x00 0x00 0x40 0x23 0x4F 0x64 0x32,0x4018,ACK
3.0334326000,697,Data,0x100,0x8,0x00 0x00 0x00 0x40 0x23 0x4F 0x64 0x32,0x4018,ACK
3.0444448000,698,Data,0x422,0x8,0x00 0x00 0x20 0x00 0x15 0x00 0x02 0x00,0x33F1,ACK
3.0448350000,699,Data,0x423,0x8,0xBC 0x02 0x64 0x00 0x3D 0x00 0x01 0x00,0x4EF3,ACK
3.0452353000,700,Data,0x501,0x8,0xB4 0xC1 0x83 0x58 0x51 0xE5 0xB2 0x6B,0x057E,ACK
3.0454656000,701,Data,0x502,0x8,0x32 0xAC 0x86 0x0E 0x1A 0xB9 0x00 0x00,0x0E93,ACK
3.0456998000,702,Data,0x424,0x8,0x6B 0x3E 0x4D 0x69 0x00 0x00 0x00 0x00,0x37D0,ACK
3.0459401000,703,Data,0x425,0x8,0x01 0x64 0x49 0x57 0x57 0x58 0x01 0xFF,0x3E52,ACK
3.0461763000,704,Data,0x429,0x8,0x20 0x00 0x00 0x00 0x00 0x00 0x00 0x00,0x7AC7,ACK
3.0464246000,705,Data,0x420,0x8,0xA3 0x14 0xF6 0xFF 0x66 0x03 0x00 0x00,0x74F7,ACK
3.0466588000,706,Data,0x421,0x8,0x38 0x36 0x31 0x34 0xFB 0x04 0x55 0x04,0x0DC7,ACK
3.0534309000,707,Data,0x100,0x8,0x00 0x00 0x00 0x40 0x23 0x4F 0x64 0x32,0x4018,ACK
3.0590411000,708,Data,0x310,0x8,0xF1 0x0E 0x78 0x05 0x17 0x02 0x01 0xC8,0x439C,ACK
3.0734310000,709,Data,0x100,0x8,0x00 0x00 0x00 0x40 0x23 0x4F 0x64 0x32,0x4018,ACK
3.0802031000,710,Data,0x311,0x8,0x39 0x1E 0x07 0x3F 0x90 0x01 0x00 0x00,0x66BC,ACK
3.0934471000,711,Data,0x100,0x8,0x00 0x00 0x00 0x40 0x23 0x4F 0x64 0x32,0x4018,ACK
3.0936912000,712,Data,0x203,0x8,0x03 0x00 0x57 0x00 0x57 0x00 0x00 0x00,0x4E35,ACK
3.0939333000,713,Data,0x204,0x8,0x00 0x00 0x00 0x00 0x00 0x00 0x00 0x00,0x79D1,ACK
3.0941894000,714,Data,0x205,0x8,0x00 0x00 0x00 0x00 0x00 0x00 0x00 0x00,0x72CA,ACK
3.0945075000,715,Data,0x209,0x8,0x9F 0x27 0x10 0x04 0x90 0x49 0x00 0x00,0x59C2,ACK
3.0947477000,716,Data,0x20A,0x8,0x00 0x00 0x00 0x00 0x00 0x00 0x00 0x00,0x1B53,ACK
3.0950018000,717,Data,0x20B,0x8,0xBC 0x02 0x64 0x00 0x01 0xC8 0x00 0x00,0x021C,ACK
3.0952459000,718,Data,0x20C,0x8,0x00 0xC4 0x50 0x34 0x1E 0x07 0x00 0x00,0x214C,ACK
3.0954940000,719,Data,0x301,0x8,0x00 0x00 0x00 0x00 0x00 0x00 0x00 0x00,0x7E55,ACK
3.0957502000,720,Data,0x302,0x2,0x00 0xFF,0x6FC0,ACK
3.0958963000,721,Data,0x485,0x8,0x22 0x00 0x00 0x00 0x0C 0x02 0x48 0x0C,0x1FCE,ACK
3.1043362000,722,Data,0x212,0x8,0x52 0x01 0x00 0xC9 0x00 0x00 0x00 0x2A,0x2C4E,ACK
3.1045963000,723,Data,0x211,0x8,0xE4 0x00 0x2A 0x00 0x00 0x00 0x00 0x00,0x0D4D,ACK
3.1048565000,724,Data,0x343,0x8,0x00 0x00 0x00 0x00 0x00 0x00 0x00 0x00,0x33F5,ACK
3.1051126000,725,Data,0x341,0x8,0x00 0x00 0x00 0x00 0x02 0x00 0x00 0x00,0x1833,ACK
3.1054087000,726,Data,0x342,0x8,0x23 0x00 0x64 0x00 0x00 0xC4 0x28 0x34,0x6836,ACK
3.1056648000,727,Data,0x344,0x8,0x00 0x00 0x00 0x03 0x00 0x00 0x00 0x00,0x6F15,ACK
3.1134308000,728,Data,0x100,0x8,0x00 0x00 0x00 0x40 0x23 0x4F 0x64 0x32,0x4018,ACK
3.1334306000,729,Data,0x100,0x8,0x00 0x00 0x00 0x40 0x23 0x4F 0x64 0x32,0x4018,ACK
3.1534306000,730,Data,0x100,0x8,0x00 0x00 0x00 0x40 0x23 0x4F 0x64 0x32,0x4018,ACK
3.1734305000,731,Data,0x100,0x8,0x00 0x00 0x00 0x40 0x23 0x4F 0x64 0x32,0x4018,ACK
3.1934484000,732,Data,0x100,0x8,0x00 0x00 0x00 0x40 0x23 0x4F 0x64 0x32,0x4018,ACK
3.1936927000,733,Data,0x203,0x8,0x03 0x00 0x57 0x00 0x57 0x00 0x00 0x00,0x4E35,ACK
3.1939349000,734,Data,0x204,0x8,0x00 0x00 0x00 0x00 0x00 0x00 0x00 0x00,0x79D1,ACK
3.1941912000,735,Data,0x205,0x8,0x00 0x00 0x00 0x00 0x00 0x00 0x00 0x00,0x72CA,ACK
3.1945074000,736,Data,0x209,0x8,0x9F 0x27 0x10 0x04 0x90 0x49 0x00 0x00,0x59C2,ACK
3.1947477000,737,Data,0x20A,0x8,0x00 0x00 0x00 0x00 0x00 0x00 0x00 0x00,0x1B53,ACK
3.1950019000,738,Data,0x20B,0x8,0xBC 0x02 0x64 0x00 0x01 0xC8 0x00 0x00,0x021C,ACK
3.1952462000,739,Data,0x20C,0x8,0x00 0xC4 0x50 0x34 0x1E 0x07 0x00 0x00,0x214C,ACK
3.2043202000,740,Data,0x212,0x8,0x52 0x01 0x00 0xC9 0x00 0x00 0x00 0x2A,0x2C4E,ACK
3.2045823000,741,Data,0x211,0x8,0xE4 0x00 0x2A 0x00 0x00 0x00 0x00 0x00,0x0D4D,ACK
3.2048385000,742,Data,0x343,0x8,0x00 0x00 0x00 0x00 0x00 0x00 0x00 0x00,0x33F5,ACK
3.2051188000,743,Data,0x401,0x8,0x00 0x00 0x34 0x00 0x05 0x2C 0x00 0x00,0x20D2,ACK
3.2134288000,744,Data,0x100,0x8,0x00 0x00 0x00 0x40 0x23 0x4F 0x64 0x32,0x4018,ACK
3.2334288000,745,Data,0x100,0x8,0x00 0x00 0x00 0x40 0x23 0x4F 0x64 0x32,0x4018,ACK
3.2534287000,746,Data,0x100,0x8,0x00 0x00 0x00 0x40 0x23 0x4F 0x64 0x32,0x4018,ACK
3.2607810000,747,Data,0x310,0x8,0xF1 0x0E 0x78 0x05 0x17 0x02 0x01 0xC8,0x439C,ACK
3.2734290000,748,Data,0x100,0x8,0x00 0x00 0x00 0x40 0x23 0x4F 0x64 0x32,0x4018,ACK
3.2799330000,749,Data,0x311,0x8,0x39 0x1E 0x07 0x3F 0x90 0x01 0x00 0x00,0x66BC,ACK
3.2934689000,750,Data,0x100,0x8,0x00 0x00 0x00 0x40 0x23 0x4F 0x64 0x32,0x4018,ACK
3.2937132000,751,Data,0x203,0x8,0x03 0x00 0x57 0x00 0x57 0x00 0x00 0x00,0x4E35,ACK
3.2939574000,752,Data,0x204,0x8,0x00 0x00 0x00 0x00 0x00 0x00 0x00 0x00,0x79D1,ACK
3.2942137000,753,Data,0x205,0x8,0x00 0x00 0x00 0x00 0x00 0x00 0x00 0x00,0x72CA,ACK
3.2945059000,754,Data,0x209,0x8,0x9F 0x27 0x10 0x04 0x90 0x49 0x00 0x00,0x59C2,ACK
3.2947462000,755,Data,0x20A,0x8,0x00 0x00 0x00 0x00 0x00 0x00 0x00 0x00,0x1B53,ACK
3.2950024000,756,Data,0x20B,0x8,0xBC 0x02 0x64 0x00 0x01 0xC8 0x00 0x00,0x021C,ACK
3.2952487000,757,Data,0x20C,0x8,0x00 0xC4 0x50 0x34 0x1E 0x07 0x00 0x00,0x214C,ACK
3.2954949000,758,Data,0x301,0x8,0x00 0x00 0x00 0x00 0x00 0x00 0x00 0x00,0x7E55,ACK
3.2957512000,759,Data,0x302,0x2,0x00 0xFF,0x6FC0,ACK
3.2958954000,760,Data,0x485,0x8,0x22 0x00 0x00 0x00 0x0C 0x02 0x48 0x0C,0x1FCE,ACK
3.2961396000,761,Data,0x480,0x8,0x00 0x00 0x00 0x00 0x20 0x00 0x00 0x00,0x2C46,ACK
3.2963959000,762,Data,0x481,0x8,0x32 0x0A 0x28 0x08 0x00 0x00 0x00 0x00,0x1D9A,ACK
3.2966461000,763,Data,0x482,0x8,0x52 0x01 0x02 0x00 0x00 0x00 0x00 0x00,0x36EA,ACK
3.2968944000,764,Data,0x483,0x8,0x31 0x4B 0x31 0x55 0x41 0x32 0x35 0x35,0x717E,ACK
3.2971286000,765,Data,0x484,0x8,0x31 0x50 0x33 0x39 0x36 0x35 0x00 0x00,0x0196,ACK
3.3043506000,766,Data,0x212,0x8,0x52 0x01 0x00 0xC9 0x00 0x00 0x00 0x2A,0x2C4E,ACK
3.3046108000,767,Data,0x211,0x8,0xE4 0x00 0x2A 0x00 0x00 0x00 0x00 0x00,0x0D4D,ACK
3.3048671000,768,Data,0x343,0x8,0x00 0x00 0x00 0x00 0x00 0x00 0x00 0x00,0x33F5,ACK
3.3051274000,769,Data,0x341,0x8,0x00 0x00 0x00 0x00 0x02 0x00 0x00 0x00,0x1833,ACK
3.3054236000,770,Data,0x342,0x8,0x23 0x00 0x64 0x00 0x00 0xC4 0x28 0x34,0x6836,ACK
3.3056838000,771,Data,0x344,0x8,0x00 0x00 0x00 0x03 0x00 0x00 0x00 0x00,0x6F15,ACK
3.3134159000,772,Data,0x100,0x8,0x00 0x00 0x00 0x40 0x23 0x4F 0x64 0x32,0x4018,ACK
3.3334279000,773,Data,0x100,0x8,0x00 0x00 0x00 0x40 0x23 0x4F 0x64 0x32,0x4018,ACK
3.3534279000,774,Data,0x100,0x8,0x00 0x00 0x00 0x40 0x23 0x4F 0x64 0x32,0x4018,ACK
3.3734297000,775,Data,0x100,0x8,0x00 0x00 0x00 0x40 0x23 0x4F 0x64 0x32,0x4018,ACK
3.3934457000,776,Data,0x100,0x8,0x00 0x00 0x00 0x40 0x23 0x4F 0x64 0x32,0x4018,ACK
3.3936919000,777,Data,0x203,0x8,0x03 0x00 0x57 0x00 0x57 0x00 0x00 0x00,0x4E35,ACK
3.3939342000,778,Data,0x204,0x8,0x00 0x00 0x00 0x00 0x00 0x00 0x00 0x00,0x79D1,ACK
3.3941904000,779,Data,0x205,0x8,0x00 0x00 0x00 0x00 0x00 0x00 0x00 0x00,0x72CA,ACK
3.3945047000,780,Data,0x209,0x8,0x9F 0x27 0x10 0x04 0x90 0x49 0x00 0x00,0x59C2,ACK
3.3947449000,781,Data,0x20A,0x8,0x00 0x00 0x00 0x00 0x00 0x00 0x00 0x00,0x1B53,ACK
3.3950012000,782,Data,0x20B,0x8,0xBC 0x02 0x64 0x00 0x01 0xC8 0x00 0x00,0x021C,ACK
3.3952454000,783,Data,0x20C,0x8,0x00 0xC4 0x50 0x34 0x1E 0x07 0x00 0x00,0x214C,ACK
3.4043394000,784,Data,0x212,0x8,0x52 0x01 0x00 0xC9 0x00 0x00 0x00 0x2A,0x2C4E,ACK
3.4045977000,785,Data,0x211,0x8,0xE4 0x00 0x2A 0x00 0x00 0x00 0x00 0x00,0x0D4D,ACK
3.4048559000,786,Data,0x343,0x8,0x00 0x00 0x00 0x00 0x00 0x00 0x00 0x00,0x33F5,ACK
3.4134259000,787,Data,0x100,0x8,0x00 0x00 0x00 0x40 0x23 0x4F 0x64 0x32,0x4018,ACK
3.4334259000,788,Data,0x100,0x8,0x00 0x00 0x00 0x40 0x23 0x4F 0x64 0x32,0x4018,ACK
3.4534257000,789,Data,0x100,0x8,0x00 0x00 0x00 0x40 0x23 0x4F 0x64 0x32,0x4018,ACK
3.4602700000,790,Data,0x310,0x8,0xF1 0x0E 0x78 0x05 0x17 0x02 0x01 0xC8,0x439C,ACK
3.4734260000,791,Data,0x100,0x8,0x00 0x00 0x00 0x40 0x23 0x4F 0x64 0x32,0x4018,ACK
3.4814522000,792,Data,0x311,0x8,0x39 0x1E 0x07 0x3F 0x90 0x01 0x00 0x00,0x66BC,ACK
3.4934542000,793,Data,0x100,0x8,0x00 0x00 0x00 0x40 0x23 0x4F 0x64 0x32,0x4018,ACK
3.4936984000,794,Data,0x203,0x8,0x03 0x00 0x57 0x00 0x57 0x00 0x00 0x00,0x4E35,ACK
3.4939407000,795,Data,0x204,0x8,0x00 0x00 0x00 0x00 0x00 0x00 0x00 0x00,0x79D1,ACK
3.4941989000,796,Data,0x205,0x8,0x00 0x00 0x00 0x00 0x00 0x00 0x00 0x00,0x72CA,ACK
3.4944912000,797,Data,0x209,0x8,0x9F 0x27 0x10 0x04 0x90 0x49 0x00 0x00,0x59C2,ACK
3.4947314000,798,Data,0x20A,0x8,0x00 0x00 0x00 0x00 0x00 0x00 0x00 0x00,0x1B53,ACK
3.4949857000,799,Data,0x20B,0x8,0xBC 0x02 0x64 0x00 0x01 0xC8 0x00 0x00,0x021C,ACK
3.4952319000,800,Data,0x20C,0x8,0x00 0xC4 0x50 0x34 0x1E 0x07 0x00 0x00,0x214C,ACK
3.4954802000,801,Data,0x301,0x8,0x00 0x00 0x00 0x00 0x00 0x00 0x00 0x00,0x7E55,ACK
3.4957364000,802,Data,0x302,0x2,0x00 0xFF,0x6FC0,ACK
3.4958806000,803,Data,0x485,0x8,0x22 0x00 0x00 0x00 0x0C 0x02 0x48 0x0C,0x1FCE,ACK
3.5043186000,804,Data,0x212,0x8,0x52 0x01 0x00 0xC9 0x00 0x00 0x00 0x2A,0x2C4E,ACK
3.5045809000,805,Data,0x211,0x8,0xE4 0x00 0x2A 0x00 0x00 0x00 0x00 0x00,0x0D4D,ACK
3.5048631000,806,Data,0x343,0x8,0x00 0x00 0x00 0x00 0x00 0x00 0x00 0x00,0x33F5,ACK
3.5051194000,807,Data,0x341,0x8,0x00 0x00 0x00 0x00 0x02 0x00 0x00 0x00,0x1833,ACK
3.5053936000,808,Data,0x342,0x8,0x23 0x00 0x64 0x00 0x00 0xC4 0x28 0x34,0x6836,ACK
3.5056719000,809,Data,0x344,0x8,0x00 0x00 0x00 0x03 0x00 0x00 0x00 0x00,0x6F15,ACK
3.5134259000,810,Data,0x100,0x8,0x00 0x00 0x00 0x40 0x23 0x4F 0x64 0x32,0x4018,ACK
3.5334259000,811,Data,0x100,0x8,0x00 0x00 0x00 0x40 0x23 0x4F 0x64 0x32,0x4018,ACK
3.5451601000,812,Data,0x422,0x8,0x00 0x00 0x20 0x00 0x15 0x00 0x02 0x00,0x33F1,ACK
3.5455363000,813,Data,0x423,0x8,0xBC 0x02 0x64 0x00 0x3D 0x00 0x01 0x00,0x4EF3,ACK
3.5464366000,814,Data,0x425,0x8,0x01 0x64 0x49 0x57 0x57 0x58 0x01 0xFF,0x3E52,ACK
3.5466728000,815,Data,0x429,0x8,0x20 0x00 0x00 0x00 0x00 0x00 0x00 0x00,0x7AC7,ACK
3.5469211000,816,Data,0x420,0x8,0xA3 0x14 0xF8 0xFF 0x66 0x03 0x00 0x00,0x04E6,ACK
3.5471593000,817,Data,0x421,0x8,0x38 0x36 0x31 0x34 0xFB 0x04 0x55 0x04,0x0DC7,ACK
3.5534254000,818,Data,0x100,0x8,0x00 0x00 0x00 0x40 0x23 0x4F 0x64 0x32,0x4018,ACK
3.5734253000,819,Data,0x100,0x8,0x00 0x00 0x00 0x40 0x23 0x4F 0x64 0x32,0x4018,ACK
3.5934453000,820,Data,0x100,0x8,0x00 0x00 0x00 0x40 0x23 0x4F 0x64 0x32,0x4018,ACK
3.5936894000,821,Data,0x203,0x8,0x03 0x00 0x57 0x00 0x57 0x00 0x00 0x00,0x4E35,ACK
3.5939335000,822,Data,0x204,0x8,0x00 0x00 0x00 0x00 0x00 0x00 0x00 0x00,0x79D1,ACK
3.5941897000,823,Data,0x205,0x8,0x00 0x00 0x00 0x00 0x00 0x00 0x00 0x00,0x72CA,ACK
3.5944998000,824,Data,0x209,0x8,0x9F 0x27 0x10 0x04 0x90 0x49 0x00 0x00,0x59C2,ACK
3.5947399000,825,Data,0x20A,0x8,0x00 0x00 0x00 0x00 0x00 0x00 0x00 0x00,0x1B53,ACK
3.5949940000,826,Data,0x20B,0x8,0xBC 0x02 0x64 0x00 0x01 0xC8 0x00 0x00,0x021C,ACK
3.5952402000,827,Data,0x20C,0x8,0x00 0xC4 0x50 0x34 0x1E 0x07 0x00 0x00,0x214C,ACK
3.6043401000,828,Data,0x212,0x8,0x52 0x01 0x00 0xC9 0x00 0x00 0x00 0x2A,0x2C4E,ACK
3.6046022000,829,Data,0x211,0x8,0xE4 0x00 0x2A 0x00 0x00 0x00 0x00 0x00,0x0D4D,ACK
3.6048583000,830,Data,0x343,0x8,0x00 0x00 0x00 0x00 0x00 0x00 0x00 0x00,0x33F5,ACK
3.6134243000,831,Data,0x100,0x8,0x00 0x00 0x00 0x40 0x23 0x4F 0x64 0x32,0x4018,ACK
3.6334243000,832,Data,0x100,0x8,0x00 0x00 0x00 0x40 0x23 0x4F 0x64 0x32,0x4018,ACK
3.6534242000,833,Data,0x100,0x8,0x00 0x00 0x00 0x40 0x23 0x4F 0x64 0x32,0x4018,ACK
3.6617144000,834,Data,0x310,0x8,0xF1 0x0E 0x78 0x05 0x17 0x02 0x01 0xC8,0x439C,ACK
3.6734123000,835,Data,0x100,0x8,0x00 0x00 0x00 0x40 0x23 0x4F 0x64 0x32,0x4018,ACK
3.6808524000,836,Data,0x311,0x8,0x39 0x1E 0x07 0x3F 0x90 0x01 0x00 0x00,0x66BC,ACK
3.6934504000,837,Data,0x100,0x8,0x00 0x00 0x00 0x40 0x23 0x4F 0x64 0x32,0x4018,ACK
3.6936947000,838,Data,0x203,0x8,0x03 0x00 0x57 0x00 0x57 0x00 0x00 0x00,0x4E35,ACK
3.6939389000,839,Data,0x204,0x8,0x00 0x00 0x00 0x00 0x00 0x00 0x00 0x00,0x79D1,ACK
3.6941952000,840,Data,0x205,0x8,0x00 0x00 0x00 0x00 0x00 0x00 0x00 0x00,0x72CA,ACK
3.6944994000,841,Data,0x209,0x8,0x9F 0x27 0x10 0x04 0x90 0x49 0x00 0x00,0x59C2,ACK
3.6947397000,842,Data,0x20A,0x8,0x00 0x00 0x00 0x00 0x00 0x00 0x00 0x00,0x1B53,ACK
3.6949939000,843,Data,0x20B,0x8,0xBC 0x02 0x64 0x00 0x01 0xC8 0x00 0x00,0x021C,ACK
3.6952400000,844,Data,0x20C,0x8,0x00 0xC4 0x50 0x34 0x1E 0x07 0x00 0x00,0x214C,ACK
3.6954903000,845,Data,0x301,0x8,0x00 0x00 0x00 0x00 0x00 0x00 0x00 0x00,0x7E55,ACK
3.6957465000,846,Data,0x302,0x2,0x00 0xFF,0x6FC0,ACK
3.6958908000,847,Data,0x485,0x8,0x22 0x00 0x00 0x00 0x0C 0x02 0x48 0x0C,0x1FCE,ACK
3.7043168000,848,Data,0x212,0x8,0x52 0x01 0x00 0xC9 0x00 0x00 0x00 0x2A,0x2C4E,ACK
3.7045790000,849,Data,0x211,0x8,0xE4 0x00 0x2A 0x00 0x00 0x00 0x00 0x00,0x0D4D,ACK
3.7048393000,850,Data,0x343,0x8,0x00 0x00 0x00 0x00 0x00 0x00 0x00 0x00,0x33F5,ACK
3.7050975000,851,Data,0x341,0x8,0x00 0x00 0x00 0x00 0x02 0x00 0x00 0x00,0x1833,ACK
3.7053938000,852,Data,0x342,0x8,0x23 0x00 0x64 0x00 0x00 0xC4 0x28 0x34,0x6836,ACK
3.7056540000,853,Data,0x344,0x8,0x00 0x00 0x00 0x03 0x00 0x00 0x00 0x00,0x6F15,ACK
3.7059103000,854,Data,0x401,0x8,0x00 0x00 0x34 0x00 0x05 0x2C 0x00 0x00,0x20D2,ACK
3.7134103000,855,Data,0x100,0x8,0x00 0x00 0x00 0x40 0x23 0x4F 0x64 0x32,0x4018,ACK
3.7334243000,856,Data,0x100,0x8,0x00 0x00 0x00 0x40 0x23 0x4F 0x64 0x32,0x4018,ACK
3.7534242000,857,Data,0x100,0x8,0x00 0x00 0x00 0x40 0x23 0x4F 0x64 0x32,0x4018,ACK
3.7734222000,858,Data,0x100,0x8,0x00 0x00 0x00 0x40 0x23 0x4F 0x64 0x32,0x4018,ACK
3.7934422000,859,Data,0x100,0x8,0x00 0x00 0x00 0x40 0x23 0x4F 0x64 0x32,0x4018,ACK
3.7936884000,860,Data,0x203,0x8,0x03 0x00 0x57 0x00 0x57 0x00 0x00 0x00,0x4E35,ACK
3.7939307000,861,Data,0x204,0x8,0x00 0x00 0x00 0x00 0x00 0x00 0x00 0x00,0x79D1,ACK
3.7941869000,862,Data,0x205,0x8,0x00 0x00 0x00 0x00 0x00 0x00 0x00 0x00,0x72CA,ACK
3.7944972000,863,Data,0x209,0x8,0x9F 0x27 0x10 0x04 0x90 0x49 0x00 0x00,0x59C2,ACK
3.7947374000,864,Data,0x20A,0x8,0x00 0x00 0x00 0x00 0x00 0x00 0x00 0x00,0x1B53,ACK
3.7949917000,865,Data,0x20B,0x8,0xBC 0x02 0x64 0x00 0x01 0xC8 0x00 0x00,0x021C,ACK
3.7952379000,866,Data,0x20C,0x8,0x00 0xC4 0x50 0x34 0x1E 0x07 0x00 0x00,0x214C,ACK
3.8043238000,867,Data,0x212,0x8,0x52 0x01 0x00 0xC9 0x00 0x00 0x00 0x2A,0x2C4E,ACK
3.8046041000,868,Data,0x211,0x8,0xE4 0x00 0x2A 0x00 0x00 0x00 0x00 0x00,0x0D4D,ACK
3.8048643000,869,Data,0x343,0x8,0x00 0x00 0x00 0x00 0x00 0x00 0x00 0x00,0x33F5,ACK
3.8134224000,870,Data,0x100,0x8,0x00 0x00 0x00 0x40 0x23 0x4F 0x64 0x32,0x4018,ACK
3.8334224000,871,Data,0x100,0x8,0x00 0x00 0x00 0x40 0x23 0x4F 0x64 0x32,0x4018,ACK
3.8534222000,872,Data,0x100,0x8,0x00 0x00 0x00 0x40 0x23 0x4F 0x64 0x32,0x4018,ACK
3.8617524000,873,Data,0x310,0x8,0xF1 0x0E 0x78 0x05 0x17 0x02 0x01 0xC8,0x439C,ACK
3.8734203000,874,Data,0x100,0x8,0x00 0x00 0x00 0x40 0x23 0x4F 0x64 0x32,0x4018,ACK
3.8809044000,875,Data,0x311,0x8,0x39 0x1E 0x07 0x3F 0x90 0x01 0x00 0x00,0x66BC,ACK
3.8934463000,876,Data,0x100,0x8,0x00 0x00 0x00 0x40 0x23 0x4F 0x64 0x32,0x4018,ACK
3.8936925000,877,Data,0x203,0x8,0x03 0x00 0x57 0x00 0x57 0x00 0x00 0x00,0x4E35,ACK
3.8939348000,878,Data,0x204,0x8,0x00 0x00 0x00 0x00 0x00 0x00 0x00 0x00,0x79D1,ACK
3.8941910000,879,Data,0x205,0x8,0x00 0x00 0x00 0x00 0x00 0x00 0x00 0x00,0x72CA,ACK
3.8944973000,880,Data,0x209,0x8,0x9F 0x27 0x10 0x04 0x90 0x49 0x00 0x00,0x59C2,ACK
3.8947375000,881,Data,0x20A,0x8,0x00 0x00 0x00 0x00 0x00 0x00 0x00 0x00,0x1B53,ACK
3.8949938000,882,Data,0x20B,0x8,0xBC 0x02 0x64 0x00 0x01 0xC8 0x00 0x00,0x021C,ACK
3.8952380000,883,Data,0x20C,0x8,0x00 0xC4 0x50 0x34 0x1E 0x07 0x00 0x00,0x214C,ACK
3.8954863000,884,Data,0x301,0x8,0x00 0x00 0x00 0x00 0x00 0x00 0x00 0x00,0x7E55,ACK
3.8957425000,885,Data,0x302,0x2,0x00 0xFF,0x6FC0,ACK
3.8958888000,886,Data,0x485,0x8,0x22 0x00 0x00 0x00 0x0C 0x02 0x48 0x0C,0x1FCE,ACK
3.9043368000,887,Data,0x212,0x8,0x52 0x01 0x00 0xC9 0x00 0x00 0x00 0x2A,0x2C4E,ACK
3.9045970000,888,Data,0x211,0x8,0xE4 0x00 0x2A 0x00 0x00 0x00 0x00 0x00,0x0D4D,ACK
3.9048573000,889,Data,0x343,0x8,0x00 0x00 0x00 0x00 0x00 0x00 0x00 0x00,0x33F5,ACK
3.9051135000,890,Data,0x341,0x8,0x00 0x00 0x00 0x00 0x02 0x00 0x00 0x00,0x1833,ACK
3.9054138000,891,Data,0x342,0x8,0x23 0x00 0x64 0x00 0x00 0xC4 0x28 0x34,0x6836,ACK
3.9056700000,892,Data,0x344,0x8,0x00 0x00 0x00 0x03 0x00 0x00 0x00 0x00,0x6F15,ACK
3.9134200000,893,Data,0x100,0x8,0x00 0x00 0x00 0x40 0x23 0x4F 0x64 0x32,0x4018,ACK
3.9334200000,894,Data,0x100,0x8,0x00 0x00 0x00 0x40 0x23 0x4F 0x64 0x32,0x4018,ACK
3.9534200000,895,Data,0x100,0x8,0x00 0x00 0x00 0x40 0x23 0x4F 0x64 0x32,0x4018,ACK
3.9734199000,896,Data,0x100,0x8,0x00 0x00 0x00 0x40 0x23 0x4F 0x64 0x32,0x4018,ACK
3.9934399000,897,Data,0x100,0x8,0x00 0x00 0x00 0x40 0x23 0x4F 0x64 0x32,0x4018,ACK
3.9936862000,898,Data,0x203,0x8,0x03 0x00 0x57 0x00 0x57 0x00 0x00 0x00,0x4E35,ACK
3.9939284000,899,Data,0x204,0x8,0x00 0x00 0x00 0x00 0x00 0x00 0x00 0x00,0x79D1,ACK
3.9941867000,900,Data,0x205,0x8,0x00 0x00 0x00 0x00 0x00 0x00 0x00 0x00,0x72CA,ACK
3.9944949000,901,Data,0x209,0x8,0x9F 0x27 0x10 0x04 0x90 0x49 0x00 0x00,0x59C2,ACK
3.9947352000,902,Data,0x20A,0x8,0x00 0x00 0x00 0x00 0x00 0x00 0x00 0x00,0x1B53,ACK
3.9949894000,903,Data,0x20B,0x8,0xBC 0x02 0x64 0x00 0x01 0xC8 0x00 0x00,0x021C,ACK
3.9952337000,904,Data,0x20C,0x8,0x00 0xC4 0x50 0x34 0x1E 0x07 0x00 0x00,0x214C,ACK
4.0043076000,905,Data,0x212,0x8,0x52 0x01 0x00 0xC9 0x00 0x00 0x00 0x2A,0x2C4E,ACK
4.0045699000,906,Data,0x211,0x8,0xE4 0x00 0x2A 0x00 0x00 0x00 0x00 0x00,0x0D4D,ACK
4.0048261000,907,Data,0x343,0x8,0x00 0x00 0x00 0x00 0x00 0x00 0x00 0x00,0x33F5,ACK
4.0134201000,908,Data,0x100,0x8,0x00 0x00 0x00 0x40 0x23 0x4F 0x64 0x32,0x4018,ACK
4.0334201000,909,Data,0x100,0x8,0x00 0x00 0x00 0x40 0x23 0x4F 0x64 0x32,0x4018,ACK
4.0449283000,910,Data,0x500,0x8,0x48 0x48 0x49 0xFF 0x48 0x48 0x48 0xFF,0x3C42,ACK
4.0451606000,911,Data,0x423,0x8,0xBC 0x02 0x64 0x00 0x3D 0x00 0x01 0x00,0x4EF3,ACK
4.0458908000,912,Data,0x424,0x8,0x6C 0x3E 0x4D 0x69 0x00 0x00 0x00 0x00,0x1972,ACK
4.0461291000,913,Data,0x425,0x8,0x01 0x64 0x49 0x57 0x57 0x58 0x01 0xFF,0x3E52,ACK
4.0463653000,914,Data,0x429,0x8,0x20 0x00 0x00 0x00 0x00 0x00 0x00 0x00,0x7AC7,ACK
4.0470796000,915,Data,0x422,0x8,0x00 0x00 0x20 0x00 0x15 0x00 0x02 0x00,0x33F1,ACK
4.0486398000,916,Data,0x420,0x8,0xA3 0x14 0xF4 0xFF 0x66 0x03 0x00 0x00,0x48AF,ACK
4.0488741000,917,Data,0x421,0x8,0x38 0x36 0x31 0x34 0xFB 0x04 0x55 0x04,0x0DC7,ACK
4.0534181000,918,Data,0x100,0x8,0x00 0x00 0x00 0x40 0x23 0x4F 0x64 0x32,0x4018,ACK
4.0613463000,919,Data,0x310,0x8,0xF1 0x0E 0x78 0x05 0x17 0x02 0x01 0xC8,0x439C,ACK
4.0734183000,920,Data,0x100,0x8,0x00 0x00 0x00 0x40 0x23 0x4F 0x64 0x32,0x4018,ACK
4.0825186000,921,Data,0x311,0x8,0x39 0x1E 0x07 0x3F 0x90 0x01 0x00 0x00,0x66BC,ACK
4.0934465000,922,Data,0x100,0x8,0x00 0x00 0x00 0x40 0x23 0x4F 0x64 0x32,0x4018,ACK
4.0936907000,923,Data,0x203,0x8,0x03 0x00 0x57 0x00 0x57 0x00 0x00 0x00,0x4E35,ACK
4.0939328000,924,Data,0x204,0x8,0x00 0x00 0x00 0x00 0x00 0x00 0x00 0x00,0x79D1,ACK
4.0941909000,925,Data,0x205,0x8,0x00 0x00 0x00 0x00 0x00 0x00 0x00 0x00,0x72CA,ACK
4.0944830000,926,Data,0x209,0x8,0x9F 0x27 0x10 0x04 0x90 0x49 0x00 0x00,0x59C2,ACK
4.0947252000,927,Data,0x20A,0x8,0x00 0x00 0x00 0x00 0x00 0x00 0x00 0x00,0x1B53,ACK
4.0949793000,928,Data,0x20B,0x8,0xBC 0x02 0x64 0x00 0x01 0xC8 0x00 0x00,0x021C,ACK
4.0952234000,929,Data,0x20C,0x8,0x00 0xC4 0x50 0x34 0x1E 0x07 0x00 0x00,0x214C,ACK
4.0954715000,930,Data,0x301,0x8,0x00 0x00 0x00 0x00 0x00 0x00 0x00 0x00,0x7E55,ACK
4.0957276000,931,Data,0x302,0x2,0x00 0xFF,0x6FC0,ACK
4.0958738000,932,Data,0x485,0x8,0x22 0x00 0x00 0x00 0x0C 0x02 0x48 0x0C,0x1FCE,ACK
4.1043137000,933,Data,0x212,0x8,0x52 0x01 0x00 0xC9 0x00 0x00 0x00 0x2A,0x2C4E,ACK
4.1045939000,934,Data,0x211,0x8,0xE4 0x00 0x2A 0x00 0x00 0x00 0x00 0x00,0x0D4D,ACK
4.1048562000,935,Data,0x343,0x8,0x00 0x00 0x00 0x00 0x00 0x00 0x00 0x00,0x33F5,ACK
4.1051144000,936,Data,0x341,0x8,0x00 0x00 0x00 0x00 0x02 0x00 0x00 0x00,0x1833,ACK
4.1054107000,937,Data,0x342,0x8,0x23 0x00 0x64 0x00 0x00 0xC4 0x28 0x34,0x6836,ACK
4.1056709000,938,Data,0x344,0x8,0x00 0x00 0x00 0x03 0x00 0x00 0x00 0x00,0x6F15,ACK
4.1134169000,939,Data,0x100,0x8,0x00 0x00 0x00 0x40 0x23 0x4F 0x64 0x32,0x4018,ACK
4.1334169000,940,Data,0x100,0x8,0x00 0x00 0x00 0x40 0x23 0x4F 0x64 0x32,0x4018,ACK
4.1534168000,941,Data,0x100,0x8,0x00 0x00 0x00 0x40 0x23 0x4F 0x64 0x32,0x4018,ACK
4.1734168000,942,Data,0x100,0x8,0x00 0x00 0x00 0x40 0x23 0x4F 0x64 0x32,0x4018,ACK
4.1934348000,943,Data,0x100,0x8,0x00 0x00 0x00 0x40 0x23 0x4F 0x64 0x32,0x4018,ACK
4.1936790000,944,Data,0x203,0x8,0x03 0x00 0x57 0x00 0x57 0x00 0x00 0x00,0x4E35,ACK
4.1939213000,945,Data,0x204,0x8,0x00 0x00 0x00 0x00 0x00 0x00 0x00 0x00,0x79D1,ACK
4.1941775000,946,Data,0x205,0x8,0x00 0x00 0x00 0x00 0x00 0x00 0x00 0x00,0x72CA,ACK
4.1944938000,947,Data,0x209,0x8,0x9F 0x27 0x10 0x04 0x90 0x49 0x00 0x00,0x59C2,ACK
4.1947340000,948,Data,0x20A,0x8,0x00 0x00 0x00 0x00 0x00 0x00 0x00 0x00,0x1B53,ACK
4.1949883000,949,Data,0x20B,0x8,0xBC 0x02 0x64 0x00 0x01 0xC8 0x00 0x00,0x021C,ACK
4.1952325000,950,Data,0x20C,0x8,0x00 0xC4 0x50 0x34 0x1E 0x07 0x00 0x00,0x214C,ACK
4.2043205000,951,Data,0x212,0x8,0x52 0x01 0x00 0xC9 0x00 0x00 0x00 0x2A,0x2C4E,ACK
4.2045808000,952,Data,0x211,0x8,0xE4 0x00 0x2A 0x00 0x00 0x00 0x00 0x00,0x0D4D,ACK
4.2048410000,953,Data,0x343,0x8,0x00 0x00 0x00 0x00 0x00 0x00 0x00 0x00,0x33F5,ACK
4.2050973000,954,Data,0x401,0x8,0x00 0x00 0x34 0x00 0x05 0x2C 0x00 0x00,0x20D2,ACK
4.2134173000,955,Data,0x100,0x8,0x00 0x00 0x00 0x40 0x23 0x4F 0x64 0x32,0x4018,ACK
4.2334152000,956,Data,0x100,0x8,0x00 0x00 0x00 0x40 0x23 0x4F 0x64 0x32,0x4018,ACK
4.2534152000,957,Data,0x100,0x8,0x00 0x00 0x00 0x40 0x23 0x4F 0x64 0x32,0x4018,ACK
4.2611855000,958,Data,0x310,0x8,0xF1 0x0E 0x78 0x05 0x17 0x02 0x01 0xC8,0x439C,ACK
4.2734154000,959,Data,0x100,0x8,0x00 0x00 0x00 0x40 0x23 0x4F 0x64 0x32,0x4018,ACK
4.2823575000,960,Data,0x311,0x8,0x39 0x1E 0x07 0x3F 0x90 0x01 0x00 0x00,0x66BC,ACK
4.2934435000,961,Data,0x100,0x8,0x00 0x00 0x00 0x40 0x23 0x4F 0x64 0x32,0x4018,ACK
4.2936898000,962,Data,0x203,0x8,0x03 0x00 0x57 0x00 0x57 0x00 0x00 0x00,0x4E35,ACK
4.2939320000,963,Data,0x204,0x8,0x00 0x00 0x00 0x00 0x00 0x00 0x00 0x00,0x79D1,ACK
4.2941883000,964,Data,0x205,0x8,0x00 0x00 0x00 0x00 0x00 0x00 0x00 0x00,0x72CA,ACK
4.2944905000,965,Data,0x209,0x8,0x9F 0x27 0x10 0x04 0x90 0x49 0x00 0x00,0x59C2,ACK
4.2947308000,966,Data,0x20A,0x8,0x00 0x00 0x00 0x00 0x00 0x00 0x00 0x00,0x1B53,ACK
4.2949850000,967,Data,0x20B,0x8,0xBC 0x02 0x64 0x00 0x01 0xC8 0x00 0x00,0x021C,ACK
4.2952293000,968,Data,0x20C,0x8,0x00 0xC4 0x50 0x34 0x1E 0x07 0x00 0x00,0x214C,ACK
4.2954775000,969,Data,0x301,0x8,0x00 0x00 0x00 0x00 0x00 0x00 0x00 0x00,0x7E55,ACK
4.2957338000,970,Data,0x302,0x2,0x00 0xFF,0x6FC0,ACK
4.2958800000,971,Data,0x485,0x8,0x22 0x00 0x00 0x00 0x0C 0x02 0x48 0x0C,0x1FCE,ACK
4.2961241000,972,Data,0x480,0x8,0x00 0x00 0x00 0x00 0x20 0x00 0x00 0x00,0x2C46,ACK
4.2963804000,973,Data,0x481,0x8,0x32 0x0A 0x28 0x08 0x00 0x00 0x00 0x00,0x1D9A,ACK
4.2966286000,974,Data,0x482,0x8,0x52 0x01 0x02 0x00 0x00 0x00 0x00 0x00,0x36EA,ACK
4.2968769000,975,Data,0x483,0x8,0x31 0x4B 0x31 0x55 0x41 0x32 0x35 0x35,0x717E,ACK
4.2971111000,976,Data,0x484,0x8,0x31 0x50 0x33 0x39 0x36 0x35 0x00 0x00,0x0196,ACK
4.3043091000,977,Data,0x212,0x8,0x52 0x01 0x00 0xC9 0x00 0x00 0x00 0x2A,0x2C4E,ACK
4.3045713000,978,Data,0x211,0x8,0xE4 0x00 0x2A 0x00 0x00 0x00 0x00 0x00,0x0D4D,ACK
4.3048256000,979,Data,0x343,0x8,0x00 0x00 0x00 0x00 0x00 0x00 0x00 0x00,0x33F5,ACK
4.3051078000,980,Data,0x341,0x8,0x00 0x00 0x00 0x00 0x02 0x00 0x00 0x00,0x1833,ACK
4.3053861000,981,Data,0x342,0x8,0x23 0x00 0x64 0x00 0x00 0xC4 0x28 0x34,0x6836,ACK
4.3056423000,982,Data,0x344,0x8,0x00 0x00 0x00 0x03 0x00 0x00 0x00 0x00,0x6F15,ACK
4.3134144000,983,Data,0x100,0x8,0x00 0x00 0x00 0x40 0x23 0x4F 0x64 0x32,0x4018,ACK
4.3334144000,984,Data,0x100,0x8,0x00 0x00 0x00 0x40 0x23 0x4F 0x64 0x32,0x4018,ACK
4.3534142000,985,Data,0x100,0x8,0x00 0x00 0x00 0x40 0x23 0x4F 0x64 0x32,0x4018,ACK
4.3734142000,986,Data,0x100,0x8,0x00 0x00 0x00 0x40 0x23 0x4F 0x64 0x32,0x4018,ACK
4.3934322000,987,Data,0x100,0x8,0x00 0x00 0x00 0x40 0x23 0x4F 0x64 0x32,0x4018,ACK
4.3936784000,988,Data,0x203,0x8,0x03 0x00 0x57 0x00 0x57 0x00 0x00 0x00,0x4E35,ACK
4.3939207000,989,Data,0x204,0x8,0x00 0x00 0x00 0x00 0x00 0x00 0x00 0x00,0x79D1,ACK
4.3941769000,990,Data,0x205,0x8,0x00 0x00 0x00 0x00 0x00 0x00 0x00 0x00,0x72CA,ACK
4.3944912000,991,Data,0x209,0x8,0x9F 0x27 0x10 0x04 0x90 0x49 0x00 0x00,0x59C2,ACK
4.3947314000,992,Data,0x20A,0x8,0x00 0x00 0x00 0x00 0x00 0x00 0x00 0x00,0x1B53,ACK
4.3949877000,993,Data,0x20B,0x8,0xBC 0x02 0x64 0x00 0x01 0xC8 0x00 0x00,0x021C,ACK
4.3952319000,994,Data,0x20C,0x8,0x00 0xC4 0x50 0x34 0x1E 0x07 0x00 0x00,0x214C,ACK
4.4042879000,995,Data,0x212,0x8,0x52 0x01 0x00 0xC9 0x00 0x00 0x00 0x2A,0x2C4E,ACK
4.4045482000,996,Data,0x211,0x8,0xE4 0x00 0x2A 0x00 0x00 0x00 0x00 0x00,0x0D4D,ACK
4.4048084000,997,Data,0x343,0x8,0x00 0x00 0x00 0x00 0x00 0x00 0x00 0x00,0x33F5,ACK
4.4134124000,998,Data,0x100,0x8,0x00 0x00 0x00 0x40 0x23 0x4F 0x64 0x32,0x4018,ACK
4.4334124000,999,Data,0x100,0x8,0x00 0x00 0x00 0x40 0x23 0x4F 0x64 0x32,0x4018,ACK
4.4534123000,1000,Data,0x100,0x8,0x00 0x00 0x00 0x40 0x23 0x4F 0x64 0x32,0x4018,ACK
4.4627525000,1001,Data,0x310,0x8,0xF1 0x0E 0x78 0x05 0x17 0x02 0x01 0xC8,0x439C,ACK
4.4734124000,1002,Data,0x100,0x8,0x00 0x00 0x00 0x40 0x23 0x4F 0x64 0x32,0x4018,ACK
4.4818967000,1003,Data,0x311,0x8,0x39 0x1E 0x07 0x3F 0x90 0x01 0x00 0x00,0x66BC,ACK
4.4934407000,1004,Data,0x100,0x8,0x00 0x00 0x00 0x40 0x23 0x4F 0x64 0x32,0x4018,ACK
4.4936849000,1005,Data,0x203,0x8,0x03 0x00 0x57 0x00 0x57 0x00 0x00 0x00,0x4E35,ACK
4.4939272000,1006,Data,0x204,0x8,0x00 0x00 0x00 0x00 0x00 0x00 0x00 0x00,0x79D1,ACK
4.4941834000,1007,Data,0x205,0x8,0x00 0x00 0x00 0x00 0x00 0x00 0x00 0x00,0x72CA,ACK
4.4944737000,1008,Data,0x209,0x8,0x9F 0x27 0x10 0x04 0x90 0x49 0x00 0x00,0x59C2,ACK
4.4947139000,1009,Data,0x20A,0x8,0x00 0x00 0x00 0x00 0x00 0x00 0x00 0x00,0x1B53,ACK
4.4949681000,1010,Data,0x20B,0x8,0xBC 0x02 0x64 0x00 0x01 0xC8 0x00 0x00,0x021C,ACK
4.4952124000,1011,Data,0x20C,0x8,0x00 0xC4 0x50 0x34 0x1E 0x07 0x00 0x00,0x214C,ACK
4.4954606000,1012,Data,0x301,0x8,0x00 0x00 0x00 0x00 0x00 0x00 0x00 0x00,0x7E55,ACK
4.4957169000,1013,Data,0x302,0x2,0x00 0xFF,0x6FC0,ACK
4.4958631000,1014,Data,0x485,0x8,0x22 0x00 0x00 0x00 0x0C 0x02 0x48 0x0C,0x1FCE,ACK
4.5043351000,1015,Data,0x212,0x8,0x52 0x01 0x00 0xC9 0x00 0x00 0x00 0x2A,0x2C4E,ACK
4.5045914000,1016,Data,0x211,0x8,0xE4 0x00 0x2A 0x00 0x00 0x00 0x00 0x00,0x0D4D,ACK
4.5048736000,1017,Data,0x343,0x8,0x00 0x00 0x00 0x00 0x00 0x00 0x00 0x00,0x33F5,ACK
4.5051298000,1018,Data,0x341,0x8,0x00 0x00 0x00 0x00 0x02 0x00 0x00 0x00,0x1833,ACK
4.5054061000,1019,Data,0x342,0x8,0x23 0x00 0x64 0x00 0x00 0xC4 0x28 0x34,0x6836,ACK
4.5056883000,1020,Data,0x344,0x8,0x00 0x00 0x00 0x03 0x00 0x00 0x00 0x00,0x6F15,ACK
4.5134104000,1021,Data,0x100,0x8,0x00 0x00 0x00 0x40 0x23 0x4F 0x64 0x32,0x4018,ACK
4.5334104000,1022,Data,0x100,0x8,0x00 0x00 0x00 0x40 0x23 0x4F 0x64 0x32,0x4018,ACK
4.5461446000,1023,Data,0x423,0x8,0xBC 0x02 0x64 0x00 0x3D 0x00 0x01 0x00,0x4EF3,ACK
4.5470428000,1024,Data,0x425,0x8,0x01 0x64 0x49 0x57 0x57 0x58 0x01 0xFF,0x3E52,ACK
4.5472791000,1025,Data,0x429,0x8,0x20 0x00 0x00 0x00 0x00 0x00 0x00 0x00,0x7AC7,ACK
4.5480353000,1026,Data,0x422,0x8,0x00 0x00 0x20 0x00 0x15 0x00 0x02 0x00,0x33F1,ACK
4.5496136000,1027,Data,0x420,0x8,0xA3 0x14 0xF4 0xFF 0x66 0x03 0x00 0x00,0x48AF,ACK
4.5498478000,1028,Data,0x421,0x8,0x38 0x36 0x31 0x34 0xFB 0x04 0x55 0x04,0x0DC7,ACK
4.5534118000,1029,Data,0x100,0x8,0x00 0x00 0x00 0x40 0x23 0x4F 0x64 0x32,0x4018,ACK
4.5734118000,1030,Data,0x100,0x8,0x00 0x00 0x00 0x40 0x23 0x4F 0x64 0x32,0x4018,ACK
4.5934317000,1031,Data,0x100,0x8,0x00 0x00 0x00 0x40 0x23 0x4F 0x64 0x32,0x4018,ACK
4.5936758000,1032,Data,0x203,0x8,0x03 0x00 0x57 0x00 0x57 0x00 0x00 0x00,0x4E35,ACK
4.5939199000,1033,Data,0x204,0x8,0x00 0x00 0x00 0x00 0x00 0x00 0x00 0x00,0x79D1,ACK
4.5941760000,1034,Data,0x205,0x8,0x00 0x00 0x00 0x00 0x00 0x00 0x00 0x00,0x72CA,ACK
4.5944862000,1035,Data,0x209,0x8,0x9F 0x27 0x10 0x04 0x90 0x49 0x00 0x00,0x59C2,ACK
4.5947263000,1036,Data,0x20A,0x8,0x00 0x00 0x00 0x00 0x00 0x00 0x00 0x00,0x1B53,ACK
4.5949804000,1037,Data,0x20B,0x8,0xBC 0x02 0x64 0x00 0x01 0xC8 0x00 0x00,0x021C,ACK
4.5952265000,1038,Data,0x20C,0x8,0x00 0xC4 0x50 0x34 0x1E 0x07 0x00 0x00,0x214C,ACK
4.6043044000,1039,Data,0x212,0x8,0x52 0x01 0x00 0xC9 0x00 0x00 0x00 0x2A,0x2C4E,ACK
4.6045667000,1040,Data,0x211,0x8,0xE4 0x00 0x2A 0x00 0x00 0x00 0x00 0x00,0x0D4D,ACK
4.6048469000,1041,Data,0x343,0x8,0x00 0x00 0x00 0x00 0x00 0x00 0x00 0x00,0x33F5,ACK
4.6134109000,1042,Data,0x100,0x8,0x00 0x00 0x00 0x40 0x23 0x4F 0x64 0x32,0x4018,ACK
4.6334109000,1043,Data,0x100,0x8,0x00 0x00 0x00 0x40 0x23 0x4F 0x64 0x32,0x4018,ACK
4.6534108000,1044,Data,0x100,0x8,0x00 0x00 0x00 0x40 0x23 0x4F 0x64 0x32,0x4018,ACK
4.6618549000,1045,Data,0x310,0x8,0xF1 0x0E 0x78 0x05 0x17 0x02 0x01 0xC8,0x439C,ACK
4.6734089000,1046,Data,0x100,0x8,0x00 0x00 0x00 0x40 0x23 0x4F 0x64 0x32,0x4018,ACK
4.6830272000,1047,Data,0x311,0x8,0x39 0x1E 0x07 0x3F 0x90 0x01 0x00 0x00,0x66BC,ACK
4.6934352000,1048,Data,0x100,0x8,0x00 0x00 0x00 0x40 0x23 0x4F 0x64 0x32,0x4018,ACK
4.6936794000,1049,Data,0x203,0x8,0x03 0x00 0x57 0x00 0x57 0x00 0x00 0x00,0x4E35,ACK
4.6939237000,1050,Data,0x204,0x8,0x00 0x00 0x00 0x00 0x00 0x00 0x00 0x00,0x79D1,ACK
4.6941798000,1051,Data,0x205,0x8,0x00 0x00 0x00 0x00 0x00 0x00 0x00 0x00,0x72CA,ACK
4.6944840000,1052,Data,0x209,0x8,0x9F 0x27 0x10 0x04 0x90 0x49 0x00 0x00,0x59C2,ACK
4.6947243000,1053,Data,0x20A,0x8,0x00 0x00 0x00 0x00 0x00 0x00 0x00 0x00,0x1B53,ACK
4.6949785000,1054,Data,0x20B,0x8,0xBC 0x02 0x64 0x00 0x01 0xC8 0x00 0x00,0x021C,ACK
4.6952248000,1055,Data,0x20C,0x8,0x00 0xC4 0x50 0x34 0x1E 0x07 0x00 0x00,0x214C,ACK
4.6954750000,1056,Data,0x301,0x8,0x00 0x00 0x00 0x00 0x00 0x00 0x00 0x00,0x7E55,ACK
4.6957313000,1057,Data,0x302,0x2,0x00 0xFF,0x6FC0,ACK
4.6958755000,1058,Data,0x485,0x8,0x22 0x00 0x00 0x00 0x0C 0x02 0x48 0x0C,0x1FCE,ACK
4.7043275000,1059,Data,0x212,0x8,0x52 0x01 0x00 0xC9 0x00 0x00 0x00 0x2A,0x2C4E,ACK
4.7045897000,1060,Data,0x211,0x8,0xE4 0x00 0x2A 0x00 0x00 0x00 0x00 0x00,0x0D4D,ACK
4.7048460000,1061,Data,0x343,0x8,0x00 0x00 0x00 0x00 0x00 0x00 0x00 0x00,0x33F5,ACK
4.7051062000,1062,Data,0x341,0x8,0x00 0x00 0x00 0x00 0x02 0x00 0x00 0x00,0x1833,ACK
4.7054065000,1063,Data,0x342,0x8,0x23 0x00 0x64 0x00 0x00 0xC4 0x28 0x34,0x6836,ACK
4.7056627000,1064,Data,0x344,0x8,0x00 0x00 0x00 0x03 0x00 0x00 0x00 0x00,0x6F15,ACK
4.7059210000,1065,Data,0x401,0x8,0x00 0x00 0x34 0x00 0x05 0x2C 0x00 0x00,0x20D2,ACK
4.7134090000,1066,Data,0x100,0x8,0x00 0x00 0x00 0x40 0x23 0x4F 0x64 0x32,0x4018,ACK
4.7334090000,1067,Data,0x100,0x8,0x00 0x00 0x00 0x40 0x23 0x4F 0x64 0x32,0x4018,ACK
4.7534090000,1068,Data,0x100,0x8,0x00 0x00 0x00 0x40 0x23 0x4F 0x64 0x32,0x4018,ACK
4.7734088000,1069,Data,0x100,0x8,0x00 0x00 0x00 0x40 0x23 0x4F 0x64 0x32,0x4018,ACK
4.7934268000,1070,Data,0x100,0x8,0x00 0x00 0x00 0x40 0x23 0x4F 0x64 0x32,0x4018,ACK
4.7936710000,1071,Data,0x203,0x8,0x03 0x00 0x57 0x00 0x57 0x00 0x00 0x00,0x4E35,ACK
4.7939133000,1072,Data,0x204,0x8,0x00 0x00 0x00 0x00 0x00 0x00 0x00 0x00,0x79D1,ACK
4.7941695000,1073,Data,0x205,0x8,0x00 0x00 0x00 0x00 0x00 0x00 0x00 0x00,0x72CA,ACK
4.7944738000,1074,Data,0x209,0x8,0x9F 0x27 0x10 0x04 0x90 0x49 0x00 0x00,0x59C2,ACK
4.7947160000,1075,Data,0x20A,0x8,0x00 0x00 0x00 0x00 0x00 0x00 0x00 0x00,0x1B53,ACK
4.7949723000,1076,Data,0x20B,0x8,0xBC 0x02 0x64 0x00 0x01 0xC8 0x00 0x00,0x021C,ACK
4.7952165000,1077,Data,0x20C,0x8,0x00 0xC4 0x50 0x34 0x1E 0x07 0x00 0x00,0x214C,ACK
4.8043164000,1078,Data,0x212,0x8,0x52 0x01 0x00 0xC9 0x02 0x00 0x00 0x2A,0x11BE,ACK
4.8045567000,1079,Data,0x211,0x8,0xE4 0x00 0x2A 0x00 0x00 0x00 0x04 0x00,0x537E,ACK
4.8048209000,1080,Data,0x343,0x8,0x00 0x00 0x00 0x00 0x00 0x00 0x00 0x00,0x33F5,ACK
4.8134090000,1081,Data,0x100,0x8,0x00 0x00 0x00 0x40 0x23 0x4F 0x64 0x32,0x4018,ACK
4.8334089000,1082,Data,0x100,0x8,0x00 0x00 0x00 0x40 0x23 0x4F 0x64 0x32,0x4018,ACK
4.8534087000,1083,Data,0x100,0x8,0x00 0x00 0x00 0x40 0x23 0x4F 0x64 0x32,0x4018,ACK
4.8630909000,1084,Data,0x310,0x8,0xF1 0x0E 0x78 0x05 0x17 0x02 0x01 0xC8,0x439C,ACK
4.8734088000,1085,Data,0x100,0x8,0x00 0x00 0x00 0x40 0x23 0x4F 0x64 0x32,0x4018,ACK
4.8842489000,1086,Data,0x311,0x8,0x39 0x1E 0x07 0x3F 0x90 0x01 0x00 0x00,0x66BC,ACK
4.8934349000,1087,Data,0x100,0x8,0x00 0x00 0x00 0x40 0x23 0x4F 0x64 0x32,0x4018,ACK
4.8936812000,1088,Data,0x203,0x8,0x03 0x00 0x57 0x00 0x57 0x00 0x04 0x00,0x1006,ACK
4.8939274000,1089,Data,0x204,0x8,0x00 0x00 0x00 0x00 0x00 0x00 0x00 0x00,0x79D1,ACK
4.8941837000,1090,Data,0x205,0x8,0x00 0x00 0x00 0x00 0x00 0x00 0x00 0x00,0x72CA,ACK
4.8944839000,1091,Data,0x209,0x8,0x9F 0x27 0x10 0x04 0x90 0x49 0x00 0x00,0x59C2,ACK
4.8947241000,1092,Data,0x20A,0x8,0x00 0x00 0x00 0x00 0x00 0x00 0x00 0x00,0x1B53,ACK
4.8949804000,1093,Data,0x20B,0x8,0xBC 0x02 0x64 0x00 0x01 0xC8 0x00 0x00,0x021C,ACK
4.8952246000,1094,Data,0x20C,0x8,0x00 0xC4 0x50 0x34 0x1E 0x07 0x00 0x00,0x214C,ACK
4.8954729000,1095,Data,0x301,0x8,0x00 0x00 0x00 0x00 0x00 0x00 0x00 0x00,0x7E55,ACK
4.8957291000,1096,Data,0x302,0x2,0x00 0xFF,0x6FC0,ACK
4.8958734000,1097,Data,0x485,0x8,0x22 0x00 0x00 0x00 0x0C 0x02 0x48 0x0C,0x1FCE,ACK
4.9043014000,1098,Data,0x212,0x8,0x52 0x01 0x00 0xC9 0x0A 0x00 0x00 0x2A,0x23E7,ACK
4.9045457000,1099,Data,0x211,0x8,0xE4 0x00 0x2A 0x00 0x00 0x00 0x0E 0x00,0x6754,ACK
4.9047879000,1100,Data,0x343,0x8,0x00 0x00 0x00 0x00 0x00 0x00 0x00 0x00,0x33F5,ACK
4.9050541000,1101,Data,0x341,0x8,0x00 0x00 0x00 0x00 0x02 0x00 0x00 0x00,0x1833,ACK
4.9053104000,1102,Data,0x342,0x8,0x23 0x00 0x64 0x00 0x00 0xC4 0x28 0x34,0x6836,ACK
4.9055546000,1103,Data,0x344,0x8,0x00 0x00 0x00 0x03 0x00 0x00 0x00 0x00,0x6F15,ACK
4.9134046000,1104,Data,0x100,0x8,0x00 0x00 0x00 0x40 0x23 0x4F 0x64 0x32,0x4018,ACK
4.9334066000,1105,Data,0x100,0x8,0x00 0x00 0x00 0x40 0x23 0x4F 0x64 0x32,0x4018,ACK
4.9534046000,1106,Data,0x100,0x8,0x00 0x00 0x00 0x40 0x23 0x4F 0x64 0x32,0x4018,ACK
4.9733946000,1107,Data,0x100,0x8,0x00 0x00 0x00 0x40 0x23 0x4F 0x64 0x32,0x4018,ACK
4.9934245000,1108,Data,0x100,0x8,0x00 0x00 0x00 0x40 0x23 0x4F 0x64 0x32,0x4018,ACK
4.9936708000,1109,Data,0x203,0x8,0x03 0x00 0x57 0x00 0x57 0x00 0x0E 0x00,0x242C,ACK
4.9939130000,1110,Data,0x204,0x8,0x00 0x00 0x00 0x00 0x00 0x00 0x00 0x00,0x79D1,ACK
4.9941693000,1111,Data,0x205,0x8,0x00 0x00 0x00 0x00 0x00 0x00 0x00 0x00,0x72CA,ACK
4.9944695000,1112,Data,0x209,0x8,0x9F 0x27 0x10 0x04 0x90 0x49 0x00 0x00,0x59C2,ACK
4.9947098000,1113,Data,0x20A,0x8,0x00 0x00 0x00 0x00 0x00 0x00 0x00 0x00,0x1B53,ACK
4.9949640000,1114,Data,0x20B,0x8,0xBC 0x02 0x64 0x00 0x01 0xC8 0x00 0x00,0x021C,ACK
4.9952083000,1115,Data,0x20C,0x8,0x00 0xC4 0x50 0x34 0x1E 0x07 0x00 0x00,0x214C,ACK
5.0043262000,1116,Data,0x212,0x8,0x52 0x01 0x00 0xC9 0x08 0x00 0x00 0x2A,0x1E17,ACK
5.0045683000,1117,Data,0x211,0x8,0xE4 0x00 0x2A 0x00 0x00 0x00 0x16 0x00,0x28CC,ACK
5.0048326000,1118,Data,0x343,0x8,0x00 0x00 0x00 0x00 0x00 0x00 0x00 0x00,0x33F5,ACK
5.0134046000,1119,Data,0x100,0x8,0x00 0x00 0x00 0x40 0x23 0x4F 0x64 0x32,0x4018,ACK
5.0334046000,1120,Data,0x100,0x8,0x00 0x00 0x00 0x40 0x23 0x4F 0x64 0x32,0x4018,ACK
5.0534046000,1121,Data,0x100,0x8,0x00 0x00 0x00 0x40 0x23 0x4F 0x64 0x32,0x4018,ACK
5.0556888000,1122,Data,0x429,0x8,0x20 0x00 0x00 0x00 0x00 0x00 0x00 0x00,0x7AC7,ACK
5.0559391000,1123,Data,0x420,0x8,0xA3 0x14 0xF4 0xFF 0x66 0x03 0x00 0x00,0x48AF,ACK
5.0561753000,1124,Data,0x421,0x8,0x38 0x36 0x31 0x34 0xFB 0x04 0x55 0x04,0x0DC7,ACK
5.0565656000,1125,Data,0x422,0x8,0x00 0x00 0x20 0x00 0x15 0x00 0x02 0x00,0x33F1,ACK
5.0569518000,1126,Data,0x423,0x8,0xBC 0x02 0x64 0x00 0x3D 0x00 0x01 0x00,0x4EF3,ACK
5.0573521000,1127,Data,0x501,0x8,0xB4 0xC1 0x83 0x58 0x51 0xE5 0xB2 0x6B,0x057E,ACK
5.0575823000,1128,Data,0x502,0x8,0x32 0xAC 0x86 0x0E 0x1A 0xB9 0x00 0x00,0x0E93,ACK
5.0578166000,1129,Data,0x424,0x8,0x6D 0x3E 0x4D 0x69 0x00 0x00 0x00 0x00,0x4E42,ACK
5.0580548000,1130,Data,0x425,0x8,0x01 0x64 0x49 0x57 0x57 0x58 0x01 0xFF,0x3E52,ACK
5.0648451000,1131,Data,0x310,0x8,0xF1 0x0E 0x78 0x05 0x17 0x02 0x01 0xC8,0x439C,ACK
5.0734051000,1132,Data,0x100,0x8,0x00 0x00 0x00 0x40 0x23 0x4F 0x64 0x32,0x4018,ACK
5.0839753000,1133,Data,0x311,0x8,0x39 0x1E 0x07 0x3F 0x90 0x01 0x00 0x00,0x66BC,ACK
5.0934314000,1134,Data,0x100,0x8,0x00 0x00 0x00 0x40 0x23 0x4F 0x64 0x32,0x4018,ACK
5.0936777000,1135,Data,0x203,0x8,0x03 0x00 0x57 0x00 0x57 0x00 0x16 0x00,0x6BB4,ACK
5.0939179000,1136,Data,0x204,0x8,0x00 0x00 0x00 0x00 0x00 0x00 0x00 0x00,0x79D1,ACK
5.0941741000,1137,Data,0x205,0x8,0x00 0x00 0x00 0x00 0x00 0x00 0x00 0x00,0x72CA,ACK
5.0944684000,1138,Data,0x209,0x8,0x9F 0x27 0x10 0x04 0x90 0x49 0x00 0x00,0x59C2,ACK
5.0947086000,1139,Data,0x20A,0x8,0x00 0x00 0x00 0x00 0x00 0x00 0x00 0x00,0x1B53,ACK
5.0949649000,1140,Data,0x20B,0x8,0xBC 0x02 0x64 0x00 0x01 0xC8 0x00 0x00,0x021C,ACK
5.0952091000,1141,Data,0x20C,0x8,0x00 0xC4 0x50 0x34 0x1E 0x07 0x00 0x00,0x214C,ACK
5.0954574000,1142,Data,0x301,0x8,0x00 0x00 0x00 0x00 0x00 0x00 0x00 0x00,0x7E55,ACK
5.0957136000,1143,Data,0x302,0x2,0x00 0xFF,0x6FC0,ACK
5.0958579000,1144,Data,0x485,0x8,0x22 0x00 0x00 0x00 0x0C 0x02 0x48 0x0C,0x1FCE,ACK
5.1043239000,1145,Data,0x212,0x8,0x52 0x01 0x00 0xC9 0x04 0x00 0x00 0x2A,0x57AE,ACK
5.1045642000,1146,Data,0x211,0x8,0xE4 0x00 0x2A 0x00 0x00 0x00 0x0E 0x00,0x6754,ACK
5.1048084000,1147,Data,0x343,0x8,0x00 0x00 0x00 0x00 0x00 0x00 0x00 0x00,0x33F5,ACK
5.1050707000,1148,Data,0x341,0x8,0x00 0x00 0x00 0x00 0x02 0x00 0x00 0x00,0x1833,ACK
5.1053269000,1149,Data,0x342,0x8,0x23 0x00 0x64 0x00 0x00 0xC4 0x28 0x34,0x6836,ACK
5.1055651000,1150,Data,0x344,0x8,0x00 0x00 0x00 0x03 0x00 0x00 0x00 0x00,0x6F15,ACK
5.1134031000,1151,Data,0x100,0x8,0x00 0x00 0x00 0x40 0x23 0x4F 0x64 0x32,0x4018,ACK
5.1334051000,1152,Data,0x100,0x8,0x00 0x00 0x00 0x40 0x23 0x4F 0x64 0x32,0x4018,ACK
5.1534031000,1153,Data,0x100,0x8,0x00 0x00 0x00 0x40 0x23 0x4F 0x64 0x32,0x4018,ACK
5.1734031000,1154,Data,0x100,0x8,0x00 0x00 0x00 0x40 0x23 0x4F 0x64 0x32,0x4018,ACK
5.1934210000,1155,Data,0x100,0x8,0x00 0x00 0x00 0x40 0x23 0x4F 0x64 0x32,0x4018,ACK
5.1936673000,1156,Data,0x203,0x8,0x03 0x00 0x57 0x00 0x57 0x00 0x0E 0x00,0x242C,ACK
5.1939095000,1157,Data,0x204,0x8,0x00 0x00 0x00 0x00 0x00 0x00 0x00 0x00,0x79D1,ACK
5.1941658000,1158,Data,0x205,0x8,0x00 0x00 0x00 0x00 0x00 0x00 0x00 0x00,0x72CA,ACK
5.1944800000,1159,Data,0x209,0x8,0x9F 0x27 0x10 0x04 0x90 0x49 0x00 0x00,0x59C2,ACK
5.1947203000,1160,Data,0x20A,0x8,0x00 0x00 0x00 0x00 0x00 0x00 0x00 0x00,0x1B53,ACK
5.1949765000,1161,Data,0x20B,0x8,0xBC 0x02 0x64 0x00 0x01 0xC8 0x00 0x00,0x021C,ACK
5.1952208000,1162,Data,0x20C,0x8,0x00 0xC4 0x50 0x34 0x1E 0x07 0x00 0x00,0x214C,ACK
5.2042887000,1163,Data,0x212,0x8,0x52 0x01 0x00 0xC9 0x02 0x00 0x00 0x2A,0x11BE,ACK
5.2045310000,1164,Data,0x211,0x8,0xE4 0x00 0x2A 0x00 0x00 0x00 0x0A 0x00,0x3967,ACK
5.2047952000,1165,Data,0x343,0x8,0x00 0x00 0x00 0x00 0x00 0x00 0x00 0x00,0x33F5,ACK
5.2050575000,1166,Data,0x401,0x8,0x00 0x00 0x34 0x00 0x05 0x2C 0x00 0x00,0x20D2,ACK
5.2134035000,1167,Data,0x100,0x8,0x00 0x00 0x00 0x40 0x23 0x4F 0x64 0x32,0x4018,ACK
5.2334015000,1168,Data,0x100,0x8,0x00 0x00 0x00 0x40 0x23 0x4F 0x64 0x32,0x4018,ACK
5.2534035000,1169,Data,0x100,0x8,0x00 0x00 0x00 0x40 0x23 0x4F 0x64 0x32,0x4018,ACK
5.2662755000,1170,Data,0x310,0x8,0xF1 0x0E 0x78 0x05 0x17 0x02 0x01 0xC8,0x439C,ACK
5.2734016000,1171,Data,0x100,0x8,0x00 0x00 0x00 0x40 0x23 0x4F 0x64 0x32,0x4018,ACK
5.2854038000,1172,Data,0x311,0x8,0x39 0x1E 0x07 0x3F 0x90 0x01 0x00 0x00,0x66BC,ACK
5.2934418000,1173,Data,0x100,0x8,0x00 0x00 0x00 0x40 0x23 0x4F 0x64 0x32,0x4018,ACK
5.2936860000,1174,Data,0x203,0x8,0x03 0x00 0x57 0x00 0x57 0x00 0x0A 0x00,0x7A1F,ACK
5.2939303000,1175,Data,0x204,0x8,0x00 0x00 0x00 0x00 0x00 0x00 0x00 0x00,0x79D1,ACK
5.2941865000,1176,Data,0x205,0x8,0x00 0x00 0x00 0x00 0x00 0x00 0x00 0x00,0x72CA,ACK
5.2944788000,1177,Data,0x209,0x8,0x9F 0x27 0x10 0x04 0x90 0x49 0x00 0x00,0x59C2,ACK
5.2947210000,1178,Data,0x20A,0x8,0x00 0x00 0x00 0x00 0x00 0x00 0x00 0x00,0x1B53,ACK
5.2949751000,1179,Data,0x20B,0x8,0xBC 0x02 0x64 0x00 0x01 0xC8 0x00 0x00,0x021C,ACK
5.2952194000,1180,Data,0x20C,0x8,0x00 0xC4 0x50 0x34 0x1E 0x07 0x00 0x00,0x214C,ACK
5.2954676000,1181,Data,0x301,0x8,0x00 0x00 0x00 0x00 0x00 0x00 0x00 0x00,0x7E55,ACK
5.2957239000,1182,Data,0x302,0x2,0x00 0xFF,0x6FC0,ACK
5.2958701000,1183,Data,0x485,0x8,0x22 0x00 0x00 0x00 0x0C 0x02 0x48 0x0C,0x1FCE,ACK
5.2961144000,1184,Data,0x480,0x8,0x00 0x00 0x00 0x00 0x20 0x00 0x00 0x00,0x2C46,ACK
5.2963706000,1185,Data,0x481,0x8,0x32 0x0A 0x28 0x08 0x00 0x00 0x00 0x00,0x1D9A,ACK
5.2966189000,1186,Data,0x482,0x8,0x52 0x01 0x02 0x00 0x00 0x00 0x00 0x00,0x36EA,ACK
5.2968671000,1187,Data,0x483,0x8,0x31 0x4B 0x31 0x55 0x41 0x32 0x35 0x35,0x717E,ACK
5.2971014000,1188,Data,0x484,0x8,0x31 0x50 0x33 0x39 0x36 0x35 0x00 0x00,0x0196,ACK
5.3043273000,1189,Data,0x212,0x8,0x52 0x01 0x00 0xC9 0x0A 0x00 0x00 0x2A,0x23E7,ACK
5.3045696000,1190,Data,0x211,0x8,0xE4 0x00 0x2A 0x00 0x00 0x00 0x0C 0x00,0x2A81,ACK
5.3048358000,1191,Data,0x343,0x8,0x00 0x00 0x00 0x00 0x00 0x00 0x00 0x00,0x33F5,ACK
5.3051261000,1192,Data,0x341,0x8,0x00 0x00 0x00 0x00 0x02 0x00 0x00 0x00,0x1833,ACK
5.3053843000,1193,Data,0x342,0x8,0x23 0x00 0x64 0x00 0x00 0xC4 0x28 0x34,0x6836,ACK
5.3056265000,1194,Data,0x344,0x8,0x00 0x00 0x00 0x03 0x00 0x00 0x00 0x00,0x6F15,ACK
5.3134026000,1195,Data,0x100,0x8,0x00 0x00 0x00 0x40 0x23 0x4F 0x64 0x32,0x4018,ACK
5.3334005000,1196,Data,0x100,0x8,0x00 0x00 0x00 0x40 0x23 0x4F 0x64 0x32,0x4018,ACK
5.3534003000,1197,Data,0x100,0x8,0x00 0x00 0x00 0x40 0x23 0x4F 0x64 0x32,0x4018,ACK
5.3734003000,1198,Data,0x100,0x8,0x29 0x00 0x00 0x40 0x23 0x4F 0x64 0x32,0x653F,ACK
5.3934203000,1199,Data,0x100,0x8,0x53 0x00 0x00 0x40 0x23 0x4F 0x64 0x32,0x5D66,ACK
5.3936605000,1200,Data,0x203,0x8,0x03 0x00 0x57 0x00 0x57 0x00 0x0C 0x00,0x69F9,ACK
5.3939048000,1201,Data,0x204,0x8,0x00 0x00 0x00 0x00 0x00 0x00 0x00 0x00,0x79D1,ACK
5.3941610000,1202,Data,0x205,0x8,0x00 0x00 0x00 0x00 0x00 0x00 0x00 0x00,0x72CA,ACK
5.3944753000,1203,Data,0x209,0x8,0x9F 0x27 0x10 0x04 0x90 0x49 0x00 0x00,0x59C2,ACK
5.3947155000,1204,Data,0x20A,0x8,0x00 0x00 0x00 0x00 0x00 0x00 0x00 0x00,0x1B53,ACK
5.3949698000,1205,Data,0x20B,0x8,0xBC 0x02 0x64 0x00 0x01 0xC8 0x00 0x00,0x021C,ACK
5.3952140000,1206,Data,0x20C,0x8,0x00 0xC4 0x50 0x34 0x1E 0x07 0x00 0x00,0x214C,ACK
5.4043040000,1207,Data,0x212,0x8,0x52 0x01 0x00 0xC9 0x14 0x00 0x00 0x2A,0x331C,ACK
5.4045463000,1208,Data,0x211,0x8,0xE4 0x00 0x2A 0x00 0x00 0x00 0x16 0x00,0x28CC,ACK
5.4048125000,1209,Data,0x343,0x8,0x00 0x00 0x00 0x00 0x00 0x00 0x00 0x53,0x6695,ACK
5.4133885000,1210,Data,0x100,0x8,0x6E 0x00 0x00 0x40 0x23 0x4F 0x64 0x32,0x2386,ACK
5.4333985000,1211,Data,0x100,0x8,0x81 0x00 0x00 0x40 0x23 0x4F 0x64 0x32,0x0287,ACK
5.4534004000,1212,Data,0x100,0x8,0x9E 0x00 0x00 0x40 0x23 0x4F 0x64 0x32,0x415F,ACK
5.4666887000,1213,Data,0x310,0x8,0xF1 0x0E 0x78 0x05 0x17 0x02 0x01 0xC8,0x439C,ACK
5.4733988000,1214,Data,0x100,0x8,0xC6 0x00 0x00 0x40 0x23 0x4F 0x64 0x32,0x443E,ACK
5.4858210000,1215,Data,0x311,0x8,0x39 0x1E 0x07 0x3F 0x90 0x01 0x00 0x00,0x66BC,ACK
5.4934250000,1216,Data,0x100,0x8,0xC8 0x00 0x00 0x40 0x23 0x4F 0x64 0x32,0x197A,ACK
5.4936653000,1217,Data,0x203,0x8,0x03 0x00 0x57 0x00 0x57 0x00 0x16 0x00,0x6BB4,ACK
5.4939055000,1218,Data,0x204,0x8,0x00 0x00 0x00 0x00 0x00 0x00 0x00 0x00,0x79D1,ACK
5.4941618000,1219,Data,0x205,0x8,0x00 0x00 0x00 0x00 0x00 0x00 0x00 0x00,0x72CA,ACK
5.4944760000,1220,Data,0x209,0x8,0x9F 0x27 0x10 0x04 0x90 0x49 0x00 0x00,0x59C2,ACK
5.4947163000,1221,Data,0x20A,0x8,0x00 0x00 0x00 0x00 0x00 0x00 0x00 0x00,0x1B53,ACK
5.4949725000,1222,Data,0x20B,0x8,0xBC 0x02 0x64 0x00 0x01 0xC8 0x00 0x00,0x021C,ACK
5.4952168000,1223,Data,0x20C,0x8,0x00 0xC4 0x50 0x34 0x1E 0x07 0x00 0x00,0x214C,ACK
5.4954650000,1224,Data,0x301,0x8,0x00 0x00 0x00 0x00 0x00 0x00 0x00 0x00,0x7E55,ACK
5.4957212000,1225,Data,0x302,0x2,0x00 0xFF,0x6FC0,ACK
5.4958675000,1226,Data,0x485,0x8,0x22 0x00 0x00 0x00 0x0C 0x02 0x48 0x0C,0x1FCE,ACK
5.5043274000,1227,Data,0x212,0x8,0x52 0x01 0x00 0xC9 0x0E 0x00 0x00 0x2A,0x5807,ACK
5.5045956000,1228,Data,0x211,0x8,0xE4 0x00 0x2A 0x00 0x00 0x00 0x20 0x00,0x6183,ACK
5.5048598000,1229,Data,0x343,0x8,0x00 0x00 0x00 0x00 0x00 0x00 0x00 0xC8,0x1624,ACK
5.5051521000,1230,Data,0x341,0x8,0x00 0x00 0x00 0x00 0x02 0x00 0x00 0x00,0x1833,ACK
5.5054083000,1231,Data,0x342,0x8,0x23 0x00 0x64 0x00 0x00 0xC4 0x28 0x34,0x6836,ACK
5.5056486000,1232,Data,0x344,0x8,0x00 0x00 0x00 0x03 0x00 0x00 0x00 0x00,0x6F15,ACK
5.5133966000,1233,Data,0x100,0x8,0xC8 0x00 0x04 0x40 0x23 0x4F 0x64 0x32,0x61CA,ACK
5.5333986000,1234,Data,0x100,0x8,0xC8 0x00 0x04 0x40 0x23 0x4F 0x64 0x32,0x61CA,ACK
5.5533986000,1235,Data,0x100,0x8,0xC8 0x00 0x04 0x40 0x23 0x4F 0x64 0x32,0x61CA,ACK
5.5556148000,1236,Data,0x429,0x8,0x20 0x00 0x00 0x00 0x00 0x00 0x00 0x00,0x7AC7,ACK
5.5560211000,1237,Data,0x421,0x8,0x38 0x36 0x31 0x34 0xFB 0x04 0x55 0x04,0x0DC7,ACK
5.5564113000,1238,Data,0x422,0x8,0x00 0x00 0x20 0x00 0x15 0x00 0x02 0x00,0x33F1,ACK
5.5580276000,1239,Data,0x420,0x8,0xA3 0x14 0xF4 0xFF 0x66 0x03 0x00 0x00,0x48AF,ACK
5.5589258000,1240,Data,0x423,0x8,0xBC 0x02 0x64 0x00 0x3D 0x00 0x01 0x00,0x4EF3,ACK
5.5598241000,1241,Data,0x425,0x8,0x01 0x64 0x49 0x57 0x57 0x58 0x01 0xFF,0x3E52,ACK
5.5733960000,1242,Data,0x100,0x8,0xC8 0x00 0x04 0x40 0x23 0x4F 0x64 0x32,0x61CA,ACK
5.5934159000,1243,Data,0x100,0x8,0xC8 0x00 0x04 0x40 0x23 0x4F 0x64 0x32,0x61CA,ACK
5.5936561000,1244,Data,0x203,0x8,0x03 0x00 0x57 0x00 0x57 0x00 0x20 0x00,0x22FB,ACK
5.5939024000,1245,Data,0x204,0x8,0x00 0x00 0x00 0x00 0x00 0x00 0x00 0x00,0x79D1,ACK
5.5941586000,1246,Data,0x205,0x8,0x00 0x00 0x00 0x00 0x00 0x00 0x00 0x00,0x72CA,ACK
5.5944609000,1247,Data,0x209,0x8,0x9F 0x27 0x10 0x04 0x90 0x49 0x00 0x00,0x59C2,ACK
5.5947011000,1248,Data,0x20A,0x8,0x00 0x00 0x00 0x00 0x00 0x00 0x00 0x00,0x1B53,ACK
5.5949554000,1249,Data,0x20B,0x8,0xBC 0x02 0x64 0x00 0x01 0xC8 0x00 0x00,0x021C,ACK
5.5951996000,1250,Data,0x20C,0x8,0x00 0xC4 0x50 0x34 0x1E 0x07 0x00 0x00,0x214C,ACK
5.6043256000,1251,Data,0x212,0x8,0x52 0x01 0x01 0xC9 0x0A 0x00 0x00 0x2A,0x3DCB,ACK
5.6045659000,1252,Data,0x211,0x8,0xE4 0x00 0x2A 0x00 0x00 0x00 0x1C 0x00,0x1CE6,ACK
5.6048301000,1253,Data,0x343,0x8,0x00 0x00 0x00 0x01 0x01 0x01 0x01 0xC8,0x5B06,ACK
5.6133961000,1254,Data,0x100,0x8,0xC8 0x00 0x04 0x40 0x23 0x4F 0x64 0x32,0x61CA,ACK
5.6333961000,1255,Data,0x100,0x8,0xC8 0x00 0x04 0x40 0x23 0x4F 0x64 0x32,0x61CA,ACK
5.6533959000,1256,Data,0x100,0x8,0xC8 0x00 0x04 0x40 0x23 0x4F 0x64 0x32,0x61CA,ACK
5.6663202000,1257,Data,0x310,0x8,0xF1 0x0E 0x78 0x05 0x17 0x02 0x01 0xC8,0x439C,ACK
5.6733962000,1258,Data,0x100,0x8,0xC8 0x00 0x04 0x40 0x23 0x4F 0x64 0x32,0x61CA,ACK
5.6854444000,1259,Data,0x311,0x8,0x39 0x1E 0x07 0x3F 0x90 0x01 0x00 0x00,0x66BC,ACK
5.6934245000,1260,Data,0x100,0x8,0xC8 0x00 0x04 0x40 0x23 0x4F 0x64 0x32,0x61CA,ACK
5.6936628000,1261,Data,0x203,0x8,0x03 0x00 0x57 0x00 0x57 0x00 0x1C 0x00,0x5F9E,ACK
5.6939070000,1262,Data,0x204,0x8,0x00 0x00 0x00 0x00 0x00 0x00 0x00 0x00,0x79D1,ACK
5.6941633000,1263,Data,0x205,0x8,0x00 0x00 0x00 0x00 0x00 0x00 0x00 0x00,0x72CA,ACK
5.6944615000,1264,Data,0x209,0x8,0x9F 0x27 0x10 0x04 0x90 0x49 0x00 0x00,0x59C2,ACK
5.6947017000,1265,Data,0x20A,0x8,0x00 0x00 0x00 0x00 0x00 0x00 0x00 0x00,0x1B53,ACK
5.6949560000,1266,Data,0x20B,0x8,0xBC 0x02 0x64 0x00 0x01 0xC8 0x00 0x00,0x021C,ACK
5.6952022000,1267,Data,0x20C,0x8,0x00 0xC4 0x50 0x34 0x1E 0x07 0x00 0x00,0x214C,ACK
5.6954525000,1268,Data,0x301,0x8,0x00 0x00 0x00 0x00 0x00 0x00 0x00 0x00,0x7E55,ACK
5.6957087000,1269,Data,0x302,0x2,0x00 0xFF,0x6FC0,ACK
5.6958550000,1270,Data,0x485,0x8,0x22 0x00 0x00 0x00 0x0C 0x02 0x48 0x0C,0x1FCE,ACK
5.7043070000,1271,Data,0x212,0x8,0x52 0x01 0x01 0xC9 0x09 0x00 0x00 0x2A,0x1EC3,ACK
5.7045492000,1272,Data,0x211,0x8,0xE4 0x00 0x2A 0x00 0x00 0x00 0x1B 0x00,0x4B26,ACK
5.7047915000,1273,Data,0x343,0x8,0x00 0x00 0x00 0x01 0x01 0x01 0x01 0xC8,0x5B06,ACK
5.7050537000,1274,Data,0x341,0x8,0x00 0x00 0x00 0x00 0x02 0x00 0x00 0x00,0x1833,ACK
5.7053100000,1275,Data,0x342,0x8,0x23 0x00 0x64 0x00 0x00 0xC4 0x28 0x34,0x6836,ACK
5.7055502000,1276,Data,0x344,0x8,0x00 0x00 0x00 0x03 0x00 0x00 0x00 0x00,0x6F15,ACK
5.7058124000,1277,Data,0x401,0x8,0xFE 0xFF 0x34 0x01 0x05 0x2C 0x00 0x00,0x24EF,ACK
5.7133945000,1278,Data,0x100,0x8,0xC8 0x00 0x04 0x40 0x23 0x4F 0x64 0x32,0x61CA,ACK
5.7333945000,1279,Data,0x100,0x8,0xC8 0x00 0x04 0x40 0x23 0x4F 0x64 0x32,0x61CA,ACK
5.7533944000,1280,Data,0x100,0x8,0xC8 0x00 0x04 0x40 0x23 0x4F 0x64 0x32,0x61CA,ACK
5.7733824000,1281,Data,0x100,0x8,0xC8 0x00 0x04 0x40 0x23 0x4F 0x64 0x32,0x61CA,ACK
5.7934124000,1282,Data,0x100,0x8,0xC8 0x00 0x04 0x40 0x23 0x4F 0x64 0x32,0x61CA,ACK
5.7936506000,1283,Data,0x203,0x8,0x03 0x00 0x57 0x00 0x57 0x00 0x1B 0x00,0x085E,ACK
5.7938949000,1284,Data,0x204,0x8,0x00 0x00 0x00 0x00 0x00 0x00 0x00 0x00,0x79D1,ACK
5.7941511000,1285,Data,0x205,0x8,0x00 0x00 0x00 0x00 0x00 0x00 0x00 0x00,0x72CA,ACK
5.7944714000,1286,Data,0x209,0x8,0x9F 0x27 0x10 0x04 0x90 0x49 0x00 0x00,0x59C2,ACK
5.7947116000,1287,Data,0x20A,0x8,0x00 0x00 0x00 0x00 0x00 0x00 0x00 0x00,0x1B53,ACK
5.7949679000,1288,Data,0x20B,0x8,0xBC 0x02 0x64 0x00 0x01 0xC8 0x00 0x00,0x021C,ACK
5.7952141000,1289,Data,0x20C,0x8,0x00 0xC4 0x50 0x34 0x1E 0x07 0x00 0x00,0x214C,ACK
5.8043360000,1290,Data,0x212,0x8,0x52 0x01 0x01 0xC9 0x09 0x00 0x00 0x2A,0x1EC3,ACK
5.8045763000,1291,Data,0x211,0x8,0xE4 0x00 0x2A 0x00 0x00 0x00 0x1A 0x00,0x0F00,ACK
5.8048385000,1292,Data,0x343,0x8,0x00 0x00 0x00 0x01 0x01 0x01 0x01 0xC8,0x5B06,ACK
5.8133946000,1293,Data,0x100,0x8,0xC8 0x00 0x04 0x40 0x23 0x4F 0x64 0x32,0x61CA,ACK
5.8333945000,1294,Data,0x100,0x8,0xC8 0x00 0x04 0x40 0x23 0x4F 0x64 0x32,0x61CA,ACK
5.8533943000,1295,Data,0x100,0x8,0xC8 0x00 0x04 0x40 0x23 0x4F 0x64 0x32,0x61CA,ACK
5.8658744000,1296,Data,0x310,0x8,0xF1 0x0E 0x78 0x05 0x17 0x02 0x01 0xC8,0x439C,ACK
5.8733924000,1297,Data,0x100,0x8,0xC8 0x00 0x04 0x40 0x23 0x4F 0x64 0x32,0x61CA,ACK
5.8850166000,1298,Data,0x311,0x8,0x39 0x1E 0x07 0x3F 0x90 0x01 0x00 0x00,0x66BC,ACK
5.8934186000,1299,Data,0x100,0x8,0xC8 0x00 0x04 0x40 0x23 0x4F 0x64 0x32,0x61CA,ACK
5.8936569000,1300,Data,0x203,0x8,0x03 0x00 0x57 0x00 0x57 0x00 0x1A 0x00,0x4C78,ACK
5.8938971000,1301,Data,0x204,0x8,0x00 0x00 0x00 0x00 0x00 0x00 0x00 0x00,0x79D1,ACK
5.8941534000,1302,Data,0x205,0x8,0x00 0x00 0x00 0x00 0x00 0x00 0x00 0x00,0x72CA,ACK
5.8944696000,1303,Data,0x209,0x8,0x9F 0x27 0x10 0x04 0x90 0x49 0x00 0x00,0x59C2,ACK
5.8947099000,1304,Data,0x20A,0x8,0x00 0x00 0x00 0x00 0x00 0x00 0x00 0x00,0x1B53,ACK
5.8949641000,1305,Data,0x20B,0x8,0xBC 0x02 0x64 0x00 0x01 0xC8 0x00 0x00,0x021C,ACK
5.8952084000,1306,Data,0x20C,0x8,0x00 0xC4 0x50 0x34 0x1E 0x07 0x00 0x00,0x214C,ACK
5.8954566000,1307,Data,0x301,0x8,0x00 0x00 0x00 0x00 0x00 0x00 0x00 0x00,0x7E55,ACK
5.8957127000,1308,Data,0x302,0x2,0x00 0xFF,0x6FC0,ACK
5.8958590000,1309,Data,0x485,0x8,0x22 0x00 0x00 0x00 0x0C 0x02 0x48 0x0C,0x1FCE,ACK
5.9043290000,1310,Data,0x212,0x8,0x52 0x01 0x01 0xC9 0x09 0x00 0x00 0x2A,0x1EC3,ACK
5.9045712000,1311,Data,0x211,0x8,0xE4 0x00 0x2A 0x00 0x00 0x00 0x1A 0x00,0x0F00,ACK
5.9048595000,1312,Data,0x343,0x8,0x00 0x00 0x00 0x01 0x01 0x01 0x01 0xC8,0x5B06,ACK
5.9051237000,1313,Data,0x341,0x8,0x00 0x00 0x00 0x00 0x02 0x00 0x00 0x00,0x1833,ACK
5.9054320000,1314,Data,0x342,0x8,0x23 0x00 0x64 0x00 0x00 0xC4 0x28 0x34,0x6836,ACK
5.9056922000,1315,Data,0x344,0x8,0x00 0x00 0x00 0x03 0x00 0x00 0x00 0x00,0x6F15,ACK
5.9133802000,1316,Data,0x100,0x8,0xC8 0x00 0x04 0x40 0x23 0x4F 0x64 0x32,0x61CA,ACK
5.9333922000,1317,Data,0x100,0x8,0xC8 0x00 0x04 0x40 0x23 0x4F 0x64 0x32,0x61CA,ACK
5.9533922000,1318,Data,0x100,0x8,0xC8 0x00 0x04 0x40 0x23 0x4F 0x64 0x32,0x61CA,ACK
5.9733922000,1319,Data,0x100,0x8,0xC8 0x00 0x04 0x40 0x23 0x4F 0x64 0x32,0x61CA,ACK
5.9934121000,1320,Data,0x100,0x8,0xC8 0x00 0x04 0x40 0x23 0x4F 0x64 0x32,0x61CA,ACK
5.9936504000,1321,Data,0x203,0x8,0x03 0x00 0x57 0x00 0x57 0x00 0x1A 0x00,0x4C78,ACK
5.9938906000,1322,Data,0x204,0x8,0x00 0x00 0x00 0x00 0x00 0x00 0x00 0x00,0x79D1,ACK
5.9941469000,1323,Data,0x205,0x8,0x00 0x00 0x00 0x00 0x00 0x00 0x00 0x00,0x72CA,ACK
5.9944671000,1324,Data,0x209,0x8,0x9F 0x27 0x10 0x04 0x90 0x49 0x00 0x00,0x59C2,ACK
5.9947074000,1325,Data,0x20A,0x8,0x00 0x00 0x00 0x00 0x00 0x00 0x00 0x00,0x1B53,ACK
5.9949616000,1326,Data,0x20B,0x8,0xBC 0x02 0x64 0x00 0x01 0xC8 0x00 0x00,0x021C,ACK
5.9952059000,1327,Data,0x20C,0x8,0x00 0xC4 0x50 0x34 0x1E 0x07 0x00 0x00,0x214C,ACK
6.0042898000,1328,Data,0x212,0x8,0x52 0x01 0x01 0xC9 0x09 0x00 0x00 0x2A,0x1EC3,ACK
6.0045321000,1329,Data,0x211,0x8,0xE4 0x00 0x2A 0x00 0x00 0x00 0x1A 0x00,0x0F00,ACK
6.0048003000,1330,Data,0x343,0x8,0x00 0x00 0x00 0x01 0x01 0x01 0x01 0xC8,0x5B06,ACK
6.0133924000,1331,Data,0x100,0x8,0xC8 0x00 0x04 0x40 0x23 0x4F 0x64 0x32,0x61CA,ACK
6.0333803000,1332,Data,0x100,0x8,0xC8 0x00 0x04 0x40 0x23 0x4F 0x64 0x32,0x61CA,ACK
6.0533903000,1333,Data,0x100,0x8,0xC8 0x00 0x04 0x40 0x23 0x4F 0x64 0x32,0x61CA,ACK
6.0643006000,1334,Data,0x423,0x8,0xBC 0x02 0x64 0x00 0x3D 0x00 0x01 0x00,0x4EF3,ACK
6.0650748000,1335,Data,0x424,0x8,0x6E 0x3E 0x4D 0x69 0x00 0x00 0x00 0x00,0x728B,ACK
6.0653131000,1336,Data,0x425,0x8,0x01 0x64 0x49 0x57 0x57 0x58 0x01 0xFF,0x3E52,ACK
6.0655493000,1337,Data,0x429,0x8,0x20 0x00 0x00 0x00 0x00 0x00 0x00 0x00,0x7AC7,ACK
6.0657976000,1338,Data,0x420,0x8,0xA2 0x14 0xEC 0xFF 0x66 0x03 0x00 0x00,0x4294,ACK
6.0660318000,1339,Data,0x421,0x8,0x38 0x36 0x31 0x34 0xFB 0x04 0x55 0x04,0x0DC7,ACK
6.0662661000,1340,Data,0x310,0x8,0xF1 0x0E 0x78 0x05 0x17 0x02 0x01 0xC8,0x439C,ACK
6.0664963000,1341,Data,0x422,0x8,0x00 0x00 0x20 0x00 0x15 0x00 0x02 0x00,0x33F1,ACK
6.0667426000,1342,Data,0x500,0x8,0x48 0x48 0x49 0xFF 0x48 0x48 0x48 0xFF,0x3C42,ACK
6.0733907000,1343,Data,0x100,0x8,0xC8 0x00 0x04 0x40 0x23 0x4F 0x64 0x32,0x61CA,ACK
6.0854128000,1344,Data,0x311,0x8,0x39 0x1E 0x07 0x3F 0x90 0x01 0x00 0x00,0x66BC,ACK
6.0934169000,1345,Data,0x100,0x8,0xC8 0x00 0x04 0x40 0x23 0x4F 0x64 0x32,0x61CA,ACK
6.0936571000,1346,Data,0x203,0x8,0x03 0x00 0x57 0x00 0x57 0x00 0x1A 0x00,0x4C78,ACK
6.0938994000,1347,Data,0x204,0x8,0x00 0x00 0x00 0x00 0x00 0x00 0x00 0x00,0x79D1,ACK
6.0941556000,1348,Data,0x205,0x8,0x00 0x00 0x00 0x00 0x00 0x00 0x00 0x00,0x72CA,ACK
6.0944659000,1349,Data,0x209,0x8,0x9F 0x27 0x10 0x04 0x90 0x49 0x00 0x00,0x59C2,ACK
6.0947061000,1350,Data,0x20A,0x8,0x00 0x00 0x00 0x00 0x00 0x00 0x00 0x00,0x1B53,ACK
6.0949604000,1351,Data,0x20B,0x8,0xBC 0x02 0x64 0x00 0x01 0xC8 0x00 0x00,0x021C,ACK
6.0952046000,1352,Data,0x20C,0x8,0x00 0xC4 0x50 0x34 0x1E 0x07 0x00 0x00,0x214C,ACK
6.0954529000,1353,Data,0x301,0x8,0x00 0x00 0x00 0x00 0x00 0x00 0x00 0x00,0x7E55,ACK
6.0957091000,1354,Data,0x302,0x2,0x00 0xFF,0x6FC0,ACK
6.0958533000,1355,Data,0x485,0x8,0x22 0x00 0x00 0x00 0x0C 0x02 0x48 0x0C,0x1FCE,ACK
6.1043394000,1356,Data,0x212,0x8,0x52 0x01 0x01 0xC9 0x0E 0x00 0x00 0x2A,0x462B,ACK
6.1045776000,1357,Data,0x211,0x8,0xE4 0x00 0x2A 0x00 0x00 0x00 0x21 0x00,0x25A5,ACK
6.1048419000,1358,Data,0x343,0x8,0x00 0x00 0x00 0x01 0x01 0x01 0x01 0xC8,0x5B06,ACK
6.1051321000,1359,Data,0x341,0x8,0x00 0x00 0x00 0x00 0x02 0x00 0x00 0x00,0x1833,ACK
6.1053904000,1360,Data,0x342,0x8,0x23 0x00 0x64 0x00 0x00 0xC4 0x28 0x34,0x6836,ACK
6.1056546000,1361,Data,0x344,0x8,0x00 0x00 0x00 0x03 0x00 0x00 0x00 0x00,0x6F15,ACK
6.1133906000,1362,Data,0x100,0x8,0xC8 0x00 0x04 0x40 0x23 0x4F 0x64 0x32,0x61CA,ACK
6.1333886000,1363,Data,0x100,0x8,0xC8 0x00 0x04 0x40 0x23 0x4F 0x64 0x32,0x61CA,ACK
6.1533906000,1364,Data,0x100,0x8,0xC8 0x00 0x04 0x40 0x23 0x4F 0x64 0x32,0x61CA,ACK
6.1733885000,1365,Data,0x100,0x8,0xC8 0x00 0x04 0x40 0x23 0x4F 0x64 0x32,0x61CA,ACK
6.1934065000,1366,Data,0x100,0x8,0xC8 0x00 0x04 0x40 0x23 0x4F 0x64 0x32,0x61CA,ACK
6.1936447000,1367,Data,0x203,0x8,0x03 0x00 0x57 0x00 0x57 0x00 0x21 0x00,0x66DD,ACK
6.1938870000,1368,Data,0x204,0x8,0x00 0x00 0x00 0x00 0x00 0x00 0x00 0x00,0x79D1,ACK
6.1941432000,1369,Data,0x205,0x8,0x00 0x00 0x00 0x00 0x00 0x00 0x00 0x00,0x72CA,ACK
6.1944655000,1370,Data,0x209,0x8,0x9F 0x27 0x10 0x04 0x90 0x49 0x00 0x00,0x59C2,ACK
6.1947057000,1371,Data,0x20A,0x8,0x00 0x00 0x00 0x00 0x00 0x00 0x00 0x00,0x1B53,ACK
6.1949620000,1372,Data,0x20B,0x8,0xBC 0x02 0x64 0x00 0x01 0xC8 0x00 0x00,0x021C,ACK
6.1952062000,1373,Data,0x20C,0x8,0x00 0xC4 0x50 0x34 0x1E 0x07 0x00 0x00,0x214C,ACK
6.2043522000,1374,Data,0x212,0x8,0x52 0x01 0x01 0xC9 0x10 0x00 0x00 0x2A,0x56D0,ACK
6.2046224000,1375,Data,0x211,0x8,0xE4 0x00 0x2A 0x00 0x00 0x00 0x2B 0x00,0x118F,ACK
6.2049187000,1376,Data,0x343,0x8,0x00 0x00 0x00 0x01 0x01 0x01 0x01 0xC8,0x5B06,ACK
6.2053610000,1377,Data,0x401,0x8,0xFF 0xFF 0x34 0x00 0x05 0x2C 0x00 0x00,0x1437,ACK
6.2133890000,1378,Data,0x100,0x8,0xC8 0x00 0x04 0x40 0x23 0x4F 0x64 0x32,0x61CA,ACK
6.2333889000,1379,Data,0x100,0x8,0xC8 0x00 0x04 0x40 0x23 0x4F 0x64 0x32,0x61CA,ACK
6.2533869000,1380,Data,0x100,0x8,0xC8 0x00 0x04 0x40 0x23 0x4F 0x64 0x32,0x61CA,ACK
6.2660270000,1381,Data,0x310,0x8,0xF1 0x0E 0x78 0x05 0x17 0x02 0x01 0xC8,0x439C,ACK
6.2733870000,1382,Data,0x100,0x8,0xC8 0x00 0x04 0x40 0x23 0x4F 0x64 0x32,0x61CA,ACK
6.2851553000,1383,Data,0x311,0x8,0x39 0x1E 0x07 0x3F 0x90 0x01 0x00 0x00,0x66BC,ACK
6.2934292000,1384,Data,0x100,0x8,0xC8 0x00 0x04 0x40 0x23 0x4F 0x64 0x32,0x61CA,ACK
6.2936654000,1385,Data,0x203,0x8,0x03 0x00 0x57 0x00 0x57 0x00 0x2B 0x00,0x52F7,ACK
6.2939076000,1386,Data,0x204,0x8,0x00 0x00 0x00 0x00 0x00 0x00 0x00 0x00,0x79D1,ACK
6.2941639000,1387,Data,0x205,0x8,0x00 0x00 0x00 0x00 0x00 0x00 0x00 0x00,0x72CA,ACK
6.2944641000,1388,Data,0x209,0x8,0x9F 0x27 0x10 0x04 0x90 0x49 0x00 0x00,0x59C2,ACK
6.2947064000,1389,Data,0x20A,0x8,0x00 0x00 0x00 0x00 0x00 0x00 0x00 0x00,0x1B53,ACK
6.2949626000,1390,Data,0x20B,0x8,0xBC 0x02 0x64 0x00 0x01 0xC8 0x00 0x00,0x021C,ACK
6.2952069000,1391,Data,0x20C,0x8,0x00 0xC4 0x50 0x34 0x1E 0x07 0x00 0x00,0x214C,ACK
6.2954551000,1392,Data,0x301,0x8,0x00 0x00 0x00 0x00 0x00 0x00 0x00 0x00,0x7E55,ACK
6.2957114000,1393,Data,0x302,0x2,0x00 0xFF,0x6FC0,ACK
6.2958576000,1394,Data,0x485,0x8,0x22 0x00 0x00 0x00 0x0C 0x02 0x48 0x0C,0x1FCE,ACK
6.2961018000,1395,Data,0x480,0x8,0x00 0x00 0x01 0x00 0x20 0x00 0x00 0x00,0x326A,ACK
6.2963581000,1396,Data,0x481,0x8,0x32 0x0A 0x28 0x08 0x00 0x00 0x00 0x00,0x1D9A,ACK
6.2966063000,1397,Data,0x482,0x8,0x52 0x01 0x02 0x00 0x00 0x00 0x00 0x00,0x36EA,ACK
6.2968546000,1398,Data,0x483,0x8,0x31 0x4B 0x31 0x55 0x41 0x32 0x35 0x35,0x717E,ACK
6.2970888000,1399,Data,0x484,0x8,0x31 0x50 0x33 0x39 0x36 0x35 0x00 0x00,0x0196,ACK
6.3043348000,1400,Data,0x212,0x8,0x52 0x01 0x01 0xC9 0x0F 0x00 0x00 0x2A,0x58D3,ACK
6.3045970000,1401,Data,0x211,0x8,0xE4 0x00 0x2A 0x00 0x00 0x00 0x2A 0x00,0x55A9,ACK
6.3048393000,1402,Data,0x343,0x8,0x00 0x00 0x00 0x01 0x01 0x01 0x01 0xC8,0x5B06,ACK
6.3050995000,1403,Data,0x341,0x8,0x00 0x00 0x00 0x00 0x02 0x00 0x00 0x00,0x1833,ACK
6.3054058000,1404,Data,0x342,0x8,0x23 0x00 0x64 0x00 0x00 0xC4 0x28 0x34,0x6836,ACK
6.3056699000,1405,Data,0x344,0x8,0x00 0x00 0x00 0x03 0x00 0x00 0x00 0x00,0x6F15,ACK
6.3133880000,1406,Data,0x100,0x8,0xC8 0x00 0x04 0x40 0x23 0x4F 0x64 0x32,0x61CA,ACK
6.3333878000,1407,Data,0x100,0x8,0xC8 0x00 0x04 0x40 0x23 0x4F 0x64 0x32,0x61CA,ACK
6.3533857000,1408,Data,0x100,0x8,0xC8 0x00 0x04 0x40 0x23 0x4F 0x64 0x32,0x61CA,ACK
6.3733857000,1409,Data,0x100,0x8,0xC8 0x00 0x04 0x40 0x23 0x4F 0x64 0x32,0x61CA,ACK
6.3934056000,1410,Data,0x100,0x8,0xC8 0x00 0x04 0x40 0x23 0x4F 0x64 0x32,0x61CA,ACK
6.3936439000,1411,Data,0x203,0x8,0x03 0x00 0x57 0x00 0x57 0x00 0x2A 0x00,0x16D1,ACK
6.3938861000,1412,Data,0x204,0x8,0x00 0x00 0x00 0x00 0x00 0x00 0x00 0x00,0x79D1,ACK
6.3941424000,1413,Data,0x205,0x8,0x00 0x00 0x00 0x00 0x00 0x00 0x00 0x00,0x72CA,ACK
6.3944626000,1414,Data,0x209,0x8,0x9F 0x27 0x10 0x04 0x90 0x49 0x00 0x00,0x59C2,ACK
6.3947009000,1415,Data,0x20A,0x8,0x00 0x00 0x00 0x00 0x00 0x00 0x00 0x00,0x1B53,ACK
6.3949551000,1416,Data,0x20B,0x8,0xBC 0x02 0x64 0x00 0x01 0xC8 0x00 0x00,0x021C,ACK
6.3952012000,1417,Data,0x20C,0x8,0x00 0xC4 0x50 0x34 0x1E 0x07 0x00 0x00,0x214C,ACK
6.3964895000,1418,Extend Data,0x18EF073E,0x4,0x01 0x01 0x8F 0x02,0x64A1,ACK
6.4043315000,1419,Data,0x212,0x8,0x52 0x01 0x01 0xC9 0x0E 0x00 0x00 0x2A,0x462B,ACK
6.4045737000,1420,Data,0x211,0x8,0xE4 0x00 0x2A 0x00 0x00 0x00 0x27 0x00,0x3643,ACK
6.4048160000,1421,Data,0x343,0x8,0x00 0x00 0x00 0x01 0x01 0x01 0x01 0xC8,0x5B06,ACK
6.4133740000,1422,Data,0x100,0x8,0xC8 0x00 0x04 0x40 0x23 0x4F 0x64 0x32,0x61CA,ACK
6.4333859000,1423,Data,0x100,0x8,0xC8 0x00 0x04 0x40 0x23 0x4F 0x64 0x32,0x61CA,ACK
6.4393202000,1424,Extend Data,0x18EF3E07,0x5,0x01 0x04 0x8F 0x57 0x00,0x3086,ACK
6.4533842000,1425,Data,0x100,0x8,0xC8 0x00 0x04 0x40 0x23 0x4F 0x64 0x32,0x61CA,ACK
6.4564664000,1426,Extend Data,0x18EF073E,0x4,0x01 0x01 0x8C 0x02,0x6D52,ACK
6.4571705000,1427,Extend Data,0x18EF3E07,0x5,0x01 0x04 0x8C 0xA2 0x14,0x74C8,ACK
6.4658787000,1428,Data,0x310,0x8,0xF1 0x0E 0x78 0x05 0x17 0x02 0x01 0xC8,0x439C,ACK
6.4733848000,1429,Data,0x100,0x8,0xC8 0x00 0x04 0x40 0x23 0x4F 0x64 0x32,0x61CA,ACK
6.4850230000,1430,Data,0x311,0x8,0x39 0x1E 0x07 0x3F 0x90 0x01 0x00 0x00,0x66BC,ACK
6.4934110000,1431,Data,0x100,0x8,0xC8 0x00 0x04 0x40 0x23 0x4F 0x64 0x32,0x61CA,ACK
6.4936492000,1432,Data,0x203,0x8,0x03 0x00 0x57 0x00 0x57 0x00 0x27 0x00,0x753B,ACK
6.4938895000,1433,Data,0x204,0x8,0x00 0x00 0x00 0x00 0x00 0x00 0x00 0x00,0x79D1,ACK
6.4941477000,1434,Data,0x205,0x8,0x00 0x00 0x00 0x00 0x00 0x00 0x00 0x00,0x72CA,ACK
6.4944620000,1435,Data,0x209,0x8,0x9F 0x27 0x10 0x04 0x90 0x49 0x00 0x00,0x59C2,ACK
6.4947042000,1436,Data,0x20A,0x8,0x00 0x00 0x00 0x00 0x00 0x00 0x00 0x00,0x1B53,ACK
6.4949585000,1437,Data,0x20B,0x8,0xBC 0x02 0x64 0x00 0x01 0xC8 0x00 0x00,0x021C,ACK
6.4952027000,1438,Data,0x20C,0x8,0x00 0xC4 0x50 0x34 0x1E 0x07 0x00 0x00,0x214C,ACK
6.4954510000,1439,Data,0x301,0x8,0x00 0x00 0x00 0x00 0x00 0x00 0x00 0x00,0x7E55,ACK
6.4957072000,1440,Data,0x302,0x2,0x00 0xFF,0x6FC0,ACK
6.4958535000,1441,Data,0x485,0x8,0x22 0x00 0x00 0x00 0x0C 0x02 0x48 0x0C,0x1FCE,ACK
6.5043454000,1442,Data,0x212,0x8,0x52 0x01 0x01 0xC9 0x14 0x00 0x00 0x2A,0x2D30,ACK
6.5046095000,1443,Data,0x211,0x8,0xE4 0x00 0x2A 0x00 0x00 0x00 0x2F 0x00,0x4FBC,ACK
6.5048738000,1444,Data,0x343,0x8,0x00 0x00 0x00 0x01 0x01 0x01 0x01 0xC8,0x5B06,ACK
6.5052880000,1445,Data,0x341,0x8,0x00 0x00 0x00 0x00 0x02 0x00 0x00 0x00,0x1833,ACK
6.5055523000,1446,Data,0x342,0x8,0x23 0x00 0x64 0x00 0x00 0xC4 0x28 0x34,0x6836,ACK
6.5058125000,1447,Data,0x344,0x8,0x00 0x00 0x00 0x03 0x00 0x00 0x00 0x00,0x6F15,ACK
6.5133846000,1448,Data,0x100,0x8,0xC8 0x00 0x04 0x40 0x23 0x4F 0x64 0x32,0x61CA,ACK
6.5310666000,1449,Extend Data,0x18EF073E,0x4,0x01 0x01 0x8D 0x02,0x2974,ACK
6.5333848000,1450,Data,0x100,0x8,0xC8 0x00 0x04 0x40 0x23 0x4F 0x64 0x32,0x61CA,ACK
6.5400990000,1451,Extend Data,0x18EF3E07,0x5,0x01 0x04 0x8D 0xE4 0xFF,0x7EF2,ACK
6.5533850000,1452,Data,0x100,0x8,0xC8 0x00 0x04 0x40 0x23 0x4F 0x64 0x32,0x61CA,ACK
6.5649493000,1453,Data,0x423,0x8,0xBC 0x02 0x64 0x00 0x3D 0x00 0x01 0x00,0x4EF3,ACK
6.5658496000,1454,Data,0x425,0x8,0x01 0x64 0x49 0x57 0x57 0x58 0x01 0xFF,0x3E52,ACK
6.5660858000,1455,Data,0x429,0x8,0x20 0x00 0x00 0x00 0x00 0x00 0x00 0x00,0x7AC7,ACK
6.5663341000,1456,Data,0x420,0x8,0xA2 0x14 0xE4 0xFF 0x66 0x03 0x00 0x00,0x766D,ACK
6.5665683000,1457,Data,0x421,0x8,0x38 0x36 0x31 0x34 0xFB 0x04 0x55 0x04,0x0DC7,ACK
6.5669046000,1458,Data,0x422,0x8,0x00 0x00 0x20 0x00 0x15 0x00 0x02 0x00,0x33F1,ACK
6.5733846000,1459,Data,0x100,0x8,0xC8 0x00 0x04 0x40 0x23 0x4F 0x64 0x32,0x61CA,ACK
6.5911865000,1460,Extend Data,0x18EF073E,0x4,0x01 0x01 0x8E 0x02,0x2087,ACK
6.5934007000,1461,Data,0x100,0x8,0xC8 0x00 0x04 0x40 0x23 0x4F 0x64 0x32,0x61CA,ACK
6.5936390000,1462,Data,0x203,0x8,0x03 0x00 0x57 0x00 0x57 0x00 0x2F 0x00,0x0CC4,ACK
6.5938812000,1463,Data,0x204,0x8,0x00 0x00 0x00 0x00 0x00 0x00 0x00 0x00,0x79D1,ACK
6.5941375000,1464,Data,0x205,0x8,0x00 0x00 0x00 0x00 0x00 0x00 0x00 0x00,0x72CA,ACK
6.5944597000,1465,Data,0x209,0x8,0x9F 0x27 0x10 0x04 0x90 0x49 0x00 0x00,0x59C2,ACK
6.5947000000,1466,Data,0x20A,0x8,0x00 0x00 0x00 0x00 0x00 0x00 0x00 0x00,0x1B53,ACK
6.5949542000,1467,Data,0x20B,0x8,0xBC 0x02 0x64 0x00 0x01 0xC8 0x00 0x00,0x021C,ACK
6.5951985000,1468,Data,0x20C,0x8,0x00 0xC4 0x50 0x34 0x1E 0x07 0x00 0x00,0x214C,ACK
6.6042845000,1469,Data,0x212,0x8,0x52 0x01 0x01 0xC9 0x14 0x00 0x00 0x2A,0x2D30,ACK
6.6045246000,1470,Data,0x211,0x8,0xE4 0x00 0x2A 0x00 0x00 0x00 0x37 0x00,0x0024,ACK
6.6047889000,1471,Data,0x343,0x8,0x00 0x00 0x00 0x01 0x01 0x01 0x01 0xC8,0x5B06,ACK
6.6133828000,1472,Data,0x100,0x8,0xC8 0x00 0x04 0x40 0x23 0x4F 0x64 0x32,0x61CA,ACK
6.6333828000,1473,Data,0x100,0x8,0xC8 0x00 0x04 0x40 0x23 0x4F 0x64 0x32,0x61CA,ACK
6.6390289000,1474,Extend Data,0x18EF3E07,0x5,0x01 0x04 0x8E 0x64 0x00,0x13C8,ACK
6.6515128000,1475,Extend Data,0x18EF073E,0x4,0x01 0x01 0x59 0x02,0x652F,ACK
6.6521429000,1476,Extend Data,0x18EF3E07,0x5,0x01 0x04 0x59 0x00 0x00,0x4816,ACK
6.6533830000,1477,Data,0x100,0x8,0xC8 0x00 0x04 0x40 0x23 0x4F 0x64 0x32,0x61CA,ACK
6.6667752000,1478,Data,0x310,0x8,0xF1 0x0E 0x78 0x05 0x17 0x02 0x01 0xC8,0x439C,ACK
6.6733813000,1479,Data,0x100,0x8,0xC8 0x00 0x04 0x40 0x23 0x4F 0x64 0x32,0x61CA,ACK
6.6859034000,1480,Data,0x311,0x8,0x39 0x1E 0x07 0x3F 0x90 0x01 0x00 0x00,0x66BC,ACK
6.6934095000,1481,Data,0x100,0x8,0xC8 0x00 0x04 0x40 0x23 0x4F 0x64 0x32,0x61CA,ACK
6.6936457000,1482,Data,0x203,0x8,0x03 0x00 0x57 0x00 0x57 0x00 0x37 0x00,0x435C,ACK
6.6938880000,1483,Data,0x204,0x8,0x00 0x00 0x00 0x00 0x00 0x00 0x00 0x00,0x79D1,ACK
6.6941442000,1484,Data,0x205,0x8,0x00 0x00 0x00 0x00 0x00 0x00 0x00 0x00,0x72CA,ACK
6.6944585000,1485,Data,0x209,0x8,0x9F 0x27 0x10 0x04 0x90 0x49 0x00 0x00,0x59C2,ACK
6.6947007000,1486,Data,0x20A,0x8,0x00 0x00 0x00 0x00 0x00 0x00 0x00 0x00,0x1B53,ACK
6.6949570000,1487,Data,0x20B,0x8,0xBC 0x02 0x64 0x00 0x01 0xC8 0x00 0x00,0x021C,ACK
6.6952012000,1488,Data,0x20C,0x8,0x00 0xC4 0x50 0x34 0x1E 0x07 0x00 0x00,0x214C,ACK
6.6954515000,1489,Data,0x301,0x8,0x00 0x00 0x00 0x00 0x00 0x00 0x00 0x00,0x7E55,ACK
6.6957097000,1490,Data,0x302,0x2,0x00 0xFF,0x6FC0,ACK
6.6958540000,1491,Data,0x485,0x8,0x22 0x00 0x00 0x00 0x0C 0x02 0x48 0x0C,0x1FCE,ACK
6.7043659000,1492,Data,0x212,0x8,0x52 0x01 0x01 0xC9 0x14 0x00 0x00 0x2A,0x2D30,ACK
6.7046082000,1493,Data,0x211,0x8,0xE4 0x00 0x2A 0x00 0x00 0x00 0x36 0x00,0x4402,ACK
6.7048784000,1494,Data,0x343,0x8,0x00 0x00 0x00 0x01 0x01 0x01 0x01 0xC8,0x5B06,ACK
6.7052967000,1495,Data,0x341,0x8,0x00 0x00 0x00 0x00 0x02 0x00 0x00 0x00,0x1833,ACK
6.7055649000,1496,Data,0x342,0x8,0x23 0x00 0x64 0x00 0x00 0xC4 0x28 0x34,0x6836,ACK
6.7058072000,1497,Data,0x344,0x8,0x00 0x00 0x00 0x03 0x00 0x00 0x00 0x00,0x6F15,ACK
6.7060754000,1498,Data,0x401,0x8,0xFF 0xFF 0x34 0x00 0x05 0x2C 0x00 0x00,0x1437,ACK
6.7113875000,1499,Extend Data,0x18EF073E,0x4,0x01 0x01 0x92 0x02,0x312C,ACK
6.7133817000,1500,Data,0x100,0x8,0xC8 0x00 0x04 0x40 0x23 0x4F 0x64 0x32,0x61CA,ACK
6.7333797000,1501,Data,0x100,0x8,0xC8 0x00 0x04 0x40 0x23 0x4F 0x64 0x32,0x61CA,ACK
6.7389897000,1502,Extend Data,0x18EF3E07,0x5,0x01 0x04 0x92 0x02 0x00,0x0BF9,ACK
6.7533817000,1503,Data,0x100,0x8,0xC8 0x00 0x04 0x40 0x23 0x4F 0x64 0x32,0x61CA,ACK
6.7711677000,1504,Extend Data,0x18EF073E,0x4,0x01 0x01 0x96 0x04,0x797B,ACK
6.7718338000,1505,Extend Data,0x18EF3E07,0x7,0x01 0x04 0x96 0x16 0x00 0x16 0x00,0x4DDB,ACK
6.7733799000,1506,Data,0x100,0x8,0xC8 0x00 0x04 0x40 0x23 0x4F 0x64 0x32,0x61CA,ACK
6.7933979000,1507,Data,0x100,0x8,0xC8 0x00 0x04 0x40 0x23 0x4F 0x64 0x32,0x61CA,ACK
6.7936361000,1508,Data,0x203,0x8,0x03 0x00 0x57 0x00 0x57 0x00 0x36 0x00,0x077A,ACK
6.7938784000,1509,Data,0x204,0x8,0x00 0x00 0x00 0x00 0x00 0x00 0x00 0x00,0x79D1,ACK
6.7941346000,1510,Data,0x205,0x8,0x00 0x00 0x00 0x00 0x00 0x00 0x00 0x00,0x72CA,ACK
6.7944568000,1511,Data,0x209,0x8,0x9F 0x27 0x10 0x04 0x90 0x49 0x00 0x00,0x59C2,ACK
6.7946971000,1512,Data,0x20A,0x8,0x00 0x00 0x00 0x00 0x00 0x00 0x00 0x00,0x1B53,ACK
6.7949513000,1513,Data,0x20B,0x8,0xBC 0x02 0x64 0x00 0x01 0xC8 0x00 0x00,0x021C,ACK
6.7951956000,1514,Data,0x20C,0x8,0x00 0xC4 0x50 0x34 0x1E 0x07 0x00 0x00,0x214C,ACK
6.8043015000,1515,Data,0x212,0x8,0x52 0x01 0x01 0xC9 0x14 0x00 0x00 0x2A,0x2D30,ACK
6.8045418000,1516,Data,0x211,0x8,0xE4 0x00 0x2A 0x00 0x00 0x00 0x36 0x00,0x4402,ACK
6.8048040000,1517,Data,0x343,0x8,0x00 0x00 0x00 0x01 0x01 0x01 0x01 0xC8,0x5B06,ACK
6.8133781000,1518,Data,0x100,0x8,0xBE 0x00 0x04 0x40 0x23 0x4F 0x64 0x32,0x6F2E,ACK
6.8333799000,1519,Data,0x100,0x8,0x53 0x00 0x04 0x40 0x23 0x4F 0x64 0x32,0x25D6,ACK
6.8462379000,1520,Extend Data,0x18EF073E,0x4,0x01 0x01 0xF9 0x02,0x31EB,ACK
6.8468021000,1521,Extend Data,0x18EF3E07,0x5,0x01 0x04 0xF9 0x17 0x00,0x2512,ACK
6.8533782000,1522,Data,0x100,0x8,0x00 0x00 0x04 0x40 0x23 0x4F 0x64 0x32,0x38A8,ACK
6.8676504000,1523,Data,0x310,0x8,0xF1 0x0E 0x78 0x05 0x17 0x02 0x01 0xC8,0x439C,ACK
6.8733804000,1524,Data,0x100,0x8,0x00 0x00 0x04 0x40 0x23 0x4F 0x64 0x32,0x38A8,ACK
6.8867286000,1525,Data,0x311,0x8,0x39 0x1E 0x07 0x3F 0x90 0x01 0x00 0x00,0x66BC,ACK
6.8934067000,1526,Data,0x100,0x8,0x23 0x00 0x04 0x40 0x23 0x4F 0x64 0x32,0x52A0,ACK
6.8936470000,1527,Data,0x203,0x8,0x03 0x00 0x57 0x00 0x57 0x00 0x36 0x00,0x077A,ACK
6.8938892000,1528,Data,0x204,0x8,0x00 0x00 0x00 0x00 0x00 0x00 0x00 0x00,0x79D1,ACK
6.8941455000,1529,Data,0x205,0x8,0x00 0x00 0x00 0x00 0x00 0x00 0x00 0x00,0x72CA,ACK
6.8944557000,1530,Data,0x209,0x8,0x9F 0x27 0x10 0x04 0x90 0x49 0x00 0x00,0x59C2,ACK
6.8946960000,1531,Data,0x20A,0x8,0x00 0x00 0x00 0x00 0x00 0x00 0x00 0x00,0x1B53,ACK
6.8949522000,1532,Data,0x20B,0x8,0xBC 0x02 0x64 0x00 0x01 0xC8 0x00 0x00,0x021C,ACK
6.8951985000,1533,Data,0x20C,0x8,0x00 0xC4 0x50 0x34 0x1E 0x07 0x00 0x00,0x214C,ACK
6.8954487000,1534,Data,0x301,0x8,0x00 0x00 0x00 0x00 0x00 0x00 0x00 0x00,0x7E55,ACK
6.8957049000,1535,Data,0x302,0x2,0x00 0xFF,0x6FC0,ACK
6.8958492000,1536,Data,0x485,0x8,0x22 0x00 0x00 0x00 0x0C 0x02 0x48 0x0C,0x1FCE,ACK
6.9043172000,1537,Data,0x212,0x8,0x52 0x01 0x01 0xC9 0x13 0x00 0x00 0x2A,0x75D8,ACK
6.9045855000,1538,Data,0x211,0x8,0xE4 0x00 0x2A 0x00 0x00 0x00 0x35 0x00,0x4DF1,ACK
6.9048797000,1539,Data,0x343,0x8,0x00 0x00 0x00 0x01 0x01 0x01 0x01 0x23,0x2ECB,ACK
6.9052659000,1540,Data,0x341,0x8,0x00 0x00 0x00 0x00 0x02 0x00 0x00 0x00,0x1833,ACK
6.9055322000,1541,Data,0x342,0x8,0x23 0x00 0x64 0x00 0x00 0xC4 0x28 0x34,0x6836,ACK
6.9058224000,1542,Data,0x344,0x8,0x00 0x00 0x00 0x03 0x00 0x00 0x00 0x00,0x6F15,ACK
6.9078265000,1543,Extend Data,0x18EF073E,0x4,0x01 0x01 0xA0 0x1A,0x7FC0,ACK
6.9133787000,1544,Data,0x100,0x8,0x98 0x00 0x04 0x40 0x23 0x4F 0x64 0x32,0x407D,ACK
6.9333787000,1545,Data,0x100,0x8,0xC8 0x00 0x04 0x40 0x23 0x4F 0x64 0x32,0x61CA,ACK
6.9399389000,1546,Extend Data,0x1CEC3E07,0x8,0x10 0x1F 0x00 0x05 0xFF 0x00 0xEF 0x00,0x330A,ACK
6.9402351000,1547,Extend Data,0x18EC073E,0x8,0x11 0x05 0x01 0xFF 0xFF 0x00 0xEF 0x00,0x4F54,ACK
6.9409792000,1548,Extend Data,0x1CEB3E07,0x8,0x01 0x01 0x04 0xA0 0xDF 0x0F 0xDE 0x0F,0x0560,ACK
6.9412694000,1549,Extend Data,0x1CEB3E07,0x8,0x02 0xDE 0x0F 0xDE 0x0F 0xDF 0x0F 0xDE,0x3074,ACK
6.9415537000,1550,Extend Data,0x1CEB3E07,0x8,0x03 0x0F 0xDF 0x0F 0xDF 0x0F 0xE0 0x0F,0x71A8,ACK
6.9418400000,1551,Extend Data,0x1CEB3E07,0x8,0x04 0xE0 0x0F 0xDF 0x0F 0xDF 0x0F 0xE2,0x6012,ACK
6.9421262000,1552,Extend Data,0x1CEB3E07,0x8,0x05 0x0F 0x43 0xF3 0xFF 0xFF 0xFF 0xFF,0x29EB,ACK
6.9424443000,1553,Extend Data,0x18EC073E,0x8,0x13 0x1F 0x00 0x05 0xFF 0x00 0xEF 0x00,0x6E4D,ACK
6.9533764000,1554,Data,0x100,0x8,0xC8 0x00 0x04 0x40 0x23 0x4F 0x64 0x32,0x61CA,ACK
6.9662164000,1555,Extend Data,0x18EF073E,0x4,0x01 0x01 0x82 0x02,0x074B,ACK
6.9668845000,1556,Extend Data,0x18EF3E07,0x5,0x01 0x04 0x82 0x64 0x00,0x0BF7,ACK
6.9733785000,1557,Data,0x100,0x8,0xC8 0x00 0x04 0x40 0x23 0x4F 0x64 0x32,0x61CA,ACK
6.9933965000,1558,Data,0x100,0x8,0xC8 0x00 0x04 0x40 0x23 0x4F 0x64 0x32,0x61CA,ACK
6.9936347000,1559,Data,0x203,0x8,0x03 0x00 0x57 0x00 0x57 0x00 0x35 0x00,0x0E89,ACK
6.9938770000,1560,Data,0x204,0x8,0x00 0x00 0x00 0x00 0x00 0x00 0x00 0x00,0x79D1,ACK
6.9941332000,1561,Data,0x205,0x8,0x00 0x00 0x00 0x00 0x00 0x00 0x00 0x00,0x72CA,ACK
6.9944555000,1562,Data,0x209,0x8,0x9F 0x27 0x10 0x04 0x90 0x49 0x00 0x00,0x59C2,ACK
6.9946957000,1563,Data,0x20A,0x8,0x00 0x00 0x00 0x00 0x00 0x00 0x00 0x00,0x1B53,ACK
6.9949500000,1564,Data,0x20B,0x8,0xBC 0x02 0x64 0x00 0x01 0xC8 0x00 0x00,0x021C,ACK
6.9951942000,1565,Data,0x20C,0x8,0x00 0xC4 0x50 0x34 0x1E 0x07 0x00 0x00,0x214C,ACK
7.0043002000,1566,Data,0x212,0x8,0x52 0x01 0x01 0xC9 0x12 0x00 0x00 0x2A,0x6B20,ACK
7.0045424000,1567,Data,0x211,0x8,0xE4 0x00 0x2A 0x00 0x00 0x00 0x31 0x00,0x13C2,ACK
7.0048067000,1568,Data,0x343,0x8,0x00 0x00 0x00 0x01 0x01 0x01 0x01 0xC8,0x5B06,ACK
7.0133767000,1569,Data,0x100,0x8,0xC8 0x00 0x04 0x40 0x23 0x4F 0x64 0x32,0x61CA,ACK
7.0262386000,1570,Extend Data,0x18EF073E,0x4,0x01 0x01 0x02 0x0E,0x1389,ACK
7.0333768000,1571,Data,0x100,0x8,0xC8 0x00 0x04 0x40 0x23 0x4F 0x64 0x32,0x61CA,ACK
7.0533768000,1572,Data,0x100,0x8,0xC8 0x00 0x04 0x40 0x23 0x4F 0x64 0x32,0x61CA,ACK
7.0659611000,1573,Extend Data,0x1CEC3E07,0x8,0x10 0x13 0x00 0x03 0xFF 0x00 0xEF 0x00,0x1F52,ACK
7.0662612000,1574,Extend Data,0x18EC073E,0x8,0x11 0x03 0x01 0xFF 0xFF 0x00 0xEF 0x00,0x34D9,ACK
7.0665453000,1575,Data,0x423,0x8,0xBC 0x02 0x64 0x00 0x3D 0x00 0x01 0x00,0x4EF3,ACK
7.0669576000,1576,Data,0x501,0x8,0xB4 0xC1 0x83 0x58 0x51 0xE5 0xB2 0x6B,0x057E,ACK
7.0671878000,1577,Extend Data,0x1CEB3E07,0x8,0x01 0x01 0x04 0x02 0xB4 0xC1 0x83 0x58,0x140B,ACK
7.0674721000,1578,Extend Data,0x1CEB3E07,0x8,0x02 0x51 0xE5 0xB2 0x6B 0x32 0xAC 0x86,0x3C30,ACK
7.0677403000,1579,Extend Data,0x1CEB3E07,0x8,0x03 0x0E 0x1A 0xB9 0x10 0xF9 0xFF 0xFF,0x4FA2,ACK
7.0680186000,1580,Data,0x502,0x8,0x32 0xAC 0x86 0x0E 0x1A 0xB9 0x00 0x00,0x0E93,ACK
7.0682527000,1581,Data,0x424,0x8,0x6F 0x3E 0x4D 0x69 0x00 0x00 0x00 0x00,0x25BB,ACK
7.0684909000,1582,Data,0x425,0x8,0x01 0x64 0x49 0x57 0x57 0x58 0x01 0xFF,0x3E52,ACK
7.0687272000,1583,Data,0x429,0x8,0x20 0x00 0x00 0x00 0x00 0x00 0x00 0x00,0x7AC7,ACK
7.0689754000,1584,Data,0x420,0x8,0xA1 0x14 0xE8 0xFF 0x66 0x03 0x00 0x00,0x06ED,ACK
7.0692117000,1585,Data,0x421,0x8,0x38 0x36 0x31 0x34 0xFB 0x04 0x55 0x04,0x0DC7,ACK
7.0694459000,1586,Data,0x310,0x8,0xF1 0x0E 0x78 0x05 0x17 0x02 0x01 0xC8,0x439C,ACK
7.0696762000,1587,Data,0x422,0x8,0x00 0x00 0x20 0x00 0x15 0x00 0x02 0x00,0x33F1,ACK
7.0699224000,1588,Extend Data,0x18EC073E,0x8,0x13 0x13 0x00 0x03 0xFF 0x00 0xEF 0x00,0x4215,ACK
7.0733765000,1589,Data,0x100,0x8,0xC8 0x00 0x04 0x40 0x23 0x4F 0x64 0x32,0x61CA,ACK
7.0862506000,1590,Data,0x311,0x8,0x39 0x1E 0x07 0x3F 0x90 0x01 0x00 0x00,0x66BC,ACK
7.0933926000,1591,Data,0x100,0x8,0xC8 0x00 0x04 0x40 0x23 0x4F 0x64 0x32,0x61CA,ACK
7.0936309000,1592,Data,0x203,0x8,0x03 0x00 0x57 0x00 0x57 0x00 0x31 0x00,0x50BA,ACK
7.0938731000,1593,Data,0x204,0x8,0x00 0x00 0x00 0x00 0x00 0x00 0x00 0x00,0x79D1,ACK
7.0941293000,1594,Data,0x205,0x8,0x00 0x00 0x00 0x00 0x00 0x00 0x00 0x00,0x72CA,ACK
7.0944516000,1595,Data,0x209,0x8,0x9F 0x27 0x10 0x04 0x90 0x49 0x00 0x00,0x59C2,ACK
7.0946938000,1596,Data,0x20A,0x8,0x00 0x00 0x00 0x00 0x00 0x00 0x00 0x00,0x1B53,ACK
7.0949501000,1597,Data,0x20B,0x8,0xBC 0x02 0x64 0x00 0x01 0xC8 0x00 0x00,0x021C,ACK
7.0951943000,1598,Data,0x20C,0x8,0x00 0xC4 0x50 0x34 0x1E 0x07 0x00 0x00,0x214C,ACK
7.0954426000,1599,Data,0x301,0x8,0x00 0x00 0x00 0x00 0x00 0x00 0x00 0x00,0x7E55,ACK
7.0956988000,1600,Data,0x302,0x2,0x00 0xFF,0x6FC0,ACK
7.0958451000,1601,Data,0x485,0x8,0x22 0x00 0x00 0x00 0x0C 0x02 0x48 0x0C,0x1FCE,ACK
7.1015832000,1602,Extend Data,0x18EF073E,0x4,0x01 0x01 0x0A 0x04,0x50DA,ACK
7.1043294000,1603,Data,0x212,0x8,0x52 0x01 0x01 0xC9 0x11 0x00 0x00 0x2A,0x4828,ACK
7.1045956000,1604,Data,0x211,0x8,0xE4 0x00 0x2A 0x00 0x00 0x00 0x2F 0x00,0x4FBC,ACK
7.1049138000,1605,Data,0x343,0x8,0x00 0x00 0x00 0x01 0x01 0x01 0x01 0xC8,0x5B06,ACK
7.1052741000,1606,Data,0x341,0x8,0x00 0x00 0x00 0x00 0x02 0x00 0x00 0x00,0x1833,ACK
7.1055403000,1607,Data,0x342,0x8,0x23 0x00 0x64 0x00 0x00 0xC4 0x28 0x34,0x6836,ACK
7.1058346000,1608,Data,0x344,0x8,0x00 0x00 0x00 0x03 0x00 0x00 0x00 0x00,0x6F15,ACK
7.1133746000,1609,Data,0x100,0x8,0xC8 0x00 0x04 0x40 0x23 0x4F 0x64 0x32,0x61CA,ACK
7.1333745000,1610,Data,0x100,0x8,0xC8 0x00 0x04 0x40 0x23 0x4F 0x64 0x32,0x61CA,ACK
7.1390486000,1611,Extend Data,0x18EF3E07,0x7,0x01 0x04 0x0A 0x7C 0x33 0x00 0x00,0x2745,ACK
7.1533765000,1612,Data,0x100,0x8,0xC8 0x00 0x04 0x40 0x23 0x4F 0x64 0x32,0x61CA,ACK
7.1615907000,1613,Extend Data,0x18EF073E,0x4,0x01 0x01 0x10 0x02,0x44F3,ACK
7.1622129000,1614,Extend Data,0x18EF3E07,0x5,0x01 0x04 0x10 0x0D 0x00,0x0F0B,ACK
7.1733749000,1615,Data,0x100,0x8,0xC8 0x00 0x04 0x40 0x23 0x4F 0x64 0x32,0x61CA,ACK
7.1933947000,1616,Data,0x100,0x8,0xC8 0x00 0x04 0x40 0x23 0x4F 0x64 0x32,0x61CA,ACK
7.1936350000,1617,Data,0x203,0x8,0x03 0x00 0x57 0x00 0x57 0x00 0x2F 0x00,0x0CC4,ACK
7.1938772000,1618,Data,0x204,0x8,0x00 0x00 0x00 0x00 0x00 0x00 0x00 0x00,0x79D1,ACK
7.1941335000,1619,Data,0x205,0x8,0x00 0x00 0x00 0x00 0x00 0x00 0x00 0x00,0x72CA,ACK
7.1944517000,1620,Data,0x209,0x8,0x9F 0x27 0x10 0x04 0x90 0x49 0x00 0x00,0x59C2,ACK
7.1946920000,1621,Data,0x20A,0x8,0x00 0x00 0x00 0x00 0x00 0x00 0x00 0x00,0x1B53,ACK
7.1949462000,1622,Data,0x20B,0x8,0xBC 0x02 0x64 0x00 0x01 0xC8 0x00 0x00,0x021C,ACK
7.1951925000,1623,Data,0x20C,0x8,0x00 0xC4 0x50 0x34 0x1E 0x07 0x00 0x00,0x214C,ACK
7.2042664000,1624,Data,0x212,0x8,0x52 0x01 0x01 0xC9 0x11 0x00 0x00 0x2A,0x4828,ACK
7.2045087000,1625,Data,0x211,0x8,0xE4 0x00 0x2A 0x00 0x00 0x00 0x2E 0x00,0x0B9A,ACK
7.2048009000,1626,Data,0x343,0x8,0x00 0x00 0x00 0x01 0x01 0x01 0x01 0xC8,0x5B06,ACK
7.2050672000,1627,Data,0x401,0x8,0xFB 0xFF 0x34 0x01 0x05 0x2C 0x00 0x00,0x61B4,ACK
7.2133732000,1628,Data,0x100,0x8,0xC8 0x00 0x04 0x40 0x23 0x4F 0x64 0x32,0x61CA,ACK
7.2211853000,1629,Extend Data,0x18EF073E,0x4,0x01 0x01 0x11 0x02,0x00D5,ACK
7.2333734000,1630,Data,0x100,0x8,0xC8 0x00 0x04 0x40 0x23 0x4F 0x64 0x32,0x61CA,ACK
7.2393575000,1631,Extend Data,0x18EF3E07,0x5,0x01 0x04 0x11 0xE0 0x01,0x11AD,ACK
7.2533754000,1632,Data,0x100,0x8,0xC8 0x00 0x04 0x40 0x23 0x4F 0x64 0x32,0x61CA,ACK
7.2691975000,1633,Data,0x310,0x8,0xF1 0x0E 0x78 0x05 0x17 0x02 0x01 0xC8,0x439C,ACK
7.2733756000,1634,Data,0x100,0x8,0xC8 0x00 0x04 0x40 0x23 0x4F 0x64 0x32,0x61CA,ACK
7.2812758000,1635,Extend Data,0x18EF073E,0x4,0x01 0x01 0x13 0x02,0x4D00,ACK
7.2819560000,1636,Extend Data,0x18EF3E07,0x5,0x01 0x04 0x13 0xFB 0x04,0x6F21,ACK
7.2863903000,1637,Data,0x311,0x8,0x39 0x1E 0x07 0x3F 0x90 0x01 0x00 0x00,0x66BC,ACK
7.2934143000,1638,Data,0x100,0x8,0xC8 0x00 0x04 0x40 0x23 0x4F 0x64 0x32,0x61CA,ACK
7.2936546000,1639,Data,0x203,0x8,0x03 0x00 0x57 0x00 0x57 0x00 0x2E 0x00,0x48E2,ACK
7.2938948000,1640,Data,0x204,0x8,0x00 0x00 0x00 0x00 0x00 0x00 0x00 0x00,0x79D1,ACK
7.2941531000,1641,Data,0x205,0x8,0x00 0x00 0x00 0x00 0x00 0x00 0x00 0x00,0x72CA,ACK
7.2944493000,1642,Data,0x209,0x8,0x9F 0x27 0x10 0x04 0x90 0x49 0x00 0x00,0x59C2,ACK
7.2946916000,1643,Data,0x20A,0x8,0x00 0x00 0x00 0x00 0x00 0x00 0x00 0x00,0x1B53,ACK
7.2949458000,1644,Data,0x20B,0x8,0xBC 0x02 0x64 0x00 0x01 0xC8 0x00 0x00,0x021C,ACK
7.2951901000,1645,Data,0x20C,0x8,0x00 0xC4 0x50 0x34 0x1E 0x07 0x00 0x00,0x214C,ACK
7.2954383000,1646,Data,0x301,0x8,0x00 0x00 0x00 0x00 0x00 0x00 0x00 0x00,0x7E55,ACK
7.2956946000,1647,Data,0x302,0x2,0x00 0xFF,0x6FC0,ACK
7.2958408000,1648,Data,0x485,0x8,0x22 0x00 0x00 0x00 0x0C 0x02 0x48 0x0C,0x1FCE,ACK
7.2960851000,1649,Data,0x480,0x8,0x00 0x00 0x02 0x00 0x20 0x00 0x00 0x00,0x101E,ACK
7.2963453000,1650,Data,0x481,0x8,0x32 0x0A 0x28 0x08 0x00 0x00 0x00 0x00,0x1D9A,ACK
7.2965956000,1651,Data,0x482,0x8,0x52 0x01 0x02 0x00 0x00 0x00 0x00 0x00,0x36EA,ACK
7.2968438000,1652,Data,0x483,0x8,0x31 0x4B 0x31 0x55 0x41 0x32 0x35 0x35,0x717E,ACK
7.2970780000,1653,Data,0x484,0x8,0x31 0x50 0x33 0x39 0x36 0x35 0x00 0x00,0x0196,ACK
7.3043080000,1654,Data,0x212,0x8,0x52 0x01 0x01 0xC9 0x11 0x00 0x00 0x2A,0x4828,ACK
7.3045481000,1655,Data,0x211,0x8,0xE4 0x00 0x2A 0x00 0x00 0x00 0x2E 0x00,0x0B9A,ACK
7.3048404000,1656,Data,0x343,0x8,0x00 0x00 0x00 0x01 0x01 0x01 0x01 0xC8,0x5B06,ACK
7.3051006000,1657,Data,0x341,0x8,0x00 0x00 0x00 0x00 0x02 0x00 0x00 0x00,0x1833,ACK
7.3053569000,1658,Data,0x342,0x8,0x23 0x00 0x64 0x00 0x00 0xC4 0x28 0x34,0x6836,ACK
7.3056191000,1659,Data,0x344,0x8,0x00 0x00 0x00 0x03 0x00 0x00 0x00 0x00,0x6F15,ACK
7.3133732000,1660,Data,0x100,0x8,0xC8 0x00 0x04 0x40 0x23 0x4F 0x64 0x32,0x61CA,ACK
7.3333610000,1661,Data,0x100,0x8,0xC8 0x00 0x04 0x40 0x23 0x4F 0x64 0x32,0x61CA,ACK
7.3533729000,1662,Data,0x100,0x8,0xC8 0x00 0x04 0x40 0x23 0x4F 0x64 0x32,0x61CA,ACK
7.3562331000,1663,Extend Data,0x18EF073E,0x4,0x01 0x01 0x94 0x02,0x22CA,ACK
7.3569093000,1664,Extend Data,0x18EF3E07,0x5,0x01 0x04 0x94 0x3D 0x00,0x11BC,ACK
7.3733712000,1665,Data,0x100,0x8,0xC8 0x00 0x04 0x40 0x23 0x4F 0x64 0x32,0x61CA,ACK
7.3933912000,1666,Data,0x100,0x8,0xC8 0x00 0x04 0x40 0x23 0x4F 0x64 0x32,0x61CA,ACK
7.3936295000,1667,Data,0x203,0x8,0x03 0x00 0x57 0x00 0x57 0x00 0x2E 0x00,0x48E2,ACK
7.3938697000,1668,Data,0x204,0x8,0x00 0x00 0x00 0x00 0x00 0x00 0x00 0x00,0x79D1,ACK
7.3941260000,1669,Data,0x205,0x8,0x00 0x00 0x00 0x00 0x00 0x00 0x00 0x00,0x72CA,ACK
7.3944482000,1670,Data,0x209,0x8,0x9F 0x27 0x10 0x04 0x90 0x49 0x00 0x00,0x59C2,ACK
7.3946885000,1671,Data,0x20A,0x8,0x00 0x00 0x00 0x00 0x00 0x00 0x00 0x00,0x1B53,ACK
7.3949447000,1672,Data,0x20B,0x8,0xBC 0x02 0x64 0x00 0x01 0xC8 0x00 0x00,0x021C,ACK
7.3951889000,1673,Data,0x20C,0x8,0x00 0xC4 0x50 0x34 0x1E 0x07 0x00 0x00,0x214C,ACK
7.4042869000,1674,Data,0x212,0x8,0x52 0x01 0x01 0xC9 0x11 0x00 0x00 0x2A,0x4828,ACK
7.4045292000,1675,Data,0x211,0x8,0xE4 0x00 0x2A 0x00 0x00 0x00 0x2E 0x00,0x0B9A,ACK
7.4048174000,1676,Data,0x343,0x8,0x00 0x00 0x00 0x01 0x01 0x01 0x01 0xC8,0x5B06,ACK
7.4133714000,1677,Data,0x100,0x8,0xC8 0x00 0x04 0x40 0x23 0x4F 0x64 0x32,0x61CA,ACK
7.4169316000,1678,Extend Data,0x18EF023E,0x4,0x01 0x01 0x86 0x02,0x29F7,ACK
7.4174678000,1679,Extend Data,0x18EF3E02,0x5,0x01 0x04 0x86 0x00 0x00,0x1EE2,ACK
7.4333597000,1680,Data,0x100,0x8,0xC8 0x00 0x04 0x40 0x23 0x4F 0x64 0x32,0x61CA,ACK
7.4533716000,1681,Data,0x100,0x8,0xC8 0x00 0x04 0x40 0x23 0x4F 0x64 0x32,0x61CA,ACK
7.4697877000,1682,Data,0x310,0x8,0xF1 0x0E 0x78 0x05 0x17 0x02 0x01 0xC8,0x439C,ACK
7.4733697000,1683,Data,0x100,0x8,0x58 0x00 0x04 0x40 0x23 0x4F 0x64 0x32,0x3DC9,ACK
7.4763819000,1684,Extend Data,0x18EF023E,0x4,0x01 0x01 0x48 0x02,0x67E1,ACK
7.4767480000,1685,Extend Data,0x18EF3E02,0x5,0x01 0x04 0x48 0x00 0x00,0x2BAE,ACK
7.4869442000,1686,Data,0x311,0x8,0x39 0x1E 0x07 0x3F 0x90 0x01 0x00 0x00,0x66BC,ACK
7.4933982000,1687,Data,0x100,0x8,0x00 0x00 0x04 0x40 0x23 0x4F 0x64 0x32,0x38A8,ACK
7.4936405000,1688,Data,0x203,0x8,0x03 0x00 0x57 0x00 0x57 0x00 0x2E 0x00,0x48E2,ACK
7.4938807000,1689,Data,0x204,0x8,0x00 0x00 0x00 0x00 0x00 0x00 0x00 0x00,0x79D1,ACK
7.4941369000,1690,Data,0x205,0x8,0x00 0x00 0x00 0x00 0x00 0x00 0x00 0x00,0x72CA,ACK
7.4944352000,1691,Data,0x209,0x8,0x9F 0x27 0x10 0x04 0x90 0x49 0x00 0x00,0x59C2,ACK
7.4946754000,1692,Data,0x20A,0x8,0x00 0x00 0x00 0x00 0x00 0x00 0x00 0x00,0x1B53,ACK
7.4949297000,1693,Data,0x20B,0x8,0xBC 0x02 0x64 0x00 0x01 0xC8 0x00 0x00,0x021C,ACK
7.4951738000,1694,Data,0x20C,0x8,0x00 0xC4 0x50 0x34 0x1E 0x07 0x00 0x00,0x214C,ACK
7.4954221000,1695,Data,0x301,0x8,0x00 0x00 0x00 0x00 0x00 0x00 0x00 0x00,0x7E55,ACK
7.4956783000,1696,Data,0x302,0x2,0x00 0xFF,0x6FC0,ACK
7.4958245000,1697,Data,0x485,0x8,0x22 0x00 0x00 0x00 0x0C 0x02 0x48 0x0C,0x1FCE,ACK
7.5042945000,1698,Data,0x212,0x8,0x52 0x01 0x01 0xC9 0x10 0x00 0x00 0x2A,0x56D0,ACK
7.5045668000,1699,Data,0x211,0x8,0xE4 0x00 0x2A 0x00 0x00 0x00 0x2D 0x00,0x0269,ACK
7.5048630000,1700,Data,0x343,0x8,0x00 0x00 0x00 0x01 0x01 0x01 0x01 0x00,0x7ED7,ACK
7.5052492000,1701,Data,0x341,0x8,0x00 0x00 0x00 0x00 0x02 0x00 0x00 0x00,0x1833,ACK
7.5055455000,1702,Data,0x342,0x8,0x23 0x00 0x64 0x00 0x00 0xC4 0x28 0x34,0x6836,ACK
7.5058137000,1703,Data,0x344,0x8,0x00 0x00 0x00 0x03 0x00 0x00 0x00 0x00,0x6F15,ACK
7.5133718000,1704,Data,0x100,0x8,0x00 0x00 0x04 0x40 0x23 0x4F 0x64 0x32,0x38A8,ACK
7.5333698000,1705,Data,0x100,0x8,0x00 0x00 0x04 0x40 0x23 0x4F 0x64 0x32,0x38A8,ACK
7.5361920000,1706,Extend Data,0x18EF023E,0x4,0x01 0x01 0x49 0x02,0x23C7,ACK
7.5367480000,1707,Extend Data,0x18EF3E02,0x5,0x01 0x04 0x49 0x00 0x00,0x5BBA,ACK
7.5533700000,1708,Data,0x100,0x8,0x00 0x00 0x04 0x40 0x23 0x4F 0x64 0x32,0x38A8,ACK
7.5664863000,1709,Data,0x423,0x8,0xBC 0x02 0x64 0x00 0x3D 0x00 0x01 0x00,0x4EF3,ACK
7.5678906000,1710,Data,0x421,0x8,0x38 0x36 0x31 0x34 0xFB 0x04 0x55 0x04,0x0DC7,ACK
7.5695148000,1711,Data,0x425,0x8,0x01 0x64 0x49 0x57 0x57 0x58 0x01 0xFF,0x3E52,ACK
7.5697511000,1712,Data,0x429,0x8,0x20 0x00 0x00 0x00 0x00 0x00 0x00 0x00,0x7AC7,ACK
7.5699993000,1713,Data,0x420,0x8,0xA1 0x14 0xEA 0xFF 0x66 0x03 0x00 0x00,0x3AB5,ACK
7.5705216000,1714,Data,0x422,0x8,0x00 0x00 0x20 0x00 0x15 0x00 0x02 0x00,0x33F1,ACK
7.5733696000,1715,Data,0x100,0x8,0x00 0x00 0x04 0x40 0x23 0x4F 0x64 0x32,0x38A8,ACK
7.5933895000,1716,Data,0x100,0x8,0x00 0x00 0x04 0x40 0x23 0x4F 0x64 0x32,0x38A8,ACK
7.5936317000,1717,Data,0x203,0x8,0x03 0x00 0x57 0x00 0x57 0x00 0x2D 0x00,0x4111,ACK
7.5938739000,1718,Data,0x204,0x8,0x00 0x00 0x00 0x00 0x00 0x00 0x00 0x00,0x79D1,ACK
7.5941302000,1719,Data,0x205,0x8,0x00 0x00 0x00 0x00 0x00 0x00 0x00 0x00,0x72CA,ACK
7.5944464000,1720,Data,0x209,0x8,0x9F 0x27 0x10 0x04 0x90 0x49 0x00 0x00,0x59C2,ACK
7.5946867000,1721,Data,0x20A,0x8,0x00 0x00 0x00 0x00 0x00 0x00 0x00 0x00,0x1B53,ACK
7.5949409000,1722,Data,0x20B,0x8,0xBC 0x02 0x64 0x00 0x01 0xC8 0x00 0x00,0x021C,ACK
7.5951852000,1723,Data,0x20C,0x8,0x00 0xC4 0x50 0x34 0x1E 0x07 0x00 0x00,0x214C,ACK
7.6042992000,1724,Data,0x212,0x8,0x52 0x01 0x01 0xC9 0x14 0x00 0x00 0x2A,0x2D30,ACK
7.6045395000,1725,Data,0x211,0x8,0xE4 0x00 0x2A 0x00 0x00 0x00 0x37 0x00,0x0024,ACK
7.6048037000,1726,Data,0x343,0x8,0x00 0x00 0x00 0x01 0x01 0x01 0x01 0x00,0x7ED7,ACK
7.6111877000,1727,Extend Data,0x18EF023E,0x4,0x01 0x01 0x40 0x02,0x1E1E,ACK
7.6117938000,1728,Extend Data,0x18EF3E02,0x5,0x01 0x04 0x40 0x00 0x00,0x78F3,ACK
7.6133679000,1729,Data,0x100,0x8,0x00 0x00 0x04 0x40 0x23 0x4F 0x64 0x32,0x38A8,ACK
7.6333699000,1730,Data,0x100,0x8,0x00 0x00 0x04 0x40 0x23 0x4F 0x64 0x32,0x38A8,ACK
7.6533699000,1731,Data,0x100,0x8,0x00 0x00 0x04 0x40 0x23 0x4F 0x64 0x32,0x38A8,ACK
7.6694022000,1732,Data,0x310,0x8,0xF1 0x0E 0x78 0x05 0x17 0x02 0x01 0xC8,0x439C,ACK
7.6714843000,1733,Extend Data,0x18EF023E,0x4,0x01 0x01 0x3E 0x02,0x32AB,ACK
7.6718204000,1734,Extend Data,0x18EF3E02,0x5,0x01 0x04 0x3E 0x00 0x00,0x223F,ACK
7.6733685000,1735,Data,0x100,0x8,0x00 0x00 0x04 0x40 0x23 0x4F 0x64 0x32,0x38A8,ACK
7.6933825000,1736,Data,0x100,0x8,0x00 0x00 0x04 0x40 0x23 0x4F 0x64 0x32,0x38A8,ACK
7.6936227000,1737,Data,0x203,0x8,0x03 0x00 0x57 0x00 0x57 0x00 0x37 0x00,0x435C,ACK
7.6938630000,1738,Data,0x204,0x8,0x00 0x00 0x00 0x00 0x00 0x00 0x00 0x00,0x79D1,ACK
7.6941192000,1739,Data,0x205,0x8,0x00 0x00 0x00 0x00 0x00 0x00 0x00 0x00,0x72CA,ACK
7.6944434000,1740,Data,0x209,0x8,0x9F 0x27 0x10 0x04 0x90 0x49 0x00 0x00,0x59C2,ACK
7.6946837000,1741,Data,0x20A,0x8,0x00 0x00 0x00 0x00 0x00 0x00 0x00 0x00,0x1B53,ACK
7.6949379000,1742,Data,0x20B,0x8,0xBC 0x02 0x64 0x00 0x01 0xC8 0x00 0x00,0x021C,ACK
7.6951842000,1743,Data,0x20C,0x8,0x00 0xC4 0x50 0x34 0x1E 0x07 0x00 0x00,0x214C,ACK
7.6954344000,1744,Data,0x301,0x8,0x00 0x00 0x00 0x00 0x00 0x00 0x00 0x00,0x7E55,ACK
7.6956907000,1745,Data,0x302,0x2,0x00 0xFF,0x6FC0,ACK
7.6958369000,1746,Data,0x485,0x8,0x22 0x00 0x00 0x00 0x0C 0x02 0x48 0x0C,0x1FCE,ACK
7.7042729000,1747,Data,0x212,0x8,0x52 0x01 0x01 0xC9 0x12 0x00 0x00 0x2A,0x6B20,ACK
7.7045172000,1748,Data,0x211,0x8,0xE4 0x00 0x2A 0x00 0x00 0x00 0x32 0x00,0x1A31,ACK
7.7047794000,1749,Data,0x343,0x8,0x00 0x00 0x00 0x01 0x01 0x01 0x01 0x00,0x7ED7,ACK
7.7050737000,1750,Data,0x341,0x8,0x00 0x00 0x00 0x00 0x02 0x00 0x00 0x00,0x1833,ACK
7.7053838000,1751,Data,0x342,0x8,0x23 0x00 0x64 0x00 0x00 0xC4 0x28 0x34,0x6836,ACK
7.7056440000,1752,Data,0x344,0x8,0x00 0x00 0x00 0x03 0x00 0x00 0x00 0x00,0x6F15,ACK
7.7059383000,1753,Data,0x401,0x8,0xF9 0xFF 0x34 0x01 0x05 0x2C 0x00 0x00,0x0A4D,ACK
7.7133563000,1754,Data,0x100,0x8,0x08 0x00 0x04 0x40 0x23 0x4F 0x64 0x32,0x1C7E,ACK
7.7317803000,1755,Extend Data,0x18EF023E,0x4,0x01 0x01 0x10 0x0E,0x18B4,ACK
7.7324324000,1756,Extend Data,0x00EC3E02,0x8,0x10 0x13 0x00 0x03 0xFF 0x00 0xEF 0x00,0x4279,ACK
7.7327305000,1757,Extend Data,0x18EC023E,0x8,0x11 0x03 0x01 0xFF 0xFF 0x00 0xEF 0x00,0x527F,ACK
7.7333246000,1758,Extend Data,0x00EB3E02,0x8,0x01 0x01 0x04 0x10 0x5A 0x30 0x37 0x58,0x6721,ACK
7.7336068000,1759,Data,0x100,0x8,0x3E 0x00 0x04 0x40 0x23 0x4F 0x64 0x32,0x7A81,ACK
7.7338449000,1760,Extend Data,0x00EB3E02,0x8,0x02 0x42 0x34 0x47 0x32 0x35 0x4D 0x48,0x0168,ACK
7.7341171000,1761,Extend Data,0x00EB3E02,0x8,0x03 0x33 0x30 0x36 0x7F 0xFC 0xFF 0xFF,0x5CF3,ACK
7.7344773000,1762,Extend Data,0x18EC023E,0x8,0x13 0x13 0x00 0x03 0xFF 0x00 0xEF 0x00,0x24B3,ACK
7.7400435000,1763,Data,0x311,0x8,0x39 0x1E 0x07 0x3F 0x90 0x01 0x00 0x00,0x66BC,ACK
7.7533674000,1764,Data,0x100,0x8,0xC8 0x00 0x04 0x40 0x23 0x4F 0x64 0x32,0x61CA,ACK
7.7733674000,1765,Data,0x100,0x8,0xC8 0x00 0x04 0x40 0x23 0x4F 0x64 0x32,0x61CA,ACK
7.7911754000,1766,Extend Data,0x18EF023E,0x4,0x01 0x01 0x83 0x02,0x33E2,ACK
7.7917554000,1767,Extend Data,0x18EF3E02,0x5,0x01 0x04 0x83 0x00 0x00,0x2594,ACK
7.7933856000,1768,Data,0x100,0x8,0xC8 0x00 0x04 0x40 0x23 0x4F 0x64 0x36,0x61CA,ACK
7.7936258000,1769,Data,0x203,0x8,0x03 0x00 0x57 0x00 0x57 0x00 0x32 0x00,0x5949,ACK
7.7938681000,1770,Data,0x204,0x8,0x00 0x00 0x00 0x00 0x00 0x00 0x00 0x00,0x79D1,ACK
7.7941243000,1771,Data,0x205,0x8,0x00 0x00 0x00 0x00 0x00 0x00 0x00 0x00,0x72CA,ACK
7.7944446000,1772,Data,0x209,0x8,0x9F 0x27 0x10 0x04 0x90 0x49 0x00 0x00,0x59C2,ACK
7.7946848000,1773,Data,0x20A,0x8,0x00 0x00 0x00 0x00 0x00 0x00 0x00 0x00,0x1B53,ACK
7.7949410000,1774,Data,0x20B,0x8,0xBC 0x02 0x64 0x00 0x01 0xC8 0x00 0x00,0x021C,ACK
7.7951853000,1775,Data,0x20C,0x8,0x00 0xC4 0x50 0x34 0x1E 0x07 0x00 0x00,0x214C,ACK
7.8042952000,1776,Data,0x212,0x8,0x52 0x01 0x01 0xC9 0x18 0x00 0x00 0x2A,0x6489,ACK
7.8045613000,1777,Data,0x211,0x8,0xE4 0x00 0x2A 0x00 0x00 0x00 0x2C 0x00,0x464F,ACK
7.8048596000,1778,Data,0x343,0x8,0x00 0x00 0x00 0x01 0x01 0x01 0x01 0xC8,0x5B06,ACK
7.8133657000,1779,Data,0x100,0x8,0xC8 0x00 0x04 0x40 0x23 0x4F 0x64 0x32,0x61CA,ACK
7.8333655000,1780,Data,0x100,0x8,0xC8 0x00 0x04 0x40 0x23 0x4F 0x64 0x32,0x61CA,ACK
7.8533654000,1781,Data,0x100,0x8,0xC8 0x00 0x04 0x40 0x23 0x4F 0x64 0x32,0x61CA,ACK
7.8663674000,1782,Extend Data,0x18EF023E,0x4,0x01 0x01 0x8F 0x02,0x142E,ACK
7.8667776000,1783,Extend Data,0x18EF3E02,0x5,0x01 0x04 0x8F 0x00 0x00,0x3DAB,ACK
7.8698899000,1784,Data,0x310,0x8,0xF1 0x0E 0x78 0x05 0x17 0x02 0x01 0xC8,0x439C,ACK
7.8733660000,1785,Data,0x100,0x8,0xC8 0x00 0x04 0x40 0x23 0x4F 0x64 0x32,0x61CA,ACK
7.8933919000,1786,Data,0x100,0x8,0xC8 0x00 0x04 0x40 0x23 0x4F 0x64 0x32,0x61CA,ACK
7.8936302000,1787,Data,0x203,0x8,0x03 0x00 0x57 0x00 0x57 0x00 0x2C 0x00,0x0537,ACK
7.8938724000,1788,Data,0x21A,0x4,0x00 0x00 0x00 0x00,0x0000,NAK
7.8941287000,1789,Data,0x205,0x8,0x00 0x00 0x00 0x00 0x00 0x00 0x00 0x00,0x72CA,ACK
7.8944429000,1790,Data,0x209,0x8,0x9F 0x27 0x10 0x04 0x90 0x49 0x00 0x00,0x59C2,ACK
7.8946832000,1791,Data,0x20A,0x8,0x00 0x00 0x00 0x04 0x80 0x00 0x00 0x00,0x0DA9,NAK
7.8949374000,1792,Data,0x20B,0x8,0xBC 0x02 0x64 0x00 0x01 0xC8 0x00 0x00,0x021C,ACK
7.8951817000,1793,Data,0x20C,0x8,0x00 0xC4 0x50 0x34 0x1E 0x07 0x00 0x00,0x214C,ACK
7.8954299000,1794,Data,0x301,0x8,0x00 0x00 0x00 0x00 0x00 0x00 0x00 0x00,0x7E55,ACK
7.8956862000,1795,Data,0x302,0x2,0x00 0xFF,0x6FC0,ACK
7.8958324000,1796,Data,0x485,0x8,0x22 0x00 0x00 0x00 0x0C 0x02 0x48 0x0C,0x1FCE,ACK
7.9042844000,1797,Data,0x212,0x8,0x52 0x01 0x01 0xC9 0x83 0x00 0x00 0x2A,0x229E,ACK
7.9045307000,1798,Data,0x211,0x8,0xE4 0x00 0x2A 0x00 0x00 0x00 0x72 0x00,0x0634,ACK
7.9048229000,1799,Data,0x343,0x8,0x00 0x00 0x00 0x01 0x01 0x01 0x01 0xC8,0x5B06,ACK
7.9050892000,1800,Data,0x341,0x8,0x00 0x00 0x00 0x00 0x02 0x00 0x00 0x00,0x1833,ACK
7.9053474000,1801,Data,0x342,0x8,0x23 0x00 0x64 0x00 0x00 0xC4 0x28 0x7A,0x341B,NAK
7.9055877000,1802,Data,0x344,0x8,0x00 0x00 0x00 0x03 0x00 0x00 0x00 0xC0,0x378A,NAK
7.9133637000,1803,Data,0x100,0x8,0xC8 0x00 0x04 0x40 0x23 0x4F 0x64 0x32,0x61CA,ACK
7.9333536000,1804,Data,0x100,0x8,0xC8 0x00 0x04 0x40 0x23 0x4F 0x64 0x32,0x61CA,ACK
7.9418419000,1805,Data,0x311,0x8,0x39 0x1E 0x07 0x3F 0x90 0x01 0x00 0x00,0x66BC,ACK
7.9533659000,1806,Data,0x100,0x8,0xC8 0x00 0x04 0x40 0x23 0x4F 0x64 0x32,0x61CA,ACK
7.9733638000,1807,Data,0x100,0x8,0xC8 0x00 0x04 0x40 0x23 0x4F 0x64 0x32,0x61CA,ACK
7.9933818000,1808,Data,0x100,0x8,0xC8 0x00 0x04 0x40 0x23 0x4F 0x64 0x32,0x61CA,ACK
7.9936201000,1809,Data,0x203,0x8,0x03 0x00 0x57 0x00 0x57 0x00 0x72 0x00,0x454C,ACK
7.9938603000,1810,Data,0x204,0x8,0x00 0x00 0x00 0x00 0x00 0x00 0x00 0x00,0x79D1,ACK
7.9941166000,1811,Data,0x205,0x8,0x00 0x00 0x00 0x00 0x00 0x00 0x00 0x00,0x72CA,ACK
7.9944408000,1812,Data,0x209,0x8,0x9F 0x27 0x10 0x04 0x90 0x49 0x00 0x00,0x59C2,ACK
7.9946810000,1813,Data,0x20A,0x8,0x00 0x00 0x00 0x00 0x00 0x00 0x00 0x00,0x1B53,ACK
7.9949353000,1814,Data,0x20B,0x8,0xBC 0x02 0x64 0x00 0x01 0xC8 0x00 0x00,0x021C,ACK
7.9951795000,1815,Data,0x20C,0x8,0x00 0xC4 0x50 0x34 0x1E 0x07 0x00 0x00,0x214C,ACK
8.0043055000,1816,Data,0x212,0x8,0x52 0x01 0x01 0xC9 0x89 0x00 0x00 0x2A,0x2D37,ACK
8.0045717000,1817,Data,0x211,0x8,0xE4 0x00 0x2A 0x00 0x00 0x00 0xD6 0x00,0x0CC3,ACK
8.0048600000,1818,Data,0x343,0x8,0x00 0x00 0x00 0x01 0x01 0x01 0x01 0xC8,0x5B06,ACK
8.0133640000,1819,Data,0x100,0x8,0xC8 0x00 0x04 0x40 0x23 0x4F 0x64 0x32,0x61CA,ACK
8.0333640000,1820,Data,0x100,0x8,0xC8 0x00 0x04 0x40 0x23 0x4F 0x64 0x32,0x61CA,ACK
8.0533620000,1821,Data,0x100,0x8,0xC8 0x00 0x04 0x40 0x23 0x4F 0x64 0x32,0x61CA,ACK
8.0672620000,1822,Data,0x500,0x8,0x48 0x48 0x49 0xFF 0x48 0x48 0x48 0xFF,0x3C42,ACK
8.0674923000,1823,Data,0x423,0x8,0xBC 0x02 0x64 0x00 0x3D 0x00 0x01 0x00,0x4EF3,ACK
8.0682245000,1824,Data,0x424,0x8,0x70 0x3E 0x4D 0x69 0x00 0x00 0x00 0x00,0x6663,ACK
8.0689428000,1825,Data,0x421,0x8,0x38 0x36 0x31 0x34 0xFB 0x04 0x55 0x04,0x0DC7,ACK
8.0705191000,1826,Data,0x425,0x8,0x01 0x64 0x49 0x57 0x57 0x58 0x01 0xFF,0x3E52,ACK
8.0707553000,1827,Data,0x429,0x8,0x20 0x00 0x00 0x00 0x00 0x00 0x00 0x00,0x7AC7,ACK
8.0710036000,1828,Data,0x420,0x8,0x89 0x14 0x8C 0xFF 0x66 0x03 0x00 0x00,0x36CD,ACK
8.0713478000,1829,Data,0x310,0x8,0xF1 0x0E 0x78 0x05 0x16 0x02 0x01 0xC8,0x5D64,ACK
8.0715781000,1830,Data,0x422,0x8,0x00 0x00 0x20 0x00 0x15 0x00 0x02 0x00,0x33F1,ACK
8.0733622000,1831,Data,0x100,0x8,0xC8 0x00 0x04 0x40 0x23 0x4F 0x64 0x32,0x61CA,ACK
8.0933901000,1832,Data,0x100,0x8,0xC8 0x00 0x04 0x40 0x23 0x4F 0x64 0x32,0x61CA,ACK
8.0936283000,1833,Data,0x203,0x8,0x03 0x00 0x57 0x00 0x57 0x00 0xD6 0x00,0x4FBB,ACK
8.0938686000,1834,Data,0x204,0x8,0x00 0x00 0x00 0x00 0x00 0x00 0x00 0x00,0x79D1,ACK
8.0941268000,1835,Data,0x205,0x8,0x00 0x00 0x00 0x00 0x00 0x00 0x00 0x00,0x72CA,ACK
8.0944250000,1836,Data,0x209,0x8,0x9F 0x27 0x10 0x04 0x90 0x49 0x00 0x00,0x59C2,ACK
8.0946653000,1837,Data,0x20A,0x8,0x00 0x00 0x00 0x00 0x00 0x00 0x00 0x00,0x1B53,ACK
8.0949195000,1838,Data,0x20B,0x8,0xBC 0x02 0x64 0x00 0x01 0xC8 0x00 0x00,0x021C,ACK
8.0951658000,1839,Data,0x20C,0x8,0x00 0xC4 0x50 0x34 0x1E 0x07 0x00 0x00,0x214C,ACK
8.0954140000,1840,Data,0x301,0x8,0x00 0x00 0x00 0x00 0x00 0x00 0x00 0x00,0x7E55,ACK
8.0956703000,1841,Data,0x302,0x2,0x00 0xFF,0x6FC0,ACK
8.0958165000,1842,Data,0x485,0x8,0x22 0x00 0x00 0x00 0x0C 0x02 0x48 0x0C,0x1FCE,ACK
8.1043526000,1843,Data,0x212,0x8,0x52 0x01 0x01 0xC9 0x8D 0x00 0x00 0x2A,0x56D7,ACK
8.1045908000,1844,Data,0x211,0x8,0xE4 0x00 0x2A 0x00 0x00 0x00 0x13 0x01,0x7740,ACK
8.1048551000,1845,Data,0x343,0x8,0x00 0x00 0x00 0x01 0x01 0x01 0x01 0xC8,0x5B06,ACK
8.1052713000,1846,Data,0x341,0x8,0x00 0x00 0x00 0x00 0x02 0x00 0x00 0x00,0x1833,ACK
8.1055396000,1847,Data,0x342,0x8,0x23 0x00 0x64 0x00 0x00 0xC4 0x28 0x34,0x6836,ACK
8.1057858000,1848,Data,0x344,0x8,0x00 0x00 0x00 0x03 0x00 0x00 0x00 0x00,0x6F15,ACK
8.1133618000,1849,Data,0x100,0x8,0xC8 0x00 0x04 0x40 0x23 0x4F 0x64 0x32,0x61CA,ACK
8.1333616000,1850,Data,0x100,0x8,0xC8 0x00 0x04 0x40 0x23 0x4F 0x64 0x32,0x61CA,ACK
8.1426539000,1851,Data,0x311,0x8,0x39 0x1E 0x07 0x3F 0x90 0x01 0x00 0x00,0x66BC,ACK
8.1533619000,1852,Data,0x100,0x8,0xC8 0x00 0x04 0x40 0x23 0x4F 0x64 0x32,0x61CA,ACK
8.1733598000,1853,Data,0x100,0x8,0xC8 0x00 0x04 0x40 0x23 0x4F 0x64 0x32,0x61CA,ACK
8.1933798000,1854,Data,0x100,0x8,0xC8 0x00 0x04 0x40 0x23 0x4F,,
8.1938603000,1855,Data,0x204,0x8,0x00 0x00 0x00 0x00 0x00 0x00 0x00 0x00,0x79D1,ACK
8.1941165000,1856,Data,0x205,0x8,0x00 0x00 0x00 0x00 0x00 0x00 0x00 0x00,0x72CA,ACK
8.1944388000,1857,Data,0x209,0x8,0x9F 0x27 0x10 0x04 0x90 0x49 0x00 0x00,0x59C2,ACK
8.1946790000,1858,Data,0x20A,0x8,0x00 0x00 0x00 0x00 0x00 0x00 0x00 0x00,0x1B53,ACK
8.1949353000,1859,Data,0x20B,0x8,0xBC 0x02 0x64 0x00 0x01 0xC8 0x00 0x00,0x021C,ACK
8.1951795000,1860,Data,0x20C,0x8,0x00 0xC4 0x50 0x34 0x1E 0x07 0x00 0x00,0x214C,ACK
8.2043115000,1861,Data,0x212,0x8,0x52 0x01 0x01 0xC9 0x98 0x00 0x00 0x2A,0x577D,ACK
8.2045778000,1862,Data,0x211,0x8,0xE4 0x00 0x2A 0x00 0x00 0x00 0x43 0x01,0x5D22,ACK
8.2048400000,1863,Data,0x343,0x8,0x00 0x00 0x00 0x01 0x01 0x01 0x01 0xC8,0x5B06,ACK
8.2052563000,1864,Data,0x401,0x8,0xF9 0xFF 0x34 0x03 0x05 0x2C 0x00 0x00,0x0004,ACK
8.2133603000,1865,Data,0x100,0x8,0xC8 0x00 0x04 0x40 0x23 0x4F 0x64 0x32,0x61CA,ACK
8.2333603000,1866,Data,0x100,0x8,0xC8 0x00 0x04 0x40 0x23 0x4F 0x64 0x32,0x61CA,ACK
8.2533602000,1867,Data,0x100,0x8,0xC8 0x00 0x04 0x40 0x23 0x4F 0x64 0x32,0x61CA,ACK
8.2724345000,1868,Data,0x310,0x8,0xF1 0x0E 0x78 0x05 0x16 0x02 0x01 0xC8,0x5D64,ACK
8.2733586000,1869,Data,0x100,0x8,0xC8 0x00 0x04 0x40 0x23 0x4F 0x64 0x32,0x61CA,ACK
8.2934006000,1870,Data,0x100,0x8,0xC8 0x00 0x04 0x40 0x23 0x4F 0x64 0x32,0x61CA,ACK
8.2936388000,1871,Data,0x203,0x8,0x03 0x00 0x57 0x00 0x57 0x00 0x43 0x01,0x1E5A,ACK
8.2938790000,1872,Data,0x204,0x8,0x00 0x00 0x00 0x00 0x00 0x00 0x00 0x00,0x79D1,ACK
8.2941353000,1873,Data,0x205,0x8,0x00 0x00 0x00 0x00 0x00 0x00 0x00 0x00,0x72CA,ACK
8.2944355000,1874,Data,0x209,0x8,0x9F 0x27 0x10 0x04 0x90 0x49 0x00 0x00,0x59C2,ACK
8.2946778000,1875,Data,0x20A,0x8,0x00 0x00 0x00 0x00 0x00 0x00 0x00 0x00,0x1B53,ACK
8.2949320000,1876,Data,0x20B,0x8,0xBC 0x02 0x64 0x00 0x01 0xC8 0x00 0x00,0x021C,ACK
8.2951783000,1877,Data,0x20C,0x8,0x00 0xC4 0x50 0x34 0x1E 0x07 0x00 0x00,0x214C,ACK
8.2954265000,1878,Data,0x301,0x8,0x00 0x00 0x00 0x00 0x00 0x00 0x00 0x00,0x7E55,ACK
8.2956828000,1879,Data,0x302,0x2,0x00 0xFF,0x6FC0,ACK
8.2958290000,1880,Data,0x485,0x8,0x22 0x00 0x00 0x00 0x0C 0x02 0x48 0x0C,0x1FCE,ACK
8.2960753000,1881,Data,0x480,0x8,0x00 0x00 0x03 0x00 0x20 0x00 0x00 0x00,0x0E32,ACK
8.2963315000,1882,Data,0x481,0x8,0x32 0x0A 0x28 0x08 0x00 0x00 0x00 0x00,0x1D9A,ACK
8.2965798000,1883,Data,0x482,0x8,0x52 0x01 0x02 0x00 0x00 0x00 0x00 0x00,0x36EA,ACK
8.2968300000,1884,Data,0x483,0x8,0x31 0x4B 0x31 0x55 0x41 0x32 0x35 0x35,0x717E,ACK
8.2970643000,1885,Data,0x484,0x8,0x31 0x50 0x33 0x39 0x36 0x35 0x00 0x00,0x0196,ACK
8.3043042000,1886,Data,0x212,0x8,0x52 0x01 0x01 0xC9 0xB8 0x00 0x00 0x2A,0x577D,ACK
8.3046023000,1887,Data,0x211,0x8,0xE4 0x00 0x2A 0x00 0x00 0x00 0x63 0x01,0x31EC,ACK
8.3048646000,1888,Data,0x343,0x8,0x00 0x00 0x00 0x01 0x01 0x01 0x01 0xC8,0x5B06,ACK
8.3053088000,1889,Data,0x341,0x8,0x00 0x00 0x00 0x00 0x02 0x00 0x00 0x00,0x1833,ACK
8.3056011000,1890,Data,0x342,0x8,0x23 0x00 0x64 0x00 0x00 0xC4 0x28 0x34,0x6836,ACK
8.3059253000,1891,Data,0x344,0x8,0x00 0x00 0x00 0x03 0x00 0x00 0x00 0x00,0x6F15,ACK
8.3133594000,1892,Data,0x100,0x8,0xC8 0x00 0x04 0x40 0x23 0x4F 0x64 0x32,0x61CA,ACK
8.3333612000,1893,Data,0x100,0x8,0xC8 0x00 0x04 0x40 0x23 0x4F 0x64 0x32,0x61CA,ACK
8.3432153000,1894,Data,0x311,0x8,0x39 0x1E 0x07 0x3F 0x90 0x01 0x00 0x00,0x66BC,ACK
8.3533573000,1895,Data,0x100,0x8,0xC8 0x00 0x04 0x40 0x23 0x4F 0x64 0x32,0x61CA,ACK
8.3733573000,1896,Data,0x100,0x8,0xC8 0x00 0x04 0x40 0x23 0x4F 0x64 0x32,0x61CA,ACK
8.3933793000,1897,Data,0x100,0x8,0xC8 0x00 0x04 0x40 0x23 0x4F 0x64 0x32,0x61CA,ACK
8.3936175000,1898,Data,0x203,0x8,0x03 0x00 0x57 0x00 0xD7 0x00 0x63 0x01,0x7294,ACK
8.3938558000,1899,Data,0x204,0x8,0x00 0x00 0x00 0x00 0x00 0x00 0x00 0x00,0x79D1,ACK
8.3941120000,1900,Data,0x205,0x8,0x00 0x00 0x00 0x00 0x00 0x00 0x00 0x00,0x72CA,ACK
8.3944343000,1901,Data,0x209,0x8,0x9F 0x27 0x10 0x04 0x90 0x49 0x00 0x00,0x59C2,ACK
8.3946745000,1902,Data,0x20A,0x8,0x00 0x00 0x00 0x00 0x00 0x00 0x00 0x00,0x1B53,ACK
8.3949288000,1903,Data,0x20B,0x8,0xBC 0x02 0x64 0x00 0x01 0xC8 0x00 0x00,0x021C,ACK
8.3951730000,1904,Data,0x20C,0x8,0x00 0xC4 0x50 0x34 0x1E 0x07 0x00 0x00,0x214C,ACK
8.4042910000,1905,Data,0x212,0x8,0x52 0x01 0x01 0xC9 0x97 0x00 0x00 0x2A,0x3DCC,ACK
8.4045373000,1906,Data,0x211,0x8,0xE4 0x00 0x2A 0x00 0x00 0x00 0x74 0x01,0x504B,ACK
8.4047815000,1907,Data,0x343,0x8,0x00 0x00 0x00 0x01 0x01 0x01 0x01 0xC8,0x5B06,ACK
8.4133575000,1908,Data,0x100,0x8,0xC8 0x00 0x04 0x40 0x23 0x4F 0x64 0x32,0x61CA,ACK
8.4333595000,1909,Data,0x100,0x8,0xC8 0x00 0x04 0x40 0x23 0x4F 0x64 0x32,0x61CA,ACK
8.4533575000,1910,Data,0x100,0x8,0xC8 0x00 0x04 0x40 0x23 0x4F 0x64 0x32,0x61CA,ACK
8.4726317000,1911,Data,0x310,0x8,0xF1 0x0E 0x78 0x05 0x16 0x02 0x01 0xC8,0x5D64,ACK
8.4733558000,1912,Data,0x100,0x8,0xC8 0x00 0x04 0x40 0x23 0x4F 0x64 0x32,0x61CA,ACK
8.4933838000,1913,Data,0x100,0x8,0xC8 0x00 0x04 0x40 0x23 0x4F 0x64 0x32,0x61CA,ACK
8.4936221000,1914,Data,0x203,0x8,0x03 0x00 0x57 0x00 0x57 0x00 0x74 0x01,0x1333,ACK
8.4938623000,1915,Data,0x204,0x8,0x00 0x00 0x00 0x00 0x00 0x00 0x00 0x00,0x79D1,ACK
8.4941185000,1916,Data,0x205,0x8,0x00 0x00 0x00 0x00 0x00 0x00 0x00 0x00,0x72CA,ACK
8.4944348000,1917,Data,0x209,0x8,0x9F 0x27 0x10 0x04 0x90 0x49 0x00 0x00,0x59C2,ACK
8.4946750000,1918,Data,0x20A,0x8,0x00 0x00 0x00 0x00 0x00 0x00 0x00 0x00,0x1B53,ACK
8.4949313000,1919,Data,0x20B,0x8,0xBC 0x02 0x64 0x00 0x01 0xC8 0x00 0x00,0x021C,ACK
8.4951755000,1920,Data,0x20C,0x8,0x00 0xC4 0x50 0x34 0x1E 0x07 0x00 0x00,0x214C,ACK
8.4954238000,1921,Data,0x301,0x8,0x00 0x00 0x00 0x00 0x00 0x00 0x00 0x00,0x7E55,ACK
8.4956800000,1922,Data,0x302,0x2,0x00 0xFF,0x6FC0,ACK
8.4958263000,1923,Data,0x485,0x8,0x22 0x00 0x00 0x00 0x0C 0x02 0x48 0x0C,0x1FCE,ACK
8.5042722000,1924,Data,0x212,0x8,0x52 0x01 0x01 0xC9 0x97 0x00 0x00 0x2A,0x3DCC,ACK
8.5045185000,1925,Data,0x211,0x8,0xE4 0x00 0x2A 0x00 0x00 0x00 0x7F 0x01,0x2047,ACK
8.5048148000,1926,Data,0x343,0x8,0x00 0x00 0x00 0x01 0x01 0x01 0x01 0xC8,0x5B06,ACK
8.5050631000,1927,Data,0x341,0x8,0x00 0x00 0x00 0x00 0x02 0x00 0x00 0x00,0x1833,ACK
8.5053253000,1928,Data,0x342,0x8,0x23 0x00 0x64 0x00 0x00 0xC4 0x28 0x34,0x6836,ACK
8.5055676000,1929,Data,0x344,0x8,0x00 0x00 0x00 0x03 0x00 0x00 0x00 0x00,0x6F15,ACK
8.5133556000,1930,Data,0x100,0x8,0xC8 0x00 0x04 0x40 0x23 0x4F 0x64 0x32,0x61CA,ACK
8.5333456000,1931,Data,0x100,0x8,0xC8 0x00 0x04 0x40 0x23 0x4F 0x64 0x32,0x61CA,ACK
8.5434618000,1932,Data,0x311,0x8,0x39 0x1E 0x07 0x3F 0x90 0x01 0x00 0x00,0x66BC,ACK
8.5533557000,1933,Data,0x100,0x8,0xC8 0x00 0x04 0x40 0x23 0x4F 0x64 0x32,0x61CA,ACK
8.5679158000,1934,Data,0x423,0x8,0xBC 0x02 0x64 0x00 0x3D 0x00 0x01 0x00,0x4EF3,ACK
8.5693300000,1935,Data,0x421,0x8,0x38 0x36 0x31 0x34 0xFB 0x04 0x55 0x04,0x0DC7,ACK
8.5708983000,1936,Data,0x425,0x8,0x01 0x64 0x49 0x57 0x57 0x58 0x01 0xFF,0x3E52,ACK
8.5711345000,1937,Data,0x429,0x8,0x20 0x00 0x00 0x00 0x00 0x00 0x00 0x00,0x7AC7,ACK
8.5713828000,1938,Data,0x420,0x8,0x8F 0x14 0xB0 0xFF 0x66 0x03 0x00 0x00,0x7C99,ACK
8.5719070000,1939,Data,0x422,0x8,0x00 0x00 0x20 0x00 0x15 0x00 0x02 0x00,0x33F1,ACK
8.5733552000,1940,Data,0x100,0x8,0xC8 0x00 0x04 0x40 0x23 0x4F 0x64 0x32,0x61CA,ACK
8.5933750000,1941,Data,0x100,0x8,0xC8 0x00 0x04 0x40 0x23 0x4F 0x64 0x32,0x61CA,ACK
8.5936113000,1942,Data,0x203,0x8,0x03 0x00 0x57 0x00 0x57 0x00 0x7F 0x01,0x633F,ACK
8.5938555000,1943,Data,0x204,0x8,0x00 0x00 0x00 0x00 0x00 0x00 0x00 0x00,0x79D1,ACK
8.5941118000,1944,Data,0x205,0x8,0x00 0x00 0x00 0x00 0x00 0x00 0x00 0x00,0x72CA,ACK
8.5944180000,1945,Data,0x209,0x8,0x9F 0x27 0x10 0x04 0x90 0x49 0x00 0x00,0x59C2,ACK
8.5946603000,1946,Data,0x20A,0x8,0x00 0x00 0x00 0x00 0x00 0x00 0x00 0x00,0x1B53,ACK
8.5949165000,1947,Data,0x20B,0x8,0xBC 0x02 0x64 0x00 0x01 0xC8 0x00 0x00,0x021C,ACK
8.5951606000,1948,Data,0x20C,0x8,0x00 0xC4 0x50 0x34 0x1E 0x07 0x00 0x00,0x214C,ACK
8.6042827000,1949,Data,0x212,0x8,0x52 0x01 0x01 0xC9 0x97 0x00 0x00 0x2A,0x3DCC,ACK
8.6045529000,1950,Data,0x211,0x8,0xE4 0x00 0x2A 0x00 0x00 0x00 0x89 0x01,0x4D07,ACK
8.6048432000,1951,Data,0x343,0x8,0x00 0x00 0x00 0x01 0x01 0x01 0x01 0xC8,0x5B06,ACK
8.6133551000,1952,Data,0x100,0x8,0xC8 0x00 0x04 0x40 0x23 0x4F 0x64 0x32,0x61CA,ACK
8.6333551000,1953,Data,0x100,0x8,0xC8 0x00 0x04 0x40 0x23 0x4F 0x64 0x32,0x61CA,ACK
8.6533531000,1954,Data,0x100,0x8,0xC8 0x00 0x04 0x40 0x23 0x4F 0x64 0x32,0x61CA,ACK
8.6733531000,1955,Data,0x100,0x8,0xC8 0x00 0x04 0x40 0x23 0x4F 0x64 0x32,0x61CA,ACK
8.6738231000,1956,Data,0x310,0x8,0xF1 0x0E 0x78 0x05 0x16 0x02 0x01 0xC8,0x5D64,ACK
8.6933810000,1957,Data,0x100,0x8,0xC8 0x00 0x04 0x40 0x23 0x4F 0x64 0x32,0x61CA,ACK
8.6936213000,1958,Data,0x203,0x8,0x03 0x00 0x57 0x00 0x57 0x00 0x89 0x01,0x0E7F,ACK
8.6938615000,1959,Data,0x204,0x8,0x00 0x00 0x00 0x00 0x00 0x00 0x00 0x00,0x79D1,ACK
8.6941178000,1960,Data,0x205,0x8,0x00 0x00 0x00 0x00 0x00 0x00 0x00 0x00,0x72CA,ACK
8.6944300000,1961,Data,0x209,0x8,0x9F 0x27 0x10 0x04 0x90 0x49 0x00 0x00,0x59C2,ACK
8.6946703000,1962,Data,0x20A,0x8,0x00 0x00 0x00 0x00 0x00 0x00 0x00 0x00,0x1B53,ACK
8.6949245000,1963,Data,0x20B,0x8,0xBC 0x02 0x64 0x00 0x01 0xC8 0x00 0x00,0x021C,ACK
8.6951708000,1964,Data,0x20C,0x8,0x00 0xC4 0x50 0x34 0x1E 0x07 0x00 0x00,0x214C,ACK
8.6954210000,1965,Data,0x301,0x8,0x00 0x00 0x00 0x00 0x00 0x00 0x00 0x00,0x7E55,ACK
8.6956773000,1966,Data,0x302,0x2,0x00 0xFF,0x6FC0,ACK
8.6958215000,1967,Data,0x485,0x8,0x22 0x00 0x00 0x00 0x0C 0x02 0x48 0x0C,0x1FCE,ACK
8.7043275000,1968,Data,0x212,0x8,0x52 0x01 0x01 0xC9 0x97 0x00 0x00 0x2A,0x3DCC,ACK
8.7045957000,1969,Data,0x211,0x8,0xE4 0x00 0x2A 0x00 0x00 0x00 0x90 0x01,0x46B9,ACK
8.7048860000,1970,Data,0x343,0x8,0x00 0x00 0x00 0x01 0x01 0x01 0x01 0xC8,0x5B06,ACK
8.7052742000,1971,Data,0x341,0x8,0x00 0x00 0x00 0x00 0x02 0x00 0x00 0x00,0x1833,ACK
8.7055665000,1972,Data,0x342,0x8,0x23 0x00 0x64 0x00 0x00 0xC4 0x28 0x34,0x6836,ACK
8.7058887000,1973,Data,0x344,0x8,0x00 0x00 0x00 0x03 0x00 0x00 0x00 0x00,0x6F15,ACK
8.7067650000,1974,Data,0x401,0x8,0x38 0x00 0x34 0x01 0x05 0x2C 0x00 0x00,0x7C81,ACK
8.7133530000,1975,Data,0x100,0x8,0xC8 0x00 0x04 0x40 0x23 0x4F 0x64 0x32,0x61CA,ACK
8.7333530000,1976,Data,0x100,0x8,0xC8 0x00 0x04 0x40 0x23 0x4F 0x64 0x32,0x61CA,ACK
8.7438932000,1977,Data,0x311,0x8,0x39 0x1E 0x07 0x3F 0x90 0x01 0x00 0x00,0x66BC,ACK
8.7533412000,1978,Data,0x100,0x8,0xC8 0x00 0x04 0x40 0x23 0x4F 0x64 0x32,0x61CA,ACK
8.7733532000,1979,Data,0x100,0x8,0xC8 0x00 0x04 0x40 0x23 0x4F 0x64 0x32,0x61CA,ACK
8.7933730000,1980,Data,0x100,0x8,0xC8 0x00 0x04 0x40 0x23 0x4F 0x64 0x32,0x61CA,ACK
8.7936133000,1981,Data,0x203,0x8,0x03 0x00 0x57 0x00 0x57 0x00 0x90 0x01,0x05C1,ACK
8.7938555000,1982,Data,0x204,0x8,0x00 0x00 0x00 0x00 0x00 0x00 0x00 0x00,0x79D1,ACK
8.7941138000,1983,Data,0x205,0x8,0x00 0x00 0x00 0x00 0x00 0x00 0x00 0x00,0x72CA,ACK
8.7944300000,1984,Data,0x209,0x8,0x9F 0x27 0x10 0x04 0x90 0x49 0x00 0x00,0x59C2,ACK
8.7946723000,1985,Data,0x20A,0x8,0x00 0x00 0x00 0x00 0x00 0x00 0x00 0x00,0x1B53,ACK
8.7949285000,1986,Data,0x20B,0x8,0xBC 0x02 0x64 0x00 0x01 0xC8 0x00 0x00,0x021C,ACK
8.7951728000,1987,Data,0x20C,0x8,0x00 0xC4 0x50 0x34 0x1E 0x07 0x00 0x00,0x214C,ACK
8.8042547000,1988,Data,0x212,0x8,0x52 0x01 0x01 0xC9 0x97 0x00 0x00 0x2A,0x3DCC,ACK
8.8045008000,1989,Data,0x211,0x8,0xE4 0x00 0x2A 0x00 0x00 0x00 0x92 0x01,0x0B6C,ACK
8.8047431000,1990,Data,0x343,0x8,0x00 0x00 0x00 0x01 0x01 0x01 0x01 0xC8,0x5B06,ACK
8.8133531000,1991,Data,0x100,0x8,0xC8 0x00 0x04 0x40 0x23 0x4F 0x64 0x32,0x61CA,ACK
8.8333531000,1992,Data,0x100,0x8,0xC8 0x00 0x04 0x40 0x23 0x4F 0x64 0x32,0x61CA,ACK
8.8533409000,1993,Data,0x100,0x8,0xC8 0x00 0x04 0x40 0x23 0x4F 0x64 0x32,0x61CA,ACK
8.8733529000,1994,Data,0x100,0x8,0xC8 0x00 0x04 0x40 0x23 0x4F 0x64 0x32,0x61CA,ACK
8.8735871000,1995,Data,0x310,0x8,0xF1 0x0E 0x78 0x05 0x16 0x02 0x01 0xC8,0x5D64,ACK
8.8933789000,1996,Data,0x100,0x8,0xC8 0x00 0x04 0x40 0x23 0x4F 0x64 0x32,0x61CA,ACK
8.8936191000,1997,Data,0x203,0x8,0x03 0x00 0x57 0x00 0x57 0x00 0x92 0x01,0x4814,ACK
8.8938594000,1998,Data,0x204,0x8,0x00 0x00 0x00 0x00 0x00 0x00 0x00 0x00,0x79D1,ACK
8.8941156000,1999,Data,0x205,0x8,0x00 0x00 0x00 0x00 0x00 0x00 0x00 0x00,0x72CA,ACK
8.8944279000,2000,Data,0x209,0x8,0x9F 0x27 0x10 0x04 0x90 0x49 0x00 0x00,0x59C2,ACK
8.8946681000,2001,Data,0x20A,0x8,0x00 0x00 0x00 0x00 0x00 0x00 0x00 0x00,0x1B53,ACK
8.8949224000,2002,Data,0x20B,0x8,0xBC 0x02 0x64 0x00 0x01 0xC8 0x00 0x00,0x021C,ACK
8.8951686000,2003,Data,0x20C,0x8,0x00 0xC4 0x50 0x34 0x1E 0x07 0x00 0x00,0x214C,ACK
8.8954189000,2004,Data,0x301,0x8,0x00 0x00 0x00 0x00 0x00 0x00 0x00 0x00,0x7E55,ACK
8.8956751000,2005,Data,0x302,0x2,0x00 0xFF,0x6FC0,ACK
8.8958214000,2006,Data,0x485,0x8,0x22 0x00 0x00 0x00 0x0C 0x02 0x48 0x0C,0x1FCE,ACK
8.9042874000,2007,Data,0x212,0x8,0x52 0x01 0x01 0xC9 0x98 0x00 0x00 0x2A,0x577D,ACK
8.9045316000,2008,Data,0x211,0x8,0xE4 0x00 0x2A 0x00 0x00 0x00 0x94 0x01,0x188A,ACK
8.9047740000,2009,Data,0x343,0x8,0x00 0x00 0x00 0x01 0x01 0x01 0x01 0xC8,0x5B06,ACK
8.9050363000,2010,Data,0x341,0x8,0x00 0x00 0x00 0x00 0x02 0x00 0x00 0x00,0x1833,ACK
8.9053525000,2011,Data,0x342,0x8,0x23 0x00 0x64 0x00 0x00 0xC4 0x28 0x34,0x6836,ACK
8.9056427000,2012,Data,0x344,0x8,0x00 0x00 0x00 0x03 0x00 0x00 0x00 0x00,0x6F15,ACK
8.9133507000,2013,Data,0x100,0x8,0xC8 0x00 0x04 0x40 0x23 0x4F 0x64 0x32,0x61CA,ACK
8.9333507000,2014,Data,0x100,0x8,0xC8 0x00 0x04 0x40 0x23 0x4F 0x64 0x32,0x61CA,ACK
8.9442629000,2015,Data,0x311,0x8,0x39 0x1E 0x07 0x3F 0x90 0x01 0x00 0x00,0x66BC,ACK
8.9533509000,2016,Data,0x100,0x8,0xC8 0x00 0x04 0x40 0x23 0x4F 0x64 0x32,0x61CA,ACK
8.9733509000,2017,Data,0x100,0x8,0xC8 0x00 0x04 0x40 0x23 0x4F 0x64 0x32,0x61CA,ACK
8.9933709000,2018,Data,0x100,0x8,0xC8 0x00 0x04 0x40 0x23 0x4F 0x64 0x32,0x61CA,ACK
8.9936110000,2019,Data,0x203,0x8,0x03 0x00 0x57 0x00 0x57 0x00 0x94 0x01,0x5BF2,ACK
8.9938533000,2020,Data,0x204,0x8,0x00 0x00 0x00 0x00 0x00 0x00 0x00 0x00,0x79D1,ACK
8.9941095000,2021,Data,0x205,0x8,0x00 0x00 0x00 0x00 0x00 0x00 0x00 0x00,0x72CA,ACK
8.9944258000,2022,Data,0x209,0x8,0x9F 0x27 0x10 0x04 0x90 0x49 0x00 0x00,0x59C2,ACK
8.9946660000,2023,Data,0x20A,0x8,0x00 0x00 0x00 0x00 0x00 0x00 0x00 0x00,0x1B53,ACK
8.9949202000,2024,Data,0x20B,0x8,0xBC 0x02 0x64 0x00 0x01 0xC8 0x00 0x00,0x021C,ACK
8.9951645000,2025,Data,0x20C,0x8,0x00 0xC4 0x50 0x34 0x1E 0x07 0x00 0x00,0x216C,ACK
9.0043125000,2026,Data,0x212,0x8,0x52 0x01 0x01 0xC9 0x98 0x00 0x00 0x2A,0x577D,ACK
9.0045787000,2027,Data,0x211,0x8,0xE4 0x00 0x2A 0x00 0x00 0x00 0x95 0x01,0x5CAC,ACK
9.0048210000,2028,Data,0x343,0x8,0x00 0x00 0x00 0x01 0x01 0x01 0x01 0xC8,0x5B06,ACK
9.0133490000,2029,Data,0x100,0x8,0xC8 0x00 0x04 0x40 0x23 0x4F 0x64 0x32,0x61CA,ACK
9.0333490000,2030,Data,0x100,0x8,0xC8 0x00 0x04 0x40 0x23 0x4F 0x64 0x32,0x61CA,ACK
9.0533489000,2031,Data,0x100,0x8,0xC8 0x00 0x04 0x40 0x23 0x4F 0x64 0x32,0x61CA,ACK
9.0731450000,2032,Data,0x501,0x8,0xB4 0xC1 0x83 0x58 0x51 0xE5 0xB2 0x6B,0x057E,ACK
9.0733752000,2033,Data,0x100,0x8,0xC8 0x00 0x04 0x40 0x23 0x4F 0x64 0x32,0x61CA,ACK
9.0736093000,2034,Data,0x502,0x8,0x32 0xAC 0x86 0x0E 0x1A 0xB9 0x00 0x00,0x0E93,ACK
9.0738435000,2035,Data,0x424,0x8,0x71 0x3E 0x4D 0x69 0x00 0x00 0x00 0x00,0x3153,ACK
9.0740818000,2036,Data,0x425,0x8,0x01 0x64 0x49 0x57 0x57 0x58 0x01 0xFF,0x3E52,ACK
9.0743180000,2037,Data,0x429,0x8,0x20 0x00 0x00 0x00 0x00 0x00 0x00 0x00,0x7AC7,ACK
9.0745663000,2038,Data,0x420,0x8,0x95 0x14 0x6E 0xFF 0x66 0x03 0x00 0x00,0x16F7,ACK
9.0748005000,2039,Data,0x421,0x8,0x38 0x36 0x31 0x34 0xFB 0x04 0x55 0x04,0x0DC7,ACK
9.0750348000,2040,Data,0x310,0x8,0xF1 0x0E 0x78 0x05 0x16 0x02 0x01 0xC8,0x5D64,ACK
9.0752650000,2041,Data,0x422,0x8,0x00 0x00 0x20 0x00 0x15 0x00 0x02 0x00,0x33F1,ACK
9.0755113000,2042,Data,0x423,0x8,0xBC 0x02 0x64 0x00 0x3D 0x00 0x01 0x00,0x4EF3,ACK
9.0933751000,2043,Data,0x100,0x8,0xC8 0x00 0x04 0x40 0x23 0x4F 0x64 0x32,0x61CA,ACK
9.0936134000,2044,Data,0x203,0x8,0x03 0x00 0x57 0x00 0x57 0x00 0x95 0x01,0x1FD4,ACK
9.0938535000,2045,Data,0x204,0x8,0x00 0x00 0x00 0x00 0x00 0x00 0x00 0x00,0x7FA3,NAK
9.0941096000,2046,Data,0x205,0x8,0x00 0x00 0x00 0x00 0x00 0x00 0x00 0x00,0x72CA,ACK
9.0944257000,2047,Data,0x209,0x8,0x9F 0x27 0x10 0x04 0x90 0x49 0x00 0x00,0x59C2,ACK
9.0946659000,2048,Data,0x20A,0x8,0x00 0x00 0x00 0x00 0x00 0x00 0x00 0x00,0x1B53,ACK
9.0949200000,2049,Data,0x20B,0x8,0xBC 0x02 0x64 0x00 0x01 0xC8 0x00 0x00,0x021C,ACK
9.0951641000,2050,Data,0x20C,0x8,0x00 0xC4 0x50 0x34 0x1E 0x07 0x00 0x00,0x214C,ACK
9.0954124000,2051,Data,0x301,0x8,0x00 0x00 0x00 0x00 0x00 0x00 0x00 0x00,0x7E55,ACK
9.0956686000,2052,Data,0x302,0x2,0x00 0xFF,0x6FC0,ACK
9.0958149000,2053,Data,0x485,0x8,0x22 0x00 0x00 0x00 0x0C 0x02 0x48 0x0C,0x1FCE,ACK
9.1042989000,2054,Data,0x212,0x8,0x52 0x01 0x01 0xC9 0x98 0x00 0x00 0x2A,0x577D,ACK
9.1045392000,2055,Data,0x211,0x8,0xE4 0x00 0x2A 0x00 0x00 0x00 0x94 0x01,0x188A,ACK
9.1048035000,2056,Data,0x343,0x8,0x00 0x00 0x00 0x01 0x01 0x01 0x01 0xC8,0x5B06,ACK
9.1051936000,2057,Data,0x341,0x8,0x00 0x00 0x00 0x00 0x02 0x00 0x00 0x00,0x1833,ACK
9.1054879000,2058,Data,0x342,0x8,0x23 0x00 0x64 0x00 0x00 0xC4 0x28 0x34,0x6836,ACK
9.1057281000,2059,Data,0x344,0x8,0x00 0x01 0x40 0x01 0x80 0x00 0x00 0x00,0x378A,NAK
9.1133481000,2060,Data,0x100,0x8,0xC8 0x00 0x04 0x40 0x23 0x4F 0x64 0x32,0x61CA,ACK
9.1333481000,2061,Data,0x100,0x8,0xC8 0x00 0x04 0x40 0x23 0x4F 0x64 0x32,0x61CA,ACK
9.1442103000,2062,Data,0x311,0x8,0x39 0x1E 0x07 0x3F 0x90 0x01 0x00 0x00,0x66BC,ACK
9.1533463000,2063,Data,0x100,0x8,0xC8 0x00 0x04 0x40 0x23 0x4F 0x64 0x32,0x61CA,ACK
9.1733482000,2064,Data,0x100,0x8,0xC8 0x00 0x04 0x40 0x23 0x4F 0x64 0x32,0x61CA,ACK
9.1933681000,2065,Data,0x100,0x8,0xC8 0x00 0x04 0x40 0x23 0x4F 0x64 0x32,0x61CA,ACK
9.1936084000,2066,Data,0x203,0x8,0x03 0x00 0x57 0x00 0x57 0x00 0x94 0x01,0x5BF2,ACK
9.1938506000,2067,Data,0x204,0x8,0x00 0x00 0x00 0x00 0x00 0x00 0x00 0x00,0x79D1,ACK
9.1941069000,2068,Data,0x205,0x8,0x00 0x00 0x00 0x00 0x00 0x00 0x00 0x00,0x72CA,ACK
9.1944231000,2069,Data,0x209,0x8,0x9F 0x27 0x10 0x04 0x90 0x49 0x00 0x00,0x59C2,ACK
9.1946634000,2070,Data,0x20A,0x8,0x00 0x00 0x00 0x00 0x00 0x00 0x00 0x00,0x1B53,ACK
9.1949176000,2071,Data,0x20B,0x8,0xBC 0x02 0x64 0x00 0x01 0xC8 0x00 0x00,0x021C,ACK
9.1951619000,2072,Data,0x20C,0x8,0x00 0xC4 0x50 0x34 0x1E 0x07 0x00 0x00,0x214C,ACK
9.2042738000,2073,Data,0x212,0x8,0x52 0x01 0x01 0xC9 0x98 0x00 0x00 0x2A,0x577D,ACK
9.2045760000,2074,Data,0x211,0x8,0xE4 0x00 0x2A 0x00 0x00 0x00 0x94 0x01,0x188A,ACK
9.2048402000,2075,Data,0x343,0x8,0x00 0x00 0x00 0x01 0x01 0x01 0x01 0xC8,0x5B06,ACK
9.2052844000,2076,Data,0x401,0x8,0x5D 0x00 0x34 0x01 0x05 0x2C 0x00 0x00,0x0700,ACK
9.2133465000,2077,Data,0x100,0x8,0xC8 0x00 0x04 0x40 0x23 0x4F 0x64 0x32,0x61CA,ACK
9.2333465000,2078,Data,0x100,0x8,0xC8 0x00 0x04 0x40 0x23 0x4F 0x64 0x32,0x61CA,ACK
9.2533464000,2079,Data,0x100,0x8,0xC8 0x00 0x04 0x40 0x23 0x4F 0x64 0x32,0x61CA,ACK
9.2733344000,2080,Data,0x100,0x8,0xC8 0x00 0x04 0x40 0x23 0x4F 0x64 0x32,0x61CA,ACK
9.2742005000,2081,Data,0x310,0x8,0xF1 0x0E 0x78 0x05 0x16 0x02 0x01 0xC8,0x5D64,ACK
9.2933864000,2082,Data,0x100,0x8,0xC8 0x00 0x04 0x40 0x23 0x4F 0x64 0x32,0x61CA,ACK
9.2936246000,2083,Data,0x203,0x8,0x03 0x00 0x57 0x00 0x57 0x00 0x94 0x01,0x5BF2,ACK
9.2938649000,2084,Data,0x204,0x8,0x00 0x00 0x00 0x00 0x00 0x00 0x00 0x00,0x79D1,ACK
9.2941231000,2085,Data,0x205,0x8,0x00 0x00 0x00 0x00 0x00 0x00 0x00 0x00,0x72CA,ACK
9.2944234000,2086,Data,0x209,0x8,0x9F 0x27 0x10 0x04 0x90 0x49 0x00 0x00,0x59C2,ACK
9.2946636000,2087,Data,0x20A,0x8,0x00 0x00 0x00 0x00 0x00 0x00 0x00 0x00,0x1B53,ACK
9.2949199000,2088,Data,0x20B,0x8,0xBC 0x02 0x64 0x00 0x01 0xC8 0x00 0x00,0x021C,ACK
9.2951641000,2089,Data,0x20C,0x8,0x00 0xC4 0x50 0x34 0x1E 0x07 0x00 0x00,0x214C,ACK
9.2954124000,2090,Data,0x301,0x8,0x00 0x00 0x00 0x00 0x00 0x00 0x00 0x00,0x7E55,ACK
9.2956686000,2091,Data,0x302,0x2,0x00 0xFF,0x6FC0,ACK
9.2958148000,2092,Data,0x485,0x8,0x22 0x00 0x00 0x00 0x0C 0x02 0x48 0x0C,0x1FCE,ACK
9.2960591000,2093,Data,0x480,0x8,0x00 0x00 0x04 0x00 0x20 0x00 0x00 0x00,0x54F6,ACK
9.2963113000,2094,Data,0x481,0x8,0x32 0x0A 0x28 0x08 0x00 0x00 0x00 0x30,0x0ECD,NAK
9.2965616000,2095,Data,0x482,0x8,0x52 0x01 0x02 0x00 0x00 0x00 0x00 0x00,0x36EA,ACK
9.2968118000,2096,Data,0x483,0x8,0x31 0x4B 0x31 0x55 0x41 0x32 0x35 0x35,0x717E,ACK
9.2970461000,2097,Data,0x484,0x8,0x31 0x50 0x33 0x39 0x36 0x35 0x00 0x00,0x0196,ACK
9.3042680000,2098,Data,0x212,0x8,0x52 0x01 0x01 0xC9 0x99 0x00 0x00 0x2A,0x4985,ACK
9.3045143000,2099,Data,0x211,0x8,0xE4 0x00 0x2A 0x00 0x00 0x00 0x95 0x01,0x5CAC,ACK
9.3047565000,2100,Data,0x343,0x8,0x00 0x00 0x00 0x01 0x01 0x01 0x01 0xC8,0x5B06,ACK
9.3050468000,2101,Data,0x341,0x8,0x00 0x00 0x00 0x00 0x02 0x00 0x00 0x00,0x1833,ACK
9.3053310000,2102,Data,0x342,0x8,0x23 0x00 0x64 0x00 0x00 0xC4 0x28 0x34,0x6836,ACK
9.3055693000,2103,Data,0x344,0x8,0x00 0x00 0x00 0x03 0x00 0x00 0x00 0x00,0x6F15,ACK
9.3133334000,2104,Data,0x100,0x8,0xC8 0x00 0x04 0x40 0x23 0x4F 0x64 0x32,0x61CA,ACK
9.3333453000,2105,Data,0x100,0x8,0xC8 0x00 0x04 0x40 0x23 0x4F 0x64 0x32,0x61CA,ACK
9.3457335000,2106,Data,0x311,0x8,0x39 0x1E 0x07 0x3F 0x90 0x01 0x00 0x00,0x66BC,ACK
9.3533456000,2107,Data,0x100,0x8,0xC8 0x00 0x04 0x40 0x23 0x4F 0x64 0x32,0x61CA,ACK
9.3733455000,2108,Data,0x100,0x8,0xC8 0x00 0x04 0x40 0x23 0x4F 0x64 0x32,0x61CA,ACK
9.3933514000,2109,Data,0x100,0x8,0x66 0x00 0x04 0x40 0x23 0x4F 0x64 0x32,0x7FE0,ACK
9.3935936000,2110,Data,0x203,0x8,0x03 0x00 0x57 0x00 0x57 0x00 0x95 0x01,0x1FD4,ACK
9.3938339000,2111,Data,0x204,0x8,0x00 0x00 0x00 0x00 0x00 0x00 0x00 0x00,0x79D1,ACK
9.3940901000,2112,Data,0x205,0x8,0x00 0x00 0x00 0x00 0x00 0x00 0x00 0x00,0x72CA,ACK
9.3944204000,2113,Data,0x209,0x8,0x9F 0x27 0x10 0x04 0x90 0x49 0x00 0x00,0x59C2,ACK
9.3946606000,2114,Data,0x20A,0x8,0x00 0x00 0x00 0x00 0x00 0x00 0x00 0x00,0x1B53,ACK
9.3949149000,2115,Data,0x20B,0x8,0xBC 0x02 0x64 0x00 0x01 0xC8 0x00 0x01,0x210E,NAK
9.3951591000,2116,Data,0x20C,0x8,0x00 0xC4 0x50 0x34 0x1E 0x07 0x00 0x00,0x214C,ACK
9.4042431000,2117,Data,0x212,0x8,0x52 0x01 0x01 0xC9 0x99 0x00 0x00 0x2A,0x4985,ACK
9.4044834000,2118,Data,0x211,0x8,0xE4 0x00 0x2A 0x00 0x00 0x00 0x95 0x01,0x5CAC,ACK
9.4047256000,2119,Data,0x343,0x8,0x00 0x00 0x00 0x01 0x01 0x01 0x01 0x66,0x4058,ACK
9.4133436000,2120,Data,0x100,0x8,0x00 0x00 0x04 0x40 0x23 0x4F 0x64 0x32,0x38A8,ACK
9.4333456000,2121,Data,0x100,0x8,0x00 0x00 0x04 0x40 0x23 0x4F 0x64 0x32,0x38A8,ACK
9.4533434000,2122,Data,0x100,0x8,0x00 0x00 0x04 0x40 0x23 0x4F 0x64 0x32,0x38A8,ACK
9.4733434000,2123,Data,0x100,0x8,0x00 0x00 0x04 0x40 0x23 0x4F 0x64 0x32,0x38A8,ACK
9.4746457000,2124,Data,0x310,0x8,0xF1 0x0E 0x78 0x05 0x16 0x02 0x01 0xC8,0x5D64,ACK
9.4933695000,2125,Data,0x100,0x8,0x00 0x00 0x04 0x40 0x23 0x4F 0x64 0x32,0x38A8,ACK
9.4936097000,2126,Data,0x203,0x8,0x03 0x00 0x57 0x00 0x57 0x00 0x95 0x01,0x1FD4,ACK
9.4938500000,2127,Data,0x204,0x8,0x00 0x00 0x00 0x00 0x00 0x00 0x00 0x00,0x79D1,ACK
9.4941062000,2128,Data,0x205,0x8,0x00 0x00 0x00 0x00 0x00 0x00 0x00 0x00,0x72CA,ACK
9.4944185000,2129,Data,0x209,0x8,0x9F 0x27 0x10 0x04 0x90 0x49 0x00 0x00,0x59C2,ACK
9.4946587000,2130,Data,0x20A,0x8,0x00 0x00 0x00 0x00 0x00 0x00 0x00 0x00,0x1B53,ACK
9.4949130000,2131,Data,0x20B,0x8,0xBC 0x02 0x64 0x00 0x01 0xC8 0x00 0x00,0x021C,ACK
9.4951592000,2132,Data,0x20C,0x8,0x00 0xC4 0x50 0x34 0x1E 0x07 0x00 0x00,0x214C,ACK
9.4954095000,2133,Data,0x301,0x8,0x00 0x00 0x00 0x00 0x00 0x00 0x00 0x00,0x7E55,ACK
9.4956657000,2134,Data,0x302,0x2,0x00 0xFF,0x6FC0,ACK
9.4958100000,2135,Data,0x485,0x8,0x22 0x00 0x00 0x00 0x0C 0x02 0x48 0x0C,0x1FCE,ACK
9.5042679000,2136,Data,0x212,0x8,0x52 0x01 0x01 0xC9 0x7E 0x00 0x00 0x2A,0x379E,ACK
9.5045142000,2137,Data,0x211,0x8,0xE4 0x00 0x2A 0x00 0x00 0x00 0x90 0x01,0x46B9,ACK
9.5048324000,2138,Data,0x343,0x8,0x00 0x00 0x00 0x01 0x01 0x01 0x01 0x00,0x7ED7,ACK
9.5050927000,2139,Data,0x341,0x8,0x00 0x00 0x00 0x00 0x02 0x00 0x00 0x00,0x1833,ACK
9.5053489000,2140,Data,0x342,0x8,0xB1 0x80 0x32 0x00 0x00 0x62 0x14 0x1A,0x341B,NAK
9.5056952000,2141,Data,0x344,0x8,0x00 0x00 0x00 0x03 0x00 0x00 0x00 0x00,0x6F15,ACK
9.5133432000,2142,Data,0x100,0x8,0x00 0x00 0x04 0x40 0x23 0x4F 0x64 0x32,0x38A8,ACK
9.5333432000,2143,Data,0x100,0x8,0x00 0x00 0x04 0x40 0x23 0x4F 0x64 0x32,0x38A8,ACK
9.5450975000,2144,Data,0x311,0x8,0x39 0x1E 0x07 0x3F 0x90 0x01 0x00 0x00,0x66BC,ACK
9.5533415000,2145,Data,0x100,0x8,0x00 0x00 0x04 0x40 0x23 0x4F 0x64 0x32,0x38A8,ACK
9.5733415000,2146,Data,0x100,0x8,0x00 0x00 0x04 0x40 0x23 0x4F 0x64 0x32,0x38A8,ACK
9.5744478000,2147,Data,0x425,0x8,0x01 0x64 0x4D 0x57 0x57 0x58 0x01 0xFF,0x3E52,ACK
9.5746840000,2148,Data,0x429,0x8,0x20 0x00 0x00 0x00 0x00 0x00 0x00 0x00,0x7AC7,ACK
9.5749323000,2149,Data,0x420,0x8,0xAB 0x14 0x22 0x02 0x66 0x03 0x00 0x00,0x55EF,ACK
9.5751665000,2150,Data,0x421,0x8,0x38 0x36 0x31 0x34 0xFB 0x04 0x55 0x04,0x0DC7,ACK
9.5755048000,2151,Data,0x422,0x8,0x00 0x00 0x20 0x00 0x15 0x00 0x02 0x00,0x33F1,ACK
9.5758910000,2152,Data,0x423,0x8,0xBC 0x02 0x64 0x00 0x3D 0x00 0x01 0x00,0x4EF3,ACK
9.5933609000,2153,Data,0x100,0x8,0x00 0x00 0x04 0x40 0x23 0x4F 0x64 0x32,0x38A8,ACK
9.5936010000,2154,Data,0x203,0x8,0x03 0x00 0x57 0x00 0x57 0x00 0x90 0x01,0x05C1,ACK
9.5938431000,2155,Data,0x204,0x8,0x00 0x00 0x00 0x00 0x00 0x00 0x00 0x00,0x79D1,ACK
9.5941012000,2156,Data,0x205,0x8,0x00 0x00 0x00 0x00 0x00 0x00 0x00 0x00,0x72CA,ACK
9.5944073000,2157,Data,0x209,0x8,0x9F 0x27 0x10 0x04 0x90 0x49 0x00 0x00,0x59C2,ACK
9.5946495000,2158,Data,0x20A,0x8,0x00 0x00 0x00 0x00 0x00 0x00 0x00 0x00,0x1B53,ACK
9.5949056000,2159,Data,0x20B,0x8,0xBC 0x02 0x64 0x00 0x01 0xC8 0x00 0x00,0x021C,ACK
9.5951498000,2160,Data,0x20C,0x8,0x00 0xE4 0x50 0x34 0x1E 0x07 0x00 0x00,0x214C,ACK
9.6042577000,2161,Data,0x212,0x8,0x52 0x01 0x01 0xC9 0x38 0x00 0x00 0x2A,0x6874,ACK
9.6044999000,2162,Data,0x211,0x8,0xE4 0x00 0x2A 0x00 0x00 0x00 0x57 0x01,0x3576,ACK
9.6047661000,2163,Data,0x343,0x8,0x00 0x00 0x00 0x01 0x01 0x01 0x01 0x00,0x7ED7,ACK
9.6133421000,2164,Data,0x100,0x8,0x00 0x00 0x04 0x40 0x23 0x4F 0x64 0x32,0x38A8,ACK
9.6333401000,2165,Data,0x100,0x8,0x00 0x00 0x04 0x40 0x23 0x4F 0x64 0x32,0x38A8,ACK
9.6533420000,2166,Data,0x100,0x8,0x00 0x00 0x04 0x40 0x23 0x4F 0x64 0x32,0x38A8,ACK
9.6733399000,2167,Data,0x100,0x8,0x00 0x00 0x04 0x40 0x23 0x4F 0x64 0x32,0x38A8,ACK
9.6745801000,2168,Data,0x310,0x8,0xF1 0x0E 0x78 0x05 0x16 0x02 0x01 0xC8,0x5D64,ACK
9.6933680000,2169,Data,0x100,0x8,0x00 0x00 0x04 0x40 0x23 0x4F 0x64 0x32,0x38A8,ACK
9.6936082000,2170,Data,0x203,0x8,0x03 0x00 0x57 0x00 0x57 0x00 0x57 0x01,0x760E,ACK
9.6938505000,2171,Data,0x204,0x8,0x00 0x00 0x00 0x00 0x00 0x00 0x00 0x00,0x79D1,ACK
9.6941067000,2172,Data,0x205,0x8,0x00 0x00 0x00 0x00 0x00 0x00 0x00 0x00,0x72CA,ACK
9.6944050000,2173,Data,0x209,0x8,0x9F 0x27 0x10 0x04 0x90 0x49 0x00 0x00,0x59C2,ACK
9.6946452000,2174,Data,0x20A,0x8,0x00 0x00 0x00 0x00 0x00 0x00 0x00 0x00,0x1B53,ACK
9.6948995000,2175,Data,0x20B,0x8,0xBC 0x02 0x64 0x00 0x01 0xC8 0x00 0x00,0x021C,ACK
9.6951437000,2176,Data,0x20C,0x8,0x00 0xC4 0x50 0x34 0x1E 0x07 0x00 0x00,0x214C,ACK
9.6953920000,2177,Data,0x301,0x8,0x00 0x00 0x00 0x00 0x00 0x00 0x00 0x00,0x7E55,ACK
9.6956482000,2178,Data,0x302,0x2,0x00 0xFF,0x6FC0,ACK
9.6957944000,2179,Data,0x485,0x8,0x22 0x00 0x00 0x00 0x0C 0x02 0x48 0x0C,0x1FCE,ACK
9.7042404000,2180,Data,0x212,0x8,0x52 0x01 0x01 0xC9 0x0F 0x00 0x00 0x2A,0x58D3,ACK
9.7044847000,2181,Data,0x211,0x8,0xE4 0x00 0x2A 0x00 0x00 0x00 0xF3 0x00,0x7A18,ACK
9.7047769000,2182,Data,0x343,0x8,0x00 0x00 0x00 0x01 0x01 0x01 0x01 0x00,0x7ED7,ACK
9.7050392000,2183,Data,0x341,0x8,0x00 0x00 0x00 0x00 0x02 0x00 0x00 0x00,0x1833,ACK
9.7052954000,2184,Data,0x342,0x8,0x23 0x00 0x64 0x00 0x00 0xC4 0x28 0x34,0x6836,ACK
9.7055557000,2185,Data,0x344,0x8,0x00 0x00 0x00 0x03 0x00 0x00 0x00 0x00,0x6F15,ACK
9.7058499000,2186,Data,0x401,0x8,0xFE 0xFF 0x34 0x01 0x05 0x2C 0x00 0x00,0x24EF,ACK
9.7133400000,2187,Data,0x100,0x8,0x00 0x00 0x04 0x40 0x23 0x4F 0x64 0x32,0x38A8,ACK
9.7333419000,2188,Data,0x100,0x8,0x00 0x00 0x04 0x40 0x23 0x4F 0x64 0x32,0x38A8,ACK
9.7464802000,2189,Data,0x311,0x8,0x39 0x1E 0x07 0x3F 0x90 0x01 0x00 0x00,0x66BC,ACK
9.7533383000,2190,Data,0x100,0x8,0x00 0x00 0x04 0x40 0x23 0x4F 0x64 0x32,0x38A8,ACK
9.7733402000,2191,Data,0x100,0x8,0x00 0x00 0x04 0x40 0x23 0x4F 0x64 0x32,0x38A8,ACK
9.7933462000,2192,Data,0x100,0x8,0x00 0x00 0x04 0x40 0x23 0x4F 0x64 0x32,0x38A8,ACK
9.7935865000,2193,Data,0x203,0x8,0x03 0x00 0x57 0x00 0x57 0x00 0xF3 0x00,0x3960,ACK
9.7938267000,2194,Data,0x204,0x8,0x00 0x00 0x00 0x00 0x00 0x00 0x00 0x00,0x79D1,ACK
9.7940830000,2195,Data,0x205,0x8,0x00 0x00 0x00 0x00 0x00 0x00 0x00 0x00,0x72CA,ACK
9.7944152000,2196,Data,0x209,0x8,0x9F 0x27 0x10 0x04 0x90 0x49 0x00 0x00,0x59C2,ACK
9.7946555000,2197,Data,0x20A,0x8,0x00 0x00 0x00 0x00 0x00 0x00 0x00 0x00,0x1B53,ACK
9.7949097000,2198,Data,0x20B,0x8,0xBC 0x02 0x64 0x00 0x01 0xC8 0x00 0x00,0x021C,ACK
9.7951540000,2199,Data,0x20C,0x8,0x00 0xC4 0x50 0x34 0x1E 0x07 0x00 0x00,0x214C,ACK
9.8042779000,2200,Data,0x212,0x8,0x52 0x01 0x01 0xC9 0x04 0x00 0x00 0x2A,0x4982,ACK
9.8045221000,2201,Data,0x211,0x8,0xE4 0x00 0x2A 0x00 0x00 0x00 0x9E 0x00,0x6939,ACK
9.8048124000,2202,Data,0x343,0x8,0x00 0x00 0x00 0x01 0x00 0x01 0x01 0x00,0x602F,ACK
9.8133384000,2203,Data,0x100,0x8,0x00 0x00 0x04 0x40 0x23 0x4F 0x64 0x32,0x38A8,ACK
9.8333364000,2204,Data,0x100,0x8,0x00 0x00 0x04 0x40 0x23 0x4F 0x64 0x32,0x38A8,ACK
9.8533383000,2205,Data,0x100,0x8,0x00 0x00 0x04 0x40 0x23 0x4F 0x64 0x32,0x38A8,ACK
9.8733382000,2206,Data,0x100,0x8,0x00 0x00 0x04 0x40 0x23 0x4F 0x64 0x32,0x38A8,ACK
9.8753823000,2207,Data,0x310,0x8,0xF1 0x0E 0x78 0x05 0x16 0x02 0x01 0xC8,0x5D64,ACK
9.8933642000,2208,Data,0x100,0x8,0x00 0x00 0x04 0x40 0x23 0x4F 0x64 0x32,0x38A8,ACK
9.8936045000,2209,Data,0x203,0x8,0x03 0x00 0x57 0x00 0x57 0x00 0x9E 0x00,0x2A41,ACK
9.8938467000,2210,Data,0x204,0x8,0x00 0x00 0x00 0x00 0x00 0x00 0x00 0x00,0x79D1,ACK
9.8941030000,2211,Data,0x205,0x8,0x00 0x00 0x00 0x00 0x00 0x00 0x00 0x00,0x72CA,ACK
9.8944132000,2212,Data,0x209,0x8,0x9F 0x27 0x10 0x04 0x90 0x49 0x00 0x00,0x59C2,ACK
9.8946535000,2213,Data,0x20A,0x8,0x00 0x00 0x00 0x00 0x00 0x00 0x00 0x00,0x1B53,ACK
9.8949077000,2214,Data,0x20B,0x8,0xBC 0x02 0x64 0x00 0x01 0xC8 0x00 0x00,0x021C,ACK
9.8951520000,2215,Data,0x20C,0x8,0x00 0xC4 0x50 0x34 0x1E 0x07 0x00 0x00,0x214C,ACK
9.8954002000,2216,Data,0x301,0x8,0x00 0x00 0x00 0x00 0x00 0x00 0x00 0x00,0x7E55,ACK
9.8956564000,2217,Data,0x302,0x2,0x00 0xFF,0x6FC0,ACK
9.8958027000,2218,Data,0x485,0x8,0x22 0x00 0x00 0x00 0x0C 0x02 0x48 0x0C,0x1FCE,ACK
9.9042587000,2219,Data,0x212,0x8,0x52 0x01 0x01 0xC9 0x08 0x00 0x00 0x2A,0x003B,ACK
9.9045490000,2220,Data,0x211,0x9,0xE4 0x00 0x2A 0x00 0x00 0x00 0x5B 0x00,0x5723,ACK
9.9048132000,2221,Data,0x343,0x8,0x00 0x00 0x00 0x01 0x00 0x01 0x01 0x00,0x602F,ACK
9.9051954000,2222,Data,0x341,0x8,0x00 0x00 0x00 0x00 0x02 0x00 0x00 0x00,0x1833,ACK
9.9054897000,2223,Data,0x342,0x8,0x23 0x00 0x64 0x00 0x00 0xC4 0x28 0x34,0x6836,ACK
9.9057519000,2224,Data,0x344,0x8,0x00 0x00 0x00 0x03 0x00 0x00 0x00 0x00,0x6F15,ACK
9.9133359000,2225,Data,0x100,0x8,0x00 0x00 0x04 0x40 0x23 0x4F 0x64 0x32,0x38A8,ACK
9.9333359000,2226,Data,0x100,0x8,0x00 0x00 0x04 0x40 0x23 0x4F 0x64 0x32,0x38A8,ACK
9.9469881000,2227,Data,0x311,0x8,0x39 0x1E 0x07 0x3F 0x90 0x01 0x00 0x00,0x66BC,ACK
9.9533361000,2228,Data,0x100,0x8,0x00 0x00 0x04 0x40 0x23 0x4F 0x64 0x32,0x38A8,ACK
9.9733361000,2229,Data,0x100,0x8,0x00 0x00 0x04 0x40 0x23 0x4F 0x64 0x32,0x38A8,ACK
9.9933561000,2230,Data,0x100,0x8,0x00 0x00 0x04 0x40 0x23 0x4F 0x64 0x32,0x38A8,ACK
9.9935963000,2231,Data,0x203,0x8,0x03 0x00 0x57 0x00 0x57 0x00 0x5B 0x00,0x145B,ACK
9.9938366000,2232,Data,0x204,0x8,0x00 0x00 0x00 0x00 0x00 0x00 0x00 0x00,0x79D1,ACK
9.9940928000,2233,Data,0x205,0x8,0x00 0x00 0x00 0x00 0x00 0x00 0x00 0x00,0x72CA,ACK
9.9944011000,2234,Data,0x209,0x8,0x9F 0x27 0x10 0x04 0x90 0x49 0x00 0x00,0x59C2,ACK
9.9946413000,2235,Data,0x20A,0x8,0x00 0x00 0x00 0x00 0x00 0x00 0x00 0x00,0x1B53,ACK
9.9948976000,2236,Data,0x20B,0x8,0xBC 0x02 0x64 0x00 0x01 0xC8 0x00 0x00,0x021C,ACK
9.9951418000,2237,Data,0x20C,0x8,0x00 0xC4 0x50 0x34 0x1E 0x07 0x00 0x00,0x214C,ACK