Time [s],Packet,Type,ID,DLC,Data,CRC,ACK
0.0011392000,0,Data,0x311,0x8,0x39 0x1E 0x07 0x3F 0x90 0x01 0x00 0x00,0x66BC,ACK
0.0066494000,1,Data,0x310,0x8,0xF1 0x0E 0x78 0x05 0x19 0x02 0x01 0xC8,0x37D5,ACK
0.0154254000,2,Data,0x100,0x8,0x00 0x00 0x00 0x40 0x23 0x4F 0x64 0x32,0x4018,ACK
0.0354234000,3,Data,0x100,0x8,0x00 0x00 0x00 0x40 0x23 0x4F 0x64 0x32,0x4018,ACK
0.0399475000,4,Extend Data,0x18EF073E,0x4,0x01 0x01 0x59 0x02,0x652F,ACK
0.0417375000,5,Data,0x212,0x8,0x52 0x01 0x00 0xC9 0x00 0x00 0x00 0x2A,0x2C4E,ACK
0.0419978000,6,Data,0x211,0x8,0xE4 0x00 0x2A 0x00 0x00 0x00 0x00 0x00,0x0D4D,ACK
0.0422820000,7,Data,0x343,0x8,0x00 0x00 0x00 0x00 0x00 0x00 0x00 0x00,0x33F5,ACK
0.0554500000,8,Data,0x100,0x8,0x00 0x00 0x00 0x40 0x23 0x4F 0x64 0x32,0x4018,ACK
0.0556962000,9,Data,0x203,0x8,0x03 0x00 0x58 0x00 0x58 0x00 0x00 0x00,0x4AB9,ACK
0.0559443000,10,Data,0x204,0x8,0x00 0x00 0x00 0x00 0x00 0x00 0x00 0x00,0x79D1,ACK
0.0562004000,11,Data,0x205,0x8,0x00 0x00 0x00 0x00 0x00 0x00 0x00 0x00,0x72CA,ACK
0.0565005000,12,Data,0x209,0x8,0x9F 0x27 0x10 0x04 0x90 0x49 0x00 0x00,0x59C2,ACK
0.0567407000,13,Data,0x20A,0x8,0x00 0x00 0x00 0x00 0x00 0x00 0x00 0x00,0x1B53,ACK
0.0569949000,14,Data,0x20B,0x8,0xBC 0x02 0x64 0x00 0x01 0xC8 0x00 0x00,0x021C,ACK
0.0572391000,15,Data,0x20C,0x8,0x00 0xC4 0x2C 0x34 0x1E 0x07 0x00 0x00,0x3E70,ACK
0.0574874000,16,Data,0x301,0x8,0x00 0x00 0x00 0x00 0x00 0x00 0x00 0x00,0x7E55,ACK
0.0577436000,17,Data,0x302,0x2,0x00 0xFF,0x6FC0,ACK
0.0578899000,18,Data,0x485,0x8,0x22 0x00 0x00 0x00 0x0C 0x02 0x48 0x0C,0x1FCE,ACK
0.0682440000,19,Extend Data,0x18EF3E07,0x5,0x01 0x04 0x59 0x00 0x00,0x4816,ACK
0.0754220000,20,Data,0x100,0x8,0x00 0x00 0x00 0x40 0x23 0x4F 0x64 0x32,0x4018,ACK
0.0954220000,21,Data,0x100,0x8,0x00 0x00 0x00 0x40 0x23 0x4F 0x64 0x32,0x4018,ACK
0.0999362000,22,Extend Data,0x18EF073E,0x4,0x01 0x01 0x92 0x02,0x312C,ACK
0.1005883000,23,Extend Data,0x18EF3E07,0x5,0x01 0x04 0x92 0x02 0x00,0x0BF9,ACK
0.1154243000,24,Data,0x100,0x8,0x00 0x00 0x00 0x40 0x23 0x4F 0x64 0x32,0x4018,ACK
0.1354243000,25,Data,0x100,0x8,0x00 0x00 0x00 0x40 0x23 0x4F 0x64 0x32,0x4018,ACK
0.1417762000,26,Data,0x212,0x8,0x52 0x01 0x00 0xC9 0x00 0x00 0x00 0x2A,0x2C4E,ACK
0.1420384000,27,Data,0x211,0x8,0xE4 0x00 0x2A 0x00 0x00 0x00 0x00 0x00,0x0D4D,ACK
0.1423205000,28,Data,0x343,0x8,0x00 0x00 0x00 0x00 0x00 0x00 0x00 0x00,0x33F5,ACK
0.1425766000,29,Data,0x341,0x8,0x00 0x00 0x00 0x00 0x02 0x00 0x00 0x00,0x1833,ACK
0.1428507000,30,Data,0x342,0x8,0x23 0x00 0x64 0x00 0x00 0xC4 0x16 0x34,0x5886,ACK
0.1431308000,31,Data,0x344,0x8,0x00 0x00 0x00 0x03 0x00 0x00 0x00 0x00,0x6F15,ACK
0.1554308000,32,Data,0x100,0x8,0x00 0x00 0x00 0x40 0x23 0x4F 0x64 0x32,0x4018,ACK
0.1556750000,33,Data,0x203,0x8,0x03 0x00 0x58 0x00 0x58 0x00 0x00 0x00,0x4AB9,ACK
0.1559213000,34,Data,0x204,0x8,0x00 0x00 0x00 0x00 0x00 0x00 0x00 0x00,0x79D1,ACK
0.1561795000,35,Data,0x205,0x8,0x00 0x00 0x00 0x00 0x00 0x00 0x00 0x00,0x72CA,ACK
0.1564977000,36,Data,0x209,0x8,0x9F 0x27 0x10 0x04 0x90 0x49 0x00 0x00,0x59C2,ACK
0.1567380000,37,Data,0x20A,0x8,0x00 0x00 0x00 0x00 0x00 0x00 0x00 0x00,0x1B53,ACK
0.1569922000,38,Data,0x20B,0x8,0xBC 0x02 0x64 0x00 0x01 0xC8 0x00 0x00,0x021C,ACK
0.1572385000,39,Data,0x20C,0x8,0x00 0xC4 0x2C 0x34 0x1E 0x07 0x00 0x00,0x3E70,ACK
0.1754225000,40,Data,0x100,0x8,0x00 0x00 0x00 0x40 0x23 0x4F 0x64 0x32,0x4018,ACK
0.1757807000,41,Extend Data,0x18EF073E,0x4,0x01 0x01 0x96 0x04,0x797B,ACK
0.1764109000,42,Extend Data,0x18EF3E07,0x7,0x01 0x04 0x96 0x16 0x00 0x16 0x00,0x4DDB,ACK
0.1954208000,43,Data,0x100,0x8,0x00 0x00 0x00 0x40 0x23 0x4F 0x64 0x32,0x4018,ACK
0.2011669000,44,Data,0x311,0x8,0x39 0x1E 0x07 0x3F 0x90 0x01 0x00 0x00,0x66BC,ACK
0.2066272000,45,Data,0x310,0x8,0xF1 0x0E 0x78 0x05 0x19 0x02 0x01 0xC8,0x37D5,ACK
0.2154212000,46,Data,0x100,0x8,0x00 0x00 0x00 0x40 0x23 0x4F 0x64 0x32,0x4018,ACK
0.2350132000,47,Extend Data,0x18EF073E,0x4,0x01 0x01 0xF9 0x02,0x31EB,ACK
0.2354194000,48,Data,0x100,0x8,0x00 0x00 0x00 0x40 0x23 0x4F 0x64 0x32,0x4018,ACK
0.2417353000,49,Data,0x212,0x8,0x52 0x01 0x00 0xC9 0x00 0x00 0x00 0x2A,0x2C4E,ACK
0.2419976000,50,Data,0x211,0x8,0xE4 0x00 0x2A 0x00 0x00 0x00 0x00 0x00,0x0D4D,ACK
0.2422538000,51,Data,0x343,0x8,0x00 0x00 0x00 0x00 0x00 0x00 0x00 0x00,0x33F5,ACK
0.2554477000,52,Data,0x100,0x8,0x00 0x00 0x00 0x40 0x23 0x4F 0x64 0x32,0x4018,ACK
0.2556920000,53,Data,0x203,0x8,0x03 0x00 0x58 0x00 0x58 0x00 0x00 0x00,0x4AB9,ACK
0.2559382000,54,Data,0x204,0x8,0x00 0x00 0x00 0x00 0x00 0x00 0x00 0x00,0x79D1,ACK
0.2561965000,55,Data,0x205,0x8,0x00 0x00 0x00 0x00 0x00 0x00 0x00 0x00,0x72CA,ACK
0.2564987000,56,Data,0x209,0x8,0x9F 0x27 0x10 0x04 0x90 0x49 0x00 0x00,0x59C2,ACK
0.2567390000,57,Data,0x20A,0x8,0x00 0x00 0x00 0x00 0x00 0x00 0x00 0x00,0x1B53,ACK
0.2569952000,58,Data,0x20B,0x8,0xBC 0x02 0x64 0x00 0x01 0xC8 0x00 0x00,0x021C,ACK
0.2572395000,59,Data,0x20C,0x8,0x00 0xC4 0x2C 0x34 0x1E 0x07 0x00 0x00,0x3E70,ACK
0.2574877000,60,Data,0x301,0x8,0x00 0x00 0x00 0x00 0x00 0x00 0x00 0x00,0x7E55,ACK
0.2577440000,61,Data,0x302,0x2,0x00 0xFF,0x6FC0,ACK
0.2578902000,62,Data,0x485,0x8,0x22 0x00 0x00 0x00 0x0C 0x02 0x48 0x0C,0x1FCE,ACK
0.2697305000,63,Extend Data,0x18EF3E07,0x5,0x01 0x04 0xF9 0x17 0x00,0x2512,ACK
0.2754206000,64,Data,0x100,0x8,0x00 0x00 0x00 0x40 0x23 0x4F 0x64 0x32,0x4018,ACK
0.2948226000,65,Extend Data,0x18EF073E,0x4,0x01 0x01 0xA0 0x1A,0x7FC0,ACK
0.2954188000,66,Data,0x100,0x8,0x00 0x00 0x00 0x40 0x23 0x4F 0x64 0x32,0x4018,ACK
0.2958670000,67,Extend Data,0x1CEC3E07,0x8,0x10 0x1F 0x00 0x05 0xFF 0x00 0xEF 0x00,0x330A,ACK
0.2961611000,68,Extend Data,0x18EC073E,0x8,0x11 0x05 0x01 0xFF 0xFF 0x00 0xEF 0x00,0x4F54,ACK
0.2969073000,69,Extend Data,0x1CEB3E07,0x8,0x01 0x01 0x04 0xA0 0xE1 0x0F 0xE1 0x0F,0x6DF0,ACK
0.2971915000,70,Extend Data,0x1CEB3E07,0x8,0x02 0xE0 0x0F 0xE1 0x0F 0xE1 0x0F 0xE1,0x4B7E,ACK
0.2974698000,71,Extend Data,0x1CEB3E07,0x8,0x03 0x0F 0xE1 0x0F 0xE1 0x0F 0xE3 0x0F,0x6BC3,ACK
0.2977460000,72,Extend Data,0x1CEB3E07,0x8,0x04 0xE2 0x0F 0xE1 0x0F 0xE2 0x0F 0xE3,0x0099,ACK
0.2980263000,73,Extend Data,0x1CEB3E07,0x8,0x05 0x0F 0x25 0xF3 0xFF 0xFF 0xFF 0xFF,0x5784,ACK
0.2983444000,74,Extend Data,0x18EC073E,0x8,0x13 0x1F 0x00 0x05 0xFF 0x00 0xEF 0x00,0x6E4D,ACK
0.3154205000,75,Data,0x100,0x8,0x00 0x00 0x00 0x40 0x23 0x4F 0x64 0x32,0x4018,ACK
0.3354083000,76,Data,0x100,0x8,0x00 0x00 0x00 0x40 0x23 0x4F 0x64 0x32,0x4018,ACK
0.3417744000,77,Data,0x212,0x8,0x52 0x01 0x00 0xC9 0x00 0x00 0x00 0x2A,0x2C4E,ACK
0.3420326000,78,Data,0x211,0x8,0xE4 0x00 0x2A 0x00 0x00 0x00 0x00 0x00,0x0D4D,ACK
0.3422929000,79,Data,0x343,0x8,0x00 0x00 0x00 0x00 0x00 0x00 0x00 0x00,0x33F5,ACK
0.3425511000,80,Data,0x341,0x8,0x00 0x00 0x00 0x00 0x02 0x00 0x00 0x00,0x1833,ACK
0.3428474000,81,Data,0x342,0x8,0x23 0x00 0x64 0x00 0x00 0xC4 0x16 0x34,0x5886,ACK
0.3430856000,82,Data,0x344,0x8,0x00 0x00 0x00 0x03 0x00 0x00 0x00 0x00,0x6F15,ACK
0.3433419000,83,Data,0x401,0x8,0x00 0x00 0x34 0x00 0x05 0x2B 0x00 0x00,0x3E15,ACK
0.3554378000,84,Data,0x100,0x8,0x00 0x00 0x00 0x40 0x23 0x4F 0x64 0x32,0x4018,ACK
0.3556821000,85,Data,0x203,0x8,0x03 0x00 0x58 0x00 0x58 0x00 0x00 0x00,0x4AB9,ACK
0.3559283000,86,Data,0x204,0x8,0x00 0x00 0x00 0x00 0x00 0x00 0x00 0x00,0x79D1,ACK
0.3561866000,87,Data,0x205,0x8,0x00 0x00 0x00 0x00 0x00 0x00 0x00 0x00,0x72CA,ACK
0.3564968000,88,Data,0x209,0x8,0x9F 0x27 0x10 0x04 0x90 0x49 0x00 0x00,0x59C2,ACK
0.3567371000,89,Data,0x20A,0x8,0x00 0x00 0x00 0x00 0x00 0x00 0x00 0x00,0x1B53,ACK
0.3569913000,90,Data,0x20B,0x8,0xBC 0x02 0x64 0x00 0x01 0xC8 0x00 0x00,0x021C,ACK
0.3572356000,91,Data,0x20C,0x8,0x00 0xC4 0x2C 0x34 0x1E 0x07 0x00 0x00,0x3E70,ACK
0.3702696000,92,Extend Data,0x18EF073E,0x4,0x01 0x01 0x82 0x02,0x074B,ACK
0.3708139000,93,Extend Data,0x18EF3E07,0x5,0x01 0x04 0x82 0x64 0x00,0x0BF7,ACK
0.3754199000,94,Data,0x100,0x8,0x00 0x00 0x00 0x40 0x23 0x4F 0x64 0x32,0x4018,ACK
0.3954179000,95,Data,0x100,0x8,0x00 0x00 0x00 0x40 0x23 0x4F 0x64 0x32,0x4018,ACK
0.4009821000,96,Data,0x311,0x8,0x39 0x1E 0x07 0x3F 0x90 0x01 0x00 0x00,0x66BC,ACK
0.4064584000,97,Data,0x310,0x8,0xF1 0x0E 0x78 0x05 0x19 0x02 0x01 0xC8,0x37D5,ACK
0.4154184000,98,Data,0x100,0x8,0x00 0x00 0x00 0x40 0x23 0x4F 0x64 0x32,0x4018,ACK
0.4299224000,99,Extend Data,0x18EF073E,0x4,0x01 0x01 0x02 0x0E,0x1389,ACK
0.4354186000,100,Data,0x100,0x8,0x00 0x00 0x00 0x40 0x23 0x4F 0x64 0x32,0x4018,ACK
0.4417486000,101,Data,0x212,0x8,0x52 0x01 0x00 0xC9 0x00 0x00 0x00 0x2A,0x2C4E,ACK
0.4420087000,102,Data,0x211,0x8,0xE4 0x00 0x2A 0x00 0x00 0x00 0x00 0x00,0x0D4D,ACK
0.4422670000,103,Data,0x343,0x8,0x00 0x00 0x00 0x00 0x00 0x00 0x00 0x00,0x33F5,ACK
0.4554449000,104,Data,0x100,0x8,0x00 0x00 0x00 0x40 0x23 0x4F 0x64 0x32,0x4018,ACK
0.4556892000,105,Data,0x203,0x8,0x03 0x00 0x58 0x00 0x58 0x00 0x00 0x00,0x4AB9,ACK
0.4559354000,106,Data,0x204,0x8,0x00 0x00 0x00 0x00 0x00 0x00 0x00 0x00,0x79D1,ACK
0.4561917000,107,Data,0x205,0x8,0x00 0x00 0x00 0x00 0x00 0x00 0x00 0x00,0x72CA,ACK
0.4564939000,108,Data,0x209,0x8,0x9F 0x27 0x10 0x04 0x90 0x49 0x00 0x00,0x59C2,ACK
0.4567342000,109,Data,0x20A,0x8,0x00 0x00 0x00 0x00 0x00 0x00 0x00 0x00,0x1B53,ACK
0.4569884000,110,Data,0x20B,0x8,0xBC 0x02 0x64 0x00 0x01 0xC8 0x00 0x00,0x021C,ACK
0.4572327000,111,Data,0x20C,0x8,0x00 0xC4 0x2C 0x34 0x1E 0x07 0x00 0x00,0x3E70,ACK
0.4574808000,112,Data,0x301,0x8,0x00 0x00 0x00 0x00 0x00 0x00 0x00 0x00,0x7E55,ACK
0.4577370000,113,Data,0x302,0x2,0x00 0xFF,0x6FC0,ACK
0.4578813000,114,Data,0x485,0x8,0x22 0x00 0x00 0x00 0x0C 0x02 0x48 0x0C,0x1FCE,ACK
0.4690015000,115,Extend Data,0x1CEC3E07,0x8,0x10 0x13 0x00 0x03 0xFF 0x00 0xEF 0x00,0x1F52,ACK
0.4693036000,116,Extend Data,0x18EC073E,0x8,0x11 0x03 0x01 0xFF 0xFF 0x00 0xEF 0x00,0x34D9,ACK
0.4700397000,117,Extend Data,0x1CEB3E07,0x8,0x01 0x01 0x04 0x02 0xB4 0xC1 0x83 0x58,0x140B,ACK
0.4703240000,118,Extend Data,0x1CEB3E07,0x8,0x02 0x51 0xE5 0xB2 0x6B 0x32 0xAC 0x86,0x3C30,ACK
0.4705922000,119,Extend Data,0x1CEB3E07,0x8,0x03 0x0E 0x1A 0xB9 0x10 0xF9 0xFF 0xFF,0x4FA2,ACK
0.4709024000,120,Extend Data,0x18EC073E,0x8,0x13 0x13 0x00 0x03 0xFF 0x00 0xEF 0x00,0x4215,ACK
0.4754185000,121,Data,0x100,0x8,0x00 0x00 0x00 0x40 0x23 0x4F 0x64 0x32,0x4018,ACK
0.4906366000,122,Extend Data,0x18EF073E,0x4,0x01 0x01 0x0A 0x04,0x50DA,ACK
0.4912547000,123,Extend Data,0x18EF3E07,0x7,0x01 0x04 0x0A 0x7C 0x33 0x00 0x00,0x2745,ACK
0.4954188000,124,Data,0x100,0x8,0x00 0x00 0x00 0x40 0x23 0x4F 0x64 0x32,0x4018,ACK
0.4977070000,125,Data,0x425,0x8,0x01 0x64 0x49 0x58 0x58 0x58 0x01 0xFF,0x04F4,ACK
0.4981572000,126,Data,0x420,0x8,0xA4 0x14 0xF4 0xFF 0x70 0x03 0x00 0x00,0x44AF,ACK
0.4983955000,127,Data,0x421,0x8,0x38 0x36 0x31 0x34 0xFB 0x04 0x62 0x04,0x00AE,ACK
0.4987657000,128,Data,0x422,0x8,0x00 0x00 0x20 0x00 0x15 0x00 0x02 0x00,0x33F1,ACK
0.4991660000,129,Data,0x423,0x8,0xBC 0x02 0x64 0x00 0x3D 0x00 0x01 0x00,0x4EF3,ACK
0.5002302000,130,Data,0x429,0x8,0x20 0x00 0x00 0x00 0x00 0x00 0x00 0x00,0x7AC7,ACK
0.5154162000,131,Data,0x100,0x8,0x00 0x00 0x00 0x40 0x23 0x4F 0x64 0x32,0x4018,ACK
0.5354161000,132,Data,0x100,0x8,0x00 0x00 0x00 0x40 0x23 0x4F 0x64 0x32,0x4018,ACK
0.5417342000,133,Data,0x212,0x8,0x52 0x01 0x00 0xC9 0x00 0x00 0x00 0x2A,0x2C4E,ACK
0.5419744000,134,Data,0x211,0x8,0xE4 0x00 0x2A 0x00 0x00 0x00 0x00 0x00,0x0D4D,ACK
0.5422307000,135,Data,0x343,0x8,0x00 0x00 0x00 0x00 0x00 0x00 0x00 0x00,0x33F5,ACK
0.5424909000,136,Data,0x341,0x8,0x00 0x00 0x00 0x00 0x02 0x00 0x00 0x00,0x1833,ACK
0.5427912000,137,Data,0x342,0x8,0x23 0x00 0x64 0x00 0x00 0xC4 0x16 0x34,0x5886,ACK
0.5430474000,138,Data,0x344,0x8,0x00 0x00 0x00 0x03 0x00 0x00 0x00 0x00,0x6F15,ACK
0.5554374000,139,Data,0x100,0x8,0x00 0x00 0x00 0x40 0x23 0x4F 0x64 0x32,0x4018,ACK
0.5556836000,140,Data,0x203,0x8,0x03 0x00 0x58 0x00 0x58 0x00 0x00 0x00,0x4AB9,ACK
0.5559299000,141,Data,0x204,0x8,0x00 0x00 0x00 0x00 0x00 0x00 0x00 0x00,0x79D1,ACK
0.5561861000,142,Data,0x205,0x8,0x00 0x00 0x00 0x00 0x00 0x00 0x00 0x00,0x72CA,ACK
0.5564824000,143,Data,0x209,0x8,0x9F 0x27 0x10 0x04 0x90 0x49 0x00 0x00,0x59C2,ACK
0.5567246000,144,Data,0x20A,0x8,0x00 0x00 0x00 0x00 0x00 0x00 0x00 0x00,0x1B53,ACK
0.5569809000,145,Data,0x20B,0x8,0xBC 0x02 0x64 0x00 0x01 0xC8 0x00 0x00,0x021C,ACK
0.5572251000,146,Data,0x20C,0x8,0x00 0xC4 0x2C 0x34 0x1E 0x07 0x00 0x00,0x3E70,ACK
0.5650473000,147,Extend Data,0x18EF073E,0x4,0x01 0x01 0x10 0x02,0x44F3,ACK
0.5691893000,148,Extend Data,0x18EF3E07,0x5,0x01 0x04 0x10 0x0D 0x00,0x0F0B,ACK
0.5754174000,149,Data,0x100,0x8,0x00 0x00 0x00 0x40 0x23 0x4F 0x64 0x32,0x4018,ACK
0.5954174000,150,Data,0x100,0x8,0x00 0x00 0x00 0x40 0x23 0x4F 0x64 0x32,0x4018,ACK
0.6010556000,151,Data,0x311,0x8,0x39 0x1E 0x07 0x3F 0x90 0x01 0x00 0x00,0x66BC,ACK
0.6065139000,152,Data,0x310,0x8,0xF1 0x0E 0x78 0x05 0x19 0x02 0x01 0xC8,0x37D5,ACK
0.6154159000,153,Data,0x100,0x8,0x00 0x00 0x00 0x40 0x23 0x4F 0x64 0x32,0x4018,ACK
0.6249820000,154,Extend Data,0x18EF073E,0x4,0x01 0x01 0x11 0x02,0x00D5,ACK
0.6354161000,155,Data,0x100,0x8,0x00 0x00 0x00 0x40 0x23 0x4F 0x64 0x32,0x4018,ACK
0.6417581000,156,Data,0x212,0x8,0x52 0x01 0x00 0xC9 0x00 0x00 0x00 0x2A,0x2C4E,ACK
0.6420204000,157,Data,0x211,0x8,0xE4 0x00 0x2A 0x00 0x00 0x00 0x00 0x00,0x0D4D,ACK
0.6422766000,158,Data,0x343,0x8,0x00 0x00 0x00 0x00 0x00 0x00 0x00 0x00,0x33F5,ACK
0.6554566000,159,Data,0x100,0x8,0x00 0x00 0x00 0x40 0x23 0x4F 0x64 0x32,0x4018,ACK
0.6557007000,160,Data,0x203,0x8,0x03 0x00 0x58 0x00 0x58 0x00 0x00 0x00,0x4AB9,ACK
0.6559470000,161,Data,0x204,0x8,0x00 0x00 0x00 0x00 0x00 0x00 0x00 0x00,0x79D1,ACK
0.6562032000,162,Data,0x205,0x8,0x00 0x00 0x00 0x00 0x00 0x00 0x00 0x00,0x72CA,ACK
0.6564915000,163,Data,0x209,0x8,0x9F 0x27 0x10 0x04 0x90 0x49 0x00 0x00,0x59C2,ACK
0.6567317000,164,Data,0x20A,0x8,0x00 0x00 0x00 0x00 0x00 0x00 0x00 0x00,0x1B53,ACK
0.6569860000,165,Data,0x20B,0x8,0xBC 0x02 0x64 0x00 0x01 0xC8 0x00 0x00,0x021C,ACK
0.6572322000,166,Data,0x20C,0x8,0x00 0xC4 0x2C 0x34 0x1E 0x07 0x00 0x00,0x3E70,ACK
0.6574825000,167,Data,0x301,0x8,0x00 0x00 0x00 0x00 0x00 0x00 0x00 0x00,0x7E55,ACK
0.6577387000,168,Data,0x302,0x2,0x00 0xFF,0x6FC0,ACK
0.6578830000,169,Data,0x485,0x8,0x22 0x00 0x00 0x00 0x0C 0x02 0x48 0x0C,0x1FCE,ACK
0.6581272000,170,Data,0x480,0x8,0x00 0x00 0x00 0x00 0x20 0x00 0x00 0x00,0x2C46,ACK
0.6583835000,171,Data,0x481,0x8,0x50 0x0A 0x40 0x08 0x00 0x00 0x00 0x00,0x46C7,ACK
0.6586337000,172,Data,0x482,0x8,0x52 0x01 0x02 0x00 0x00 0x00 0x00 0x00,0x36EA,ACK
0.6588819000,173,Data,0x483,0x8,0x31 0x4B 0x31 0x55 0x41 0x32 0x35 0x35,0x717E,ACK
0.6591162000,174,Data,0x484,0x8,0x31 0x50 0x33 0x39 0x36 0x35 0x00 0x00,0x0196,ACK
0.6676464000,175,Extend Data,0x18EF3E07,0x5,0x01 0x04 0x11 0xE0 0x01,0x11AD,ACK
0.6754165000,176,Data,0x100,0x8,0x00 0x00 0x00 0x40 0x23 0x4F 0x64 0x32,0x4018,ACK
0.6856426000,177,Extend Data,0x18EF073E,0x4,0x01 0x01 0x13 0x02,0x4D00,ACK
0.6863447000,178,Extend Data,0x18EF3E07,0x5,0x01 0x04 0x13 0xFB 0x04,0x6F21,ACK
0.6954147000,179,Data,0x100,0x8,0x00 0x00 0x00 0x40 0x23 0x4F 0x64 0x32,0x4018,ACK
0.7154167000,180,Data,0x100,0x8,0x00 0x00 0x00 0x40 0x23 0x4F 0x64 0x32,0x4018,ACK
0.7354167000,181,Data,0x100,0x8,0x00 0x00 0x00 0x40 0x23 0x4F 0x64 0x32,0x4018,ACK
0.7417587000,182,Data,0x212,0x8,0x52 0x01 0x00 0xC9 0x00 0x00 0x00 0x2A,0x2C4E,ACK
0.7420170000,183,Data,0x211,0x8,0xE4 0x00 0x2A 0x00 0x00 0x00 0x00 0x00,0x0D4D,ACK
0.7422971000,184,Data,0x343,0x8,0x00 0x00 0x00 0x00 0x00 0x00 0x00 0x00,0x33F5,ACK
0.7425553000,185,Data,0x341,0x8,0x00 0x00 0x00 0x00 0x02 0x00 0x00 0x00,0x1833,ACK
0.7428296000,186,Data,0x342,0x8,0x23 0x00 0x64 0x00 0x00 0xC4 0x16 0x34,0x5886,ACK
0.7431118000,187,Data,0x344,0x8,0x00 0x00 0x00 0x03 0x00 0x00 0x00 0x00,0x6F15,ACK
0.7554338000,188,Data,0x100,0x8,0x00 0x00 0x00 0x40 0x23 0x4F 0x64 0x32,0x4018,ACK
0.7556781000,189,Data,0x203,0x8,0x03 0x00 0x58 0x00 0x58 0x00 0x00 0x00,0x4AB9,ACK
0.7559243000,190,Data,0x204,0x8,0x00 0x00 0x00 0x00 0x00 0x00 0x00 0x00,0x79D1,ACK
0.7561826000,191,Data,0x205,0x8,0x00 0x00 0x00 0x00 0x00 0x00 0x00 0x00,0x72CA,ACK
0.7564908000,192,Data,0x209,0x8,0x9F 0x27 0x10 0x04 0x90 0x49 0x00 0x00,0x59C2,ACK
0.7567311000,193,Data,0x20A,0x8,0x00 0x00 0x00 0x00 0x00 0x00 0x00 0x00,0x1B53,ACK
0.7569873000,194,Data,0x20B,0x8,0xBC 0x02 0x64 0x00 0x01 0xC8 0x00 0x00,0x021C,ACK
0.7572316000,195,Data,0x20C,0x8,0x00 0xC4 0x2C 0x34 0x1E 0x07 0x00 0x00,0x3E70,ACK
0.7599798000,196,Extend Data,0x18EF073E,0x4,0x01 0x01 0x94 0x02,0x22CA,ACK
0.7717260000,197,Extend Data,0x18EF3E07,0x5,0x01 0x04 0x94 0x3D 0x00,0x11BC,ACK
0.7754141000,198,Data,0x100,0x8,0x00 0x00 0x00 0x40 0x23 0x4F 0x64 0x32,0x4018,ACK
0.7954019000,199,Data,0x100,0x8,0x00 0x00 0x00 0x40 0x23 0x4F 0x64 0x32,0x4018,ACK
0.8021241000,200,Data,0x311,0x8,0x39 0x1E 0x07 0x3F 0x90 0x01 0x00 0x00,0x66BC,ACK
0.8075883000,201,Data,0x310,0x8,0xF1 0x0E 0x78 0x05 0x19 0x02 0x01 0xC8,0x37D5,ACK
0.8154023000,202,Data,0x100,0x8,0x00 0x00 0x00 0x40 0x23 0x4F 0x64 0x32,0x4018,ACK
0.8199225000,203,Extend Data,0x18EF023E,0x4,0x01 0x01 0x86 0x02,0x29F7,ACK
0.8202306000,204,Extend Data,0x18EF3E02,0x5,0x01 0x04 0x86 0x00 0x00,0x1EE2,ACK
0.8354146000,205,Data,0x100,0x8,0x00 0x00 0x00 0x40 0x23 0x4F 0x64 0x32,0x4018,ACK
0.8417265000,206,Data,0x212,0x8,0x52 0x01 0x00 0xC9 0x00 0x00 0x00 0x2A,0x2C4E,ACK
0.8419687000,207,Data,0x211,0x8,0xE4 0x00 0x2A 0x00 0x00 0x00 0x00 0x00,0x0D4D,ACK
0.8422249000,208,Data,0x343,0x8,0x00 0x00 0x00 0x00 0x00 0x00 0x00 0x00,0x33F5,ACK
0.8424832000,209,Data,0x401,0x8,0x00 0x00 0x34 0x00 0x05 0x2B 0x00 0x00,0x3E15,ACK
0.8554392000,210,Data,0x100,0x8,0x00 0x00 0x00 0x40 0x23 0x4F 0x64 0x32,0x4018,ACK
0.8556854000,211,Data,0x203,0x8,0x03 0x00 0x58 0x00 0x58 0x00 0x00 0x00,0x4AB9,ACK
0.8559337000,212,Data,0x204,0x8,0x00 0x00 0x00 0x00 0x00 0x00 0x00 0x00,0x79D1,ACK
0.8561899000,213,Data,0x205,0x8,0x00 0x00 0x00 0x00 0x00 0x00 0x00 0x00,0x72CA,ACK
0.8564902000,214,Data,0x209,0x8,0x9F 0x27 0x10 0x04 0x90 0x49 0x00 0x00,0x59C2,ACK
0.8567304000,215,Data,0x20A,0x8,0x00 0x00 0x00 0x00 0x00 0x00 0x00 0x00,0x1B53,ACK
0.8569867000,216,Data,0x20B,0x8,0xBC 0x02 0x64 0x00 0x01 0xC8 0x00 0x00,0x021C,ACK
0.8572309000,217,Data,0x20C,0x8,0x00 0xC4 0x2C 0x34 0x1E 0x07 0x00 0x00,0x3E70,ACK
0.8574792000,218,Data,0x301,0x8,0x00 0x00 0x00 0x00 0x00 0x00 0x00 0x00,0x7E55,ACK
0.8577354000,219,Data,0x302,0x2,0x00 0xFF,0x6FC0,ACK
0.8578816000,220,Data,0x485,0x8,0x22 0x00 0x00 0x00 0x0C 0x02 0x48 0x0C,0x1FCE,ACK
0.8754135000,221,Data,0x100,0x8,0x00 0x00 0x00 0x40 0x23 0x4F 0x64 0x32,0x4018,ACK
0.8800037000,222,Extend Data,0x18EF023E,0x4,0x01 0x01 0x48 0x02,0x67E1,ACK
0.8802999000,223,Extend Data,0x18EF3E02,0x5,0x01 0x04 0x48 0x00 0x00,0x2BAE,ACK
0.8954118000,224,Data,0x100,0x8,0x00 0x00 0x00 0x40 0x23 0x4F 0x64 0x32,0x4018,ACK
0.9154118000,225,Data,0x100,0x8,0x00 0x00 0x00 0x40 0x23 0x4F 0x64 0x32,0x4018,ACK
0.9354138000,226,Data,0x100,0x8,0x00 0x00 0x00 0x40 0x23 0x4F 0x64 0x32,0x4018,ACK
0.9417678000,227,Data,0x212,0x8,0x52 0x01 0x00 0xC9 0x00 0x00 0x00 0x2A,0x2C4E,ACK
0.9420280000,228,Data,0x211,0x8,0xE4 0x00 0x2A 0x00 0x00 0x00 0x00 0x00,0x0D4D,ACK
0.9422843000,229,Data,0x343,0x8,0x00 0x00 0x00 0x00 0x00 0x00 0x00 0x00,0x33F5,ACK
0.9425665000,230,Data,0x341,0x8,0x00 0x00 0x00 0x00 0x02 0x00 0x00 0x00,0x1833,ACK
0.9428448000,231,Data,0x342,0x8,0x23 0x00 0x64 0x00 0x00 0xC4 0x16 0x34,0x5886,ACK
0.9431230000,232,Data,0x344,0x8,0x00 0x00 0x00 0x03 0x00 0x00 0x00 0x00,0x6F15,ACK
0.9550330000,233,Extend Data,0x18EF023E,0x4,0x01 0x01 0x49 0x02,0x23C7,ACK
0.9553291000,234,Extend Data,0x18EF3E02,0x5,0x01 0x04 0x49 0x00 0x00,0x5BBA,ACK
0.9555612000,235,Data,0x100,0x8,0x00 0x00 0x00 0x40 0x23 0x4F 0x64 0x32,0x4018,ACK
0.9558013000,236,Data,0x203,0x8,0x03 0x00 0x58 0x00 0x58 0x00 0x00 0x00,0x4AB9,ACK
0.9560434000,237,Data,0x204,0x8,0x00 0x00 0x00 0x00 0x00 0x00 0x00 0x00,0x79D1,ACK
0.9562995000,238,Data,0x205,0x8,0x00 0x00 0x00 0x00 0x00 0x00 0x00 0x00,0x72CA,ACK
0.9565556000,239,Data,0x209,0x8,0x9F 0x27 0x10 0x04 0x90 0x49 0x00 0x00,0x59C2,ACK
0.9567958000,240,Data,0x20A,0x8,0x00 0x00 0x00 0x00 0x00 0x00 0x00 0x00,0x1B53,ACK
0.9570519000,241,Data,0x20B,0x8,0xBC 0x02 0x64 0x00 0x01 0xC8 0x00 0x00,0x021C,ACK
0.9572960000,242,Data,0x20C,0x8,0x00 0xC4 0x2C 0x34 0x1E 0x07 0x00 0x00,0x3E70,ACK
0.9754119000,243,Data,0x100,0x8,0x00 0x00 0x00 0x40 0x23 0x4F 0x64 0x32,0x4018,ACK
0.9954119000,244,Data,0x100,0x8,0x00 0x00 0x00 0x40 0x23 0x4F 0x64 0x32,0x4018,ACK
1.0046281000,245,Data,0x423,0x8,0xBC 0x02 0x64 0x00 0x3D 0x00 0x01 0x00,0x4EF3,ACK
1.0048723000,246,Data,0x311,0x8,0x39 0x1E 0x07 0x3F 0x90 0x01 0x00 0x00,0x66BC,ACK
1.0051186000,247,Data,0x501,0x8,0xB4 0xC1 0x83 0x58 0x51 0xE5 0xB2 0x6B,0x057E,ACK
1.0053488000,248,Data,0x502,0x8,0x32 0xAC 0x86 0x0E 0x1A 0xB9 0x00 0x00,0x0E93,ACK
1.0055831000,249,Data,0x424,0x8,0x66 0x3C 0x4D 0x69 0x00 0x00 0x00 0x00,0x7F26,ACK
1.0058213000,250,Data,0x425,0x8,0x01 0x64 0x49 0x58 0x58 0x58 0x01 0xFF,0x04F4,ACK
1.0060576000,251,Data,0x429,0x8,0x20 0x00 0x00 0x00 0x00 0x00 0x00 0x00,0x7AC7,ACK
1.0063058000,252,Data,0x420,0x8,0xA4 0x14 0xF4 0xFF 0x70 0x03 0x00 0x00,0x44AF,ACK
1.0065441000,253,Data,0x421,0x8,0x38 0x36 0x31 0x34 0xFB 0x04 0x62 0x04,0x00AE,ACK
1.0068583000,254,Data,0x422,0x8,0x00 0x00 0x20 0x00 0x15 0x00 0x02 0x00,0x33F1,ACK
1.0087686000,255,Data,0x310,0x8,0xF1 0x0E 0x78 0x05 0x19 0x02 0x01 0xC8,0x37D5,ACK
1.0153286000,256,Extend Data,0x18EF023E,0x4,0x01 0x01 0x40 0x02,0x1E1E,ACK
1.0155489000,257,Data,0x100,0x8,0x00 0x00 0x00 0x40 0x23 0x4F 0x64 0x32,0x4018,ACK
1.0157970000,258,Extend Data,0x18EF3E02,0x5,0x01 0x04 0x40 0x00 0x00,0x78F3,ACK
1.0354129000,259,Data,0x100,0x8,0x00 0x00 0x00 0x40 0x23 0x4F 0x64 0x32,0x4018,ACK
1.0417448000,260,Data,0x212,0x8,0x52 0x01 0x00 0xC9 0x00 0x00 0x00 0x2A,0x2C4E,ACK
1.0420010000,261,Data,0x211,0x8,0xE4 0x00 0x2A 0x00 0x00 0x00 0x00 0x00,0x0D4D,ACK
1.0422611000,262,Data,0x343,0x8,0x00 0x00 0x00 0x00 0x00 0x00 0x00 0x00,0x33F5,ACK
1.0554390000,263,Data,0x100,0x8,0x00 0x00 0x00 0x40 0x23 0x4F 0x64 0x32,0x4018,ACK
1.0556832000,264,Data,0x203,0x8,0x03 0x00 0x58 0x00 0x58 0x00 0x00 0x00,0x4AB9,ACK
1.0559295000,265,Data,0x204,0x8,0x00 0x00 0x00 0x00 0x00 0x00 0x00 0x00,0x79D1,ACK
1.0561857000,266,Data,0x205,0x8,0x00 0x00 0x00 0x00 0x00 0x00 0x00 0x00,0x72CA,ACK
1.0564880000,267,Data,0x209,0x8,0x9F 0x27 0x10 0x04 0x90 0x49 0x00 0x00,0x59C2,ACK
1.0567282000,268,Data,0x20A,0x8,0x00 0x00 0x00 0x00 0x00 0x00 0x00 0x00,0x1B53,ACK
1.0569825000,269,Data,0x20B,0x8,0xBC 0x02 0x64 0x00 0x01 0xC8 0x00 0x00,0x021C,ACK
1.0572267000,270,Data,0x20C,0x8,0x00 0xC4 0x2C 0x34 0x1E 0x07 0x00 0x00,0x3E70,ACK
1.0574750000,271,Data,0x301,0x8,0x00 0x00 0x00 0x00 0x00 0x00 0x00 0x00,0x7E55,ACK
1.0577312000,272,Data,0x302,0x2,0x00 0xFF,0x6FC0,ACK
1.0578775000,273,Data,0x485,0x8,0x22 0x00 0x00 0x00 0x0C 0x02 0x48 0x0C,0x1FCE,ACK
1.0754115000,274,Data,0x100,0x8,0x00 0x00 0x00 0x40 0x23 0x4F 0x64 0x32,0x4018,ACK
1.0901875000,275,Extend Data,0x18EF023E,0x4,0x01 0x01 0x3E 0x02,0x32AB,ACK
1.0904817000,276,Extend Data,0x18EF3E02,0x5,0x01 0x04 0x3E 0x00 0x00,0x223F,ACK
1.0954117000,277,Data,0x100,0x8,0x00 0x00 0x00 0x40 0x23 0x4F 0x64 0x32,0x4018,ACK
1.1154117000,278,Data,0x100,0x8,0x00 0x00 0x00 0x40 0x23 0x4F 0x64 0x32,0x4018,ACK
1.1354077000,279,Data,0x100,0x8,0x00 0x00 0x00 0x40 0x23 0x4F 0x64 0x32,0x4018,ACK
1.1417677000,280,Data,0x212,0x8,0x52 0x01 0x00 0xC9 0x00 0x00 0x00 0x2A,0x2C4E,ACK
1.1420259000,281,Data,0x211,0x8,0xE4 0x00 0x2A 0x00 0x00 0x00 0x00 0x00,0x0D4D,ACK
1.1422842000,282,Data,0x343,0x8,0x00 0x00 0x00 0x00 0x00 0x00 0x00 0x00,0x33F5,ACK
1.1425423000,283,Data,0x341,0x8,0x00 0x00 0x00 0x00 0x02 0x00 0x00 0x00,0x1833,ACK
1.1428405000,284,Data,0x342,0x8,0x23 0x00 0x64 0x00 0x00 0xC4 0x16 0x34,0x5886,ACK
1.1430988000,285,Data,0x344,0x8,0x00 0x00 0x00 0x03 0x00 0x00 0x00 0x00,0x6F15,ACK
1.1499928000,286,Extend Data,0x18EF023E,0x4,0x01 0x01 0x10 0x0E,0x18B4,ACK
1.1507769000,287,Extend Data,0x00EC3E02,0x8,0x10 0x13 0x00 0x03 0xFF 0x00 0xEF 0x00,0x4279,ACK
1.1510730000,288,Extend Data,0x18EC023E,0x8,0x11 0x03 0x01 0xFF 0xFF 0x00 0xEF 0x00,0x527F,ACK
1.1517332000,289,Extend Data,0x00EB3E02,0x8,0x01 0x01 0x04 0x10 0x5A 0x30 0x37 0x58,0x6721,ACK
1.1520393000,290,Extend Data,0x00EB3E02,0x8,0x02 0x42 0x34 0x47 0x32 0x35 0x4D 0x48,0x0168,ACK
1.1523435000,291,Extend Data,0x00EB3E02,0x8,0x03 0x33 0x30 0x36 0x7F 0xFC 0xFF 0xFF,0x5CF3,ACK
1.1526616000,292,Extend Data,0x18EC023E,0x8,0x13 0x13 0x00 0x03 0xFF 0x00 0xEF 0x00,0x24B3,ACK
1.1554278000,293,Data,0x100,0x8,0x00 0x00 0x00 0x40 0x23 0x4F 0x64 0x32,0x4018,ACK
1.1556741000,294,Data,0x203,0x8,0x03 0x00 0x58 0x00 0x58 0x00 0x00 0x00,0x4AB9,ACK
1.1559223000,295,Data,0x204,0x8,0x00 0x00 0x00 0x00 0x00 0x00 0x00 0x00,0x79D1,ACK
1.1561786000,296,Data,0x205,0x8,0x00 0x00 0x00 0x00 0x00 0x00 0x00 0x00,0x72CA,ACK
1.1564868000,297,Data,0x209,0x8,0x9F 0x27 0x10 0x04 0x90 0x49 0x00 0x00,0x59C2,ACK
1.1567271000,298,Data,0x20A,0x8,0x00 0x00 0x00 0x00 0x00 0x00 0x00 0x00,0x1B53,ACK
1.1569813000,299,Data,0x20B,0x8,0xBC 0x02 0x64 0x00 0x01 0xC8 0x00 0x00,0x021C,ACK
1.1572256000,300,Data,0x20C,0x8,0x00 0xC4 0x2C 0x34 0x1E 0x07 0x00 0x00,0x3E70,ACK
1.1754076000,301,Data,0x100,0x8,0x00 0x00 0x00 0x40 0x23 0x4F 0x64 0x32,0x4018,ACK
1.1954096000,302,Data,0x100,0x8,0x00 0x00 0x00 0x40 0x23 0x4F 0x64 0x32,0x4018,ACK
1.2065418000,303,Data,0x311,0x8,0x39 0x1E 0x07 0x3F 0x90 0x01 0x00 0x00,0x66BC,ACK
1.2079460000,304,Data,0x310,0x8,0xF1 0x0E 0x78 0x05 0x19 0x02 0x01 0xC8,0x37D5,ACK
1.2104501000,305,Extend Data,0x18EF023E,0x4,0x01 0x01 0x83 0x02,0x33E2,ACK
1.2108482000,306,Extend Data,0x18EF3E02,0x5,0x01 0x04 0x83 0x00 0x00,0x2594,ACK
1.2154083000,307,Data,0x100,0x8,0x00 0x00 0x00 0x40 0x23 0x4F 0x64 0x32,0x4018,ACK
1.2354083000,308,Data,0x100,0x8,0x00 0x00 0x00 0x40 0x23 0x4F 0x64 0x32,0x4018,ACK
1.2417464000,309,Data,0x212,0x8,0x52 0x01 0x00 0xC9 0x00 0x00 0x00 0x2A,0x2C4E,ACK
1.2420086000,310,Data,0x211,0x8,0xE4 0x00 0x2A 0x00 0x00 0x00 0x00 0x00,0x0D4D,ACK
1.2422649000,311,Data,0x343,0x8,0x00 0x00 0x00 0x00 0x00 0x00 0x00 0x00,0x33F5,ACK
1.2554348000,312,Data,0x100,0x8,0x00 0x00 0x00 0x40 0x23 0x4F 0x64 0x32,0x4018,ACK
1.2556811000,313,Data,0x203,0x8,0x03 0x00 0x58 0x00 0x58 0x00 0x00 0x00,0x4AB9,ACK
1.2559273000,314,Data,0x204,0x8,0x00 0x00 0x00 0x00 0x00 0x00 0x00 0x00,0x79D1,ACK
1.2561856000,315,Data,0x205,0x8,0x00 0x00 0x00 0x00 0x00 0x00 0x00 0x00,0x72CA,ACK
1.2564838000,316,Data,0x209,0x8,0x9F 0x27 0x10 0x04 0x90 0x49 0x00 0x00,0x59C2,ACK
1.2567240000,317,Data,0x20A,0x8,0x00 0x00 0x00 0x00 0x00 0x00 0x00 0x00,0x1B53,ACK
1.2569783000,318,Data,0x20B,0x8,0xBC 0x02 0x64 0x00 0x01 0xC8 0x00 0x00,0x021C,ACK
1.2572244000,319,Data,0x20C,0x8,0x00 0xC4 0x2C 0x34 0x1E 0x07 0x00 0x00,0x3E70,ACK
1.2574747000,320,Data,0x301,0x8,0x00 0x00 0x00 0x00 0x00 0x00 0x00 0x00,0x7E55,ACK
1.2577309000,321,Data,0x302,0x2,0x00 0xFF,0x6FC0,ACK
1.2578772000,322,Data,0x485,0x8,0x22 0x00 0x00 0x00 0x0C 0x02 0x48 0x0C,0x1FCE,ACK
1.2754092000,323,Data,0x100,0x8,0x00 0x00 0x00 0x40 0x23 0x4F 0x64 0x32,0x4018,ACK
1.2850433000,324,Extend Data,0x18EF023E,0x4,0x01 0x01 0x8F 0x02,0x142E,ACK
1.2853554000,325,Extend Data,0x18EF3E02,0x5,0x01 0x04 0x8F 0x00 0x00,0x3DAB,ACK
1.2954074000,326,Data,0x100,0x8,0x00 0x00 0x00 0x40 0x23 0x4F 0x64 0x32,0x4018,ACK
1.3154074000,327,Data,0x100,0x8,0x00 0x00 0x00 0x40 0x23 0x4F 0x64 0x32,0x4018,ACK
1.3354073000,328,Data,0x100,0x8,0x00 0x00 0x00 0x40 0x23 0x4F 0x64 0x32,0x4018,ACK
1.3417373000,329,Data,0x212,0x8,0x52 0x01 0x00 0xC9 0x00 0x00 0x00 0x2A,0x2C4E,ACK
1.3419996000,330,Data,0x211,0x8,0xE4 0x00 0x2A 0x00 0x00 0x00 0x00 0x00,0x0D4D,ACK
1.3422558000,331,Data,0x343,0x8,0x00 0x00 0x00 0x00 0x00 0x00 0x00 0x00,0x33F5,ACK
1.3425381000,332,Data,0x341,0x8,0x00 0x00 0x00 0x00 0x02 0x00 0x00 0x00,0x1833,ACK
1.3428123000,333,Data,0x342,0x8,0x23 0x00 0x64 0x00 0x00 0xC4 0x16 0x34,0x5886,ACK
1.3430926000,334,Data,0x344,0x8,0x00 0x00 0x00 0x03 0x00 0x00 0x00 0x00,0x6F15,ACK
1.3433548000,335,Data,0x401,0x8,0x00 0x00 0x34 0x00 0x05 0x2B 0x00 0x00,0x3E15,ACK
1.3554248000,336,Data,0x100,0x8,0x00 0x00 0x00 0x40 0x23 0x4F 0x64 0x32,0x4018,ACK
1.3556690000,337,Data,0x203,0x8,0x03 0x00 0x58 0x00 0x58 0x00 0x00 0x00,0x4AB9,ACK
1.3559153000,338,Data,0x204,0x8,0x00 0x00 0x00 0x00 0x00 0x00 0x00 0x00,0x79D1,ACK
1.3561715000,339,Data,0x205,0x8,0x00 0x00 0x00 0x00 0x00 0x00 0x00 0x00,0x72CA,ACK
1.3564838000,340,Data,0x209,0x8,0x9F 0x27 0x10 0x04 0x90 0x49 0x00 0x00,0x59C2,ACK
1.3567240000,341,Data,0x20A,0x8,0x00 0x00 0x00 0x00 0x00 0x00 0x00 0x00,0x1B53,ACK
1.3569783000,342,Data,0x20B,0x8,0xBC 0x02 0x64 0x00 0x01 0xC8 0x00 0x00,0x021C,ACK
1.3572245000,343,Data,0x20C,0x8,0x00 0xC4 0x2C 0x34 0x1E 0x07 0x00 0x00,0x3E70,ACK
1.3754085000,344,Data,0x100,0x8,0x00 0x00 0x00 0x40 0x23 0x4F 0x64 0x32,0x4018,ACK
1.3954065000,345,Data,0x100,0x8,0x00 0x00 0x00 0x40 0x23 0x4F 0x64 0x32,0x4018,ACK
1.4078408000,346,Data,0x311,0x8,0x39 0x1E 0x07 0x3F 0x90 0x01 0x00 0x00,0x66BC,ACK
1.4093030000,347,Data,0x310,0x8,0xF1 0x0E 0x78 0x05 0x19 0x02 0x01 0xC8,0x37D5,ACK
1.4154070000,348,Data,0x100,0x8,0x00 0x00 0x00 0x40 0x23 0x4F 0x64 0x32,0x4018,ACK
1.4353950000,349,Data,0x100,0x8,0x00 0x00 0x00 0x40 0x23 0x4F 0x64 0x32,0x4018,ACK
1.4417570000,350,Data,0x212,0x8,0x52 0x01 0x00 0xC9 0x00 0x00 0x00 0x2A,0x2C4E,ACK
1.4420153000,351,Data,0x211,0x8,0xE4 0x00 0x2A 0x00 0x00 0x00 0x00 0x00,0x0D4D,ACK
1.4422755000,352,Data,0x343,0x8,0x00 0x00 0x00 0x00 0x00 0x00 0x00 0x00,0x33F5,ACK
1.4554335000,353,Data,0x100,0x8,0x00 0x00 0x00 0x40 0x23 0x4F 0x64 0x32,0x4018,ACK
1.4556776000,354,Data,0x203,0x8,0x03 0x00 0x58 0x00 0x58 0x00 0x00 0x00,0x4AB9,ACK
1.4559239000,355,Data,0x204,0x8,0x00 0x00 0x00 0x00 0x00 0x00 0x00 0x00,0x79D1,ACK
1.4561801000,356,Data,0x205,0x8,0x00 0x00 0x00 0x00 0x00 0x00 0x00 0x00,0x72CA,ACK
1.4564824000,357,Data,0x209,0x8,0x9F 0x27 0x10 0x04 0x90 0x49 0x00 0x00,0x59C2,ACK
1.4567226000,358,Data,0x20A,0x8,0x00 0x00 0x00 0x00 0x00 0x00 0x00 0x00,0x1B53,ACK
1.4569769000,359,Data,0x20B,0x8,0xBC 0x02 0x64 0x00 0x01 0xC8 0x00 0x00,0x021C,ACK
1.4572211000,360,Data,0x20C,0x8,0x00 0xC4 0x2C 0x34 0x1E 0x07 0x00 0x00,0x3E70,ACK
1.4574693000,361,Data,0x301,0x8,0x00 0x00 0x00 0x00 0x00 0x00 0x00 0x00,0x7E55,ACK
1.4577256000,362,Data,0x302,0x2,0x00 0xFF,0x6FC0,ACK
1.4578698000,363,Data,0x485,0x8,0x22 0x00 0x00 0x00 0x0C 0x02 0x48 0x0C,0x1FCE,ACK
1.4754059000,364,Data,0x100,0x8,0x00 0x00 0x00 0x40 0x23 0x4F 0x64 0x32,0x4018,ACK
1.4954059000,365,Data,0x100,0x8,0x00 0x00 0x00 0x40 0x23 0x4F 0x64 0x32,0x4018,ACK
1.5049241000,366,Data,0x423,0x8,0xBC 0x02 0x64 0x00 0x3D 0x00 0x01 0x00,0x4EF3,ACK
1.5058224000,367,Data,0x425,0x8,0x01 0x64 0x49 0x58 0x58 0x58 0x01 0xFF,0x04F4,ACK
1.5060586000,368,Data,0x429,0x8,0x20 0x00 0x00 0x00 0x00 0x00 0x00 0x00,0x7AC7,ACK
1.5063069000,369,Data,0x420,0x8,0xA4 0x14 0xF2 0xFF 0x70 0x03 0x00 0x00,0x0047,ACK
1.5065471000,370,Data,0x421,0x8,0x38 0x36 0x31 0x34 0xFB 0x04 0x62 0x04,0x00AE,ACK
1.5068794000,371,Data,0x422,0x8,0x00 0x00 0x20 0x00 0x15 0x00 0x02 0x00,0x33F1,ACK
1.5154034000,372,Data,0x100,0x8,0x00 0x00 0x00 0x40 0x23 0x4F 0x64 0x32,0x4018,ACK
1.5354053000,373,Data,0x100,0x8,0x00 0x00 0x00 0x40 0x23 0x4F 0x64 0x32,0x4018,ACK
1.5417494000,374,Data,0x212,0x8,0x52 0x01 0x00 0xC9 0x00 0x00 0x00 0x2A,0x2C4E,ACK
1.5420056000,375,Data,0x211,0x8,0xE4 0x00 0x2A 0x00 0x00 0x00 0x00 0x00,0x0D4D,ACK
1.5422659000,376,Data,0x343,0x8,0x00 0x00 0x00 0x00 0x00 0x00 0x00 0x00,0x33F5,ACK
1.5425441000,377,Data,0x341,0x8,0x00 0x00 0x00 0x00 0x02 0x00 0x00 0x00,0x1833,ACK
1.5428224000,378,Data,0x342,0x8,0x23 0x00 0x64 0x00 0x00 0xC4 0x16 0x34,0x5886,ACK
1.5430765000,379,Data,0x344,0x8,0x00 0x00 0x00 0x03 0x00 0x00 0x00 0x00,0x6F15,ACK
1.5554225000,380,Data,0x100,0x8,0x00 0x00 0x00 0x40 0x23 0x4F 0x64 0x32,0x4018,ACK
1.5556687000,381,Data,0x203,0x8,0x03 0x00 0x58 0x00 0x58 0x00 0x00 0x00,0x4AB9,ACK
1.5559170000,382,Data,0x204,0x8,0x00 0x00 0x00 0x00 0x00 0x00 0x00 0x00,0x79D1,ACK
1.5561732000,383,Data,0x205,0x8,0x00 0x00 0x00 0x00 0x00 0x00 0x00 0x00,0x72CA,ACK
1.5564815000,384,Data,0x209,0x8,0x9F 0x27 0x10 0x04 0x90 0x49 0x00 0x00,0x59C2,ACK
1.5567217000,385,Data,0x20A,0x8,0x00 0x00 0x00 0x00 0x00 0x00 0x00 0x00,0x1B53,ACK
1.5569759000,386,Data,0x20B,0x8,0xBC 0x02 0x64 0x00 0x01 0xC8 0x00 0x00,0x021C,ACK
1.5572202000,387,Data,0x20C,0x8,0x00 0xC4 0x2C 0x34 0x1E 0x07 0x00 0x00,0x3E70,ACK
1.5754042000,388,Data,0x100,0x8,0x00 0x00 0x00 0x40 0x23 0x4F 0x64 0x32,0x4018,ACK
1.5954042000,389,Data,0x100,0x8,0x00 0x00 0x00 0x40 0x23 0x4F 0x64 0x32,0x4018,ACK
1.6080505000,390,Data,0x311,0x8,0x39 0x1E 0x07 0x3F 0x90 0x01 0x00 0x00,0x66BC,ACK
1.6094447000,391,Data,0x310,0x8,0xF1 0x0E 0x78 0x05 0x19 0x02 0x01 0xC8,0x37D5,ACK
1.6154028000,392,Data,0x100,0x8,0x00 0x00 0x00 0x40 0x23 0x4F 0x64 0x32,0x4018,ACK
1.6354028000,393,Data,0x100,0x8,0x00 0x00 0x00 0x40 0x23 0x4F 0x64 0x32,0x4018,ACK
1.6417348000,394,Data,0x212,0x8,0x52 0x01 0x00 0xC9 0x00 0x00 0x00 0x2A,0x2C4E,ACK
1.6419951000,395,Data,0x211,0x8,0xE4 0x00 0x2A 0x00 0x00 0x00 0x00 0x00,0x0D4D,ACK
1.6422733000,396,Data,0x343,0x8,0x00 0x00 0x00 0x00 0x00 0x00 0x00 0x00,0x33F5,ACK
1.6554433000,397,Data,0x100,0x8,0x00 0x00 0x00 0x40 0x23 0x4F 0x64 0x32,0x4018,ACK
1.6556876000,398,Data,0x203,0x8,0x03 0x00 0x58 0x00 0x58 0x00 0x00 0x00,0x4AB9,ACK
1.6559338000,399,Data,0x204,0x8,0x00 0x00 0x00 0x00 0x00 0x00 0x00 0x00,0x79D1,ACK
1.6561921000,400,Data,0x205,0x8,0x00 0x00 0x00 0x00 0x00 0x00 0x00 0x00,0x72CA,ACK
1.6564803000,401,Data,0x209,0x8,0x9F 0x27 0x10 0x04 0x90 0x49 0x00 0x00,0x59C2,ACK
1.6567205000,402,Data,0x20A,0x8,0x00 0x00 0x00 0x00 0x00 0x00 0x00 0x00,0x1B53,ACK
1.6569748000,403,Data,0x20B,0x8,0xBC 0x02 0x64 0x00 0x01 0xC8 0x00 0x00,0x021C,ACK
1.6572190000,404,Data,0x20C,0x8,0x00 0xC4 0x2C 0x34 0x1E 0x07 0x00 0x00,0x3E70,ACK
1.6574673000,405,Data,0x301,0x8,0x00 0x00 0x00 0x00 0x00 0x00 0x00 0x00,0x7E55,ACK
1.6577235000,406,Data,0x302,0x2,0x00 0xFF,0x6FC0,ACK
1.6578698000,407,Data,0x485,0x8,0x22 0x00 0x00 0x00 0x0C 0x02 0x48 0x0C,0x1FCE,ACK
1.6581140000,408,Data,0x480,0x8,0x00 0x00 0x00 0x00 0x20 0x00 0x00 0x00,0x2C46,ACK
1.6583703000,409,Data,0x481,0x8,0x50 0x0A 0x40 0x08 0x00 0x00 0x00 0x00,0x46C7,ACK
1.6586185000,410,Data,0x482,0x8,0x52 0x01 0x02 0x00 0x00 0x00 0x00 0x00,0x36EA,ACK
1.6588668000,411,Data,0x483,0x8,0x31 0x4B 0x31 0x55 0x41 0x32 0x35 0x35,0x717E,ACK
1.6591010000,412,Data,0x484,0x8,0x31 0x50 0x33 0x39 0x36 0x35 0x00 0x00,0x0196,ACK
1.6754011000,413,Data,0x100,0x8,0x00 0x00 0x00 0x40 0x23 0x4F 0x64 0x32,0x4018,ACK
1.6954009000,414,Data,0x100,0x8,0x00 0x00 0x00 0x40 0x23 0x4F 0x64 0x32,0x4018,ACK
1.7154009000,415,Data,0x100,0x8,0x00 0x00 0x00 0x40 0x23 0x4F 0x64 0x32,0x4018,ACK
1.7354009000,416,Data,0x100,0x8,0x00 0x00 0x00 0x40 0x23 0x4F 0x64 0x32,0x4018,ACK
1.7417469000,417,Data,0x212,0x8,0x52 0x01 0x00 0xC9 0x00 0x00 0x00 0x2A,0x2C4E,ACK
1.7420092000,418,Data,0x211,0x8,0xE4 0x00 0x2A 0x00 0x00 0x00 0x00 0x00,0x0D4D,ACK
1.7422654000,419,Data,0x343,0x8,0x00 0x00 0x00 0x00 0x00 0x00 0x00 0x00,0x33F5,ACK
1.7425257000,420,Data,0x341,0x8,0x00 0x00 0x00 0x00 0x02 0x00 0x00 0x00,0x1833,ACK
1.7428219000,421,Data,0x342,0x8,0x23 0x00 0x64 0x00 0x00 0xC4 0x16 0x34,0x5886,ACK
1.7430822000,422,Data,0x344,0x8,0x00 0x00 0x00 0x03 0x00 0x00 0x00 0x00,0x6F15,ACK
1.7554222000,423,Data,0x100,0x8,0x00 0x00 0x00 0x40 0x23 0x4F 0x64 0x32,0x4018,ACK
1.7556684000,424,Data,0x203,0x8,0x03 0x00 0x58 0x00 0x58 0x00 0x00 0x00,0x4AB9,ACK
1.7559167000,425,Data,0x204,0x8,0x00 0x00 0x00 0x00 0x00 0x00 0x00 0x00,0x79D1,ACK
1.7561729000,426,Data,0x205,0x8,0x00 0x00 0x00 0x00 0x00 0x00 0x00 0x00,0x72CA,ACK
1.7564771000,427,Data,0x209,0x8,0x9F 0x27 0x10 0x04 0x90 0x49 0x00 0x00,0x59C2,ACK
1.7567174000,428,Data,0x20A,0x8,0x00 0x00 0x00 0x00 0x00 0x00 0x00 0x00,0x1B53,ACK
1.7569716000,429,Data,0x20B,0x8,0xBC 0x02 0x64 0x00 0x01 0xC8 0x00 0x00,0x021C,ACK
1.7572159000,430,Data,0x20C,0x8,0x00 0xC4 0x2C 0x34 0x1E 0x07 0x00 0x00,0x3E70,ACK
1.7754019000,431,Data,0x100,0x8,0x00 0x00 0x00 0x40 0x23 0x4F 0x64 0x32,0x4018,ACK
1.7954019000,432,Data,0x100,0x8,0x00 0x00 0x00 0x40 0x23 0x4F 0x64 0x32,0x4018,ACK
1.8082862000,433,Data,0x311,0x8,0x39 0x1E 0x07 0x3F 0x90 0x01 0x00 0x00,0x66BC,ACK
1.8097325000,434,Data,0x310,0x8,0xF1 0x0E 0x78 0x05 0x19 0x02 0x01 0xC8,0x37D5,ACK
1.8154005000,435,Data,0x100,0x8,0x00 0x00 0x00 0x40 0x23 0x4F 0x64 0x32,0x4018,ACK
1.8354005000,436,Data,0x100,0x8,0x00 0x00 0x00 0x40 0x23 0x4F 0x64 0x32,0x4018,ACK
1.8417405000,437,Data,0x212,0x8,0x52 0x01 0x00 0xC9 0x00 0x00 0x00 0x2A,0x2C4E,ACK
1.8419987000,438,Data,0x211,0x8,0xE4 0x00 0x2A 0x00 0x00 0x00 0x00 0x00,0x0D4D,ACK
1.8422590000,439,Data,0x343,0x8,0x00 0x00 0x00 0x00 0x00 0x00 0x00 0x00,0x33F5,ACK
1.8425352000,440,Data,0x401,0x8,0x00 0x00 0x34 0x00 0x05 0x2B 0x00 0x00,0x3E15,ACK
1.8554273000,441,Data,0x100,0x8,0x00 0x00 0x00 0x40 0x23 0x4F 0x64 0x32,0x4018,ACK
1.8556714000,442,Data,0x203,0x8,0x03 0x00 0x58 0x00 0x58 0x00 0x00 0x00,0x4AB9,ACK
1.8559195000,443,Data,0x204,0x8,0x00 0x00 0x00 0x00 0x00 0x00 0x00 0x00,0x79D1,ACK
1.8561756000,444,Data,0x205,0x8,0x00 0x00 0x00 0x00 0x00 0x00 0x00 0x00,0x72CA,ACK
1.8564637000,445,Data,0x209,0x8,0x9F 0x27 0x10 0x04 0x90 0x49 0x00 0x00,0x59C2,ACK
1.8567039000,446,Data,0x20A,0x8,0x00 0x00 0x00 0x00 0x00 0x00 0x00 0x00,0x1B53,ACK
1.8569580000,447,Data,0x20B,0x8,0xBC 0x02 0x64 0x00 0x01 0xC8 0x00 0x00,0x021C,ACK
1.8572041000,448,Data,0x20C,0x8,0x00 0xC4 0x2C 0x34 0x1E 0x07 0x00 0x00,0x3E70,ACK
1.8574542000,449,Data,0x301,0x8,0x00 0x00 0x00 0x00 0x00 0x00 0x00 0x00,0x7E55,ACK
1.8577103000,450,Data,0x302,0x2,0x00 0xFF,0x6FC0,ACK
1.8578565000,451,Data,0x485,0x8,0x22 0x00 0x00 0x00 0x0C 0x02 0x48 0x0C,0x1FCE,ACK
1.8754004000,452,Data,0x100,0x8,0x00 0x00 0x00 0x40 0x23 0x4F 0x64 0x32,0x4018,ACK
1.8954004000,453,Data,0x100,0x8,0x00 0x00 0x00 0x40 0x23 0x4F 0x64 0x32,0x4018,ACK
1.9154004000,454,Data,0x100,0x8,0x00 0x00 0x00 0x40 0x23 0x4F 0x64 0x32,0x4018,ACK
1.9354004000,455,Data,0x100,0x8,0x00 0x00 0x00 0x40 0x23 0x4F 0x64 0x32,0x4018,ACK
1.9417383000,456,Data,0x212,0x8,0x52 0x01 0x00 0xC9 0x00 0x00 0x00 0x2A,0x2C4E,ACK
1.9420224000,457,Data,0x211,0x8,0xE4 0x00 0x2A 0x00 0x00 0x00 0x00 0x00,0x0D4D,ACK
1.9422806000,458,Data,0x343,0x8,0x00 0x00 0x00 0x00 0x00 0x00 0x00 0x00,0x33F5,ACK
1.9425367000,459,Data,0x341,0x8,0x00 0x00 0x00 0x00 0x02 0x00 0x00 0x00,0x1833,ACK
1.9428348000,460,Data,0x342,0x8,0x23 0x00 0x64 0x00 0x00 0xC4 0x16 0x34,0x5886,ACK
1.9430909000,461,Data,0x344,0x8,0x00 0x00 0x00 0x03 0x00 0x00 0x00 0x00,0x6F15,ACK
1.9554168000,462,Data,0x100,0x8,0x00 0x00 0x00 0x40 0x23 0x4F 0x64 0x32,0x4018,ACK
1.9556611000,463,Data,0x203,0x8,0x03 0x00 0x58 0x00 0x58 0x00 0x00 0x00,0x4AB9,ACK
1.9559093000,464,Data,0x204,0x8,0x00 0x00 0x00 0x00 0x00 0x00 0x00 0x00,0x79D1,ACK
1.9561656000,465,Data,0x205,0x8,0x00 0x00 0x00 0x00 0x00 0x00 0x00 0x00,0x72CA,ACK
1.9564758000,466,Data,0x209,0x8,0x9F 0x27 0x10 0x04 0x90 0x49 0x00 0x00,0x59C2,ACK
1.9567161000,467,Data,0x20A,0x8,0x00 0x00 0x00 0x00 0x00 0x00 0x00 0x00,0x1B53,ACK
1.9569703000,468,Data,0x20B,0x8,0xBC 0x02 0x64 0x00 0x01 0xC8 0x00 0x00,0x021C,ACK
1.9572146000,469,Data,0x20C,0x8,0x00 0xC4 0x2C 0x34 0x1E 0x07 0x00 0x00,0x3E70,ACK
1.9753986000,470,Data,0x100,0x8,0x00 0x00 0x00 0x40 0x23 0x4F 0x64 0x32,0x4018,ACK
1.9953986000,471,Data,0x100,0x8,0x00 0x00 0x00 0x40 0x23 0x4F 0x64 0x32,0x4018,ACK
2.0056507000,472,Data,0x424,0x8,0x67 0x3C 0x4D 0x69 0x00 0x00 0x00 0x00,0x2816,ACK
2.0058889000,473,Data,0x425,0x8,0x01 0x64 0x49 0x58 0x58 0x58 0x01 0xFF,0x04F4,ACK
2.0061252000,474,Data,0x429,0x8,0x20 0x00 0x00 0x00 0x00 0x00 0x00 0x00,0x7AC7,ACK
2.0063734000,475,Data,0x420,0x8,0xA4 0x14 0xF6 0xFF 0x70 0x03 0x00 0x00,0x78F7,ACK
2.0066117000,476,Data,0x421,0x8,0x38 0x36 0x31 0x34 0xFB 0x04 0x62 0x04,0x00AE,ACK
2.0069279000,477,Data,0x422,0x8,0x00 0x00 0x20 0x00 0x15 0x00 0x02 0x00,0x33F1,ACK
2.0071742000,478,Data,0x500,0x8,0x48 0x48 0x49 0xFF 0x48 0x48 0x48 0xFF,0x3C42,ACK
2.0074044000,479,Data,0x423,0x8,0xBC 0x02 0x64 0x00 0x3D 0x00 0x01 0x00,0x4EF3,ACK
2.0089487000,480,Data,0x310,0x8,0xF1 0x0E 0x78 0x05 0x19 0x02 0x01 0xC8,0x37D5,ACK
2.0096769000,481,Data,0x311,0x8,0x39 0x1E 0x07 0x3F 0x90 0x01 0x00 0x00,0x66BC,ACK
2.0153990000,482,Data,0x100,0x8,0x00 0x00 0x00 0x40 0x23 0x4F 0x64 0x32,0x4018,ACK
2.0353989000,483,Data,0x100,0x8,0x00 0x00 0x00 0x40 0x23 0x4F 0x64 0x32,0x4018,ACK
2.0417509000,484,Data,0x212,0x8,0x52 0x01 0x00 0xC9 0x00 0x00 0x00 0x2A,0x2C4E,ACK
2.0420130000,485,Data,0x211,0x8,0xE4 0x00 0x2A 0x00 0x00 0x00 0x00 0x00,0x0D4D,ACK
2.0422693000,486,Data,0x343,0x8,0x00 0x00 0x00 0x00 0x00 0x00 0x00 0x00,0x33F5,ACK
2.0554252000,487,Data,0x100,0x8,0x00 0x00 0x00 0x40 0x23 0x4F 0x64 0x32,0x4018,ACK
2.0556714000,488,Data,0x203,0x8,0x03 0x00 0x58 0x00 0x58 0x00 0x00 0x00,0x4AB9,ACK
2.0559177000,489,Data,0x204,0x8,0x00 0x00 0x00 0x00 0x00 0x00 0x00 0x00,0x79D1,ACK
2.0561739000,490,Data,0x205,0x8,0x00 0x00 0x00 0x00 0x00 0x00 0x00 0x00,0x72CA,ACK
2.0564742000,491,Data,0x209,0x8,0x9F 0x27 0x10 0x04 0x90 0x49 0x00 0x00,0x59C2,ACK
2.0567143000,492,Data,0x20A,0x8,0x00 0x00 0x00 0x00 0x00 0x00 0x00 0x00,0x1B53,ACK
2.0569685000,493,Data,0x20B,0x8,0xBC 0x02 0x64 0x00 0x01 0xC8 0x00 0x00,0x021C,ACK
2.0572128000,494,Data,0x20C,0x8,0x00 0xC4 0x2C 0x34 0x1E 0x07 0x00 0x00,0x3E70,ACK
2.0574610000,495,Data,0x301,0x8,0x00 0x00 0x00 0x00 0x00 0x00 0x00 0x00,0x7E55,ACK
2.0577173000,496,Data,0x302,0x2,0x00 0xFF,0x6FC0,ACK
2.0578635000,497,Data,0x485,0x8,0x22 0x00 0x00 0x00 0x0C 0x02 0x48 0x0C,0x1FCE,ACK
2.0753976000,498,Data,0x100,0x8,0x00 0x00 0x00 0x40 0x23 0x4F 0x64 0x32,0x4018,ACK
2.0953976000,499,Data,0x100,0x8,0x00 0x00 0x00 0x40 0x23 0x4F 0x64 0x32,0x4018,ACK
2.1153975000,500,Data,0x100,0x8,0x00 0x00 0x00 0x40 0x23 0x4F 0x64 0x32,0x4018,ACK
2.1353975000,501,Data,0x100,0x8,0x00 0x00 0x00 0x40 0x23 0x4F 0x64 0x32,0x4018,ACK
2.1417276000,502,Data,0x212,0x8,0x52 0x01 0x00 0xC9 0x00 0x00 0x00 0x2A,0x2C4E,ACK
2.1419839000,503,Data,0x211,0x8,0xE4 0x00 0x2A 0x00 0x00 0x00 0x00 0x00,0x0D4D,ACK
2.1422461000,504,Data,0x343,0x8,0x00 0x00 0x00 0x00 0x00 0x00 0x00 0x00,0x33F5,ACK
2.1425264000,505,Data,0x341,0x8,0x00 0x00 0x00 0x00 0x02 0x00 0x00 0x00,0x1833,ACK
2.1428006000,506,Data,0x342,0x8,0x23 0x00 0x64 0x00 0x00 0xC4 0x16 0x34,0x5886,ACK
2.1430608000,507,Data,0x344,0x8,0x00 0x00 0x00 0x03 0x00 0x00 0x00 0x00,0x6F15,ACK
2.1554168000,508,Data,0x100,0x8,0x00 0x00 0x00 0x40 0x23 0x4F 0x64 0x32,0x4018,ACK
2.1556609000,509,Data,0x203,0x8,0x03 0x00 0x58 0x00 0x58 0x00 0x00 0x00,0x4AB9,ACK
2.1559072000,510,Data,0x204,0x8,0x00 0x00 0x00 0x00 0x00 0x00 0x00 0x00,0x79D1,ACK
2.1561634000,511,Data,0x205,0x8,0x00 0x00 0x00 0x00 0x00 0x00 0x00 0x00,0x72CA,ACK
2.1564617000,512,Data,0x209,0x8,0x9F 0x27 0x10 0x04 0x90 0x49 0x00 0x00,0x59C2,ACK
2.1567039000,513,Data,0x20A,0x8,0x00 0x00 0x00 0x00 0x00 0x00 0x00 0x00,0x1B53,ACK
2.1569581000,514,Data,0x20B,0x8,0xBC 0x02 0x64 0x00 0x01 0xC8 0x00 0x00,0x021C,ACK
2.1572024000,515,Data,0x20C,0x8,0x00 0xC4 0x2C 0x34 0x1E 0x07 0x00 0x00,0x3E70,ACK
2.1753964000,516,Data,0x100,0x8,0x00 0x00 0x00 0x40 0x23 0x4F 0x64 0x32,0x4018,ACK
2.1953964000,517,Data,0x100,0x8,0x00 0x00 0x00 0x40 0x23 0x4F 0x64 0x32,0x4018,ACK
2.2095646000,518,Data,0x310,0x8,0xF1 0x0E 0x78 0x05 0x19 0x02 0x01 0xC8,0x37D5,ACK
2.2102989000,519,Data,0x311,0x8,0x39 0x1E 0x07 0x3F 0x90 0x01 0x00 0x00,0x66BC,ACK
2.2153850000,520,Data,0x100,0x8,0x00 0x00 0x00 0x40 0x23 0x4F 0x64 0x32,0x4018,ACK
2.2353949000,521,Data,0x100,0x8,0x00 0x00 0x00 0x40 0x23 0x4F 0x64 0x32,0x4018,ACK
2.2417249000,522,Data,0x212,0x8,0x52 0x01 0x00 0xC9 0x00 0x00 0x00 0x2A,0x2C4E,ACK
2.2420052000,523,Data,0x211,0x8,0xE4 0x00 0x2A 0x00 0x00 0x00 0x00 0x00,0x0D4D,ACK
2.2422674000,524,Data,0x343,0x8,0x00 0x00 0x00 0x00 0x00 0x00 0x00 0x00,0x33F5,ACK
2.2554234000,525,Data,0x100,0x8,0x00 0x00 0x00 0x40 0x23 0x4F 0x64 0x32,0x4018,ACK
2.2556696000,526,Data,0x203,0x8,0x03 0x00 0x58 0x00 0x58 0x00 0x00 0x00,0x4AB9,ACK
2.2559159000,527,Data,0x204,0x8,0x00 0x00 0x00 0x00 0x00 0x00 0x00 0x00,0x79D1,ACK
2.2561721000,528,Data,0x205,0x8,0x00 0x00 0x00 0x00 0x00 0x00 0x00 0x00,0x72CA,ACK
2.2564724000,529,Data,0x209,0x8,0x9F 0x27 0x10 0x04 0x90 0x49 0x00 0x00,0x59C2,ACK
2.2567126000,530,Data,0x20A,0x8,0x00 0x00 0x00 0x00 0x00 0x00 0x00 0x00,0x1B53,ACK
2.2569689000,531,Data,0x20B,0x8,0xBC 0x02 0x64 0x00 0x01 0xC8 0x00 0x00,0x021C,ACK
2.2572151000,532,Data,0x20C,0x8,0x00 0xC4 0x2C 0x34 0x1E 0x07 0x00 0x00,0x3E70,ACK
2.2574634000,533,Data,0x301,0x8,0x00 0x00 0x00 0x00 0x00 0x00 0x00 0x00,0x7E55,ACK
2.2577196000,534,Data,0x302,0x2,0x00 0xFF,0x6FC0,ACK
2.2578639000,535,Data,0x485,0x8,0x22 0x00 0x00 0x00 0x0C 0x02 0x48 0x0C,0x1FCE,ACK
2.2753959000,536,Data,0x100,0x8,0x00 0x00 0x00 0x40 0x23 0x4F 0x64 0x32,0x4018,ACK
2.2953959000,537,Data,0x100,0x8,0x00 0x00 0x00 0x40 0x23 0x4F 0x64 0x32,0x4018,ACK
2.3153959000,538,Data,0x100,0x8,0x00 0x00 0x00 0x40 0x23 0x4F 0x64 0x32,0x4018,ACK
2.3353819000,539,Data,0x100,0x8,0x00 0x00 0x00 0x40 0x23 0x4F 0x64 0x32,0x4018,ACK
2.3417319000,540,Data,0x212,0x8,0x52 0x01 0x00 0xC9 0x00 0x00 0x00 0x2A,0x2C4E,ACK
2.3419962000,541,Data,0x211,0x8,0xE4 0x00 0x2A 0x00 0x00 0x00 0x00 0x00,0x0D4D,ACK
2.3422524000,542,Data,0x343,0x8,0x00 0x00 0x00 0x00 0x00 0x00 0x00 0x00,0x33F5,ACK
2.3425126000,543,Data,0x341,0x8,0x00 0x00 0x00 0x00 0x02 0x00 0x00 0x00,0x1833,ACK
2.3428109000,544,Data,0x342,0x8,0x23 0x00 0x64 0x00 0x00 0xC4 0x16 0x34,0x5886,ACK
2.3430671000,545,Data,0x344,0x8,0x00 0x00 0x00 0x03 0x00 0x00 0x00 0x00,0x6F15,ACK
2.3433254000,546,Data,0x401,0x8,0x00 0x00 0x34 0x00 0x05 0x2B 0x00 0x00,0x3E15,ACK
2.3554113000,547,Data,0x100,0x8,0x00 0x00 0x00 0x40 0x23 0x4F 0x64 0x32,0x4018,ACK
2.3556556000,548,Data,0x203,0x8,0x03 0x00 0x58 0x00 0x58 0x00 0x00 0x00,0x4AB9,ACK
2.3559038000,549,Data,0x204,0x8,0x00 0x00 0x00 0x00 0x00 0x00 0x00 0x00,0x79D1,ACK
2.3561601000,550,Data,0x205,0x8,0x00 0x00 0x00 0x00 0x00 0x00 0x00 0x00,0x72CA,ACK
2.3564703000,551,Data,0x209,0x8,0x9F 0x27 0x10 0x04 0x90 0x49 0x00 0x00,0x59C2,ACK
2.3567106000,552,Data,0x20A,0x8,0x00 0x00 0x00 0x00 0x00 0x00 0x00 0x00,0x1B53,ACK
2.3569648000,553,Data,0x20B,0x8,0xBC 0x02 0x64 0x00 0x01 0xC8 0x00 0x00,0x021C,ACK
2.3572091000,554,Data,0x20C,0x8,0x00 0xC4 0x2C 0x34 0x1E 0x07 0x00 0x00,0x3E70,ACK
2.3753931000,555,Data,0x100,0x8,0x00 0x00 0x00 0x40 0x23 0x4F 0x64 0x32,0x4018,ACK
2.3953931000,556,Data,0x100,0x8,0x00 0x00 0x00 0x40 0x23 0x4F 0x64 0x32,0x4018,ACK
2.4107774000,557,Data,0x310,0x8,0xF1 0x0E 0x78 0x05 0x19 0x02 0x01 0xC8,0x37D5,ACK
2.4115076000,558,Data,0x311,0x8,0x39 0x1E 0x07 0x3F 0x90 0x01 0x00 0x00,0x66BC,ACK
2.4153917000,559,Data,0x100,0x8,0x00 0x00 0x00 0x40 0x23 0x4F 0x64 0x32,0x4018,ACK
2.4353937000,560,Data,0x100,0x8,0x00 0x00 0x00 0x40 0x23 0x4F 0x64 0x32,0x4018,ACK
2.4417137000,561,Data,0x212,0x8,0x52 0x01 0x00 0xC9 0x00 0x00 0x00 0x2A,0x2C4E,ACK
2.4419740000,562,Data,0x211,0x8,0xE4 0x00 0x2A 0x00 0x00 0x00 0x00 0x00,0x0D4D,ACK
2.4422302000,563,Data,0x343,0x8,0x00 0x00 0x00 0x00 0x00 0x00 0x00 0x00,0x33F5,ACK
2.4554182000,564,Data,0x100,0x8,0x00 0x00 0x00 0x40 0x23 0x4F 0x64 0x32,0x4018,ACK
2.4556644000,565,Data,0x203,0x8,0x03 0x00 0x58 0x00 0x58 0x00 0x00 0x00,0x4AB9,ACK
2.4559127000,566,Data,0x204,0x8,0x00 0x00 0x00 0x00 0x00 0x00 0x00 0x00,0x79D1,ACK
2.4561689000,567,Data,0x205,0x8,0x00 0x00 0x00 0x00 0x00 0x00 0x00 0x00,0x72CA,ACK
2.4564692000,568,Data,0x209,0x8,0x9F 0x27 0x10 0x04 0x90 0x49 0x00 0x00,0x59C2,ACK
2.4567094000,569,Data,0x20A,0x8,0x00 0x00 0x00 0x00 0x00 0x00 0x00 0x00,0x1B53,ACK
2.4569657000,570,Data,0x20B,0x8,0xBC 0x02 0x64 0x00 0x01 0xC8 0x00 0x00,0x021C,ACK
2.4572099000,571,Data,0x20C,0x8,0x00 0xC4 0x2C 0x34 0x1E 0x07 0x00 0x00,0x3E70,ACK
2.4574582000,572,Data,0x301,0x8,0x00 0x00 0x00 0x00 0x00 0x00 0x00 0x00,0x7E55,ACK
2.4577144000,573,Data,0x302,0x2,0x00 0xFF,0x6FC0,ACK
2.4578607000,574,Data,0x485,0x8,0x22 0x00 0x00 0x00 0x0C 0x02 0x48 0x0C,0x1FCE,ACK
2.4753927000,575,Data,0x100,0x8,0x00 0x00 0x00 0x40 0x23 0x4F 0x64 0x32,0x4018,ACK
2.4953907000,576,Data,0x100,0x8,0x00 0x00 0x00 0x40 0x23 0x4F 0x64 0x32,0x4018,ACK
2.5065250000,577,Data,0x425,0x8,0x01 0x64 0x49 0x58 0x58 0x58 0x01 0xFF,0x04F4,ACK
2.5067612000,578,Data,0x429,0x8,0x20 0x00 0x00 0x00 0x00 0x00 0x00 0x00,0x7AC7,ACK
2.5070095000,579,Data,0x420,0x8,0xA4 0x14 0xF4 0xFF 0x70 0x03 0x00 0x00,0x44AF,ACK
2.5072477000,580,Data,0x421,0x8,0x38 0x36 0x31 0x34 0xFB 0x04 0x62 0x04,0x00AE,ACK
2.5075820000,581,Data,0x422,0x8,0x00 0x00 0x20 0x00 0x15 0x00 0x02 0x00,0x33F1,ACK
2.5079682000,582,Data,0x423,0x8,0xBC 0x02 0x64 0x00 0x3D 0x00 0x01 0x00,0x4EF3,ACK
2.5153923000,583,Data,0x100,0x8,0x00 0x00 0x00 0x40 0x23 0x4F 0x64 0x32,0x4018,ACK
2.5353923000,584,Data,0x100,0x8,0x00 0x00 0x00 0x40 0x23 0x4F 0x64 0x32,0x4018,ACK
2.5417523000,585,Data,0x212,0x8,0x52 0x01 0x00 0xC9 0x00 0x00 0x00 0x2A,0x2C4E,ACK
2.5420106000,586,Data,0x211,0x8,0xE4 0x00 0x2A 0x00 0x00 0x00 0x00 0x00,0x0D4D,ACK
2.5422708000,587,Data,0x343,0x8,0x00 0x00 0x00 0x00 0x00 0x00 0x00 0x00,0x33F5,ACK
2.5425291000,588,Data,0x341,0x8,0x00 0x00 0x00 0x00 0x02 0x00 0x00 0x00,0x1833,ACK
2.5428233000,589,Data,0x342,0x8,0x23 0x00 0x64 0x00 0x00 0xC4 0x16 0x34,0x5886,ACK
2.5430835000,590,Data,0x344,0x8,0x00 0x00 0x00 0x03 0x00 0x00 0x00 0x00,0x6F15,ACK
2.5553995000,591,Data,0x100,0x8,0x00 0x00 0x00 0x40 0x23 0x4F 0x64 0x32,0x4018,ACK
2.5556438000,592,Data,0x203,0x8,0x03 0x00 0x58 0x00 0x58 0x00 0x00 0x00,0x4AB9,ACK
2.5558900000,593,Data,0x204,0x8,0x00 0x00 0x00 0x00 0x00 0x00 0x00 0x00,0x79D1,ACK
2.5561463000,594,Data,0x205,0x8,0x00 0x00 0x00 0x00 0x00 0x00 0x00 0x00,0x72CA,ACK
2.5564685000,595,Data,0x209,0x8,0x9F 0x27 0x10 0x04 0x90 0x49 0x00 0x00,0x59C2,ACK
2.5567088000,596,Data,0x20A,0x8,0x00 0x00 0x00 0x00 0x00 0x00 0x00 0x00,0x1B53,ACK
2.5569650000,597,Data,0x20B,0x8,0xBC 0x02 0x64 0x00 0x01 0xC8 0x00 0x00,0x021C,ACK
2.5572093000,598,Data,0x20C,0x8,0x00 0xC4 0x2C 0x34 0x1E 0x07 0x00 0x00,0x3E70,ACK
2.5753913000,599,Data,0x100,0x8,0x00 0x00 0x00 0x40 0x23 0x4F 0x64 0x32,0x4018,ACK
2.5953912000,600,Data,0x100,0x8,0x00 0x00 0x00 0x40 0x23 0x4F 0x64 0x32,0x4018,ACK
2.6111793000,601,Data,0x310,0x8,0xF1 0x0E 0x78 0x05 0x19 0x02 0x01 0xC8,0x37D5,ACK
2.6118956000,602,Data,0x311,0x8,0x39 0x1E 0x07 0x3F 0x90 0x01 0x00 0x00,0x66BC,ACK
2.6153916000,603,Data,0x100,0x8,0x00 0x00 0x00 0x40 0x23 0x4F 0x64 0x32,0x4018,ACK
2.6353916000,604,Data,0x100,0x8,0x00 0x00 0x00 0x40 0x23 0x4F 0x64 0x32,0x4018,ACK
2.6417436000,605,Data,0x212,0x8,0x52 0x01 0x00 0xC9 0x00 0x00 0x00 0x2A,0x2C4E,ACK
2.6420019000,606,Data,0x211,0x8,0xE4 0x00 0x2A 0x00 0x00 0x00 0x00 0x00,0x0D4D,ACK
2.6422601000,607,Data,0x343,0x8,0x00 0x00 0x00 0x00 0x00 0x00 0x00 0x00,0x33F5,ACK
2.6554321000,608,Data,0x100,0x8,0x00 0x00 0x00 0x40 0x23 0x4F 0x64 0x32,0x4018,ACK
2.6556764000,609,Data,0x203,0x8,0x03 0x00 0x58 0x00 0x58 0x00 0x00 0x00,0x4AB9,ACK
2.6559226000,610,Data,0x204,0x8,0x00 0x00 0x00 0x00 0x00 0x00 0x00 0x00,0x79D1,ACK
2.6561789000,611,Data,0x205,0x8,0x00 0x00 0x00 0x00 0x00 0x00 0x00 0x00,0x72CA,ACK
2.6564551000,612,Data,0x209,0x8,0x9F 0x27 0x10 0x04 0x90 0x49 0x00 0x00,0x59C2,ACK
2.6566954000,613,Data,0x20A,0x8,0x00 0x00 0x00 0x00 0x00 0x00 0x00 0x00,0x1B53,ACK
2.6569516000,614,Data,0x20B,0x8,0xBC 0x02 0x64 0x00 0x01 0xC8 0x00 0x00,0x021C,ACK
2.6571959000,615,Data,0x20C,0x8,0x00 0xC4 0x2C 0x34 0x1E 0x07 0x00 0x00,0x3E70,ACK
2.6574441000,616,Data,0x301,0x8,0x00 0x00 0x00 0x00 0x00 0x00 0x00 0x00,0x7E55,ACK
2.6577004000,617,Data,0x302,0x2,0x00 0xFF,0x6FC0,ACK
2.6578466000,618,Data,0x485,0x8,0x22 0x00 0x00 0x00 0x0C 0x02 0x48 0x0C,0x1FCE,ACK
2.6580909000,619,Data,0x480,0x8,0x00 0x00 0x00 0x00 0x20 0x00 0x00 0x00,0x2C46,ACK
2.6583471000,620,Data,0x481,0x8,0x50 0x0A 0x40 0x08 0x00 0x00 0x00 0x00,0x46C7,ACK
2.6585952000,621,Data,0x482,0x8,0x52 0x01 0x02 0x00 0x00 0x00 0x00 0x00,0x36EA,ACK
2.6588435000,622,Data,0x483,0x8,0x31 0x4B 0x31 0x55 0x41 0x32 0x35 0x35,0x717E,ACK
2.6590777000,623,Data,0x484,0x8,0x31 0x50 0x33 0x39 0x36 0x35 0x00 0x00,0x0196,ACK
2.6753898000,624,Data,0x100,0x8,0x00 0x00 0x04 0x40 0x05 0x4F 0x0F 0x32,0x7282,ACK
2.6953897000,625,Data,0x100,0x8,0x00 0x00 0x04 0x40 0x05 0x4F 0x0F 0x32,0x7282,ACK
2.7153897000,626,Data,0x100,0x8,0x00 0x00 0x04 0x40 0x05 0x4F 0x0F 0x32,0x7282,ACK
2.7353897000,627,Data,0x100,0x8,0x00 0x00 0x04 0x40 0x05 0x4F 0x0F 0x32,0x7282,ACK
2.7416997000,628,Data,0x212,0x8,0x52 0x01 0x00 0xC9 0x00 0x00 0x00 0x2A,0x2C4E,ACK
2.7419640000,629,Data,0x211,0x8,0xE4 0x00 0x2A 0x00 0x00 0x00 0x00 0x00,0x0D4D,ACK
2.7422202000,630,Data,0x343,0x8,0x00 0x00 0x00 0x01 0x00 0x00 0x01 0x00,0x103B,ACK
2.7424805000,631,Data,0x341,0x8,0x00 0x00 0x00 0x00 0x02 0x00 0x00 0x00,0x1833,ACK
2.7427787000,632,Data,0x342,0x8,0x05 0x00 0x0F 0x00 0x00 0xC4 0x16 0x34,0x5BDF,ACK
2.7430350000,633,Data,0x344,0x8,0x00 0x00 0x00 0x03 0x00 0x00 0x00 0x00,0x6F15,ACK
2.7554090000,634,Data,0x100,0x8,0x00 0x00 0x04 0x40 0x05 0x4F 0x0F 0x32,0x7282,ACK
2.7556551000,635,Data,0x203,0x8,0x04 0x00 0x58 0x00 0x58 0x00 0x00 0x00,0x641B,ACK
2.7559052000,636,Data,0x204,0x8,0x00 0x00 0x00 0x00 0x00 0x00 0x00 0x00,0x79D1,ACK
2.7561613000,637,Data,0x205,0x8,0x00 0x00 0x00 0x00 0x00 0x00 0x00 0x00,0x72CA,ACK
2.7564655000,638,Data,0x209,0x8,0x9F 0x27 0x10 0x04 0x90 0x49 0x00 0x00,0x59C2,ACK
2.7567056000,639,Data,0x20A,0x8,0x00 0x00 0x00 0x00 0x00 0x00 0x00 0x00,0x1B53,ACK
2.7569617000,640,Data,0x20B,0x8,0xBC 0x02 0x64 0x00 0x01 0xC8 0x00 0x00,0x021C,ACK
2.7572058000,641,Data,0x20C,0x8,0x00 0xE4 0x0A 0x34 0x1E 0x07 0x00 0x00,0x6603,ACK
2.7753897000,642,Data,0x100,0x8,0x00 0x00 0x04 0x40 0x05 0x4F 0x0F 0x32,0x7282,ACK
2.7953876000,643,Data,0x100,0x8,0x00 0x00 0x04 0x40 0x05 0x4F 0x0F 0x32,0x7282,ACK
2.8110538000,644,Data,0x310,0x8,0xF1 0x0E 0x78 0x05 0x19 0x02 0x01 0xC8,0x37D5,ACK
2.8137961000,645,Data,0x311,0x8,0x39 0x1E 0x07 0x3F 0x90 0x01 0x00 0x00,0x66BC,ACK
2.8153882000,646,Data,0x100,0x8,0x00 0x00 0x04 0x40 0x05 0x4F 0x0F 0x32,0x7282,ACK
2.8353882000,647,Data,0x100,0x8,0x00 0x00 0x04 0x40 0x05 0x4F 0x0F 0x32,0x7282,ACK
2.8417382000,648,Data,0x212,0x8,0x52 0x01 0x00 0xC9 0x00 0x00 0x00 0x2A,0x2C4E,ACK
2.8420004000,649,Data,0x211,0x8,0xE4 0x00 0x2A 0x00 0x00 0x00 0x00 0x00,0x0D4D,ACK
2.8422567000,650,Data,0x343,0x8,0x00 0x00 0x00 0x01 0x00 0x00 0x01 0x00,0x103B,ACK
2.8425169000,651,Data,0x401,0x8,0x00 0x00 0x34 0x00 0x05 0x2B 0x00 0x00,0x3E15,ACK
2.8554129000,652,Data,0x100,0x8,0x00 0x00 0x04 0x40 0x05 0x4F 0x0F 0x32,0x7282,ACK
2.8556572000,653,Data,0x203,0x8,0x04 0x00 0x58 0x00 0x58 0x00 0x00 0x00,0x641B,ACK
2.8559074000,654,Data,0x204,0x8,0x00 0x00 0x00 0x00 0x00 0x00 0x00 0x00,0x79D1,ACK
2.8561637000,655,Data,0x205,0x8,0x00 0x00 0x00 0x00 0x00 0x00 0x00 0x00,0x72CA,ACK
2.8564639000,656,Data,0x209,0x8,0x9F 0x27 0x10 0x04 0x90 0x49 0x00 0x00,0x59C2,ACK
2.8567042000,657,Data,0x20A,0x8,0x00 0x00 0x00 0x00 0x00 0x00 0x00 0x00,0x1B53,ACK
2.8569584000,658,Data,0x20B,0x8,0xBC 0x02 0x64 0x00 0x01 0xC8 0x00 0x00,0x021C,ACK
2.8572027000,659,Data,0x20C,0x8,0x00 0xE4 0x0A 0x34 0x1E 0x07 0x00 0x00,0x6603,ACK
2.8574529000,660,Data,0x301,0x8,0x00 0x00 0x00 0x00 0x00 0x00 0x00 0x00,0x7E55,ACK
2.8577092000,661,Data,0x302,0x2,0x00 0xFF,0x6FC0,ACK
2.8578534000,662,Data,0x485,0x8,0x22 0x00 0x00 0x00 0x62 0x00 0x14 0x0C,0x569F,ACK
2.8753874000,663,Data,0x100,0x8,0x00 0x00 0x04 0x40 0x05 0x4F 0x0F 0x32,0x7282,ACK
2.8953874000,664,Data,0x100,0x8,0x00 0x00 0x04 0x40 0x05 0x4F 0x0F 0x32,0x7282,ACK
2.9153854000,665,Data,0x100,0x8,0x00 0x00 0x04 0x40 0x05 0x4F 0x0F 0x32,0x7282,ACK
2.9353874000,666,Data,0x100,0x8,0x00 0x00 0x04 0x40 0x05 0x4F 0x0F 0x32,0x7282,ACK
2.9417394000,667,Data,0x212,0x8,0x52 0x01 0x00 0xC9 0x00 0x00 0x00 0x2A,0x2C4E,ACK
2.9419975000,668,Data,0x211,0x8,0xE4 0x00 0x2A 0x00 0x00 0x00 0x00 0x00,0x0D4D,ACK
2.9422796000,669,Data,0x343,0x8,0x00 0x00 0x00 0x01 0x00 0x00 0x01 0x00,0x103B,ACK
2.9425358000,670,Data,0x341,0x8,0x00 0x00 0x00 0x00 0x02 0x00 0x00 0x00,0x1833,ACK
2.9428119000,671,Data,0x342,0x8,0x05 0x00 0x0F 0x00 0x00 0xE4 0x05 0x34,0x6794,ACK
2.9430940000,672,Data,0x344,0x8,0x00 0x00 0x00 0x03 0x00 0x00 0x00 0x00,0x6F15,ACK
2.9554059000,673,Data,0x100,0x8,0x00 0x00 0x04 0x40 0x05 0x4F 0x0F 0x32,0x7282,ACK
2.9556500000,674,Data,0x203,0x8,0x04 0x00 0x58 0x00 0x58 0x00 0x00 0x00,0x641B,ACK
2.9559003000,675,Data,0x204,0x8,0x00 0x00 0x00 0x00 0x00 0x00 0x00 0x00,0x79D1,ACK
2.9561565000,676,Data,0x205,0x8,0x00 0x00 0x00 0x00 0x00 0x00 0x00 0x00,0x72CA,ACK
2.9564488000,677,Data,0x209,0x8,0x9F 0x27 0x10 0x04 0x90 0x49 0x00 0x00,0x59C2,ACK
2.9566910000,678,Data,0x20A,0x8,0x00 0x00 0x00 0x00 0x00 0x00 0x00 0x00,0x1B53,ACK
2.9569473000,679,Data,0x20B,0x8,0xBC 0x02 0x64 0x00 0x01 0xC8 0x00 0x00,0x021C,ACK
2.9571915000,680,Data,0x20C,0x8,0x00 0xE4 0x0A 0x34 0x1E 0x07 0x00 0x00,0x6603,ACK
2.9753735000,681,Data,0x100,0x8,0x00 0x00 0x04 0x40 0x05 0x4F 0x0F 0x32,0x7282,ACK
2.9953855000,682,Data,0x100,0x8,0x00 0x00 0x04 0x40 0x05 0x4F 0x0F 0x32,0x7282,ACK
3.0140938000,683,Data,0x424,0x8,0x68 0x3C 0x4D 0x69 0x00 0x00 0x00 0x00,0x2262,ACK
3.0143340000,684,Data,0x425,0x8,0x01 0x64 0x49 0x58 0x58 0x58 0x01 0xFF,0x04F4,ACK
3.0145703000,685,Data,0x429,0x8,0x20 0x00 0x00 0x00 0x00 0x00 0x00 0x00,0x7AC7,ACK
3.0148185000,686,Data,0x420,0x8,0xA4 0x14 0xF4 0xFF 0x70 0x03 0x00 0x00,0x44AF,ACK
3.0150568000,687,Data,0x421,0x8,0x38 0x36 0x31 0x34 0xFB 0x04 0x62 0x04,0x00AE,ACK
3.0152910000,688,Data,0x310,0x8,0xF1 0x0E 0x78 0x05 0x19 0x02 0x01 0xC8,0x37D5,ACK
3.0155231000,689,Data,0x100,0x8,0x00 0x00 0x04 0x40 0x05 0x4F 0x0F 0x32,0x7282,ACK
3.0157633000,690,Data,0x422,0x8,0x00 0x00 0x20 0x00 0x15 0x00 0x02 0x00,0x33F1,ACK
3.0160095000,691,Data,0x423,0x8,0xBC 0x02 0x64 0x00 0x3D 0x00 0x01 0x00,0x4EF3,ACK
3.0162458000,692,Data,0x311,0x8,0x39 0x1E 0x07 0x3F 0x90 0x01 0x00 0x00,0x66BC,ACK
3.0164840000,693,Data,0x501,0x8,0xB4 0xC1 0x83 0x58 0x51 0xE5 0xB2 0x6B,0x057E,ACK
3.0167143000,694,Data,0x502,0x8,0x32 0xAC 0x86 0x0E 0x1A 0xB9 0x00 0x00,0x0E93,ACK
3.0353841000,695,Data,0x100,0x8,0x00 0x00 0x04 0x40 0x05 0x4F 0x0F 0x32,0x7282,ACK
3.0416942000,696,Data,0x212,0x8,0x52 0x01 0x00 0xC9 0x00 0x00 0x00 0x2A,0x2C4E,ACK
3.0419583000,697,Data,0x211,0x8,0xE4 0x00 0x2A 0x00 0x00 0x00 0x00 0x00,0x0D4D,ACK
3.0422166000,698,Data,0x343,0x8,0x00 0x00 0x00 0x01 0x00 0x00 0x01 0x00,0x103B,ACK
3.0554105000,699,Data,0x100,0x8,0x00 0x00 0x04 0x40 0x05 0x4F 0x0F 0x32,0x7282,ACK
3.0556568000,700,Data,0x203,0x8,0x04 0x00 0x58 0x00 0x58 0x00 0x00 0x00,0x641B,ACK
3.0559070000,701,Data,0x204,0x8,0x00 0x00 0x00 0x00 0x00 0x00 0x00 0x00,0x79D1,ACK
3.0561633000,702,Data,0x205,0x8,0x00 0x00 0x00 0x00 0x00 0x00 0x00 0x00,0x72CA,ACK
3.0564615000,703,Data,0x209,0x8,0x9F 0x27 0x10 0x04 0x90 0x49 0x00 0x00,0x59C2,ACK
3.0567017000,704,Data,0x20A,0x8,0x00 0x00 0x00 0x00 0x00 0x00 0x00 0x00,0x1B53,ACK
3.0569580000,705,Data,0x20B,0x8,0xBC 0x02 0x64 0x00 0x01 0xC8 0x00 0x00,0x021C,ACK
3.0572022000,706,Data,0x20C,0x8,0x00 0xE4 0x0A 0x34 0x1E 0x07 0x00 0x00,0x6603,ACK
3.0574525000,707,Data,0x301,0x8,0x00 0x00 0x00 0x00 0x00 0x00 0x00 0x00,0x7E55,ACK
3.0577087000,708,Data,0x302,0x2,0x00 0xFF,0x6FC0,ACK
3.0578530000,709,Data,0x485,0x8,0x22 0x00 0x00 0x00 0x62 0x00 0x14 0x0C,0x569F,ACK
3.0753730000,710,Data,0x100,0x8,0x00 0x00 0x04 0x40 0x05 0x4F 0x0F 0x32,0x7282,ACK
3.0953850000,711,Data,0x100,0x8,0x00 0x00 0x04 0x40 0x05 0x4F 0x0F 0x32,0x7282,ACK
3.1153850000,712,Data,0x100,0x8,0x00 0x00 0x04 0x40 0x05 0x4F 0x0F 0x32,0x7282,ACK
3.1353829000,713,Data,0x100,0x8,0x00 0x00 0x04 0x40 0x05 0x4F 0x0F 0x32,0x7282,ACK
3.1417329000,714,Data,0x212,0x8,0x52 0x01 0x00 0xC9 0x00 0x00 0x00 0x2A,0x2C4E,ACK
3.1419932000,715,Data,0x211,0x8,0xE4 0x00 0x2A 0x00 0x00 0x00 0x00 0x00,0x0D4D,ACK
3.1422494000,716,Data,0x343,0x8,0x00 0x00 0x00 0x01 0x00 0x00 0x01 0x00,0x103B,ACK
3.1425097000,717,Data,0x341,0x8,0x00 0x00 0x00 0x00 0x02 0x00 0x00 0x00,0x1833,ACK
3.1428079000,718,Data,0x342,0x8,0x05 0x00 0x0F 0x00 0x00 0xE4 0x05 0x34,0x6794,ACK
3.1430662000,719,Data,0x344,0x8,0x00 0x00 0x00 0x03 0x00 0x00 0x00 0x00,0x6F15,ACK
3.1554021000,720,Data,0x100,0x8,0x00 0x00 0x04 0x40 0x05 0x4F 0x0F 0x32,0x7282,ACK
3.1556464000,721,Data,0x203,0x8,0x04 0x00 0x58 0x00 0x58 0x00 0x00 0x00,0x641B,ACK
3.1558966000,722,Data,0x204,0x8,0x00 0x00 0x00 0x00 0x00 0x00 0x00 0x00,0x79D1,ACK
3.1561528000,723,Data,0x205,0x8,0x00 0x00 0x00 0x00 0x00 0x00 0x00 0x00,0x72CA,ACK
3.1564611000,724,Data,0x209,0x8,0x9F 0x27 0x10 0x04 0x90 0x49 0x00 0x00,0x59C2,ACK
3.1567013000,725,Data,0x20A,0x8,0x00 0x00 0x00 0x00 0x00 0x00 0x00 0x00,0x1B53,ACK
3.1569556000,726,Data,0x20B,0x8,0xBC 0x02 0x64 0x00 0x01 0xC8 0x00 0x00,0x021C,ACK
3.1571998000,727,Data,0x20C,0x8,0x00 0xE4 0x0A 0x34 0x1E 0x07 0x00 0x00,0x6603,ACK
3.1753838000,728,Data,0x100,0x8,0x00 0x00 0x04 0x40 0x05 0x4F 0x0F 0x32,0x7282,ACK
3.1953838000,729,Data,0x100,0x8,0x00 0x00 0x04 0x40 0x05 0x4F 0x0F 0x32,0x7282,ACK
3.2153838000,730,Data,0x100,0x8,0x00 0x00 0x04 0x40 0x05 0x4F 0x0F 0x32,0x7282,ACK
3.2158680000,731,Data,0x310,0x8,0xF1 0x0E 0x78 0x05 0x19 0x02 0x01 0xC8,0x37D5,ACK
3.2165943000,732,Data,0x311,0x8,0x39 0x1E 0x07 0x3F 0x90 0x01 0x00 0x00,0x66BC,ACK
3.2353822000,733,Data,0x100,0x8,0x00 0x00 0x04 0x40 0x05 0x4F 0x0F 0x32,0x7282,ACK
3.2417262000,734,Data,0x212,0x8,0x52 0x01 0x00 0xC9 0x00 0x00 0x00 0x2A,0x2C4E,ACK
3.2419825000,735,Data,0x211,0x8,0xE4 0x00 0x2A 0x00 0x00 0x00 0x00 0x00,0x0D4D,ACK
3.2422427000,736,Data,0x343,0x8,0x00 0x00 0x00 0x01 0x00 0x00 0x01 0x00,0x103B,ACK
3.2553967000,737,Data,0x100,0x8,0x00 0x00 0x04 0x40 0x05 0x4F 0x0F 0x32,0x7282,ACK
3.2556429000,738,Data,0x203,0x8,0x04 0x00 0x58 0x00 0x58 0x00 0x00 0x00,0x641B,ACK
3.2558932000,739,Data,0x204,0x8,0x00 0x00 0x00 0x00 0x00 0x00 0x00 0x00,0x79D1,ACK
3.2561494000,740,Data,0x205,0x8,0x00 0x00 0x00 0x00 0x00 0x00 0x00 0x00,0x72CA,ACK
3.2564577000,741,Data,0x209,0x8,0x9F 0x27 0x10 0x04 0x90 0x49 0x00 0x00,0x59C2,ACK
3.2566979000,742,Data,0x20A,0x8,0x00 0x00 0x00 0x00 0x00 0x00 0x00 0x00,0x1B53,ACK
3.2569522000,743,Data,0x20B,0x8,0xBC 0x02 0x64 0x00 0x01 0xC8 0x00 0x00,0x021C,ACK
3.2571964000,744,Data,0x20C,0x8,0x00 0xE4 0x0A 0x34 0x1E 0x07 0x00 0x00,0x6603,ACK
3.2574467000,745,Data,0x301,0x8,0x00 0x00 0x00 0x00 0x00 0x00 0x00 0x00,0x7E55,ACK
3.2577049000,746,Data,0x302,0x2,0x00 0xFF,0x6FC0,ACK
3.2578492000,747,Data,0x485,0x8,0x22 0x00 0x00 0x00 0x62 0x00 0x14 0x0C,0x569F,ACK
3.2753832000,748,Data,0x100,0x8,0x00 0x00 0x04 0x40 0x05 0x4F 0x0F 0x32,0x7282,ACK
3.2953832000,749,Data,0x100,0x8,0x00 0x00 0x04 0x40 0x05 0x4F 0x0F 0x32,0x7282,ACK
3.3153832000,750,Data,0x100,0x8,0x00 0x00 0x04 0x40 0x05 0x4F 0x0F 0x32,0x7282,ACK
3.3353812000,751,Data,0x100,0x8,0x00 0x00 0x04 0x40 0x05 0x4F 0x0F 0x32,0x7282,ACK
3.3416972000,752,Data,0x212,0x8,0x52 0x01 0x00 0xC9 0x00 0x00 0x00 0x2A,0x2C4E,ACK
3.3419595000,753,Data,0x211,0x8,0xE4 0x00 0x2A 0x00 0x00 0x00 0x00 0x00,0x0D4D,ACK
3.3422177000,754,Data,0x343,0x8,0x00 0x00 0x00 0x01 0x00 0x00 0x01 0x00,0x103B,ACK
3.3424960000,755,Data,0x341,0x8,0x00 0x00 0x00 0x00 0x02 0x00 0x00 0x00,0x1833,ACK
3.3427742000,756,Data,0x342,0x8,0x05 0x00 0x0F 0x00 0x00 0xE4 0x05 0x34,0x6794,ACK
3.3430305000,757,Data,0x344,0x8,0x00 0x00 0x00 0x03 0x00 0x00 0x00 0x00,0x6F15,ACK
3.3433127000,758,Data,0x401,0x8,0x00 0x00 0x34 0x00 0x05 0x2B 0x00 0x00,0x3E15,ACK
3.3553987000,759,Data,0x100,0x8,0x00 0x00 0x04 0x40 0x05 0x4F 0x0F 0x32,0x7282,ACK
3.3556429000,760,Data,0x203,0x8,0x04 0x00 0x58 0x00 0x58 0x00 0x00 0x00,0x641B,ACK
3.3558932000,761,Data,0x204,0x8,0x00 0x00 0x00 0x00 0x00 0x00 0x00 0x00,0x79D1,ACK
3.3561494000,762,Data,0x205,0x8,0x00 0x00 0x00 0x00 0x00 0x00 0x00 0x00,0x72CA,ACK
3.3564577000,763,Data,0x209,0x8,0x9F 0x27 0x10 0x04 0x90 0x49 0x00 0x00,0x59C2,ACK
3.3566979000,764,Data,0x20A,0x8,0x00 0x00 0x00 0x00 0x00 0x00 0x00 0x00,0x1B53,ACK
3.3569522000,765,Data,0x20B,0x8,0xBC 0x02 0x64 0x00 0x01 0xC8 0x00 0x00,0x021C,ACK
3.3571964000,766,Data,0x20C,0x8,0x00 0xE4 0x0A 0x34 0x1E 0x07 0x00 0x00,0x6603,ACK
3.3753684000,767,Data,0x100,0x8,0x00 0x00 0x04 0x40 0x05 0x4F 0x0F 0x32,0x7282,ACK
3.3953804000,768,Data,0x100,0x8,0x00 0x00 0x04 0x40 0x05 0x4F 0x0F 0x32,0x7282,ACK
3.4153803000,769,Data,0x100,0x8,0x00 0x00 0x04 0x40 0x05 0x4F 0x0F 0x32,0x7282,ACK
3.4163025000,770,Data,0x310,0x8,0xF1 0x0E 0x78 0x05 0x19 0x02 0x01 0xC8,0x37D5,ACK
3.4170867000,771,Data,0x311,0x8,0x39 0x1E 0x07 0x3F 0x90 0x01 0x00 0x00,0x66BC,ACK
3.4353806000,772,Data,0x100,0x8,0x00 0x00 0x04 0x40 0x05 0x4F 0x0F 0x32,0x7282,ACK
3.4417247000,773,Data,0x212,0x8,0x52 0x01 0x00 0xC9 0x00 0x00 0x00 0x2A,0x2C4E,ACK
3.4419869000,774,Data,0x211,0x8,0xE4 0x00 0x2A 0x00 0x00 0x00 0x00 0x00,0x0D4D,ACK
3.4422432000,775,Data,0x343,0x8,0x00 0x00 0x00 0x01 0x00 0x00 0x01 0x00,0x103B,ACK
3.4554071000,776,Data,0x100,0x8,0x00 0x00 0x04 0x40 0x05 0x4F 0x0F 0x32,0x7282,ACK
3.4556534000,777,Data,0x203,0x8,0x04 0x00 0x58 0x00 0x58 0x00 0x00 0x00,0x641B,ACK
3.4559036000,778,Data,0x204,0x8,0x00 0x00 0x00 0x00 0x00 0x00 0x00 0x00,0x79D1,ACK
3.4561599000,779,Data,0x205,0x8,0x00 0x00 0x00 0x00 0x00 0x00 0x00 0x00,0x72CA,ACK
3.4564421000,780,Data,0x209,0x8,0x9F 0x27 0x10 0x04 0x90 0x49 0x00 0x00,0x59C2,ACK
3.4566844000,781,Data,0x20A,0x8,0x00 0x00 0x00 0x00 0x00 0x00 0x00 0x00,0x1B53,ACK
3.4569406000,782,Data,0x20B,0x8,0xBC 0x02 0x64 0x00 0x01 0xC8 0x00 0x00,0x021C,ACK
3.4571849000,783,Data,0x20C,0x8,0x00 0xE4 0x0A 0x34 0x1E 0x07 0x00 0x00,0x6603,ACK
3.4574351000,784,Data,0x301,0x8,0x00 0x00 0x00 0x00 0x00 0x00 0x00 0x00,0x7E55,ACK
3.4576914000,785,Data,0x302,0x2,0x00 0xFF,0x6FC0,ACK
3.4578356000,786,Data,0x485,0x8,0x22 0x00 0x00 0x00 0x62 0x00 0x14 0x0C,0x569F,ACK
3.4753796000,787,Data,0x100,0x8,0x00 0x00 0x04 0x40 0x05 0x4F 0x0F 0x32,0x7282,ACK
3.4953796000,788,Data,0x100,0x8,0x00 0x00 0x04 0x40 0x05 0x4F 0x0F 0x32,0x7282,ACK
3.5148178000,789,Data,0x425,0x8,0x01 0x64 0x49 0x58 0x58 0x58 0x01 0xFF,0x04F4,ACK
3.5150541000,790,Data,0x429,0x8,0x20 0x00 0x00 0x00 0x00 0x00 0x00 0x00,0x7AC7,ACK
3.5153024000,791,Data,0x420,0x8,0xA4 0x14 0xF8 0xFF 0x70 0x03 0x00 0x00,0x08E6,ACK
3.5155425000,792,Data,0x100,0x8,0x00 0x00 0x04 0x40 0x05 0x4F 0x0F 0x32,0x7282,ACK
3.5157826000,793,Data,0x421,0x8,0x38 0x36 0x31 0x34 0xFB 0x04 0x62 0x04,0x00AE,ACK
3.5160168000,794,Data,0x422,0x8,0x00 0x00 0x20 0x00 0x15 0x00 0x02 0x00,0x33F1,ACK
3.5162691000,795,Data,0x423,0x8,0xBC 0x02 0x64 0x00 0x3D 0x00 0x01 0x00,0x4EF3,ACK
3.5353670000,796,Data,0x100,0x8,0x00 0x00 0x04 0x40 0x05 0x4F 0x0F 0x32,0x7282,ACK
3.5417150000,797,Data,0x212,0x8,0x52 0x01 0x00 0xC9 0x00 0x00 0x00 0x2A,0x2C4E,ACK
3.5419752000,798,Data,0x211,0x8,0xE4 0x00 0x2A 0x00 0x00 0x00 0x00 0x00,0x0D4D,ACK
3.5422315000,799,Data,0x343,0x8,0x00 0x00 0x00 0x01 0x00 0x00 0x01 0x00,0x103B,ACK
3.5425137000,800,Data,0x341,0x8,0x00 0x00 0x00 0x00 0x02 0x00 0x00 0x00,0x1833,ACK
3.5427880000,801,Data,0x342,0x8,0x05 0x00 0x0F 0x00 0x00 0xE4 0x05 0x34,0x6794,ACK
3.5430462000,802,Data,0x344,0x8,0x00 0x00 0x00 0x03 0x00 0x00 0x00 0x00,0x6F15,ACK
3.5553982000,803,Data,0x100,0x8,0x00 0x00 0x04 0x40 0x05 0x4F 0x0F 0x32,0x7282,ACK
3.5556445000,804,Data,0x203,0x8,0x04 0x00 0x58 0x00 0x58 0x00 0x00 0x00,0x641B,ACK
3.5558947000,805,Data,0x204,0x8,0x00 0x00 0x00 0x00 0x00 0x00 0x00 0x00,0x79D1,ACK
3.5561510000,806,Data,0x205,0x8,0x00 0x00 0x00 0x00 0x00 0x00 0x00 0x00,0x72CA,ACK
3.5564432000,807,Data,0x209,0x8,0x9F 0x27 0x10 0x04 0x90 0x49 0x00 0x00,0x59C2,ACK
3.5566835000,808,Data,0x20A,0x8,0x00 0x00 0x00 0x00 0x00 0x00 0x00 0x00,0x1B53,ACK
3.5569397000,809,Data,0x20B,0x8,0xBC 0x02 0x64 0x00 0x01 0xC8 0x00 0x00,0x021C,ACK
3.5571840000,810,Data,0x20C,0x8,0x00 0xE4 0x0A 0x34 0x1E 0x07 0x00 0x00,0x6603,ACK
3.5753780000,811,Data,0x100,0x8,0x00 0x00 0x04 0x40 0x05 0x4F 0x0F 0x32,0x7282,ACK
3.5953798000,812,Data,0x100,0x8,0x00 0x00 0x04 0x40 0x05 0x4F 0x0F 0x32,0x7282,ACK
3.6153778000,813,Data,0x100,0x8,0x00 0x00 0x04 0x40 0x05 0x4F 0x0F 0x32,0x7282,ACK
3.6160620000,814,Data,0x310,0x8,0xF1 0x0E 0x78 0x05 0x19 0x02 0x01 0xC8,0x37D5,ACK
3.6353778000,815,Data,0x100,0x8,0x00 0x00 0x04 0x40 0x05 0x4F 0x0F 0x32,0x7282,ACK
3.6416998000,816,Data,0x212,0x8,0x52 0x01 0x00 0xC9 0x00 0x00 0x00 0x2A,0x2C4E,ACK
3.6419581000,817,Data,0x211,0x8,0xE4 0x00 0x2A 0x00 0x00 0x00 0x00 0x00,0x0D4D,ACK
3.6422423000,818,Data,0x343,0x8,0x00 0x00 0x00 0x01 0x00 0x00 0x01 0x00,0x103B,ACK
3.6554163000,819,Data,0x100,0x8,0x00 0x00 0x04 0x40 0x05 0x4F 0x0F 0x32,0x7282,ACK
3.6556606000,820,Data,0x203,0x8,0x04 0x00 0x58 0x00 0x58 0x00 0x00 0x00,0x641B,ACK
3.6559128000,821,Data,0x204,0x8,0x00 0x00 0x00 0x00 0x00 0x00 0x00 0x00,0x79D1,ACK
3.6561691000,822,Data,0x205,0x8,0x00 0x00 0x00 0x00 0x00 0x00 0x00 0x00,0x72CA,ACK
3.6564533000,823,Data,0x209,0x8,0x9F 0x27 0x10 0x04 0x90 0x49 0x00 0x00,0x59C2,ACK
3.6566936000,824,Data,0x20A,0x8,0x00 0x00 0x00 0x00 0x00 0x00 0x00 0x00,0x1B53,ACK
3.6569478000,825,Data,0x20B,0x8,0xBC 0x02 0x64 0x00 0x01 0xC8 0x00 0x00,0x021C,ACK
3.6571921000,826,Data,0x20C,0x8,0x00 0xE4 0x0A 0x34 0x1E 0x07 0x00 0x00,0x6603,ACK
3.6574423000,827,Data,0x301,0x8,0x00 0x00 0x00 0x00 0x00 0x00 0x00 0x00,0x7E55,ACK
3.6576985000,828,Data,0x302,0x2,0x00 0xFF,0x6FC0,ACK
3.6578428000,829,Data,0x485,0x8,0x22 0x00 0x00 0x00 0x62 0x00 0x14 0x0C,0x569F,ACK
3.6580889000,830,Data,0x480,0x8,0x00 0x00 0x00 0x00 0x20 0x00 0x00 0x00,0x2C46,ACK
3.6583450000,831,Data,0x481,0x8,0x10 0x18 0x40 0x13 0x00 0x00 0x00 0x00,0x1419,ACK
3.6585932000,832,Data,0x482,0x8,0x52 0x01 0x02 0x00 0x00 0x00 0x00 0x00,0x36EA,ACK
3.6588413000,833,Data,0x483,0x8,0x31 0x4B 0x31 0x55 0x41 0x32 0x35 0x35,0x717E,ACK
3.6590754000,834,Data,0x484,0x8,0x31 0x50 0x33 0x39 0x36 0x35 0x00 0x00,0x0196,ACK
3.6697495000,835,Data,0x311,0x8,0x39 0x1E 0x07 0x3F 0x90 0x01 0x00 0x00,0x66BC,ACK
3.6753756000,836,Data,0x100,0x8,0x00 0x00 0x04 0x40 0x05 0x4F 0x0F 0x32,0x7282,ACK
3.6953776000,837,Data,0x100,0x8,0x00 0x00 0x04 0x40 0x05 0x4F 0x0F 0x32,0x7282,ACK
3.7153756000,838,Data,0x100,0x8,0x00 0x00 0x04 0x40 0x05 0x4F 0x0F 0x32,0x7282,ACK
3.7353755000,839,Data,0x100,0x8,0x00 0x00 0x04 0x40 0x05 0x4F 0x0F 0x32,0x7282,ACK
3.7417275000,840,Data,0x212,0x8,0x52 0x01 0x00 0xC9 0x00 0x00 0x00 0x2A,0x2C4E,ACK
3.7419837000,841,Data,0x211,0x8,0xE4 0x00 0x2A 0x00 0x00 0x00 0x00 0x00,0x0D4D,ACK
3.7422439000,842,Data,0x343,0x8,0x00 0x00 0x00 0x01 0x00 0x00 0x01 0x00,0x103B,ACK
3.7425002000,843,Data,0x341,0x8,0x00 0x00 0x00 0x00 0x02 0x00 0x00 0x00,0x1833,ACK
3.7427744000,844,Data,0x342,0x8,0x05 0x00 0x0F 0x00 0x00 0xE4 0x05 0x34,0x6794,ACK
3.7430326000,845,Data,0x344,0x8,0x00 0x00 0x00 0x03 0x00 0x00 0x00 0x00,0x6F15,ACK
3.7553947000,846,Data,0x100,0x8,0x00 0x00 0x04 0x40 0x05 0x4F 0x0F 0x32,0x7282,ACK
3.7556388000,847,Data,0x203,0x8,0x04 0x00 0x58 0x00 0x58 0x00 0x00 0x00,0x641B,ACK
3.7558889000,848,Data,0x204,0x8,0x00 0x00 0x00 0x00 0x00 0x00 0x00 0x00,0x79D1,ACK
3.7561450000,849,Data,0x205,0x8,0x00 0x00 0x00 0x00 0x00 0x00 0x00 0x00,0x72CA,ACK
3.7564532000,850,Data,0x209,0x8,0x9F 0x27 0x10 0x04 0x90 0x49 0x00 0x00,0x59C2,ACK
3.7566933000,851,Data,0x20A,0x8,0x00 0x00 0x00 0x00 0x00 0x00 0x00 0x00,0x1B53,ACK
3.7569474000,852,Data,0x20B,0x8,0xBC 0x02 0x64 0x00 0x01 0xC8 0x00 0x00,0x021C,ACK
3.7571935000,853,Data,0x20C,0x8,0x00 0xE4 0x0A 0x34 0x1E 0x07 0x00 0x00,0x6603,ACK
3.7753754000,854,Data,0x100,0x8,0x00 0x00 0x04 0x40 0x05 0x4F 0x0F 0x32,0x7282,ACK
3.7953634000,855,Data,0x100,0x8,0x00 0x00 0x04 0x40 0x05 0x4F 0x0F 0x32,0x7282,ACK
3.8153754000,856,Data,0x100,0x8,0x00 0x00 0x04 0x40 0x05 0x4F 0x0F 0x32,0x7282,ACK
3.8171037000,857,Data,0x310,0x8,0xF1 0x0E 0x78 0x05 0x19 0x02 0x01 0xC8,0x37D5,ACK
3.8353755000,858,Data,0x100,0x8,0x00 0x00 0x04 0x40 0x05 0x4F 0x0F 0x32,0x7282,ACK
3.8416975000,859,Data,0x212,0x8,0x52 0x01 0x00 0xC9 0x00 0x00 0x00 0x2A,0x2C4E,ACK
3.8419576000,860,Data,0x211,0x8,0xE4 0x00 0x2A 0x00 0x00 0x00 0x00 0x00,0x0D4D,ACK
3.8422137000,861,Data,0x343,0x8,0x00 0x00 0x00 0x01 0x00 0x00 0x01 0x00,0x103B,ACK
3.8424739000,862,Data,0x401,0x8,0x00 0x00 0x34 0x00 0x05 0x2B 0x00 0x00,0x3E15,ACK
3.8554018000,863,Data,0x100,0x8,0x00 0x00 0x04 0x40 0x05 0x4F 0x0F 0x32,0x7282,ACK
3.8556460000,864,Data,0x203,0x8,0x04 0x00 0x58 0x00 0x58 0x00 0x00 0x00,0x641B,ACK
3.8558963000,865,Data,0x204,0x8,0x00 0x00 0x00 0x00 0x00 0x00 0x00 0x00,0x79D1,ACK
3.8561525000,866,Data,0x205,0x8,0x00 0x00 0x00 0x00 0x00 0x00 0x00 0x00,0x72CA,ACK
3.8564507000,867,Data,0x209,0x8,0x9F 0x27 0x10 0x04 0x90 0x49 0x00 0x00,0x59C2,ACK
3.8566930000,868,Data,0x20A,0x8,0x00 0x00 0x00 0x00 0x00 0x00 0x00 0x00,0x1B53,ACK
3.8569472000,869,Data,0x20B,0x8,0xBC 0x02 0x64 0x00 0x01 0xC8 0x00 0x00,0x021C,ACK
3.8571915000,870,Data,0x20C,0x8,0x00 0xE4 0x0A 0x34 0x1E 0x07 0x00 0x00,0x6603,ACK
3.8574437000,871,Data,0x301,0x8,0x00 0x00 0x00 0x00 0x00 0x00 0x00 0x00,0x7E55,ACK
3.8577000000,872,Data,0x302,0x2,0x00 0xFF,0x6FC0,ACK
3.8578442000,873,Data,0x485,0x8,0x22 0x00 0x00 0x00 0x62 0x00 0x14 0x0C,0x569F,ACK
3.8694165000,874,Data,0x311,0x8,0x39 0x1E 0x07 0x3F 0x90 0x01 0x00 0x00,0x66BC,ACK
3.8753745000,875,Data,0x100,0x8,0x00 0x00 0x04 0x40 0x05 0x4F 0x0F 0x32,0x7282,ACK
3.8953745000,876,Data,0x100,0x8,0x00 0x00 0x04 0x40 0x05 0x4F 0x0F 0x32,0x7282,ACK
3.9153725000,877,Data,0x100,0x8,0x00 0x00 0x04 0x40 0x05 0x4F 0x0F 0x32,0x7282,ACK
3.9353725000,878,Data,0x100,0x8,0x00 0x00 0x04 0x40 0x05 0x4F 0x0F 0x32,0x7282,ACK
3.9416844000,879,Data,0x212,0x8,0x52 0x01 0x00 0xC9 0x00 0x00 0x00 0x2A,0x2C4E,ACK
3.9419446000,880,Data,0x211,0x8,0xE4 0x00 0x2A 0x00 0x00 0x00 0x00 0x00,0x0D4D,ACK
3.9422268000,881,Data,0x343,0x8,0x00 0x00 0x00 0x01 0x00 0x00 0x01 0x00,0x103B,ACK
3.9424871000,882,Data,0x341,0x8,0x00 0x00 0x00 0x00 0x02 0x00 0x00 0x00,0x1833,ACK
3.9427593000,883,Data,0x342,0x8,0x05 0x00 0x0F 0x00 0x00 0xE4 0x05 0x34,0x6794,ACK
3.9430396000,884,Data,0x344,0x8,0x00 0x00 0x00 0x03 0x00 0x00 0x00 0x00,0x6F15,ACK
3.9553935000,885,Data,0x100,0x8,0x00 0x00 0x04 0x40 0x05 0x4F 0x0F 0x32,0x7282,ACK
3.9556377000,886,Data,0x203,0x8,0x04 0x00 0x58 0x00 0x58 0x00 0x00 0x00,0x641B,ACK
3.9558880000,887,Data,0x204,0x8,0x00 0x00 0x00 0x00 0x00 0x00 0x00 0x00,0x79D1,ACK
3.9561462000,888,Data,0x205,0x8,0x00 0x00 0x00 0x00 0x00 0x00 0x00 0x00,0x72CA,ACK
3.9564505000,889,Data,0x209,0x8,0x9F 0x27 0x10 0x04 0x90 0x49 0x00 0x00,0x59C2,ACK
3.9566907000,890,Data,0x20A,0x8,0x00 0x00 0x00 0x00 0x00 0x00 0x00 0x00,0x1B53,ACK
3.9569450000,891,Data,0x20B,0x8,0xBC 0x02 0x64 0x00 0x01 0xC8 0x00 0x00,0x021C,ACK
3.9571892000,892,Data,0x20C,0x8,0x00 0xE4 0x0A 0x34 0x1E 0x07 0x00 0x00,0x6603,ACK
3.9753732000,893,Data,0x100,0x8,0x00 0x00 0x04 0x40 0x05 0x4F 0x0F 0x32,0x7282,ACK
3.9953732000,894,Data,0x100,0x8,0x00 0x00 0x04 0x40 0x05 0x4F 0x0F 0x32,0x7282,ACK
4.0148314000,895,Data,0x500,0x8,0x48 0x48 0x49 0xFF 0x48 0x48 0x48 0xFF,0x3C42,ACK
4.0153735000,896,Data,0x100,0x8,0x00 0x00 0x04 0x40 0x05 0x4F 0x0F 0x32,0x7282,ACK
4.0157416000,897,Data,0x424,0x8,0x69 0x3C 0x4D 0x69 0x00 0x00 0x00 0x00,0x7552,ACK
4.0159779000,898,Data,0x425,0x8,0x01 0x64 0x49 0x58 0x58 0x58 0x01 0xFF,0x04F4,ACK
4.0162142000,899,Data,0x429,0x8,0x20 0x00 0x00 0x00 0x00 0x00 0x00 0x00,0x7AC7,ACK
4.0164624000,900,Data,0x420,0x8,0xA4 0x14 0xF4 0xFF 0x70 0x03 0x00 0x00,0x44AF,ACK
4.0167007000,901,Data,0x421,0x8,0x38 0x36 0x31 0x34 0xFB 0x04 0x62 0x04,0x00AE,ACK
4.0170329000,902,Data,0x422,0x8,0x00 0x00 0x20 0x00 0x15 0x00 0x02 0x00,0x33F1,ACK
4.0174111000,903,Data,0x423,0x8,0xBC 0x02 0x64 0x00 0x3D 0x00 0x01 0x00,0x4EF3,ACK
4.0353711000,904,Data,0x100,0x8,0x00 0x00 0x04 0x40 0x05 0x4F 0x0F 0x32,0x7282,ACK
4.0417051000,905,Data,0x212,0x8,0x52 0x01 0x00 0xC9 0x00 0x00 0x00 0x2A,0x2C4E,ACK
4.0419634000,906,Data,0x211,0x8,0xE4 0x00 0x2A 0x00 0x00 0x00 0x00 0x00,0x0D4D,ACK
4.0422236000,907,Data,0x343,0x8,0x00 0x00 0x00 0x01 0x00 0x00 0x01 0x00,0x103B,ACK
4.0553876000,908,Data,0x100,0x8,0x00 0x00 0x04 0x40 0x05 0x4F 0x0F 0x32,0x7282,ACK
4.0556318000,909,Data,0x203,0x8,0x04 0x00 0x58 0x00 0x58 0x00 0x00 0x00,0x641B,ACK
4.0558841000,910,Data,0x204,0x8,0x00 0x00 0x00 0x00 0x00 0x00 0x00 0x00,0x79D1,ACK
4.0561403000,911,Data,0x205,0x8,0x00 0x00 0x00 0x00 0x00 0x00 0x00 0x00,0x72CA,ACK
4.0564486000,912,Data,0x209,0x8,0x9F 0x27 0x10 0x04 0x90 0x49 0x00 0x00,0x59C2,ACK
4.0566888000,913,Data,0x20A,0x8,0x00 0x00 0x00 0x00 0x00 0x00 0x00 0x00,0x1B53,ACK
4.0569451000,914,Data,0x20B,0x8,0xBC 0x02 0x64 0x00 0x01 0xC8 0x00 0x00,0x021C,ACK
4.0571893000,915,Data,0x20C,0x8,0x00 0xE4 0x0A 0x34 0x1E 0x07 0x00 0x00,0x6603,ACK
4.0574395000,916,Data,0x301,0x8,0x00 0x00 0x00 0x00 0x00 0x00 0x00 0x00,0x7E55,ACK
4.0576958000,917,Data,0x302,0x2,0x00 0xFF,0x6FC0,ACK
4.0578400000,918,Data,0x485,0x8,0x22 0x00 0x00 0x00 0x62 0x00 0x14 0x0C,0x569F,ACK
4.0702602000,919,Data,0x310,0x8,0xF1 0x0E 0x78 0x05 0x19 0x02 0x01 0xC8,0x37D5,ACK
4.0709765000,920,Data,0x311,0x8,0x39 0x1E 0x07 0x3F 0x90 0x01 0x00 0x00,0x66BC,ACK
4.0753606000,921,Data,0x100,0x8,0x00 0x00 0x04 0x40 0x05 0x4F 0x0F 0x32,0x7282,ACK
4.0953726000,922,Data,0x100,0x8,0x00 0x00 0x04 0x40 0x05 0x4F 0x0F 0x32,0x7282,ACK
4.1153726000,923,Data,0x100,0x8,0x00 0x00 0x04 0x40 0x05 0x4F 0x0F 0x32,0x7282,ACK
4.1353724000,924,Data,0x100,0x8,0x00 0x00 0x04 0x40 0x05 0x4F 0x0F 0x32,0x7282,ACK
4.1416925000,925,Data,0x212,0x8,0x52 0x01 0x00 0xC9 0x00 0x00 0x00 0x2A,0x2C4E,ACK
4.1419546000,926,Data,0x211,0x8,0xE4 0x00 0x2A 0x00 0x00 0x00 0x00 0x00,0x0D4D,ACK
4.1422128000,927,Data,0x343,0x8,0x00 0x00 0x00 0x01 0x00 0x00 0x01 0x00,0x103B,ACK
4.1424911000,928,Data,0x341,0x8,0x00 0x00 0x00 0x00 0x02 0x00 0x00 0x00,0x1833,ACK
4.1427693000,929,Data,0x342,0x8,0x05 0x00 0x0F 0x00 0x00 0xE4 0x05 0x34,0x6794,ACK
4.1430256000,930,Data,0x344,0x8,0x00 0x00 0x00 0x03 0x00 0x00 0x00 0x00,0x6F15,ACK
4.1553895000,931,Data,0x100,0x8,0x00 0x00 0x04 0x40 0x05 0x4F 0x0F 0x32,0x7282,ACK
4.1556358000,932,Data,0x203,0x8,0x04 0x00 0x58 0x00 0x58 0x00 0x00 0x00,0x641B,ACK
4.1558860000,933,Data,0x204,0x8,0x00 0x00 0x00 0x00 0x00 0x00 0x00 0x00,0x79D1,ACK
4.1561423000,934,Data,0x205,0x8,0x00 0x00 0x00 0x00 0x00 0x00 0x00 0x00,0x72CA,ACK
4.1564485000,935,Data,0x209,0x8,0x9F 0x27 0x10 0x04 0x90 0x49 0x00 0x00,0x59C2,ACK
4.1566888000,936,Data,0x20A,0x8,0x00 0x00 0x00 0x00 0x00 0x00 0x00 0x00,0x1B53,ACK
4.1569430000,937,Data,0x20B,0x8,0xBC 0x02 0x64 0x00 0x01 0xC8 0x00 0x00,0x021C,ACK
4.1571873000,938,Data,0x20C,0x8,0x00 0xE4 0x0A 0x34 0x1E 0x07 0x00 0x00,0x6603,ACK
4.1753693000,939,Data,0x100,0x8,0x00 0x00 0x04 0x40 0x05 0x4F 0x0F 0x32,0x7282,ACK
4.1953713000,940,Data,0x100,0x8,0x00 0x00 0x04 0x40 0x05 0x4F 0x0F 0x32,0x7282,ACK
4.2153691000,941,Data,0x100,0x8,0x00 0x00 0x04 0x40 0x05 0x4F 0x0F 0x32,0x7282,ACK
4.2353691000,942,Data,0x100,0x8,0x00 0x00 0x04 0x40 0x05 0x4F 0x0F 0x32,0x7282,ACK
4.2416852000,943,Data,0x212,0x8,0x52 0x01 0x00 0xC9 0x00 0x00 0x00 0x2A,0x2C4E,ACK
4.2419254000,944,Data,0x211,0x8,0xE4 0x00 0x2A 0x00 0x00 0x00 0x00 0x00,0x0D4D,ACK
4.2421817000,945,Data,0x343,0x8,0x00 0x00 0x00 0x01 0x00 0x00 0x01 0x00,0x103B,ACK
4.2553976000,946,Data,0x100,0x8,0x00 0x00 0x04 0x40 0x05 0x4F 0x0F 0x32,0x7282,ACK
4.2556439000,947,Data,0x203,0x8,0x04 0x00 0x58 0x00 0x58 0x00 0x00 0x00,0x641B,ACK
4.2558941000,948,Data,0x204,0x8,0x00 0x00 0x00 0x00 0x00 0x00 0x00 0x00,0x79D1,ACK
4.2561504000,949,Data,0x205,0x8,0x00 0x00 0x00 0x00 0x00 0x00 0x00 0x00,0x72CA,ACK
4.2564446000,950,Data,0x209,0x8,0x9F 0x27 0x10 0x04 0x90 0x49 0x00 0x00,0x59C2,ACK
4.2566849000,951,Data,0x20A,0x8,0x00 0x00 0x00 0x00 0x00 0x00 0x00 0x00,0x1B53,ACK
4.2569391000,952,Data,0x20B,0x8,0xBC 0x02 0x64 0x00 0x01 0xC8 0x00 0x00,0x021C,ACK
4.2571834000,953,Data,0x20C,0x8,0x00 0xE4 0x0A 0x34 0x1E 0x07 0x00 0x00,0x6603,ACK
4.2574355000,954,Data,0x301,0x8,0x00 0x00 0x00 0x00 0x00 0x00 0x00 0x00,0x7E55,ACK
4.2576917000,955,Data,0x302,0x2,0x00 0xFF,0x6FC0,ACK
4.2578360000,956,Data,0x485,0x8,0x22 0x00 0x00 0x00 0x62 0x00 0x14 0x0C,0x569F,ACK
4.2711562000,957,Data,0x310,0x8,0xF1 0x0E 0x78 0x05 0x19 0x02 0x01 0xC8,0x37D5,ACK
4.2718724000,958,Data,0x311,0x8,0x39 0x1E 0x07 0x3F 0x90 0x01 0x00 0x00,0x66BC,ACK
4.2753685000,959,Data,0x100,0x8,0x00 0x00 0x04 0x40 0x05 0x4F 0x0F 0x32,0x7282,ACK
4.2953705000,960,Data,0x100,0x8,0x00 0x00 0x04 0x40 0x05 0x4F 0x0F 0x32,0x7282,ACK
4.3153684000,961,Data,0x100,0x8,0x00 0x00 0x04 0x40 0x05 0x4F 0x0F 0x32,0x7282,ACK
4.3353684000,962,Data,0x100,0x8,0x00 0x00 0x04 0x40 0x05 0x4F 0x0F 0x32,0x7282,ACK
4.3417104000,963,Data,0x212,0x8,0x52 0x01 0x00 0xC9 0x00 0x00 0x00 0x2A,0x2C4E,ACK
4.3419686000,964,Data,0x211,0x8,0xE4 0x00 0x2A 0x00 0x00 0x00 0x00 0x00,0x0D4D,ACK
4.3422289000,965,Data,0x343,0x8,0x00 0x00 0x00 0x01 0x00 0x00 0x01 0x00,0x103B,ACK
4.3425091000,966,Data,0x341,0x8,0x00 0x00 0x00 0x00 0x02 0x00 0x00 0x00,0x1833,ACK
4.3427834000,967,Data,0x342,0x8,0x05 0x00 0x0F 0x00 0x00 0xE4 0x05 0x34,0x6794,ACK
4.3430436000,968,Data,0x344,0x8,0x00 0x00 0x00 0x03 0x00 0x00 0x00 0x00,0x6F15,ACK
4.3433219000,969,Data,0x401,0x8,0x00 0x00 0x34 0x00 0x05 0x2B 0x00 0x00,0x3E15,ACK
4.3553879000,970,Data,0x100,0x8,0x00 0x00 0x04 0x40 0x05 0x4F 0x0F 0x32,0x7282,ACK
4.3556321000,971,Data,0x203,0x8,0x04 0x00 0x58 0x00 0x58 0x00 0x00 0x00,0x641B,ACK
4.3558823000,972,Data,0x204,0x8,0x00 0x00 0x00 0x00 0x00 0x00 0x00 0x00,0x79D1,ACK
4.3561386000,973,Data,0x205,0x8,0x00 0x00 0x00 0x00 0x00 0x00 0x00 0x00,0x72CA,ACK
4.3564448000,974,Data,0x209,0x8,0x9F 0x27 0x10 0x04 0x90 0x49 0x00 0x00,0x59C2,ACK
4.3566851000,975,Data,0x20A,0x8,0x00 0x00 0x00 0x00 0x00 0x00 0x00 0x00,0x1B53,ACK
4.3569413000,976,Data,0x20B,0x8,0xBC 0x02 0x64 0x00 0x01 0xC8 0x00 0x00,0x021C,ACK
4.3571856000,977,Data,0x20C,0x8,0x00 0xE4 0x0A 0x34 0x1E 0x07 0x00 0x00,0x6603,ACK
4.3753696000,978,Data,0x100,0x8,0x00 0x00 0x04 0x40 0x05 0x4F 0x0F 0x32,0x7282,ACK
4.3953676000,979,Data,0x100,0x8,0x00 0x00 0x04 0x40 0x05 0x4F 0x0F 0x32,0x7282,ACK
4.4153676000,980,Data,0x100,0x8,0x00 0x00 0x04 0x40 0x05 0x4F 0x0F 0x32,0x7282,ACK
4.4353656000,981,Data,0x100,0x8,0x00 0x00 0x04 0x40 0x05 0x4F 0x0F 0x32,0x7282,ACK
4.4416856000,982,Data,0x212,0x8,0x52 0x01 0x00 0xC9 0x00 0x00 0x00 0x2A,0x2C4E,ACK
4.4419438000,983,Data,0x211,0x8,0xE4 0x00 0x2A 0x00 0x00 0x00 0x00 0x00,0x0D4D,ACK
4.4422041000,984,Data,0x343,0x8,0x00 0x00 0x00 0x01 0x00 0x00 0x01 0x00,0x103B,ACK
4.4553941000,985,Data,0x100,0x8,0x00 0x00 0x04 0x40 0x05 0x4F 0x0F 0x32,0x7282,ACK
4.4556382000,986,Data,0x203,0x8,0x04 0x00 0x58 0x00 0x58 0x00 0x00 0x00,0x641B,ACK
4.4558904000,987,Data,0x204,0x8,0x00 0x00 0x00 0x00 0x00 0x00 0x00 0x00,0x79D1,ACK
4.4561467000,988,Data,0x205,0x8,0x00 0x00 0x00 0x00 0x00 0x00 0x00 0x00,0x72CA,ACK
4.4564429000,989,Data,0x209,0x8,0x9F 0x27 0x10 0x04 0x90 0x49 0x00 0x00,0x59C2,ACK
4.4566832000,990,Data,0x20A,0x8,0x00 0x00 0x00 0x00 0x00 0x00 0x00 0x00,0x1B53,ACK
4.4569374000,991,Data,0x20B,0x8,0xBC 0x02 0x64 0x00 0x01 0xC8 0x00 0x00,0x021C,ACK
4.4571817000,992,Data,0x20C,0x8,0x00 0xE4 0x0A 0x34 0x1E 0x07 0x00 0x00,0x6603,ACK
4.4574319000,993,Data,0x301,0x8,0x00 0x00 0x00 0x00 0x00 0x00 0x00 0x00,0x7E55,ACK
4.4576882000,994,Data,0x302,0x2,0x00 0xFF,0x6FC0,ACK
4.4578324000,995,Data,0x485,0x8,0x22 0x00 0x00 0x00 0x62 0x00 0x14 0x0C,0x569F,ACK
4.4717286000,996,Data,0x310,0x8,0xF1 0x0E 0x78 0x05 0x19 0x02 0x01 0xC8,0x37D5,ACK
4.4724589000,997,Data,0x311,0x8,0x39 0x1E 0x07 0x3F 0x90 0x01 0x00 0x00,0x66BC,ACK
4.4753669000,998,Data,0x100,0x8,0x00 0x00 0x04 0x40 0x05 0x4F 0x0F 0x32,0x7282,ACK
4.4953668000,999,Data,0x100,0x8,0x00 0x00 0x04 0x40 0x05 0x4F 0x0F 0x32,0x7282,ACK
4.5153668000,1000,Data,0x100,0x8,0x00 0x00 0x04 0x40 0x05 0x4F 0x0F 0x32,0x7282,ACK
4.5160989000,1001,Data,0x425,0x8,0x01 0x64 0x49 0x58 0x58 0x58 0x01 0xFF,0x04F4,ACK
4.5163352000,1002,Data,0x429,0x8,0x20 0x00 0x00 0x00 0x00 0x00 0x00 0x00,0x7AC7,ACK
4.5165835000,1003,Data,0x420,0x8,0xA4 0x14 0xF2 0xFF 0x70 0x03 0x00 0x00,0x0047,ACK
4.5168237000,1004,Data,0x421,0x8,0x38 0x36 0x31 0x34 0xFB 0x04 0x62 0x04,0x00AE,ACK
4.5171559000,1005,Data,0x422,0x8,0x00 0x00 0x20 0x00 0x15 0x00 0x02 0x00,0x33F1,ACK
4.5175342000,1006,Data,0x423,0x8,0xBC 0x02 0x64 0x00 0x3D 0x00 0x01 0x00,0x4EF3,ACK
4.5353660000,1007,Data,0x100,0x8,0x00 0x00 0x04 0x40 0x05 0x4F 0x0F 0x32,0x7282,ACK
4.5417161000,1008,Data,0x212,0x8,0x52 0x01 0x00 0xC9 0x00 0x00 0x00 0x2A,0x2C4E,ACK
4.5419763000,1009,Data,0x211,0x8,0xE4 0x00 0x2A 0x00 0x00 0x00 0x00 0x00,0x0D4D,ACK
4.5422326000,1010,Data,0x343,0x8,0x00 0x00 0x00 0x01 0x00 0x00 0x01 0x00,0x103B,ACK
4.5424928000,1011,Data,0x341,0x8,0x00 0x00 0x00 0x00 0x02 0x00 0x00 0x00,0x1833,ACK
4.5427930000,1012,Data,0x342,0x8,0x05 0x00 0x0F 0x00 0x00 0xE4 0x05 0x34,0x6794,ACK
4.5430493000,1013,Data,0x344,0x8,0x00 0x00 0x00 0x03 0x00 0x00 0x00 0x00,0x6F15,ACK
4.5553853000,1014,Data,0x100,0x8,0x00 0x00 0x04 0x40 0x05 0x4F 0x0F 0x32,0x7282,ACK
4.5556315000,1015,Data,0x203,0x8,0x04 0x00 0x58 0x00 0x58 0x00 0x00 0x00,0x641B,ACK
4.5558818000,1016,Data,0x204,0x8,0x00 0x00 0x00 0x00 0x00 0x00 0x00 0x00,0x79D1,ACK
4.5561380000,1017,Data,0x205,0x8,0x00 0x00 0x00 0x00 0x00 0x00 0x00 0x00,0x72CA,ACK
4.5564423000,1018,Data,0x209,0x8,0x9F 0x27 0x10 0x04 0x90 0x49 0x00 0x00,0x59C2,ACK
4.5566845000,1019,Data,0x20A,0x8,0x00 0x00 0x00 0x00 0x00 0x00 0x00 0x00,0x1B53,ACK
4.5569388000,1020,Data,0x20B,0x8,0xBC 0x02 0x64 0x00 0x01 0xC8 0x00 0x00,0x021C,ACK
4.5571830000,1021,Data,0x20C,0x8,0x00 0xE4 0x0A 0x34 0x1E 0x07 0x00 0x00,0x6603,ACK
4.5753650000,1022,Data,0x100,0x8,0x00 0x00 0x04 0x40 0x05 0x4F 0x0F 0x32,0x7282,ACK
4.5953650000,1023,Data,0x100,0x8,0x00 0x00 0x04 0x40 0x05 0x4F 0x0F 0x32,0x7282,ACK
4.6153630000,1024,Data,0x100,0x8,0x00 0x00 0x04 0x40 0x05 0x4F 0x0F 0x32,0x7282,ACK
4.6353650000,1025,Data,0x100,0x8,0x00 0x00 0x04 0x40 0x05 0x4F 0x0F 0x32,0x7282,ACK
4.6416930000,1026,Data,0x212,0x8,0x52 0x01 0x00 0xC9 0x00 0x00 0x00 0x2A,0x2C4E,ACK
4.6419531000,1027,Data,0x211,0x8,0xE4 0x00 0x2A 0x00 0x00 0x00 0x00 0x00,0x0D4D,ACK
4.6422094000,1028,Data,0x343,0x8,0x00 0x00 0x00 0x01 0x00 0x00 0x01 0x00,0x103B,ACK
4.6554054000,1029,Data,0x100,0x8,0x00 0x00 0x04 0x40 0x05 0x4F 0x0F 0x32,0x7282,ACK
4.6556495000,1030,Data,0x203,0x8,0x04 0x00 0x58 0x00 0x58 0x00 0x00 0x00,0x641B,ACK
4.6558996000,1031,Data,0x204,0x8,0x00 0x00 0x00 0x00 0x00 0x00 0x00 0x00,0x79D1,ACK
4.6561558000,1032,Data,0x205,0x8,0x00 0x00 0x00 0x00 0x00 0x00 0x00 0x00,0x72CA,ACK
4.6564419000,1033,Data,0x209,0x8,0x9F 0x27 0x10 0x04 0x90 0x49 0x00 0x00,0x59C2,ACK
4.6566820000,1034,Data,0x20A,0x8,0x00 0x00 0x00 0x00 0x00 0x00 0x00 0x00,0x1B53,ACK
4.6569361000,1035,Data,0x20B,0x8,0xBC 0x02 0x64 0x00 0x01 0xC8 0x00 0x00,0x021C,ACK
4.6571822000,1036,Data,0x20C,0x8,0x00 0xE4 0x0A 0x34 0x1E 0x07 0x00 0x00,0x6603,ACK
4.6574324000,1037,Data,0x301,0x8,0x00 0x00 0x00 0x00 0x00 0x00 0x00 0x00,0x7E55,ACK
4.6576885000,1038,Data,0x302,0x2,0x00 0xFF,0x6FC0,ACK
4.6578346000,1039,Data,0x485,0x8,0x22 0x00 0x00 0x00 0x62 0x00 0x14 0x0C,0x569F,ACK
4.6580827000,1040,Data,0x480,0x8,0x00 0x00 0x00 0x00 0x20 0x00 0x00 0x00,0x2C46,ACK
4.6583388000,1041,Data,0x481,0x8,0x10 0x18 0x40 0x13 0x00 0x00 0x00 0x00,0x1419,ACK
4.6585890000,1042,Data,0x482,0x8,0x52 0x01 0x02 0x00 0x00 0x00 0x00 0x00,0x36EA,ACK
4.6588371000,1043,Data,0x483,0x8,0x31 0x4B 0x31 0x55 0x41 0x32 0x35 0x35,0x717E,ACK
4.6590712000,1044,Data,0x484,0x8,0x31 0x50 0x33 0x39 0x36 0x35 0x00 0x00,0x0196,ACK
4.6714274000,1045,Data,0x310,0x8,0xF1 0x0E 0x78 0x05 0x19 0x02 0x01 0xC8,0x37D5,ACK
4.6721596000,1046,Data,0x311,0x8,0x39 0x1E 0x07 0x3F 0x90 0x01 0x00 0x00,0x66BC,ACK
4.6753518000,1047,Data,0x100,0x8,0x00 0x00 0x04 0x40 0x05 0x4F 0x0F 0x32,0x7282,ACK
4.6953637000,1048,Data,0x100,0x8,0x00 0x00 0x04 0x40 0x05 0x4F 0x0F 0x32,0x7282,ACK
4.7153637000,1049,Data,0x100,0x8,0x00 0x00 0x04 0x40 0x05 0x4F 0x0F 0x32,0x7282,ACK
4.7353637000,1050,Data,0x100,0x8,0x00 0x00 0x04 0x40 0x05 0x4F 0x0F 0x32,0x7282,ACK
4.7416877000,1051,Data,0x212,0x8,0x52 0x01 0x00 0xC9 0x00 0x00 0x00 0x2A,0x2C4E,ACK
4.7419460000,1052,Data,0x211,0x8,0xE4 0x00 0x2A 0x00 0x00 0x00 0x00 0x00,0x0D4D,ACK
4.7422282000,1053,Data,0x343,0x8,0x00 0x00 0x00 0x01 0x00 0x00 0x01 0x00,0x103B,ACK
4.7424865000,1054,Data,0x341,0x8,0x00 0x00 0x00 0x00 0x02 0x00 0x00 0x00,0x1833,ACK
4.7427587000,1055,Data,0x342,0x8,0x05 0x00 0x0F 0x00 0x00 0xE4 0x05 0x34,0x6794,ACK
4.7430409000,1056,Data,0x344,0x8,0x00 0x00 0x00 0x03 0x00 0x00 0x00 0x00,0x6F15,ACK
4.7553830000,1057,Data,0x100,0x8,0x00 0x00 0x04 0x40 0x05 0x4F 0x0F 0x32,0x7282,ACK
4.7556292000,1058,Data,0x203,0x8,0x04 0x00 0x58 0x00 0x58 0x00 0x00 0x00,0x641B,ACK
4.7558795000,1059,Data,0x204,0x8,0x00 0x00 0x00 0x00 0x00 0x00 0x00 0x00,0x79D1,ACK
4.7561357000,1060,Data,0x205,0x8,0x00 0x00 0x00 0x00 0x00 0x00 0x00 0x00,0x72CA,ACK
4.7564400000,1061,Data,0x209,0x8,0x9F 0x27 0x10 0x04 0x90 0x49 0x00 0x00,0x59C2,ACK
4.7566822000,1062,Data,0x20A,0x8,0x00 0x00 0x00 0x00 0x00 0x00 0x00 0x00,0x1B53,ACK
4.7569365000,1063,Data,0x20B,0x8,0xBC 0x02 0x64 0x00 0x01 0xC8 0x00 0x00,0x021C,ACK
4.7571807000,1064,Data,0x20C,0x8,0x00 0xE4 0x0A 0x34 0x1E 0x07 0x00 0x00,0x6603,ACK
4.7753627000,1065,Data,0x100,0x8,0x00 0x00 0x04 0x40 0x05 0x4F 0x0F 0x32,0x7282,ACK
4.7953627000,1066,Data,0x100,0x8,0x00 0x00 0x04 0x40 0x05 0x4F 0x0F 0x32,0x7282,ACK
4.8153627000,1067,Data,0x100,0x8,0x00 0x00 0x04 0x40 0x05 0x4F 0x0F 0x32,0x7282,ACK
4.8353627000,1068,Data,0x100,0x8,0x00 0x00 0x04 0x40 0x05 0x4F 0x0F 0x32,0x7282,ACK
4.8417047000,1069,Data,0x212,0x8,0x52 0x01 0x00 0xC9 0x00 0x00 0x00 0x2A,0x2C4E,ACK
4.8419628000,1070,Data,0x211,0x8,0xE4 0x00 0x2A 0x00 0x00 0x00 0x00 0x00,0x0D4D,ACK
4.8422229000,1071,Data,0x343,0x8,0x00 0x00 0x00 0x01 0x00 0x00 0x01 0x00,0x103B,ACK
4.8424790000,1072,Data,0x401,0x8,0x00 0x00 0x34 0x00 0x05 0x2B 0x00 0x00,0x3E15,ACK
4.8553889000,1073,Data,0x100,0x8,0x00 0x00 0x04 0x40 0x05 0x4F 0x0F 0x32,0x7282,ACK
4.8556332000,1074,Data,0x203,0x8,0x04 0x00 0x58 0x00 0x58 0x00 0x00 0x00,0x641B,ACK
4.8558834000,1075,Data,0x204,0x8,0x00 0x00 0x00 0x00 0x00 0x00 0x00 0x00,0x79D1,ACK
4.8561397000,1076,Data,0x205,0x8,0x00 0x00 0x00 0x00 0x00 0x00 0x00 0x00,0x72CA,ACK
4.8564259000,1077,Data,0x209,0x8,0x9F 0x27 0x10 0x04 0x90 0x49 0x00 0x00,0x59C2,ACK
4.8566662000,1078,Data,0x20A,0x8,0x00 0x00 0x00 0x00 0x00 0x00 0x00 0x00,0x1B53,ACK
4.8569204000,1079,Data,0x20B,0x8,0xBC 0x02 0x64 0x00 0x01 0xC8 0x00 0x00,0x021C,ACK
4.8571647000,1080,Data,0x20C,0x8,0x00 0xE4 0x0A 0x34 0x1E 0x07 0x00 0x00,0x6603,ACK
4.8574149000,1081,Data,0x301,0x8,0x00 0x00 0x00 0x00 0x00 0x00 0x00 0x00,0x7E55,ACK
4.8576712000,1082,Data,0x302,0x2,0x00 0xFF,0x6FC0,ACK
4.8578154000,1083,Data,0x485,0x8,0x22 0x00 0x00 0x00 0x62 0x00 0x14 0x0C,0x569F,ACK
4.8722536000,1084,Data,0x310,0x8,0xF1 0x0E 0x78 0x05 0x19 0x02 0x01 0xC8,0x37D5,ACK
4.8729698000,1085,Data,0x311,0x8,0x39 0x1E 0x07 0x3F 0x90 0x01 0x00 0x00,0x66BC,ACK
4.8753619000,1086,Data,0x100,0x8,0x00 0x00 0x04 0x40 0x05 0x4F 0x0F 0x32,0x7282,ACK
4.8953619000,1087,Data,0x100,0x8,0x00 0x00 0x04 0x40 0x05 0x4F 0x0F 0x32,0x7282,ACK
4.9153619000,1088,Data,0x100,0x8,0x00 0x00 0x04 0x40 0x05 0x4F 0x0F 0x32,0x7282,ACK
4.9353619000,1089,Data,0x100,0x8,0x00 0x00 0x04 0x40 0x05 0x4F 0x0F 0x32,0x7282,ACK
4.9416999000,1090,Data,0x212,0x8,0x52 0x01 0x00 0xC9 0x00 0x00 0x00 0x2A,0x2C4E,ACK
4.9419601000,1091,Data,0x211,0x8,0xE4 0x00 0x2A 0x00 0x00 0x00 0x00 0x00,0x0D4D,ACK
4.9422162000,1092,Data,0x343,0x8,0x00 0x00 0x00 0x01 0x00 0x00 0x01 0x00,0x103B,ACK
4.9424985000,1093,Data,0x341,0x8,0x00 0x00 0x00 0x00 0x02 0x00 0x00 0x00,0x1833,ACK
4.9427747000,1094,Data,0x342,0x8,0x05 0x00 0x0F 0x00 0x00 0xE4 0x05 0x34,0x6794,ACK
4.9430530000,1095,Data,0x344,0x8,0x00 0x00 0x00 0x03 0x00 0x00 0x00 0x00,0x6F15,ACK
4.9553809000,1096,Data,0x100,0x8,0x00 0x00 0x04 0x40 0x05 0x4F 0x0F 0x32,0x7282,ACK
4.9556272000,1097,Data,0x203,0x8,0x04 0x00 0x58 0x00 0x58 0x00 0x00 0x00,0x641B,ACK
4.9558774000,1098,Data,0x204,0x8,0x00 0x00 0x00 0x00 0x00 0x00 0x00 0x00,0x79D1,ACK
4.9561337000,1099,Data,0x205,0x8,0x00 0x00 0x00 0x00 0x00 0x00 0x00 0x00,0x72CA,ACK
4.9564359000,1100,Data,0x209,0x8,0x9F 0x27 0x10 0x04 0x90 0x49 0x00 0x00,0x59C2,ACK
4.9566761000,1101,Data,0x20A,0x8,0x00 0x00 0x00 0x00 0x00 0x00 0x00 0x00,0x1B53,ACK
4.9569304000,1102,Data,0x20B,0x8,0xBC 0x02 0x64 0x00 0x01 0xC8 0x00 0x00,0x021C,ACK
4.9571746000,1103,Data,0x20C,0x8,0x00 0xE4 0x0A 0x34 0x1E 0x07 0x00 0x00,0x6603,ACK
4.9753607000,1104,Data,0x100,0x8,0x00 0x00 0x04 0x40 0x05 0x4F 0x0F 0x32,0x7282,ACK
4.9898727000,1105,Extend Data,0x18EF073E,0x4,0x01 0x01 0x8F 0x02,0x64A1,ACK
4.9953489000,1106,Data,0x100,0x8,0x00 0x00 0x04 0x40 0x05 0x4F 0x0F 0x32,0x7282,ACK
5.0153589000,1107,Data,0x100,0x8,0x00 0x00 0x04 0x40 0x05 0x4F 0x0F 0x32,0x7282,ACK
5.0155990000,1108,Data,0x424,0x8,0x6A 0x3C 0x4D 0x69 0x00 0x00 0x00 0x00,0x499B,ACK
5.0158352000,1109,Extend Data,0x18EF3E07,0x5,0x01 0x04 0x8F 0x58 0x00,0x1EB9,ACK
5.0160635000,1110,Data,0x425,0x8,0x01 0x64 0x49 0x58 0x58 0x58 0x01 0xFF,0x04F4,ACK
5.0162998000,1111,Data,0x429,0x8,0x20 0x00 0x00 0x00 0x00 0x00 0x00 0x00,0x7AC7,ACK
5.0165480000,1112,Data,0x420,0x8,0xA4 0x14 0xF6 0xFF 0x70 0x03 0x00 0x00,0x78F7,ACK
5.0167863000,1113,Data,0x421,0x8,0x38 0x36 0x31 0x34 0xFB 0x04 0x62 0x04,0x00AE,ACK
5.0170205000,1114,Data,0x422,0x8,0x00 0x00 0x20 0x00 0x15 0x00 0x02 0x00,0x33F1,ACK
5.0173727000,1115,Data,0x423,0x8,0xBC 0x02 0x64 0x00 0x3D 0x00 0x01 0x00,0x4EF3,ACK
5.0177590000,1116,Data,0x501,0x8,0xB4 0xC1 0x83 0x58 0x51 0xE5 0xB2 0x6B,0x057E,ACK
5.0353609000,1117,Data,0x100,0x8,0x00 0x00 0x04 0x40 0x05 0x4F 0x0F 0x32,0x7282,ACK
5.0416610000,1118,Data,0x212,0x8,0x52 0x01 0x00 0xC9 0x00 0x00 0x00 0x2A,0x2C4E,ACK
5.0419231000,1119,Data,0x211,0x8,0xE4 0x00 0x2A 0x00 0x00 0x00 0x00 0x00,0x0D4D,ACK
5.0421833000,1120,Data,0x343,0x8,0x00 0x00 0x00 0x01 0x00 0x00 0x01 0x00,0x103B,ACK
5.0499373000,1121,Extend Data,0x18EF073E,0x4,0x01 0x01 0x8C 0x02,0x6D52,ACK
5.0553875000,1122,Data,0x100,0x8,0x00 0x00 0x04 0x40 0x05 0x4F 0x0F 0x32,0x7282,ACK
5.0556338000,1123,Data,0x203,0x8,0x04 0x00 0x58 0x00 0x58 0x00 0x00 0x00,0x641B,ACK
5.0558840000,1124,Data,0x204,0x8,0x00 0x00 0x00 0x00 0x00 0x00 0x00 0x00,0x79D1,ACK
5.0561402000,1125,Data,0x205,0x8,0x00 0x00 0x00 0x00 0x00 0x00 0x00 0x00,0x72CA,ACK
5.0564245000,1126,Data,0x209,0x8,0x9F 0x27 0x10 0x04 0x90 0x49 0x00 0x00,0x59C2,ACK
5.0566646000,1127,Data,0x20A,0x8,0x00 0x00 0x00 0x00 0x00 0x00 0x00 0x00,0x1B53,ACK
5.0569209000,1128,Data,0x20B,0x8,0xBC 0x02 0x64 0x00 0x01 0xC8 0x00 0x00,0x021C,ACK
5.0571651000,1129,Data,0x20C,0x8,0x00 0xE4 0x0A 0x34 0x1E 0x07 0x00 0x00,0x6603,ACK
5.0574154000,1130,Data,0x301,0x8,0x00 0x00 0x00 0x00 0x00 0x00 0x00 0x00,0x7E55,ACK
5.0576716000,1131,Data,0x302,0x2,0x00 0xFF,0x6FC0,ACK
5.0578159000,1132,Data,0x485,0x8,0x22 0x00 0x00 0x00 0x62 0x00 0x14 0x0C,0x569F,ACK
5.0685341000,1133,Data,0x502,0x8,0x32 0xAC 0x86 0x0E 0x1A 0xB9 0x00 0x00,0x0E93,ACK
5.0692263000,1134,Extend Data,0x18EF3E07,0x5,0x01 0x04 0x8C 0xA4 0x14,0x672E,ACK
5.0738186000,1135,Data,0x310,0x8,0xF1 0x0E 0x78 0x05 0x19 0x02 0x01 0xC8,0x37D5,ACK
5.0745428000,1136,Data,0x311,0x8,0x39 0x1E 0x07 0x3F 0x90 0x01 0x00 0x00,0x66BC,ACK
5.0753589000,1137,Data,0x100,0x8,0x00 0x00 0x04 0x40 0x05 0x4F 0x0F 0x32,0x7282,ACK
5.0953589000,1138,Data,0x100,0x8,0x00 0x00 0x04 0x40 0x05 0x4F 0x0F 0x32,0x7282,ACK
5.1099309000,1139,Extend Data,0x18EF073E,0x4,0x01 0x01 0x8D 0x02,0x2974,ACK
5.1105171000,1140,Extend Data,0x18EF3E07,0x5,0x01 0x04 0x8D 0xF4 0xFF,0x4895,ACK
5.1153591000,1141,Data,0x100,0x8,0x00 0x00 0x04 0x40 0x05 0x4F 0x0F 0x32,0x7282,ACK
5.1353470000,1142,Data,0x100,0x8,0x00 0x00 0x04 0x40 0x05 0x4F 0x0F 0x32,0x7282,ACK
5.1417050000,1143,Data,0x212,0x8,0x52 0x01 0x00 0xC9 0x00 0x00 0x00 0x2A,0x2C4E,ACK
5.1419633000,1144,Data,0x211,0x8,0xE4 0x00 0x2A 0x00 0x00 0x00 0x00 0x00,0x0D4D,ACK
5.1422235000,1145,Data,0x343,0x8,0x00 0x00 0x00 0x01 0x00 0x00 0x01 0x00,0x103B,ACK
5.1424798000,1146,Data,0x341,0x8,0x00 0x00 0x00 0x00 0x02 0x00 0x00 0x00,0x1833,ACK
5.1427800000,1147,Data,0x342,0x8,0x05 0x00 0x0F 0x00 0x00 0xE4 0x05 0x34,0x6794,ACK
5.1430403000,1148,Data,0x344,0x8,0x00 0x00 0x00 0x03 0x00 0x00 0x00 0x00,0x6F15,ACK
5.1553762000,1149,Data,0x100,0x8,0x00 0x00 0x04 0x40 0x05 0x4F 0x0F 0x32,0x7282,ACK
5.1556225000,1150,Data,0x203,0x8,0x04 0x00 0x58 0x00 0x58 0x00 0x00 0x00,0x641B,ACK
5.1558727000,1151,Data,0x204,0x8,0x00 0x00 0x00 0x00 0x00 0x00 0x00 0x00,0x79D1,ACK
5.1561290000,1152,Data,0x205,0x8,0x00 0x00 0x00 0x00 0x00 0x00 0x00 0x00,0x72CA,ACK
5.1564352000,1153,Data,0x209,0x8,0x9F 0x27 0x10 0x04 0x90 0x49 0x00 0x00,0x59C2,ACK
5.1566755000,1154,Data,0x20A,0x8,0x00 0x00 0x00 0x00 0x00 0x00 0x00 0x00,0x1B53,ACK
5.1569317000,1155,Data,0x20B,0x8,0xBC 0x02 0x64 0x00 0x01 0xC8 0x00 0x00,0x021C,ACK
5.1571760000,1156,Data,0x20C,0x8,0x00 0xE4 0x0A 0x34 0x1E 0x07 0x00 0x00,0x6603,ACK
5.1753580000,1157,Data,0x100,0x8,0x00 0x00 0x04 0x40 0x05 0x4F 0x0F 0x32,0x7282,ACK
5.1855501000,1158,Extend Data,0x18EF073E,0x4,0x01 0x01 0x8E 0x02,0x2087,ACK
5.1862602000,1159,Extend Data,0x18EF3E07,0x5,0x01 0x04 0x8E 0x64 0x00,0x13C8,ACK
5.1953582000,1160,Data,0x100,0x8,0x00 0x00 0x04 0x40 0x05 0x4F 0x0F 0x32,0x7282,ACK
5.2153562000,1161,Data,0x100,0x8,0x00 0x00 0x04 0x40 0x05 0x4F 0x0F 0x32,0x7282,ACK
5.2353582000,1162,Data,0x100,0x8,0x00 0x00 0x04 0x40 0x05 0x4F 0x0F 0x32,0x7282,ACK
5.2416742000,1163,Data,0x212,0x8,0x52 0x01 0x00 0xC9 0x00 0x00 0x00 0x2A,0x2C4E,ACK
5.2419365000,1164,Data,0x211,0x8,0xE4 0x00 0x2A 0x00 0x00 0x00 0x00 0x00,0x0D4D,ACK
5.2421967000,1165,Data,0x343,0x8,0x00 0x00 0x00 0x01 0x00 0x00 0x01 0x00,0x103B,ACK
5.2450228000,1166,Extend Data,0x18EF073E,0x4,0x01 0x01 0x59 0x02,0x652F,ACK
5.2553829000,1167,Data,0x100,0x8,0x00 0x00 0x04 0x40 0x05 0x4F 0x0F 0x32,0x7282,ACK
5.2556272000,1168,Data,0x203,0x8,0x04 0x00 0x58 0x00 0x58 0x00 0x00 0x00,0x641B,ACK
5.2558774000,1169,Data,0x204,0x8,0x00 0x00 0x00 0x00 0x00 0x00 0x00 0x00,0x79D1,ACK
5.2561337000,1170,Data,0x205,0x8,0x00 0x00 0x00 0x00 0x00 0x00 0x00 0x00,0x72CA,ACK
5.2564339000,1171,Data,0x209,0x8,0x9F 0x27 0x10 0x04 0x90 0x49 0x00 0x00,0x59C2,ACK
5.2566742000,1172,Data,0x20A,0x8,0x00 0x00 0x00 0x00 0x00 0x00 0x00 0x00,0x1B53,ACK
5.2569284000,1173,Data,0x20B,0x8,0xBC 0x02 0x64 0x00 0x01 0xC8 0x00 0x00,0x021C,ACK
5.2571727000,1174,Data,0x20C,0x8,0x00 0xE4 0x0A 0x34 0x1E 0x07 0x00 0x00,0x6603,ACK
5.2574229000,1175,Data,0x301,0x8,0x00 0x00 0x00 0x00 0x00 0x00 0x00 0x00,0x7E55,ACK
5.2576792000,1176,Data,0x302,0x2,0x00 0xFF,0x6FC0,ACK
5.2578234000,1177,Data,0x485,0x8,0x22 0x00 0x00 0x00 0x62 0x00 0x14 0x0C,0x569F,ACK
5.2686975000,1178,Extend Data,0x18EF3E07,0x5,0x01 0x04 0x59 0x00 0x00,0x4816,ACK
5.2744838000,1179,Data,0x310,0x8,0xF1 0x0E 0x78 0x05 0x19 0x02 0x01 0xC8,0x37D5,ACK
5.2752180000,1180,Data,0x311,0x8,0x39 0x1E 0x07 0x3F 0x90 0x01 0x00 0x00,0x66BC,ACK
5.2754562000,1181,Data,0x100,0x8,0x00 0x00 0x04 0x40 0x05 0x4F 0x0F 0x32,0x7282,ACK
5.2953562000,1182,Data,0x100,0x8,0x00 0x00 0x04 0x40 0x05 0x4F 0x0F 0x32,0x7282,ACK
5.3049882000,1183,Extend Data,0x18EF073E,0x4,0x01 0x01 0x92 0x02,0x312C,ACK
5.3055363000,1184,Extend Data,0x18EF3E07,0x5,0x01 0x04 0x92 0x02 0x00,0x0BF9,ACK
5.3153563000,1185,Data,0x100,0x8,0x00 0x00 0x04 0x40 0x05 0x4F 0x0F 0x32,0x7282,ACK
5.3353543000,1186,Data,0x100,0x8,0x00 0x00 0x04 0x40 0x05 0x4F 0x0F 0x32,0x7282,ACK
5.3416843000,1187,Data,0x212,0x8,0x52 0x01 0x00 0xC9 0x00 0x00 0x00 0x2A,0x2C4E,ACK
5.3419686000,1188,Data,0x211,0x8,0xE4 0x00 0x2A 0x00 0x00 0x00 0x00 0x00,0x0D4D,ACK
5.3422248000,1189,Data,0x343,0x8,0x00 0x00 0x00 0x01 0x00 0x00 0x01 0x00,0x103B,ACK
5.3424851000,1190,Data,0x341,0x8,0x00 0x00 0x00 0x00 0x02 0x00 0x00 0x00,0x1833,ACK
5.3427832000,1191,Data,0x342,0x8,0x05 0x00 0x0F 0x00 0x00 0xE4 0x05 0x34,0x6794,ACK
5.3430394000,1192,Data,0x344,0x8,0x00 0x00 0x00 0x03 0x00 0x00 0x00 0x00,0x6F15,ACK
5.3432997000,1193,Data,0x401,0x8,0x00 0x00 0x34 0x00 0x05 0x2B 0x00 0x00,0x3E15,ACK
5.3553737000,1194,Data,0x100,0x8,0x00 0x00 0x04 0x40 0x05 0x4F 0x0F 0x32,0x7282,ACK
5.3556199000,1195,Data,0x203,0x8,0x04 0x00 0x58 0x00 0x58 0x00 0x00 0x00,0x641B,ACK
5.3558702000,1196,Data,0x204,0x8,0x00 0x00 0x00 0x00 0x00 0x00 0x00 0x00,0x79D1,ACK
5.3561264000,1197,Data,0x205,0x8,0x00 0x00 0x00 0x00 0x00 0x00 0x00 0x00,0x72CA,ACK
5.3564326000,1198,Data,0x209,0x8,0x9F 0x27 0x10 0x04 0x90 0x49 0x00 0x00,0x59C2,ACK
5.3566709000,1199,Data,0x20A,0x8,0x00 0x00 0x00 0x00 0x00 0x00 0x00 0x00,0x1B53,ACK
5.3569251000,1200,Data,0x20B,0x8,0xBC 0x02 0x64 0x00 0x01 0xC8 0x00 0x00,0x021C,ACK
5.3571714000,1201,Data,0x20C,0x8,0x00 0xE4 0x0A 0x34 0x1E 0x07 0x00 0x00,0x6603,ACK
5.3753554000,1202,Data,0x100,0x8,0x00 0x00 0x04 0x40 0x05 0x4F 0x0F 0x32,0x7282,ACK
5.3800636000,1203,Extend Data,0x18EF073E,0x4,0x01 0x01 0x96 0x04,0x797B,ACK
5.3806856000,1204,Extend Data,0x18EF3E07,0x7,0x01 0x04 0x96 0x16 0x00 0x16 0x00,0x4DDB,ACK
5.3953536000,1205,Data,0x100,0x8,0x00 0x00 0x04 0x40 0x05 0x4F 0x0F 0x32,0x7282,ACK
5.4153556000,1206,Data,0x100,0x8,0x00 0x00 0x04 0x40 0x05 0x4F 0x0F 0x32,0x7282,ACK
5.4353536000,1207,Data,0x100,0x8,0x00 0x00 0x04 0x40 0x05 0x4F 0x0F 0x32,0x7282,ACK
5.4398438000,1208,Extend Data,0x18EF073E,0x4,0x01 0x01 0xF9 0x02,0x31EB,ACK
5.4416599000,1209,Data,0x212,0x8,0x52 0x01 0x00 0xC9 0x00 0x00 0x00 0x2A,0x2C4E,ACK
5.4419420000,1210,Data,0x211,0x8,0xE4 0x00 0x2A 0x00 0x00 0x00 0x00 0x00,0x0D4D,ACK
5.4422003000,1211,Data,0x343,0x8,0x00 0x00 0x00 0x01 0x00 0x00 0x01 0x00,0x103B,ACK
5.4553803000,1212,Data,0x100,0x8,0x00 0x00 0x04 0x40 0x05 0x4F 0x0F 0x32,0x7282,ACK
5.4556245000,1213,Data,0x203,0x8,0x04 0x00 0x58 0x00 0x58 0x00 0x00 0x00,0x641B,ACK
5.4558747000,1214,Data,0x204,0x8,0x00 0x00 0x00 0x00 0x00 0x00 0x00 0x00,0x79D1,ACK
5.4561310000,1215,Data,0x205,0x8,0x00 0x00 0x00 0x00 0x00 0x00 0x00 0x00,0x72CA,ACK
5.4564312000,1216,Data,0x209,0x8,0x9F 0x27 0x10 0x04 0x90 0x49 0x00 0x00,0x59C2,ACK
5.4566715000,1217,Data,0x20A,0x8,0x00 0x00 0x00 0x00 0x00 0x00 0x00 0x00,0x1B53,ACK
5.4569277000,1218,Data,0x20B,0x8,0xBC 0x02 0x64 0x00 0x01 0xC8 0x00 0x00,0x021C,ACK
5.4571720000,1219,Data,0x20C,0x8,0x00 0xE4 0x0A 0x34 0x1E 0x07 0x00 0x00,0x6603,ACK
5.4574222000,1220,Data,0x301,0x8,0x00 0x00 0x00 0x00 0x00 0x00 0x00 0x00,0x7E55,ACK
5.4576785000,1221,Data,0x302,0x2,0x00 0xFF,0x6FC0,ACK
5.4578227000,1222,Data,0x485,0x8,0x22 0x00 0x00 0x00 0x62 0x00 0x14 0x0C,0x569F,ACK
5.4689950000,1223,Extend Data,0x18EF3E07,0x5,0x01 0x04 0xF9 0x17 0x00,0x2512,ACK
5.4741332000,1224,Data,0x310,0x8,0xF1 0x0E 0x78 0x05 0x19 0x02 0x01 0xC8,0x37D5,ACK
5.4753534000,1225,Data,0x100,0x8,0x00 0x00 0x04 0x40 0x05 0x4F 0x0F 0x32,0x7282,ACK
5.4768815000,1226,Data,0x311,0x8,0x39 0x1E 0x07 0x3F 0x90 0x01 0x00 0x00,0x66BC,ACK
5.4953534000,1227,Data,0x100,0x8,0x00 0x00 0x04 0x40 0x05 0x4F 0x0F 0x32,0x7282,ACK
5.4999316000,1228,Extend Data,0x18EF073E,0x4,0x01 0x01 0xA0 0x1A,0x7FC0,ACK
5.5008738000,1229,Extend Data,0x1CEC3E07,0x8,0x10 0x1F 0x00 0x05 0xFF 0x00 0xEF 0x00,0x330A,ACK
5.5011699000,1230,Extend Data,0x18EC073E,0x8,0x11 0x05 0x01 0xFF 0xFF 0x00 0xEF 0x00,0x4F54,ACK
5.5019140000,1231,Extend Data,0x1CEB3E07,0x8,0x01 0x01 0x04 0xA0 0xE1 0x0F 0xE1 0x0F,0x6DF0,ACK
5.5021983000,1232,Extend Data,0x1CEB3E07,0x8,0x02 0xE0 0x0F 0xE1 0x0F 0xE1 0x0F 0xE1,0x4B7E,ACK
5.5024765000,1233,Extend Data,0x1CEB3E07,0x8,0x03 0x0F 0xE1 0x0F 0xE1 0x0F 0xE2 0x0F,0x2FE5,ACK
5.5027568000,1234,Extend Data,0x1CEB3E07,0x8,0x04 0xE2 0x0F 0xE1 0x0F 0xE2 0x0F 0xE4,0x5364,ACK
5.5030350000,1235,Extend Data,0x1CEB3E07,0x8,0x05 0x0F 0x25 0xF3 0xFF 0xFF 0xFF 0xFF,0x5784,ACK
5.5033671000,1236,Extend Data,0x18EC073E,0x8,0x13 0x1F 0x00 0x05 0xFF 0x00 0xEF 0x00,0x6E4D,ACK
5.5153532000,1237,Data,0x100,0x8,0x00 0x00 0x04 0x40 0x05 0x4F 0x0F 0x32,0x7282,ACK
5.5159033000,1238,Data,0x420,0x8,0xA4 0x14 0xF4 0xFF 0x70 0x03 0x00 0x00,0x44AF,ACK
5.5161416000,1239,Data,0x421,0x8,0x38 0x36 0x31 0x34 0xFB 0x04 0x62 0x04,0x00AE,ACK
5.5176978000,1240,Data,0x425,0x8,0x01 0x64 0x49 0x58 0x58 0x58 0x01 0xFF,0x04F4,ACK
5.5179341000,1241,Data,0x429,0x8,0x20 0x00 0x00 0x00 0x00 0x00 0x00 0x00,0x7AC7,ACK
5.5353540000,1242,Data,0x100,0x8,0x00 0x00 0x04 0x40 0x05 0x4F 0x0F 0x32,0x7282,ACK
5.5416760000,1243,Data,0x212,0x8,0x52 0x01 0x00 0xC9 0x00 0x00 0x00 0x2A,0x2C4E,ACK
5.5419342000,1244,Data,0x211,0x8,0xE4 0x00 0x2A 0x00 0x00 0x00 0x00 0x00,0x0D4D,ACK
5.5421945000,1245,Data,0x343,0x8,0x00 0x00 0x00 0x01 0x00 0x00 0x01 0x00,0x103B,ACK
5.5424707000,1246,Data,0x341,0x8,0x00 0x00 0x00 0x00 0x02 0x00 0x00 0x00,0x1833,ACK
5.5427490000,1247,Data,0x342,0x8,0x05 0x00 0x0F 0x00 0x00 0xE4 0x05 0x34,0x6794,ACK
5.5430052000,1248,Data,0x344,0x8,0x00 0x00 0x00 0x03 0x00 0x00 0x00 0x00,0x6F15,ACK
5.5553732000,1249,Data,0x100,0x8,0x00 0x00 0x04 0x40 0x05 0x4F 0x0F 0x32,0x7282,ACK
5.5556175000,1250,Data,0x203,0x8,0x04 0x00 0x58 0x00 0x58 0x00 0x00 0x00,0x641B,ACK
5.5558677000,1251,Data,0x204,0x8,0x00 0x00 0x00 0x00 0x00 0x00 0x00 0x00,0x79D1,ACK
5.5561260000,1252,Data,0x205,0x8,0x00 0x00 0x00 0x00 0x00 0x00 0x00 0x00,0x72CA,ACK
5.5564162000,1253,Data,0x209,0x8,0x9F 0x27 0x10 0x04 0x90 0x49 0x00 0x00,0x59C2,ACK
5.5566565000,1254,Data,0x20A,0x8,0x00 0x00 0x00 0x00 0x00 0x00 0x00 0x00,0x1B53,ACK
5.5569107000,1255,Data,0x20B,0x8,0xBC 0x02 0x64 0x00 0x01 0xC8 0x00 0x00,0x021C,ACK
5.5571549000,1256,Data,0x20C,0x8,0x00 0xE4 0x0A 0x34 0x1E 0x07 0x00 0x00,0x6603,ACK
5.5695531000,1257,Data,0x422,0x8,0x00 0x00 0x20 0x00 0x15 0x00 0x02 0x00,0x33F1,ACK
5.5699394000,1258,Data,0x423,0x8,0xBC 0x02 0x64 0x00 0x3D 0x00 0x01 0x00,0x4EF3,ACK
5.5753555000,1259,Data,0x100,0x8,0x00 0x00 0x04 0x40 0x05 0x4F 0x0F 0x32,0x7282,ACK
5.5758597000,1260,Extend Data,0x18EF073E,0x4,0x01 0x01 0x82 0x02,0x074B,ACK
5.5763939000,1261,Extend Data,0x18EF3E07,0x5,0x01 0x04 0x82 0x64 0x00,0x0BF7,ACK
5.5953517000,1262,Data,0x100,0x8,0x00 0x00 0x04 0x40 0x05 0x4F 0x0F 0x32,0x7282,ACK
5.6153517000,1263,Data,0x100,0x8,0x00 0x00 0x04 0x40 0x05 0x4F 0x0F 0x32,0x7282,ACK
5.6349397000,1264,Extend Data,0x18EF073E,0x4,0x01 0x01 0x02 0x0E,0x1389,ACK
5.6353519000,1265,Data,0x100,0x8,0x00 0x00 0x04 0x40 0x05 0x4F 0x0F 0x32,0x7282,ACK
5.6416579000,1266,Data,0x212,0x8,0x52 0x01 0x00 0xC9 0x00 0x00 0x00 0x2A,0x2C4E,ACK
5.6418982000,1267,Data,0x211,0x8,0xE4 0x00 0x2A 0x00 0x00 0x00 0x00 0x00,0x0D4D,ACK
5.6421544000,1268,Data,0x343,0x8,0x00 0x00 0x00 0x01 0x00 0x00 0x01 0x00,0x103B,ACK
5.6553924000,1269,Data,0x100,0x8,0x00 0x00 0x04 0x40 0x05 0x4F 0x0F 0x32,0x7282,ACK
5.6556366000,1270,Data,0x203,0x8,0x04 0x00 0x58 0x00 0x58 0x00 0x00 0x00,0x641B,ACK
5.6558867000,1271,Data,0x204,0x8,0x00 0x00 0x00 0x00 0x00 0x00 0x00 0x00,0x79D1,ACK
5.6561428000,1272,Data,0x205,0x8,0x00 0x00 0x00 0x00 0x00 0x00 0x00 0x00,0x72CA,ACK
5.6564169000,1273,Data,0x209,0x8,0x9F 0x27 0x10 0x04 0x90 0x49 0x00 0x00,0x59C2,ACK
5.6566570000,1274,Data,0x20A,0x8,0x00 0x00 0x00 0x00 0x00 0x00 0x00 0x00,0x1B53,ACK
5.6569132000,1275,Data,0x20B,0x8,0xBC 0x02 0x64 0x00 0x01 0xC8 0x00 0x00,0x021C,ACK
5.6571573000,1276,Data,0x20C,0x8,0x00 0xE4 0x0A 0x34 0x1E 0x07 0x00 0x00,0x6603,ACK
5.6574074000,1277,Data,0x301,0x8,0x00 0x00 0x00 0x00 0x00 0x00 0x00 0x00,0x7E55,ACK
5.6576655000,1278,Data,0x302,0x2,0x00 0xFF,0x6FC0,ACK
5.6578097000,1279,Data,0x485,0x8,0x22 0x00 0x00 0x00 0x62 0x00 0x14 0x0C,0x569F,ACK
5.6580558000,1280,Data,0x480,0x8,0x00 0x00 0x00 0x00 0x20 0x00 0x00 0x00,0x2C46,ACK
5.6583119000,1281,Data,0x481,0x8,0x10 0x18 0x40 0x13 0x00 0x00 0x00 0x00,0x1419,ACK
5.6585600000,1282,Data,0x482,0x8,0x52 0x01 0x02 0x00 0x00 0x00 0x00 0x00,0x36EA,ACK
5.6588081000,1283,Data,0x483,0x8,0x31 0x4B 0x31 0x55 0x41 0x32 0x35 0x35,0x717E,ACK
5.6590423000,1284,Data,0x484,0x8,0x31 0x50 0x33 0x39 0x36 0x35 0x00 0x00,0x0196,ACK
5.6690205000,1285,Extend Data,0x1CEC3E07,0x8,0x10 0x13 0x00 0x03 0xFF 0x00 0xEF 0x00,0x1F52,ACK
5.6693226000,1286,Extend Data,0x18EC073E,0x8,0x11 0x03 0x01 0xFF 0xFF 0x00 0xEF 0x00,0x34D9,ACK
5.6700607000,1287,Extend Data,0x1CEB3E07,0x8,0x01 0x01 0x04 0x02 0xB4 0xC1 0x83 0x58,0x140B,ACK
5.6703450000,1288,Extend Data,0x1CEB3E07,0x8,0x02 0x51 0xE5 0xB2 0x6B 0x32 0xAC 0x86,0x3C30,ACK
5.6706132000,1289,Extend Data,0x1CEB3E07,0x8,0x03 0x0E 0x1A 0xB9 0x10 0xF9 0xFF 0xFF,0x4FA2,ACK
5.6709234000,1290,Extend Data,0x18EC073E,0x8,0x13 0x13 0x00 0x03 0xFF 0x00 0xEF 0x00,0x4215,ACK
5.6753516000,1291,Data,0x100,0x8,0x00 0x00 0x04 0x40 0x05 0x4F 0x0F 0x32,0x7282,ACK
5.6756117000,1292,Data,0x310,0x8,0xF1 0x0E 0x78 0x05 0x19 0x02 0x01 0xC8,0x37D5,ACK
5.6784260000,1293,Data,0x311,0x8,0x39 0x1E 0x07 0x3F 0x90 0x01 0x00 0x00,0x66BC,ACK
5.6953499000,1294,Data,0x100,0x8,0x00 0x00 0x04 0x40 0x05 0x4F 0x0F 0x32,0x7282,ACK
5.7153519000,1295,Data,0x100,0x8,0x00 0x00 0x04 0x40 0x05 0x4F 0x0F 0x32,0x7282,ACK
5.7353499000,1296,Data,0x100,0x8,0x00 0x00 0x04 0x40 0x05 0x4F 0x0F 0x32,0x7282,ACK
5.7416899000,1297,Data,0x212,0x8,0x52 0x01 0x00 0xC9 0x00 0x00 0x00 0x2A,0x2C4E,ACK
5.7419521000,1298,Data,0x211,0x8,0xE4 0x00 0x2A 0x00 0x00 0x00 0x00 0x00,0x0D4D,ACK
5.7422084000,1299,Data,0x343,0x8,0x00 0x00 0x00 0x01 0x00 0x00 0x01 0x00,0x103B,ACK
5.7424886000,1300,Data,0x341,0x8,0x00 0x00 0x00 0x00 0x02 0x00 0x00 0x00,0x1833,ACK
5.7427629000,1301,Data,0x342,0x8,0x05 0x00 0x0F 0x00 0x00 0xE4 0x05 0x34,0x6794,ACK
5.7430231000,1302,Data,0x344,0x8,0x00 0x00 0x00 0x03 0x00 0x00 0x00 0x00,0x6F15,ACK
5.7553692000,1303,Data,0x100,0x8,0x00 0x00 0x04 0x40 0x05 0x4F 0x0F 0x32,0x7282,ACK
5.7556154000,1304,Data,0x203,0x8,0x04 0x00 0x58 0x00 0x58 0x00 0x00 0x00,0x641B,ACK
5.7558656000,1305,Data,0x204,0x8,0x00 0x00 0x00 0x00 0x00 0x00 0x00 0x00,0x79D1,ACK
5.7561219000,1306,Data,0x205,0x8,0x00 0x00 0x00 0x00 0x00 0x00 0x00 0x00,0x72CA,ACK
5.7564281000,1307,Data,0x209,0x8,0x9F 0x27 0x10 0x04 0x90 0x49 0x00 0x00,0x59C2,ACK
5.7566684000,1308,Data,0x20A,0x8,0x00 0x00 0x00 0x00 0x00 0x00 0x00 0x00,0x1B53,ACK
5.7569246000,1309,Data,0x20B,0x8,0xBC 0x02 0x64 0x00 0x01 0xC8 0x00 0x00,0x021C,ACK
5.7571689000,1310,Data,0x20C,0x8,0x00 0xE4 0x0A 0x34 0x1E 0x07 0x00 0x00,0x6603,ACK
5.7701230000,1311,Extend Data,0x18EF073E,0x4,0x01 0x01 0x10 0x02,0x44F3,ACK
5.7707391000,1312,Extend Data,0x18EF3E07,0x5,0x01 0x04 0x10 0x0D 0x00,0x0F0B,ACK
5.7753491000,1313,Data,0x100,0x8,0x00 0x00 0x04 0x40 0x05 0x4F 0x0F 0x32,0x7282,ACK
5.7953511000,1314,Data,0x100,0x8,0x00 0x00 0x04 0x40 0x05 0x4F 0x0F 0x32,0x7282,ACK
5.8153491000,1315,Data,0x100,0x8,0x00 0x00 0x04 0x40 0x05 0x4F 0x0F 0x32,0x7282,ACK
5.8299292000,1316,Extend Data,0x18EF073E,0x4,0x01 0x01 0x11 0x02,0x00D5,ACK
5.8353374000,1317,Data,0x100,0x8,0x00 0x00 0x04 0x40 0x05 0x4F 0x0F 0x32,0x7282,ACK
5.8416673000,1318,Data,0x212,0x8,0x52 0x01 0x00 0xC9 0x00 0x00 0x00 0x2A,0x2C4E,ACK
5.8419255000,1319,Data,0x211,0x8,0xE4 0x00 0x2A 0x00 0x00 0x00 0x00 0x00,0x0D4D,ACK
5.8421856000,1320,Data,0x343,0x8,0x00 0x00 0x00 0x01 0x00 0x00 0x01 0x00,0x103B,ACK
5.8424637000,1321,Data,0x401,0x8,0x00 0x00 0x34 0x00 0x05 0x2B 0x00 0x00,0x3E15,ACK
5.8553776000,1322,Data,0x100,0x8,0x00 0x00 0x04 0x40 0x05 0x4F 0x0F 0x32,0x7282,ACK
5.8556219000,1323,Data,0x203,0x8,0x04 0x00 0x58 0x00 0x58 0x00 0x00 0x00,0x641B,ACK
5.8558740000,1324,Data,0x204,0x8,0x00 0x00 0x00 0x00 0x00 0x00 0x00 0x00,0x79D1,ACK
5.8561302000,1325,Data,0x205,0x8,0x00 0x00 0x00 0x00 0x00 0x00 0x00 0x00,0x72CA,ACK
5.8564145000,1326,Data,0x209,0x8,0x9F 0x27 0x10 0x04 0x90 0x49 0x00 0x00,0x59C2,ACK
5.8566567000,1327,Data,0x20A,0x8,0x00 0x00 0x00 0x00 0x00 0x00 0x00 0x00,0x1B53,ACK
5.8569130000,1328,Data,0x20B,0x8,0xBC 0x02 0x64 0x00 0x01 0xC8 0x00 0x00,0x021C,ACK
5.8571572000,1329,Data,0x20C,0x8,0x00 0xE4 0x0A 0x34 0x1E 0x07 0x00 0x00,0x6603,ACK
5.8574075000,1330,Data,0x301,0x8,0x00 0x00 0x00 0x00 0x00 0x00 0x00 0x00,0x7E55,ACK
5.8576637000,1331,Data,0x302,0x2,0x00 0xFF,0x6FC0,ACK
5.8578080000,1332,Data,0x485,0x8,0x22 0x00 0x00 0x00 0x62 0x00 0x14 0x0C,0x569F,ACK
5.8676942000,1333,Extend Data,0x18EF3E07,0x5,0x01 0x04 0x11 0xE0 0x01,0x11AD,ACK
5.8748624000,1334,Data,0x310,0x8,0xF1 0x0E 0x78 0x05 0x19 0x02 0x01 0xC8,0x37D5,ACK
5.8753486000,1335,Data,0x100,0x8,0x00 0x00 0x04 0x40 0x05 0x4F 0x0F 0x32,0x7282,ACK
5.8797087000,1336,Data,0x311,0x8,0x39 0x1E 0x07 0x3F 0x90 0x01 0x00 0x00,0x66BC,ACK
5.8898287000,1337,Extend Data,0x18EF073E,0x4,0x01 0x01 0x13 0x02,0x4D00,ACK
5.8904590000,1338,Extend Data,0x18EF3E07,0x5,0x01 0x04 0x13 0xFB 0x04,0x6F21,ACK
5.8953490000,1339,Data,0x100,0x8,0x00 0x00 0x04 0x40 0x05 0x4F 0x0F 0x32,0x7282,ACK
5.9153470000,1340,Data,0x100,0x8,0x00 0x00 0x04 0x40 0x05 0x4F 0x0F 0x32,0x7282,ACK
5.9353490000,1341,Data,0x100,0x8,0x00 0x00 0x04 0x40 0x05 0x4F 0x0F 0x32,0x7282,ACK
5.9416669000,1342,Data,0x212,0x8,0x52 0x01 0x00 0xC9 0x00 0x00 0x00 0x2A,0x2C4E,ACK
5.9419071000,1343,Data,0x211,0x8,0xE4 0x00 0x2A 0x00 0x00 0x00 0x00 0x00,0x0D4D,ACK
5.9421653000,1344,Data,0x343,0x8,0x00 0x00 0x00 0x01 0x00 0x00 0x01 0x00,0x103B,ACK
5.9424435000,1345,Data,0x341,0x8,0x00 0x00 0x00 0x00 0x02 0x00 0x00 0x00,0x1833,ACK
5.9426978000,1346,Data,0x342,0x8,0x05 0x00 0x0F 0x00 0x00 0xE4 0x05 0x34,0x6794,ACK
5.9429540000,1347,Data,0x344,0x8,0x00 0x00 0x00 0x03 0x00 0x00 0x00 0x00,0x6F15,ACK
5.9553680000,1348,Data,0x100,0x8,0x00 0x00 0x04 0x40 0x05 0x4F 0x0F 0x32,0x7282,ACK
5.9556122000,1349,Data,0x203,0x8,0x04 0x00 0x58 0x00 0x58 0x00 0x00 0x00,0x641B,ACK
5.9558645000,1350,Data,0x204,0x8,0x00 0x00 0x00 0x00 0x00 0x00 0x00 0x00,0x79D1,ACK
5.9561207000,1351,Data,0x205,0x8,0x00 0x00 0x00 0x00 0x00 0x00 0x00 0x00,0x72CA,ACK
5.9564129000,1352,Data,0x209,0x8,0x9F 0x27 0x10 0x04 0x90 0x49 0x00 0x00,0x59C2,ACK
5.9566512000,1353,Data,0x20A,0x8,0x00 0x00 0x00 0x00 0x00 0x00 0x00 0x00,0x1B53,ACK
5.9569054000,1354,Data,0x20B,0x8,0xBC 0x02 0x64 0x00 0x01 0xC8 0x00 0x00,0x021C,ACK
5.9571517000,1355,Data,0x20C,0x8,0x00 0xE4 0x0A 0x34 0x1E 0x07 0x00 0x00,0x6603,ACK
5.9651438000,1356,Extend Data,0x18EF073E,0x4,0x01 0x01 0x94 0x02,0x22CA,ACK
5.9753480000,1357,Data,0x100,0x8,0x00 0x00 0x04 0x40 0x05 0x4F 0x0F 0x32,0x7282,ACK
5.9953459000,1358,Data,0x100,0x8,0x00 0x00 0x04 0x40 0x05 0x4F 0x0F 0x32,0x7282,ACK
6.0153459000,1359,Data,0x100,0x8,0x00 0x00 0x04 0x40 0x05 0x4F 0x0F 0x32,0x7282,ACK
6.0156401000,1360,Data,0x500,0x8,0x48 0x48 0x49 0xFF 0x48 0x48 0x48 0xFF,0x3C42,ACK
6.0158704000,1361,Extend Data,0x18EF3E07,0x5,0x01 0x04 0x94 0x3D 0x00,0x11BC,ACK
6.0166586000,1362,Data,0x424,0x8,0x6B 0x3C 0x4D 0x69 0x00 0x00 0x00 0x00,0x1EAB,ACK
6.0168948000,1363,Data,0x425,0x8,0x01 0x64 0x49 0x58 0x58 0x58 0x01 0xFF,0x04F4,ACK
6.0172751000,1364,Data,0x420,0x8,0xA4 0x14 0xF4 0xFF 0x70 0x03 0x00 0x00,0x44AF,ACK
6.0175133000,1365,Data,0x421,0x8,0x38 0x36 0x31 0x34 0xFB 0x04 0x62 0x04,0x00AE,ACK
6.0256453000,1366,Extend Data,0x18EF023E,0x4,0x01 0x01 0x86 0x02,0x29F7,ACK
6.0259514000,1367,Extend Data,0x18EF3E02,0x5,0x01 0x04 0x86 0x00 0x00,0x1EE2,ACK
6.0353473000,1368,Data,0x100,0x8,0x00 0x00 0x04 0x40 0x05 0x4F 0x0F 0x32,0x7282,ACK
6.0416754000,1369,Data,0x212,0x8,0x52 0x01 0x00 0xC9 0x00 0x00 0x00 0x2A,0x2C4E,ACK
6.0419376000,1370,Data,0x211,0x8,0xE4 0x00 0x2A 0x00 0x00 0x00 0x00 0x00,0x0D4D,ACK
6.0421939000,1371,Data,0x343,0x8,0x00 0x00 0x00 0x01 0x00 0x00 0x01 0x00,0x103B,ACK
6.0553738000,1372,Data,0x100,0x8,0x00 0x00 0x04 0x40 0x05 0x4F 0x0F 0x32,0x7282,ACK
6.0556181000,1373,Data,0x203,0x8,0x04 0x00 0x58 0x00 0x58 0x00 0x00 0x00,0x641B,ACK
6.0558683000,1374,Data,0x204,0x8,0x00 0x00 0x00 0x00 0x00 0x00 0x00 0x00,0x79D1,ACK
6.0561245000,1375,Data,0x205,0x8,0x00 0x00 0x00 0x00 0x00 0x00 0x00 0x00,0x72CA,ACK
6.0564108000,1376,Data,0x209,0x8,0x9F 0x27 0x10 0x04 0x90 0x49 0x00 0x00,0x59C2,ACK
6.0566510000,1377,Data,0x20A,0x8,0x00 0x00 0x00 0x00 0x00 0x00 0x00 0x00,0x1B53,ACK
6.0569053000,1378,Data,0x20B,0x8,0xBC 0x02 0x64 0x00 0x01 0xC8 0x00 0x00,0x021C,ACK
6.0571495000,1379,Data,0x20C,0x8,0x00 0xE4 0x0A 0x34 0x1E 0x07 0x00 0x00,0x6603,ACK
6.0573998000,1380,Data,0x301,0x8,0x00 0x00 0x00 0x00 0x00 0x00 0x00 0x00,0x7E55,ACK
6.0576560000,1381,Data,0x302,0x2,0x00 0xFF,0x6FC0,ACK
6.0578003000,1382,Data,0x485,0x8,0x22 0x00 0x00 0x00 0x62 0x00 0x14 0x0C,0x569F,ACK
6.0703684000,1383,Data,0x429,0x8,0x20 0x00 0x00 0x00 0x00 0x00 0x00 0x00,0x7AC7,ACK
6.0711167000,1384,Data,0x422,0x8,0x00 0x00 0x20 0x00 0x15 0x00 0x02 0x00,0x33F1,ACK
6.0714949000,1385,Data,0x423,0x8,0xBC 0x02 0x64 0x00 0x3D 0x00 0x01 0x00,0x4EF3,ACK
6.0751152000,1386,Data,0x310,0x8,0xF1 0x0E 0x78 0x05 0x19 0x02 0x01 0xC8,0x37D5,ACK
6.0753513000,1387,Data,0x100,0x8,0x00 0x00 0x04 0x40 0x05 0x4F 0x0F 0x32,0x7282,ACK
6.0799534000,1388,Data,0x311,0x8,0x39 0x1E 0x07 0x3F 0x90 0x01 0x00 0x00,0x66BC,ACK
6.0953453000,1389,Data,0x100,0x8,0x00 0x00 0x04 0x40 0x05 0x4F 0x0F 0x32,0x7282,ACK
6.0999895000,1390,Extend Data,0x18EF023E,0x4,0x01 0x01 0x48 0x02,0x67E1,ACK
6.1003075000,1391,Extend Data,0x18EF3E02,0x5,0x01 0x04 0x48 0x00 0x00,0x2BAE,ACK
6.1153455000,1392,Data,0x100,0x8,0x00 0x00 0x04 0x40 0x05 0x4F 0x0F 0x32,0x7282,ACK
6.1353454000,1393,Data,0x100,0x8,0x00 0x00 0x04 0x40 0x05 0x4F 0x0F 0x32,0x7282,ACK
6.1416515000,1394,Data,0x212,0x8,0x52 0x01 0x00 0xC9 0x00 0x00 0x00 0x2A,0x2C4E,ACK
6.1419137000,1395,Data,0x211,0x8,0xE4 0x00 0x2A 0x00 0x00 0x00 0x00 0x00,0x0D4D,ACK
6.1421740000,1396,Data,0x343,0x8,0x00 0x00 0x00 0x01 0x00 0x00 0x01 0x00,0x103B,ACK
6.1424562000,1397,Data,0x341,0x8,0x00 0x00 0x00 0x00 0x02 0x00 0x00 0x00,0x1833,ACK
6.1427284000,1398,Data,0x342,0x8,0x05 0x00 0x0F 0x00 0x00 0xE4 0x05 0x34,0x6794,ACK
6.1429887000,1399,Data,0x344,0x8,0x00 0x00 0x00 0x03 0x00 0x00 0x00 0x00,0x6F15,ACK
6.1553646000,1400,Data,0x100,0x8,0x00 0x00 0x04 0x40 0x05 0x4F 0x0F 0x32,0x7282,ACK
6.1556089000,1401,Data,0x203,0x8,0x04 0x00 0x58 0x00 0x58 0x00 0x00 0x00,0x641B,ACK
6.1558591000,1402,Data,0x204,0x8,0x00 0x00 0x00 0x00 0x00 0x00 0x00 0x00,0x79D1,ACK
6.1561154000,1403,Data,0x205,0x8,0x00 0x00 0x00 0x00 0x00 0x00 0x00 0x00,0x72CA,ACK
6.1564216000,1404,Data,0x209,0x8,0x9F 0x27 0x10 0x04 0x90 0x49 0x00 0x00,0x59C2,ACK
6.1566619000,1405,Data,0x20A,0x8,0x00 0x00 0x00 0x00 0x00 0x00 0x00 0x00,0x1B53,ACK
6.1569181000,1406,Data,0x20B,0x8,0xBC 0x02 0x64 0x00 0x01 0xC8 0x00 0x00,0x021C,ACK
6.1571624000,1407,Data,0x20C,0x8,0x00 0xE4 0x0A 0x34 0x1E 0x07 0x00 0x00,0x6603,ACK
6.1600886000,1408,Extend Data,0x18EF023E,0x4,0x01 0x01 0x49 0x02,0x23C7,ACK
6.1604127000,1409,Extend Data,0x18EF3E02,0x5,0x01 0x04 0x49 0x00 0x00,0x5BBA,ACK
6.1753466000,1410,Data,0x100,0x8,0x00 0x00 0x04 0x40 0x05 0x4F 0x0F 0x32,0x7282,ACK
6.1953446000,1411,Data,0x100,0x8,0x00 0x00 0x04 0x40 0x05 0x4F 0x0F 0x32,0x7282,ACK
6.2153446000,1412,Data,0x100,0x8,0x00 0x00 0x04 0x40 0x05 0x4F 0x0F 0x32,0x7282,ACK
6.2201048000,1413,Extend Data,0x18EF023E,0x4,0x01 0x01 0x40 0x02,0x1E1E,ACK
6.2204030000,1414,Extend Data,0x18EF3E02,0x5,0x01 0x04 0x40 0x00 0x00,0x78F3,ACK
6.2353449000,1415,Data,0x100,0x8,0x00 0x00 0x04 0x40 0x05 0x4F 0x0F 0x32,0x7282,ACK
6.2416889000,1416,Data,0x212,0x8,0x52 0x01 0x00 0xC9 0x00 0x00 0x00 0x2A,0x2C4E,ACK
6.2419452000,1417,Data,0x211,0x8,0xE4 0x00 0x2A 0x00 0x00 0x00 0x00 0x00,0x0D4D,ACK
6.2422054000,1418,Data,0x343,0x8,0x00 0x00 0x00 0x01 0x00 0x00 0x01 0x00,0x103B,ACK
6.2553694000,1419,Data,0x100,0x8,0x00 0x00 0x04 0x40 0x05 0x4F 0x0F 0x32,0x7282,ACK
6.2556136000,1420,Data,0x203,0x8,0x04 0x00 0x58 0x00 0x58 0x00 0x00 0x00,0x641B,ACK
6.2558639000,1421,Data,0x204,0x8,0x00 0x00 0x00 0x00 0x00 0x00 0x00 0x00,0x79D1,ACK
6.2561201000,1422,Data,0x205,0x8,0x00 0x00 0x00 0x00 0x00 0x00 0x00 0x00,0x72CA,ACK
6.2564204000,1423,Data,0x209,0x8,0x9F 0x27 0x10 0x04 0x90 0x49 0x00 0x00,0x59C2,ACK
6.2566606000,1424,Data,0x20A,0x8,0x00 0x00 0x00 0x00 0x00 0x00 0x00 0x00,0x1B53,ACK
6.2569148000,1425,Data,0x20B,0x8,0xBC 0x02 0x64 0x00 0x01 0xC8 0x00 0x00,0x021C,ACK
6.2571591000,1426,Data,0x20C,0x8,0x00 0xE4 0x0A 0x34 0x1E 0x07 0x00 0x00,0x6603,ACK
6.2574093000,1427,Data,0x301,0x8,0x00 0x00 0x00 0x00 0x00 0x00 0x00 0x00,0x7E55,ACK
6.2576656000,1428,Data,0x302,0x2,0x00 0xFF,0x6FC0,ACK
6.2578098000,1429,Data,0x485,0x8,0x22 0x00 0x00 0x00 0x62 0x00 0x14 0x0C,0x569F,ACK
6.2753439000,1430,Data,0x100,0x8,0x00 0x00 0x04 0x40 0x05 0x4F 0x0F 0x32,0x7282,ACK
6.2759461000,1431,Data,0x310,0x8,0xF1 0x0E 0x78 0x05 0x19 0x02 0x01 0xC8,0x37D5,ACK
6.2807924000,1432,Data,0x311,0x8,0x39 0x1E 0x07 0x3F 0x90 0x01 0x00 0x00,0x66BC,ACK
6.2952764000,1433,Extend Data,0x18EF023E,0x4,0x01 0x01 0x3E 0x02,0x32AB,ACK
6.2954945000,1434,Data,0x100,0x8,0x00 0x00 0x04 0x40 0x05 0x4F 0x0F 0x32,0x7282,ACK
6.2957425000,1435,Extend Data,0x18EF3E02,0x5,0x01 0x04 0x3E 0x00 0x00,0x223F,ACK
6.3153423000,1436,Data,0x100,0x8,0x00 0x00 0x04 0x40 0x05 0x4F 0x0F 0x32,0x7282,ACK
6.3353443000,1437,Data,0x100,0x8,0x00 0x00 0x04 0x40 0x05 0x4F 0x0F 0x32,0x7282,ACK
6.3416844000,1438,Data,0x212,0x8,0x52 0x01 0x00 0xC9 0x00 0x00 0x00 0x2A,0x2C4E,ACK
6.3419465000,1439,Data,0x211,0x8,0xE4 0x00 0x2A 0x00 0x00 0x00 0x00 0x00,0x0D4D,ACK
6.3422287000,1440,Data,0x343,0x8,0x00 0x00 0x00 0x01 0x00 0x00 0x01 0x00,0x103B,ACK
6.3424850000,1441,Data,0x341,0x8,0x00 0x00 0x00 0x00 0x02 0x00 0x00 0x00,0x1833,ACK
6.3427592000,1442,Data,0x342,0x8,0x05 0x00 0x0F 0x00 0x00 0xE4 0x05 0x34,0x6794,ACK
6.3430375000,1443,Data,0x344,0x8,0x00 0x00 0x00 0x03 0x00 0x00 0x00 0x00,0x6F15,ACK
6.3432977000,1444,Data,0x401,0x8,0x00 0x00 0x34 0x00 0x05 0x2B 0x00 0x00,0x3E15,ACK
6.3551417000,1445,Extend Data,0x18EF023E,0x4,0x01 0x01 0x10 0x0E,0x18B4,ACK
6.3553600000,1446,Data,0x100,0x8,0x00 0x00 0x04 0x40 0x05 0x4F 0x0F 0x32,0x7282,ACK
6.3556062000,1447,Data,0x203,0x8,0x04 0x00 0x58 0x00 0x58 0x00 0x00 0x00,0x641B,ACK
6.3558523000,1448,Extend Data,0x00EC3E02,0x8,0x10 0x13 0x00 0x03 0xFF 0x00 0xEF 0x00,0x4279,ACK
6.3561364000,1449,Data,0x204,0x8,0x00 0x00 0x00 0x00 0x00 0x00 0x00 0x00,0x79D1,ACK
6.3563887000,1450,Data,0x205,0x8,0x00 0x00 0x00 0x00 0x00 0x00 0x00 0x00,0x72CA,ACK
6.3566389000,1451,Data,0x209,0x8,0x9F 0x27 0x10 0x04 0x90 0x49 0x00 0x00,0x59C2,ACK
6.3568792000,1452,Data,0x20A,0x8,0x00 0x00 0x00 0x00 0x00 0x00 0x00 0x00,0x1B53,ACK
6.3571334000,1453,Data,0x20B,0x8,0xBC 0x02 0x64 0x00 0x01 0xC8 0x00 0x00,0x021C,ACK
6.3573777000,1454,Data,0x20C,0x8,0x00 0xE4 0x0A 0x34 0x1E 0x07 0x00 0x00,0x6603,ACK
6.3576299000,1455,Extend Data,0x18EC023E,0x8,0x11 0x03 0x01 0xFF 0xFF 0x00 0xEF 0x00,0x527F,ACK
6.3588760000,1456,Extend Data,0x00EB3E02,0x8,0x01 0x01 0x04 0x10 0x5A 0x30 0x37 0x58,0x6721,ACK
6.3591842000,1457,Extend Data,0x00EB3E02,0x8,0x02 0x42 0x34 0x47 0x32 0x35 0x4D 0x48,0x0168,ACK
6.3594885000,1458,Extend Data,0x00EB3E02,0x8,0x03 0x33 0x30 0x36 0x7F 0xFC 0xFF 0xFF,0x5CF3,ACK
6.3598047000,1459,Extend Data,0x18EC023E,0x8,0x13 0x13 0x00 0x03 0xFF 0x00 0xEF 0x00,0x24B3,ACK
6.3753427000,1460,Data,0x100,0x8,0x00 0x00 0x04 0x40 0x05 0x4F 0x0F 0x32,0x7282,ACK
6.3953307000,1461,Data,0x100,0x8,0x00 0x00 0x04 0x40 0x05 0x4F 0x0F 0x32,0x7282,ACK
6.4153427000,1462,Data,0x100,0x8,0x00 0x00 0x04 0x40 0x05 0x4F 0x0F 0x32,0x7282,ACK
6.4161769000,1463,Extend Data,0x18EF023E,0x4,0x01 0x01 0x83 0x02,0x33E2,ACK
6.4164791000,1464,Extend Data,0x18EF3E02,0x5,0x01 0x04 0x83 0x00 0x00,0x2594,ACK
6.4353409000,1465,Data,0x100,0x8,0x00 0x00 0x04 0x40 0x05 0x4F 0x0F 0x32,0x7282,ACK
6.4416609000,1466,Data,0x212,0x8,0x52 0x01 0x00 0xC9 0x00 0x00 0x00 0x2A,0x2C4E,ACK
6.4418992000,1467,Data,0x211,0x8,0xE4 0x00 0x2A 0x00 0x00 0x00 0x00 0x00,0x0D4D,ACK
6.4421554000,1468,Data,0x343,0x8,0x00 0x00 0x00 0x01 0x00 0x00 0x01 0x00,0x103B,ACK
6.4553674000,1469,Data,0x100,0x8,0x00 0x00 0x04 0x40 0x05 0x4F 0x0F 0x32,0x7282,ACK
6.4556117000,1470,Data,0x203,0x8,0x04 0x00 0x58 0x00 0x58 0x00 0x00 0x00,0x641B,ACK
6.4558619000,1471,Data,0x204,0x8,0x00 0x00 0x00 0x00 0x00 0x00 0x00 0x00,0x79D1,ACK
6.4561182000,1472,Data,0x205,0x8,0x00 0x00 0x00 0x00 0x00 0x00 0x00 0x00,0x72CA,ACK
6.4564184000,1473,Data,0x209,0x8,0x9F 0x27 0x10 0x04 0x90 0x49 0x00 0x00,0x59C2,ACK
6.4566587000,1474,Data,0x20A,0x8,0x00 0x00 0x00 0x00 0x00 0x00 0x00 0x00,0x1B53,ACK
6.4569129000,1475,Data,0x20B,0x8,0xBC 0x02 0x64 0x00 0x01 0xC8 0x00 0x00,0x021C,ACK
6.4571592000,1476,Data,0x20C,0x8,0x00 0xE4 0x0A 0x34 0x1E 0x07 0x00 0x00,0x6603,ACK
6.4574094000,1477,Data,0x301,0x8,0x00 0x00 0x00 0x00 0x00 0x00 0x00 0x00,0x7E55,ACK
6.4576656000,1478,Data,0x302,0x2,0x00 0xFF,0x6FC0,ACK
6.4578099000,1479,Data,0x485,0x8,0x22 0x00 0x00 0x00 0x62 0x00 0x14 0x0C,0x569F,ACK
6.4753419000,1480,Data,0x100,0x8,0x00 0x00 0x04 0x40 0x05 0x4F 0x0F 0x32,0x7282,ACK
6.4767481000,1481,Data,0x310,0x8,0xF1 0x0E 0x78 0x05 0x19 0x02 0x01 0xC8,0x37D5,ACK
6.4815983000,1482,Data,0x311,0x8,0x39 0x1E 0x07 0x3F 0x90 0x01 0x00 0x00,0x66BC,ACK
6.4898044000,1483,Extend Data,0x18EF023E,0x4,0x01 0x01 0x8F 0x02,0x142E,ACK
6.4901285000,1484,Extend Data,0x18EF3E02,0x5,0x01 0x04 0x8F 0x00 0x00,0x3DAB,ACK
6.4953425000,1485,Data,0x100,0x8,0x00 0x00 0x04 0x40 0x05 0x4F 0x0F 0x32,0x7282,ACK
6.5153405000,1486,Data,0x100,0x8,0x00 0x00 0x04 0x40 0x05 0x4F 0x0F 0x32,0x7282,ACK
6.5171866000,1487,Data,0x425,0x8,0x01 0x64 0x49 0x58 0x58 0x58 0x01 0xFF,0x04F4,ACK
6.5175649000,1488,Data,0x420,0x8,0xA4 0x14 0xF4 0xFF 0x70 0x03 0x00 0x00,0x44AF,ACK
6.5178031000,1489,Data,0x421,0x8,0x38 0x36 0x31 0x34 0xFB 0x04 0x62 0x04,0x00AE,ACK
6.5353410000,1490,Data,0x100,0x8,0x00 0x00 0x04 0x40 0x05 0x4F 0x0F 0x32,0x7282,ACK
6.5416870000,1491,Data,0x212,0x8,0x52 0x01 0x00 0xC9 0x00 0x00 0x00 0x2A,0x2C4E,ACK
6.5419453000,1492,Data,0x211,0x8,0xE4 0x00 0x2A 0x00 0x00 0x00 0x00 0x00,0x0D4D,ACK
6.5422055000,1493,Data,0x343,0x8,0x00 0x00 0x00 0x01 0x00 0x00 0x01 0x00,0x103B,ACK
6.5424858000,1494,Data,0x341,0x8,0x00 0x00 0x00 0x00 0x02 0x00 0x00 0x00,0x1833,ACK
6.5427600000,1495,Data,0x342,0x8,0x05 0x00 0x0F 0x00 0x00 0xE4 0x05 0x34,0x6794,ACK
6.5430203000,1496,Data,0x344,0x8,0x00 0x00 0x00 0x03 0x00 0x00 0x00 0x00,0x6F15,ACK
6.5553603000,1497,Data,0x100,0x8,0x00 0x00 0x04 0x40 0x05 0x4F 0x0F 0x32,0x7282,ACK
6.5556045000,1498,Data,0x203,0x8,0x04 0x00 0x58 0x00 0x58 0x00 0x00 0x00,0x641B,ACK
6.5558568000,1499,Data,0x204,0x8,0x00 0x00 0x00 0x00 0x00 0x00 0x00 0x00,0x79D1,ACK
6.5561130000,1500,Data,0x205,0x8,0x00 0x00 0x00 0x00 0x00 0x00 0x00 0x00,0x72CA,ACK
6.5564033000,1501,Data,0x209,0x8,0x9F 0x27 0x10 0x04 0x90 0x49 0x00 0x00,0x59C2,ACK
6.5566435000,1502,Data,0x20A,0x8,0x00 0x00 0x00 0x00 0x00 0x00 0x00 0x00,0x1B53,ACK
6.5568977000,1503,Data,0x20B,0x8,0xBC 0x02 0x64 0x00 0x01 0xC8 0x00 0x00,0x021C,ACK
6.5571440000,1504,Data,0x20C,0x8,0x00 0xE4 0x0A 0x34 0x1E 0x07 0x00 0x00,0x6603,ACK
6.5705782000,1505,Data,0x429,0x8,0x20 0x00 0x00 0x00 0x00 0x00 0x00 0x00,0x7AC7,ACK
6.5713264000,1506,Data,0x422,0x8,0x00 0x00 0x20 0x00 0x15 0x00 0x02 0x00,0x33F1,ACK
6.5717067000,1507,Data,0x423,0x8,0xBC 0x02 0x64 0x00 0x3D 0x00 0x01 0x00,0x4EF3,ACK
6.5753408000,1508,Data,0x100,0x8,0x00 0x00 0x04 0x40 0x05 0x4F 0x0F 0x32,0x7282,ACK
6.5953387000,1509,Data,0x100,0x8,0x00 0x00 0x04 0x40 0x05 0x4F 0x0F 0x32,0x7282,ACK
6.6153387000,1510,Data,0x100,0x8,0x00 0x00 0x04 0x40 0x05 0x4F 0x0F 0x32,0x7282,ACK
6.6353387000,1511,Data,0x100,0x8,0x00 0x00 0x04 0x40 0x05 0x4F 0x0F 0x32,0x7282,ACK
6.6416547000,1512,Data,0x212,0x8,0x52 0x01 0x00 0xC9 0x00 0x00 0x00 0x2A,0x2C4E,ACK
6.6419149000,1513,Data,0x211,0x8,0xE4 0x00 0x2A 0x00 0x00 0x00 0x00 0x00,0x0D4D,ACK
6.6421751000,1514,Data,0x343,0x8,0x00 0x00 0x00 0x01 0x00 0x00 0x01 0x00,0x103B,ACK
6.6553791000,1515,Data,0x100,0x8,0x00 0x00 0x04 0x40 0x05 0x4F 0x0F 0x32,0x7282,ACK
6.6556232000,1516,Data,0x203,0x8,0x04 0x00 0x58 0x00 0x58 0x00 0x00 0x00,0x641B,ACK
6.6558753000,1517,Data,0x204,0x8,0x00 0x00 0x00 0x00 0x00 0x00 0x00 0x00,0x79D1,ACK
6.6561315000,1518,Data,0x205,0x8,0x00 0x00 0x00 0x00 0x00 0x00 0x00 0x00,0x72CA,ACK
6.6564156000,1519,Data,0x209,0x8,0x9F 0x27 0x10 0x04 0x90 0x49 0x00 0x00,0x59C2,ACK
6.6566557000,1520,Data,0x20A,0x8,0x00 0x00 0x00 0x00 0x00 0x00 0x00 0x00,0x1B53,ACK
6.6569098000,1521,Data,0x20B,0x8,0xBC 0x02 0x64 0x00 0x01 0xC8 0x00 0x00,0x021C,ACK
6.6571520000,1522,Data,0x20C,0x8,0x00 0xE4 0x0A 0x34 0x1E 0x07 0x00 0x00,0x6603,ACK
6.6574041000,1523,Data,0x301,0x8,0x00 0x00 0x00 0x00 0x00 0x00 0x00 0x00,0x7E55,ACK
6.6576602000,1524,Data,0x302,0x2,0x00 0xFF,0x6FC0,ACK
6.6578063000,1525,Data,0x485,0x8,0x22 0x00 0x00 0x00 0x62 0x00 0x14 0x0C,0x569F,ACK
6.6580544000,1526,Data,0x480,0x8,0x00 0x00 0x00 0x00 0x20 0x00 0x00 0x00,0x2C46,ACK
6.6583106000,1527,Data,0x481,0x8,0x10 0x18 0x40 0x13 0x00 0x00 0x00 0x00,0x1419,ACK
6.6585607000,1528,Data,0x482,0x8,0x52 0x01 0x02 0x00 0x00 0x00 0x00 0x00,0x36EA,ACK
6.6588088000,1529,Data,0x483,0x8,0x31 0x4B 0x31 0x55 0x41 0x32 0x35 0x35,0x717E,ACK
6.6590429000,1530,Data,0x484,0x8,0x31 0x50 0x33 0x39 0x36 0x35 0x00 0x00,0x0196,ACK
6.6753388000,1531,Data,0x100,0x8,0x00 0x00 0x04 0x40 0x05 0x4F 0x0F 0x32,0x7282,ACK
6.6765271000,1532,Data,0x310,0x8,0xF1 0x0E 0x78 0x05 0x19 0x02 0x01 0xC8,0x37D5,ACK
6.6813773000,1533,Data,0x311,0x8,0x39 0x1E 0x07 0x3F 0x90 0x01 0x00 0x00,0x66BC,ACK
6.6953392000,1534,Data,0x100,0x8,0x00 0x00 0x04 0x40 0x05 0x4F 0x0F 0x32,0x7282,ACK
6.7153372000,1535,Data,0x100,0x8,0x00 0x00 0x04 0x40 0x05 0x4F 0x0F 0x32,0x7282,ACK
6.7353372000,1536,Data,0x100,0x8,0x00 0x00 0x04 0x40 0x05 0x4F 0x0F 0x32,0x7282,ACK
6.7416612000,1537,Data,0x212,0x8,0x52 0x01 0x00 0xC9 0x00 0x00 0x00 0x2A,0x2C4E,ACK
6.7419454000,1538,Data,0x211,0x8,0xE4 0x00 0x2A 0x00 0x00 0x00 0x00 0x00,0x0D4D,ACK
6.7422017000,1539,Data,0x343,0x8,0x00 0x00 0x00 0x01 0x00 0x00 0x01 0x00,0x103B,ACK
6.7424619000,1540,Data,0x341,0x8,0x00 0x00 0x00 0x00 0x02 0x00 0x00 0x00,0x1833,ACK
6.7427622000,1541,Data,0x342,0x8,0x05 0x00 0x0F 0x00 0x00 0xE4 0x05 0x34,0x6794,ACK
6.7430164000,1542,Data,0x344,0x8,0x00 0x00 0x00 0x03 0x00 0x00 0x00 0x00,0x6F15,ACK
6.7553564000,1543,Data,0x100,0x8,0x00 0x00 0x04 0x40 0x05 0x4F 0x0F 0x32,0x7282,ACK
6.7556027000,1544,Data,0x203,0x8,0x04 0x00 0x58 0x00 0x58 0x00 0x00 0x00,0x641B,ACK
6.7558529000,1545,Data,0x204,0x8,0x00 0x00 0x00 0x00 0x00 0x00 0x00 0x00,0x79D1,ACK
6.7561092000,1546,Data,0x205,0x8,0x00 0x00 0x00 0x00 0x00 0x00 0x00 0x00,0x72CA,ACK
6.7564154000,1547,Data,0x209,0x8,0x9F 0x27 0x10 0x04 0x90 0x49 0x00 0x00,0x59C2,ACK
6.7566557000,1548,Data,0x20A,0x8,0x00 0x00 0x00 0x00 0x00 0x00 0x00 0x00,0x1B53,ACK
6.7569119000,1549,Data,0x20B,0x8,0xBC 0x02 0x64 0x00 0x01 0xC8 0x00 0x00,0x021C,ACK
6.7571562000,1550,Data,0x20C,0x8,0x00 0xE4 0x0A 0x34 0x1E 0x07 0x00 0x00,0x6603,ACK
6.7753362000,1551,Data,0x100,0x8,0x00 0x00 0x04 0x40 0x05 0x4F 0x0F 0x32,0x7282,ACK
6.7953382000,1552,Data,0x100,0x8,0x00 0x00 0x04 0x40 0x05 0x4F 0x0F 0x32,0x7282,ACK
6.8153362000,1553,Data,0x100,0x8,0x00 0x00 0x04 0x40 0x05 0x4F 0x0F 0x32,0x7282,ACK
6.8353362000,1554,Data,0x100,0x8,0x00 0x00 0x04 0x40 0x05 0x4F 0x0F 0x32,0x7282,ACK
6.8416681000,1555,Data,0x212,0x8,0x52 0x01 0x00 0xC9 0x00 0x00 0x00 0x2A,0x2C4E,ACK
6.8419323000,1556,Data,0x211,0x8,0xE4 0x00 0x2A 0x00 0x00 0x00 0x00 0x00,0x0D4D,ACK
6.8421864000,1557,Data,0x343,0x8,0x00 0x00 0x00 0x01 0x00 0x00 0x01 0x00,0x103B,ACK
6.8424465000,1558,Data,0x401,0x8,0x00 0x00 0x34 0x00 0x05 0x2B 0x00 0x00,0x3E15,ACK
6.8553644000,1559,Data,0x100,0x8,0x00 0x00 0x04 0x40 0x05 0x4F 0x0F 0x32,0x7282,ACK
6.8556107000,1560,Data,0x203,0x8,0x04 0x00 0x58 0x00 0x58 0x00 0x00 0x00,0x641B,ACK
6.8558629000,1561,Data,0x204,0x8,0x00 0x00 0x00 0x00 0x00 0x00 0x00 0x00,0x79D1,ACK
6.8561192000,1562,Data,0x205,0x8,0x00 0x00 0x00 0x00 0x00 0x00 0x00 0x00,0x72CA,ACK
6.8564134000,1563,Data,0x209,0x8,0x9F 0x27 0x10 0x04 0x90 0x49 0x00 0x00,0x59C2,ACK
6.8566556000,1564,Data,0x20A,0x8,0x00 0x00 0x00 0x00 0x00 0x00 0x00 0x00,0x1B53,ACK
6.8569119000,1565,Data,0x20B,0x8,0xBC 0x02 0x64 0x00 0x01 0xC8 0x00 0x00,0x021C,ACK
6.8571561000,1566,Data,0x20C,0x8,0x00 0xE4 0x0A 0x34 0x1E 0x07 0x00 0x00,0x6603,ACK
6.8574064000,1567,Data,0x301,0x8,0x00 0x00 0x00 0x00 0x00 0x00 0x00 0x00,0x7E55,ACK
6.8576626000,1568,Data,0x302,0x2,0x00 0xFF,0x6FC0,ACK
6.8578069000,1569,Data,0x485,0x8,0x22 0x00 0x00 0x00 0x62 0x00 0x14 0x0C,0x569F,ACK
6.8753369000,1570,Data,0x100,0x8,0x00 0x00 0x04 0x40 0x05 0x4F 0x0F 0x32,0x7282,ACK
6.8761670000,1571,Data,0x310,0x8,0xF1 0x0E 0x78 0x05 0x19 0x02 0x01 0xC8,0x37D5,ACK
6.8810173000,1572,Data,0x311,0x8,0x39 0x1E 0x07 0x3F 0x90 0x01 0x00 0x00,0x66BC,ACK
6.8953353000,1573,Data,0x100,0x8,0x00 0x00 0x04 0x40 0x05 0x4F 0x0F 0x32,0x7282,ACK
6.9153373000,1574,Data,0x100,0x8,0x00 0x00 0x04 0x40 0x05 0x4F 0x0F 0x32,0x7282,ACK
6.9353371000,1575,Data,0x100,0x8,0x00 0x00 0x04 0x40 0x05 0x4F 0x0F 0x32,0x7282,ACK
6.9416631000,1576,Data,0x212,0x8,0x52 0x01 0x00 0xC9 0x00 0x00 0x00 0x2A,0x2C4E,ACK
6.9419213000,1577,Data,0x211,0x8,0xE4 0x00 0x2A 0x00 0x00 0x00 0x00 0x00,0x0D4D,ACK
6.9421796000,1578,Data,0x343,0x8,0x00 0x00 0x00 0x01 0x00 0x00 0x01 0x00,0x103B,ACK
6.9424618000,1579,Data,0x341,0x8,0x00 0x00 0x00 0x00 0x02 0x00 0x00 0x00,0x1833,ACK
6.9427361000,1580,Data,0x342,0x8,0x05 0x00 0x0F 0x00 0x00 0xE4 0x05 0x34,0x6794,ACK
6.9430163000,1581,Data,0x344,0x8,0x00 0x00 0x00 0x03 0x00 0x00 0x00 0x00,0x6F15,ACK
6.9553543000,1582,Data,0x100,0x8,0x00 0x00 0x04 0x40 0x05 0x4F 0x0F 0x32,0x7282,ACK
6.9555985000,1583,Data,0x203,0x8,0x04 0x00 0x58 0x00 0x58 0x00 0x00 0x00,0x641B,ACK
6.9558488000,1584,Data,0x204,0x8,0x00 0x00 0x00 0x00 0x00 0x00 0x00 0x00,0x79D1,ACK
6.9561050000,1585,Data,0x205,0x8,0x00 0x00 0x00 0x00 0x00 0x00 0x00 0x00,0x72CA,ACK
6.9564112000,1586,Data,0x209,0x8,0x9F 0x27 0x10 0x04 0x90 0x49 0x00 0x00,0x59C2,ACK
6.9566515000,1587,Data,0x20A,0x8,0x00 0x00 0x00 0x00 0x00 0x00 0x00 0x00,0x1B53,ACK
6.9569077000,1588,Data,0x20B,0x8,0xBC 0x02 0x64 0x00 0x01 0xC8 0x00 0x00,0x021C,ACK
6.9571520000,1589,Data,0x20C,0x8,0x00 0xE4 0x0A 0x34 0x1E 0x07 0x00 0x00,0x6603,ACK
6.9753340000,1590,Data,0x100,0x8,0x00 0x00 0x04 0x40 0x05 0x4F 0x0F 0x32,0x7282,ACK
6.9953340000,1591,Data,0x100,0x8,0x00 0x00 0x04 0x40 0x05 0x4F 0x0F 0x32,0x7282,ACK
7.0153340000,1592,Data,0x100,0x8,0x00 0x00 0x04 0x40 0x05 0x4F 0x0F 0x32,0x7282,ACK
7.0353320000,1593,Data,0x100,0x8,0x00 0x00 0x04 0x40 0x05 0x4F 0x0F 0x32,0x7282,ACK
7.0416420000,1594,Data,0x212,0x8,0x52 0x01 0x00 0xC9 0x00 0x00 0x00 0x2A,0x2C4E,ACK
7.0418803000,1595,Data,0x211,0x8,0xE4 0x00 0x2A 0x00 0x00 0x00 0x00 0x00,0x0D4D,ACK
7.0421405000,1596,Data,0x343,0x8,0x00 0x00 0x00 0x01 0x00 0x00 0x01 0x00,0x103B,ACK
7.0553605000,1597,Data,0x100,0x8,0x00 0x00 0x04 0x40 0x05 0x4F 0x0F 0x32,0x7282,ACK
7.0556027000,1598,Data,0x203,0x8,0x04 0x00 0x58 0x00 0x58 0x00 0x00 0x00,0x641B,ACK
7.0558530000,1599,Data,0x204,0x8,0x00 0x00 0x00 0x00 0x00 0x00 0x00 0x00,0x79D1,ACK
7.0561092000,1600,Data,0x205,0x8,0x00 0x00 0x00 0x00 0x00 0x00 0x00 0x00,0x72CA,ACK
7.0564095000,1601,Data,0x209,0x8,0x9F 0x27 0x10 0x04 0x90 0x49 0x00 0x00,0x59C2,ACK
7.0566517000,1602,Data,0x20A,0x8,0x00 0x00 0x00 0x00 0x00 0x00 0x00 0x00,0x1B53,ACK
7.0569060000,1603,Data,0x20B,0x8,0xBC 0x02 0x64 0x00 0x01 0xC8 0x00 0x00,0x021C,ACK
7.0571522000,1604,Data,0x20C,0x8,0x00 0xE4 0x0A 0x34 0x1E 0x07 0x00 0x00,0x6603,ACK
7.0574024000,1605,Data,0x301,0x8,0x00 0x00 0x00 0x00 0x00 0x00 0x00 0x00,0x7E55,ACK
7.0576607000,1606,Data,0x302,0x2,0x00 0xFF,0x6FC0,ACK
7.0578049000,1607,Data,0x485,0x8,0x22 0x00 0x00 0x00 0x62 0x00 0x14 0x0C,0x569F,ACK
7.0753330000,1608,Data,0x100,0x8,0x00 0x00 0x04 0x40 0x05 0x4F 0x0F 0x32,0x7282,ACK
7.0759652000,1609,Data,0x423,0x8,0xBC 0x02 0x64 0x00 0x3D 0x00 0x01 0x00,0x4EF3,ACK
7.0763715000,1610,Data,0x501,0x8,0xB4 0xC1 0x83 0x58 0x51 0xE5 0xB2 0x6B,0x057E,ACK
7.0766018000,1611,Data,0x502,0x8,0x32 0xAC 0x86 0x0E 0x1A 0xB9 0x00 0x00,0x0E93,ACK
7.0768360000,1612,Data,0x424,0x8,0x6C 0x3C 0x4D 0x69 0x00 0x00 0x00 0x00,0x3009,ACK
7.0770743000,1613,Data,0x425,0x8,0x01 0x64 0x49 0x58 0x58 0x58 0x01 0xFF,0x04F4,ACK
7.0773105000,1614,Data,0x429,0x8,0x20 0x00 0x00 0x00 0x00 0x00 0x00 0x00,0x7AC7,ACK
7.0775588000,1615,Data,0x420,0x8,0xA4 0x14 0xF6 0xFF 0x70 0x03 0x00 0x00,0x78F7,ACK
7.0777970000,1616,Data,0x421,0x8,0x38 0x36 0x31 0x34 0xFB 0x04 0x62 0x04,0x00AE,ACK
7.0780313000,1617,Data,0x310,0x8,0xF1 0x0E 0x78 0x05 0x19 0x02 0x01 0xC8,0x37D5,ACK
7.0782635000,1618,Data,0x422,0x8,0x00 0x00 0x20 0x00 0x15 0x00 0x02 0x00,0x33F1,ACK
7.0827678000,1619,Data,0x311,0x8,0x39 0x1E 0x07 0x3F 0x90 0x01 0x00 0x00,0x66BC,ACK
7.0953337000,1620,Data,0x100,0x8,0x00 0x00 0x04 0x40 0x05 0x4F 0x0F 0x32,0x7282,ACK
7.1153316000,1621,Data,0x100,0x8,0x00 0x00 0x04 0x40 0x05 0x4F 0x0F 0x32,0x7282,ACK
7.1353334000,1622,Data,0x100,0x8,0x00 0x00 0x04 0x40 0x05 0x4F 0x0F 0x32,0x7282,ACK
7.1416615000,1623,Data,0x212,0x8,0x52 0x01 0x00 0xC9 0x00 0x00 0x00 0x2A,0x2C4E,ACK
7.1419236000,1624,Data,0x211,0x8,0xE4 0x00 0x2A 0x00 0x00 0x00 0x00 0x00,0x0D4D,ACK
7.1421799000,1625,Data,0x343,0x8,0x00 0x00 0x00 0x01 0x00 0x00 0x01 0x00,0x103B,ACK
7.1424401000,1626,Data,0x341,0x8,0x00 0x00 0x00 0x00 0x02 0x00 0x00 0x00,0x1833,ACK
7.1427364000,1627,Data,0x342,0x8,0x05 0x00 0x0F 0x00 0x00 0xE4 0x05 0x34,0x6794,ACK
7.1429946000,1628,Data,0x344,0x8,0x00 0x00 0x00 0x03 0x00 0x00 0x00 0x00,0x6F15,ACK
7.1553526000,1629,Data,0x100,0x8,0x00 0x00 0x04 0x40 0x05 0x4F 0x0F 0x32,0x7282,ACK
7.1555968000,1630,Data,0x203,0x8,0x04 0x00 0x58 0x00 0x58 0x00 0x00 0x00,0x641B,ACK
7.1558491000,1631,Data,0x204,0x8,0x00 0x00 0x00 0x00 0x00 0x00 0x00 0x00,0x79D1,ACK
7.1561053000,1632,Data,0x205,0x8,0x00 0x00 0x00 0x00 0x00 0x00 0x00 0x00,0x72CA,ACK
7.1563975000,1633,Data,0x209,0x8,0x9F 0x27 0x10 0x04 0x90 0x49 0x00 0x00,0x59C2,ACK
7.1566378000,1634,Data,0x20A,0x8,0x00 0x00 0x00 0x00 0x00 0x00 0x00 0x00,0x1B53,ACK
7.1568940000,1635,Data,0x20B,0x8,0xBC 0x02 0x64 0x00 0x01 0xC8 0x00 0x00,0x021C,ACK
7.1571383000,1636,Data,0x20C,0x8,0x00 0xE4 0x0A 0x34 0x1E 0x07 0x00 0x00,0x6603,ACK
7.1753323000,1637,Data,0x100,0x8,0x00 0x00 0x04 0x40 0x05 0x4F 0x0F 0x32,0x7282,ACK
7.1953322000,1638,Data,0x100,0x8,0x00 0x00 0x04 0x40 0x05 0x4F 0x0F 0x32,0x7282,ACK
7.2153302000,1639,Data,0x100,0x8,0x00 0x00 0x04 0x40 0x05 0x4F 0x0F 0x32,0x7282,ACK
7.2353322000,1640,Data,0x100,0x8,0x00 0x00 0x04 0x40 0x05 0x4F 0x0F 0x32,0x7282,ACK
7.2416462000,1641,Data,0x212,0x8,0x52 0x01 0x00 0xC9 0x00 0x00 0x00 0x2A,0x2C4E,ACK
7.2419025000,1642,Data,0x211,0x8,0xE4 0x00 0x2A 0x00 0x00 0x00 0x00 0x00,0x0D4D,ACK
7.2421647000,1643,Data,0x343,0x8,0x00 0x00 0x00 0x01 0x00 0x00 0x01 0x00,0x103B,ACK
7.2553567000,1644,Data,0x100,0x8,0x00 0x00 0x04 0x40 0x05 0x4F 0x0F 0x32,0x7282,ACK
7.2556009000,1645,Data,0x203,0x8,0x04 0x00 0x58 0x00 0x58 0x00 0x00 0x00,0x641B,ACK
7.2558511000,1646,Data,0x204,0x8,0x00 0x00 0x00 0x00 0x00 0x00 0x00 0x00,0x79D1,ACK
7.2561074000,1647,Data,0x205,0x8,0x00 0x00 0x00 0x00 0x00 0x00 0x00 0x00,0x72CA,ACK
7.2564075000,1648,Data,0x209,0x8,0x9F 0x27 0x10 0x04 0x90 0x49 0x00 0x00,0x59C2,ACK
7.2566478000,1649,Data,0x20A,0x8,0x00 0x00 0x00 0x00 0x00 0x00 0x00 0x00,0x1B53,ACK
7.2569020000,1650,Data,0x20B,0x8,0xBC 0x02 0x64 0x00 0x01 0xC8 0x00 0x00,0x021C,ACK
7.2571463000,1651,Data,0x20C,0x8,0x00 0xE4 0x0A 0x34 0x1E 0x07 0x00 0x00,0x6603,ACK
7.2573965000,1652,Data,0x301,0x8,0x00 0x00 0x00 0x00 0x00 0x00 0x00 0x00,0x7E55,ACK
7.2576528000,1653,Data,0x302,0x2,0x00 0xFF,0x6FC0,ACK
7.2577970000,1654,Data,0x485,0x8,0x22 0x00 0x00 0x00 0x62 0x00 0x14 0x0C,0x569F,ACK
7.2753290000,1655,Data,0x100,0x8,0x00 0x00 0x04 0x40 0x05 0x4F 0x0F 0x32,0x7282,ACK
7.2782372000,1656,Data,0x310,0x8,0xF1 0x0E 0x78 0x05 0x19 0x02 0x01 0xC8,0x37D5,ACK
7.2830375000,1657,Data,0x311,0x8,0x39 0x1E 0x07 0x3F 0x90 0x01 0x00 0x00,0x66BC,ACK
7.2953294000,1658,Data,0x100,0x8,0x00 0x00 0x04 0x40 0x05 0x4F 0x0F 0x32,0x7282,ACK
7.3153293000,1659,Data,0x100,0x8,0x00 0x00 0x04 0x40 0x05 0x4F 0x0F 0x32,0x7282,ACK
7.3353312000,1660,Data,0x100,0x8,0x00 0x00 0x04 0x40 0x05 0x4F 0x0F 0x32,0x7282,ACK
7.3416473000,1661,Data,0x212,0x8,0x52 0x01 0x00 0xC9 0x00 0x00 0x00 0x2A,0x2C4E,ACK
7.3419295000,1662,Data,0x211,0x8,0xE4 0x00 0x2A 0x00 0x00 0x00 0x00 0x00,0x0D4D,ACK
7.3421898000,1663,Data,0x343,0x8,0x00 0x00 0x00 0x01 0x00 0x00 0x01 0x00,0x103B,ACK
7.3424460000,1664,Data,0x341,0x8,0x00 0x00 0x00 0x00 0x02 0x00 0x00 0x00,0x1833,ACK
7.3427463000,1665,Data,0x342,0x8,0x05 0x00 0x0F 0x00 0x00 0xE4 0x05 0x34,0x6794,ACK
7.3430045000,1666,Data,0x344,0x8,0x00 0x00 0x00 0x03 0x00 0x00 0x00 0x00,0x6F15,ACK
7.3432628000,1667,Data,0x401,0x8,0x00 0x00 0x34 0x00 0x05 0x2B 0x00 0x00,0x3E15,ACK
7.3553487000,1668,Data,0x100,0x8,0x00 0x00 0x04 0x40 0x05 0x4F 0x0F 0x32,0x7282,ACK
7.3555929000,1669,Data,0x203,0x8,0x04 0x00 0x58 0x00 0x58 0x00 0x00 0x00,0x641B,ACK
7.3558431000,1670,Data,0x204,0x8,0x00 0x00 0x00 0x00 0x00 0x00 0x00 0x00,0x79D1,ACK
7.3560994000,1671,Data,0x205,0x8,0x00 0x00 0x00 0x00 0x00 0x00 0x00 0x00,0x72CA,ACK
7.3563916000,1672,Data,0x209,0x8,0x9F 0x27 0x10 0x04 0x90 0x49 0x00 0x00,0x59C2,ACK
7.3566319000,1673,Data,0x20A,0x8,0x00 0x00 0x00 0x00 0x00 0x00 0x00 0x00,0x1B53,ACK
7.3568881000,1674,Data,0x20B,0x8,0xBC 0x02 0x64 0x00 0x01 0xC8 0x00 0x00,0x021C,ACK
7.3571323000,1675,Data,0x20C,0x8,0x00 0xE4 0x0A 0x34 0x1E 0x07 0x00 0x00,0x6603,ACK
7.3753284000,1676,Data,0x100,0x8,0x00 0x00 0x04 0x40 0x05 0x4F 0x0F 0x32,0x7282,ACK
7.3953304000,1677,Data,0x100,0x8,0x00 0x00 0x04 0x40 0x05 0x4F 0x0F 0x32,0x7282,ACK
7.4153303000,1678,Data,0x100,0x8,0x00 0x00 0x04 0x40 0x05 0x4F 0x0F 0x32,0x7282,ACK
7.4353283000,1679,Data,0x100,0x8,0x00 0x00 0x04 0x40 0x05 0x4F 0x0F 0x32,0x7282,ACK
7.4416684000,1680,Data,0x212,0x8,0x52 0x01 0x00 0xC9 0x00 0x00 0x00 0x2A,0x2C4E,ACK
7.4419286000,1681,Data,0x211,0x8,0xE4 0x00 0x2A 0x00 0x00 0x00 0x00 0x00,0x0D4D,ACK
7.4422109000,1682,Data,0x343,0x8,0x00 0x00 0x00 0x01 0x00 0x00 0x01 0x00,0x103B,ACK
7.4553548000,1683,Data,0x100,0x8,0x00 0x00 0x04 0x40 0x05 0x4F 0x0F 0x32,0x7282,ACK
7.4556011000,1684,Data,0x203,0x8,0x04 0x00 0x58 0x00 0x58 0x00 0x00 0x00,0x641B,ACK
7.4558513000,1685,Data,0x204,0x8,0x00 0x00 0x00 0x00 0x00 0x00 0x00 0x00,0x79D1,ACK
7.4561076000,1686,Data,0x205,0x8,0x00 0x00 0x00 0x00 0x00 0x00 0x00 0x00,0x72CA,ACK
7.4564058000,1687,Data,0x209,0x8,0x9F 0x27 0x10 0x04 0x90 0x49 0x00 0x00,0x59C2,ACK
7.4566461000,1688,Data,0x20A,0x8,0x00 0x00 0x00 0x00 0x00 0x00 0x00 0x00,0x1B53,ACK
7.4569023000,1689,Data,0x20B,0x8,0xBC 0x02 0x64 0x00 0x01 0xC8 0x00 0x00,0x021C,ACK
7.4571466000,1690,Data,0x20C,0x8,0x00 0xE4 0x0A 0x34 0x1E 0x07 0x00 0x00,0x6603,ACK
7.4573968000,1691,Data,0x301,0x8,0x00 0x00 0x00 0x00 0x00 0x00 0x00 0x00,0x7E55,ACK
7.4576531000,1692,Data,0x302,0x2,0x00 0xFF,0x6FC0,ACK
7.4577973000,1693,Data,0x485,0x8,0x22 0x00 0x00 0x00 0x62 0x00 0x14 0x0C,0x569F,ACK
7.4753273000,1694,Data,0x100,0x8,0x00 0x00 0x04 0x40 0x05 0x4F 0x0F 0x32,0x7282,ACK
7.4789834000,1695,Data,0x310,0x8,0xF1 0x0E 0x78 0x05 0x19 0x02 0x01 0xC8,0x37D5,ACK
7.4837777000,1696,Data,0x311,0x8,0x39 0x1E 0x07 0x3F 0x90 0x01 0x00 0x00,0x66BC,ACK
7.4953297000,1697,Data,0x100,0x8,0x00 0x00 0x04 0x40 0x05 0x4F 0x0F 0x32,0x7282,ACK
7.5153277000,1698,Data,0x100,0x8,0x00 0x00 0x04 0x40 0x05 0x4F 0x0F 0x32,0x7282,ACK
7.5353277000,1699,Data,0x100,0x8,0x00 0x00 0x04 0x40 0x05 0x4F 0x0F 0x32,0x7282,ACK
7.5416597000,1700,Data,0x212,0x8,0x52 0x01 0x00 0xC9 0x00 0x00 0x00 0x2A,0x2C4E,ACK
7.5419418000,1701,Data,0x211,0x8,0xE4 0x00 0x2A 0x00 0x00 0x00 0x00 0x00,0x0D4D,ACK
7.5421981000,1702,Data,0x343,0x8,0x00 0x00 0x00 0x01 0x00 0x00 0x01 0x00,0x103B,ACK
7.5424583000,1703,Data,0x341,0x8,0x00 0x00 0x00 0x00 0x02 0x00 0x00 0x00,0x1833,ACK
7.5427546000,1704,Data,0x342,0x8,0x05 0x00 0x0F 0x00 0x00 0xE4 0x05 0x34,0x6794,ACK
7.5430128000,1705,Data,0x344,0x8,0x00 0x00 0x00 0x03 0x00 0x00 0x00 0x00,0x6F15,ACK
7.5553468000,1706,Data,0x100,0x8,0x00 0x00 0x04 0x40 0x05 0x4F 0x0F 0x32,0x7282,ACK
7.5555911000,1707,Data,0x203,0x8,0x04 0x00 0x58 0x00 0x58 0x00 0x00 0x00,0x641B,ACK
7.5558413000,1708,Data,0x204,0x8,0x00 0x00 0x00 0x00 0x00 0x00 0x00 0x00,0x79D1,ACK
7.5560975000,1709,Data,0x205,0x8,0x00 0x00 0x00 0x00 0x00 0x00 0x00 0x00,0x72CA,ACK
7.5563918000,1710,Data,0x209,0x8,0x9F 0x27 0x10 0x04 0x90 0x49 0x00 0x00,0x59C2,ACK
7.5566320000,1711,Data,0x20A,0x8,0x00 0x00 0x00 0x00 0x00 0x00 0x00 0x00,0x1B53,ACK
7.5568863000,1712,Data,0x20B,0x8,0xBC 0x02 0x64 0x00 0x01 0xC8 0x00 0x00,0x021C,ACK
7.5571305000,1713,Data,0x20C,0x8,0x00 0xE4 0x0A 0x34 0x1E 0x07 0x00 0x00,0x6603,ACK
7.5753265000,1714,Data,0x100,0x8,0x00 0x00 0x04 0x40 0x05 0x4F 0x0F 0x32,0x7282,ACK
7.5774768000,1715,Data,0x423,0x8,0xBC 0x02 0x64 0x00 0x3D 0x00 0x01 0x00,0x4EF3,ACK
7.5784270000,1716,Data,0x425,0x8,0x01 0x64 0x49 0x58 0x58 0x58 0x01 0xFF,0x04F4,ACK
7.5786633000,1717,Data,0x429,0x8,0x20 0x00 0x00 0x00 0x00 0x00 0x00 0x00,0x7AC7,ACK
7.5789115000,1718,Data,0x420,0x8,0xA4 0x14 0xF2 0xFF 0x70 0x03 0x00 0x00,0x0047,ACK
7.5791518000,1719,Data,0x421,0x8,0x38 0x36 0x31 0x34 0xFB 0x04 0x62 0x04,0x00AE,ACK
7.5794840000,1720,Data,0x422,0x8,0x00 0x00 0x20 0x00 0x15 0x00 0x02 0x00,0x33F1,ACK
7.5953259000,1721,Data,0x100,0x8,0x00 0x00 0x04 0x40 0x05 0x4F 0x0F 0x32,0x7282,ACK
7.6153259000,1722,Data,0x100,0x8,0x00 0x00 0x04 0x40 0x05 0x4F 0x0F 0x32,0x7282,ACK
7.6353279000,1723,Data,0x100,0x8,0x00 0x00 0x04 0x40 0x05 0x4F 0x0F 0x32,0x7282,ACK
7.6416399000,1724,Data,0x212,0x8,0x52 0x01 0x00 0xC9 0x00 0x00 0x00 0x2A,0x2C4E,ACK
7.6419201000,1725,Data,0x211,0x8,0xE4 0x00 0x2A 0x00 0x00 0x00 0x00 0x00,0x0D4D,ACK
7.6421804000,1726,Data,0x343,0x8,0x00 0x00 0x00 0x01 0x00 0x00 0x01 0x00,0x103B,ACK
7.6553664000,1727,Data,0x100,0x8,0x00 0x00 0x04 0x40 0x05 0x4F 0x0F 0x32,0x7282,ACK
7.6556106000,1728,Data,0x203,0x8,0x04 0x00 0x58 0x00 0x58 0x00 0x00 0x00,0x641B,ACK
7.6558629000,1729,Data,0x204,0x8,0x00 0x00 0x00 0x00 0x00 0x00 0x00 0x00,0x79D1,ACK
7.6561191000,1730,Data,0x205,0x8,0x00 0x00 0x00 0x00 0x00 0x00 0x00 0x00,0x72CA,ACK
7.6564014000,1731,Data,0x209,0x8,0x9F 0x27 0x10 0x04 0x90 0x49 0x00 0x00,0x59C2,ACK
7.6566416000,1732,Data,0x20A,0x8,0x00 0x00 0x00 0x00 0x00 0x00 0x00 0x00,0x1B53,ACK
7.6568959000,1733,Data,0x20B,0x8,0xBC 0x02 0x64 0x00 0x01 0xC8 0x00 0x00,0x021C,ACK
7.6571401000,1734,Data,0x20C,0x8,0x00 0xE4 0x0A 0x34 0x1E 0x07 0x00 0x00,0x6603,ACK
7.6573902000,1735,Data,0x301,0x8,0x00 0x00 0x00 0x00 0x00 0x00 0x00 0x00,0x7E55,ACK
7.6576484000,1736,Data,0x302,0x2,0x00 0xFF,0x6FC0,ACK
7.6577925000,1737,Data,0x485,0x8,0x22 0x00 0x00 0x00 0x62 0x00 0x14 0x0C,0x569F,ACK
7.6580386000,1738,Data,0x480,0x8,0x00 0x00 0x00 0x00 0x20 0x00 0x00 0x00,0x2C46,ACK
7.6582947000,1739,Data,0x481,0x8,0x10 0x18 0x40 0x13 0x00 0x00 0x00 0x00,0x1419,ACK
7.6585429000,1740,Data,0x482,0x8,0x52 0x01 0x02 0x00 0x00 0x00 0x00 0x00,0x36EA,ACK
7.6587910000,1741,Data,0x483,0x8,0x31 0x4B 0x31 0x55 0x41 0x32 0x35 0x35,0x717E,ACK
7.6590251000,1742,Data,0x484,0x8,0x31 0x50 0x33 0x39 0x36 0x35 0x00 0x00,0x0196,ACK
7.6753250000,1743,Data,0x100,0x8,0x00 0x00 0x04 0x40 0x05 0x4F 0x0F 0x32,0x7282,ACK
7.6788772000,1744,Data,0x310,0x8,0xF1 0x0E 0x78 0x05 0x19 0x02 0x01 0xC8,0x37D5,ACK
7.6836674000,1745,Data,0x311,0x8,0x39 0x1E 0x07 0x3F 0x90 0x01 0x00 0x00,0x66BC,ACK
7.6953274000,1746,Data,0x100,0x8,0x00 0x00 0x04 0x40 0x05 0x4F 0x0F 0x32,0x7282,ACK
7.7153254000,1747,Data,0x100,0x8,0x00 0x00 0x04 0x40 0x05 0x4F 0x0F 0x32,0x7282,ACK
7.7353254000,1748,Data,0x100,0x8,0x00 0x00 0x04 0x40 0x05 0x4F 0x0F 0x32,0x7282,ACK
7.7416693000,1749,Data,0x212,0x8,0x52 0x01 0x00 0xC9 0x00 0x00 0x00 0x2A,0x2C4E,ACK
7.7419276000,1750,Data,0x211,0x8,0xE4 0x00 0x2A 0x00 0x00 0x00 0x00 0x00,0x0D4D,ACK
7.7422098000,1751,Data,0x343,0x8,0x00 0x00 0x00 0x01 0x00 0x00 0x01 0x00,0x103B,ACK
7.7424661000,1752,Data,0x341,0x8,0x00 0x00 0x00 0x00 0x02 0x00 0x00 0x00,0x1833,ACK
7.7427383000,1753,Data,0x342,0x8,0x05 0x00 0x0F 0x00 0x00 0xE4 0x05 0x34,0x6794,ACK
7.7430226000,1754,Data,0x344,0x8,0x00 0x00 0x00 0x03 0x00 0x00 0x00 0x00,0x6F15,ACK
7.7553446000,1755,Data,0x100,0x8,0x00 0x00 0x04 0x40 0x05 0x4F 0x0F 0x32,0x7282,ACK
7.7555887000,1756,Data,0x203,0x8,0x04 0x00 0x58 0x00 0x58 0x00 0x00 0x00,0x641B,ACK
7.7558409000,1757,Data,0x204,0x8,0x00 0x00 0x00 0x00 0x00 0x00 0x00 0x00,0x79D1,ACK
7.7560970000,1758,Data,0x205,0x8,0x00 0x00 0x00 0x00 0x00 0x00 0x00 0x00,0x72CA,ACK
7.7564011000,1759,Data,0x209,0x8,0x9F 0x27 0x10 0x04 0x90 0x49 0x00 0x00,0x59C2,ACK
7.7566412000,1760,Data,0x20A,0x8,0x00 0x00 0x00 0x00 0x00 0x00 0x00 0x00,0x1B53,ACK
7.7568953000,1761,Data,0x20B,0x8,0xBC 0x02 0x64 0x00 0x01 0xC8 0x00 0x00,0x021C,ACK
7.7571415000,1762,Data,0x20C,0x8,0x00 0xE4 0x0A 0x34 0x1E 0x07 0x00 0x00,0x6603,ACK
7.7753253000,1763,Data,0x100,0x8,0x00 0x00 0x04 0x40 0x05 0x4F 0x0F 0x32,0x7282,ACK
7.7953233000,1764,Data,0x100,0x8,0x00 0x00 0x04 0x40 0x05 0x4F 0x0F 0x32,0x7282,ACK
7.8153233000,1765,Data,0x100,0x8,0x00 0x00 0x04 0x40 0x05 0x4F 0x0F 0x32,0x7282,ACK
7.8353233000,1766,Data,0x100,0x8,0x00 0x00 0x04 0x40 0x05 0x4F 0x0F 0x32,0x7282,ACK
7.8416353000,1767,Data,0x212,0x8,0x52 0x01 0x00 0xC9 0x00 0x00 0x00 0x2A,0x2C4E,ACK
7.8418974000,1768,Data,0x211,0x8,0xE4 0x00 0x2A 0x00 0x00 0x00 0x00 0x00,0x0D4D,ACK
7.8421536000,1769,Data,0x343,0x8,0x00 0x00 0x00 0x01 0x00 0x00 0x01 0x00,0x103B,ACK
7.8424357000,1770,Data,0x401,0x8,0x00 0x00 0x34 0x00 0x05 0x2B 0x00 0x00,0x3E15,ACK
7.8553496000,1771,Data,0x100,0x8,0x00 0x00 0x04 0x40 0x05 0x4F 0x0F 0x32,0x7282,ACK
7.8555958000,1772,Data,0x203,0x8,0x04 0x00 0x58 0x00 0x58 0x00 0x00 0x00,0x641B,ACK
7.8558461000,1773,Data,0x204,0x8,0x00 0x00 0x00 0x00 0x00 0x00 0x00 0x00,0x79D1,ACK
7.8561023000,1774,Data,0x205,0x8,0x00 0x00 0x00 0x00 0x00 0x00 0x00 0x00,0x72CA,ACK
7.8563986000,1775,Data,0x209,0x8,0x9F 0x27 0x10 0x04 0x90 0x49 0x00 0x00,0x59C2,ACK
7.8566388000,1776,Data,0x20A,0x8,0x00 0x00 0x00 0x00 0x00 0x00 0x00 0x00,0x1B53,ACK
7.8568931000,1777,Data,0x20B,0x8,0xBC 0x02 0x64 0x00 0x01 0xC8 0x00 0x00,0x021C,ACK
7.8571393000,1778,Data,0x20C,0x8,0x00 0xE4 0x0A 0x34 0x1E 0x07 0x00 0x00,0x6603,ACK
7.8573895000,1779,Data,0x301,0x8,0x00 0x00 0x00 0x00 0x00 0x00 0x00 0x00,0x7E55,ACK
7.8576457000,1780,Data,0x302,0x2,0x00 0xFF,0x6FC0,ACK
7.8577919000,1781,Data,0x485,0x8,0x22 0x00 0x00 0x00 0x62 0x00 0x14 0x0C,0x569F,ACK
7.8753119000,1782,Data,0x100,0x8,0x00 0x00 0x04 0x40 0x05 0x4F 0x0F 0x32,0x7282,ACK
7.8788881000,1783,Data,0x310,0x8,0xF1 0x0E 0x78 0x05 0x19 0x02 0x01 0xC8,0x37D5,ACK
7.8836824000,1784,Data,0x311,0x8,0x39 0x1E 0x07 0x3F 0x90 0x01 0x00 0x00,0x66BC,ACK
7.8953243000,1785,Data,0x100,0x8,0x00 0x00 0x04 0x40 0x05 0x4F 0x0F 0x32,0x7282,ACK
7.9153223000,1786,Data,0x100,0x8,0x00 0x00 0x04 0x40 0x05 0x4F 0x0F 0x32,0x7282,ACK
7.9353223000,1787,Data,0x100,0x8,0x00 0x00 0x04 0x40 0x05 0x4F 0x0F 0x32,0x7282,ACK
7.9416282000,1788,Data,0x212,0x8,0x52 0x01 0x00 0xC9 0x00 0x00 0x00 0x2A,0x2C4E,ACK
7.9419145000,1789,Data,0x211,0x8,0xE4 0x00 0x2A 0x00 0x00 0x00 0x00 0x00,0x0D4D,ACK
7.9421708000,1790,Data,0x343,0x8,0x00 0x00 0x00 0x01 0x00 0x00 0x01 0x00,0x103B,ACK
7.9424310000,1791,Data,0x341,0x8,0x00 0x00 0x00 0x00 0x02 0x00 0x00 0x00,0x1833,ACK
7.9427272000,1792,Data,0x342,0x8,0x05 0x00 0x0F 0x00 0x00 0xE4 0x05 0x34,0x6794,ACK
7.9429875000,1793,Data,0x344,0x8,0x00 0x00 0x00 0x03 0x00 0x00 0x00 0x00,0x6F15,ACK
7.9553414000,1794,Data,0x100,0x8,0x00 0x00 0x04 0x40 0x05 0x4F 0x0F 0x32,0x7282,ACK
7.9555877000,1795,Data,0x203,0x8,0x04 0x00 0x58 0x00 0x58 0x00 0x00 0x00,0x641B,ACK
7.9558379000,1796,Data,0x204,0x8,0x00 0x00 0x00 0x00 0x00 0x00 0x00 0x00,0x79D1,ACK
7.9560942000,1797,Data,0x205,0x8,0x00 0x00 0x00 0x00 0x00 0x00 0x00 0x00,0x72CA,ACK
7.9564003000,1798,Data,0x209,0x8,0x9F 0x27 0x10 0x04 0x90 0x49 0x00 0x00,0x59C2,ACK
7.9566405000,1799,Data,0x20A,0x8,0x00 0x00 0x00 0x00 0x00 0x00 0x00 0x00,0x1B53,ACK
7.9568968000,1800,Data,0x20B,0x8,0xBC 0x02 0x64 0x00 0x01 0xC8 0x00 0x00,0x021C,ACK
7.9571410000,1801,Data,0x20C,0x8,0x00 0xE4 0x0A 0x34 0x1E 0x07 0x00 0x00,0x6603,ACK
7.9753210000,1802,Data,0x100,0x8,0x00 0x00 0x04 0x40 0x05 0x4F 0x0F 0x32,0x7282,ACK
7.9953090000,1803,Data,0x100,0x8,0x00 0x00 0x04 0x40 0x05 0x4F 0x0F 0x32,0x7282,ACK
8.0153210000,1804,Data,0x100,0x8,0x00 0x00 0x04 0x40 0x05 0x4F 0x0F 0x32,0x7282,ACK
8.0353210000,1805,Data,0x100,0x8,0x00 0x00 0x04 0x40 0x05 0x4F 0x0F 0x32,0x7282,ACK
8.0416431000,1806,Data,0x212,0x8,0x52 0x01 0x00 0xC9 0x00 0x00 0x00 0x2A,0x2C4E,ACK
8.0418993000,1807,Data,0x211,0x8,0xE4 0x00 0x2A 0x00 0x00 0x00 0x00 0x00,0x0D4D,ACK
8.0421596000,1808,Data,0x343,0x8,0x00 0x00 0x00 0x01 0x00 0x00 0x01 0x00,0x103B,ACK
8.0553475000,1809,Data,0x100,0x8,0x00 0x00 0x04 0x40 0x05 0x4F 0x0F 0x32,0x7282,ACK
8.0555916000,1810,Data,0x203,0x8,0x04 0x00 0x58 0x00 0x58 0x00 0x00 0x00,0x641B,ACK
8.0558439000,1811,Data,0x204,0x8,0x00 0x00 0x00 0x00 0x00 0x00 0x00 0x00,0x79D1,ACK
8.0561001000,1812,Data,0x205,0x8,0x00 0x00 0x00 0x00 0x00 0x00 0x00 0x00,0x72CA,ACK
8.0563964000,1813,Data,0x209,0x8,0x9F 0x27 0x10 0x04 0x90 0x49 0x00 0x00,0x59C2,ACK
8.0566366000,1814,Data,0x20A,0x8,0x00 0x00 0x00 0x00 0x00 0x00 0x00 0x00,0x1B53,ACK
8.0568909000,1815,Data,0x20B,0x8,0xBC 0x02 0x64 0x00 0x01 0xC8 0x00 0x00,0x021C,ACK
8.0571351000,1816,Data,0x20C,0x8,0x00 0xE4 0x0A 0x34 0x1E 0x07 0x00 0x00,0x6603,ACK
8.0573854000,1817,Data,0x301,0x8,0x00 0x00 0x00 0x00 0x00 0x00 0x00 0x00,0x7E55,ACK
8.0576416000,1818,Data,0x302,0x2,0x00 0xFF,0x6FC0,ACK
8.0577858000,1819,Data,0x485,0x8,0x22 0x00 0x00 0x00 0x62 0x00 0x14 0x0C,0x569F,ACK
8.0753219000,1820,Data,0x100,0x8,0x00 0x00 0x04 0x40 0x05 0x4F 0x0F 0x32,0x7282,ACK
8.0844021000,1821,Data,0x310,0x8,0xF1 0x0E 0x78 0x05 0x19 0x02 0x01 0xC8,0x37D5,ACK
8.0846583000,1822,Data,0x422,0x8,0x00 0x00 0x20 0x00 0x15 0x00 0x02 0x00,0x33F1,ACK
8.0849046000,1823,Data,0x500,0x8,0x48 0x48 0x49 0xFF 0x48 0x48 0x48 0xFF,0x3C42,ACK
8.0851348000,1824,Data,0x423,0x8,0xBC 0x02 0x64 0x00 0x3D 0x00 0x01 0x00,0x4EF3,ACK
8.0853711000,1825,Data,0x311,0x8,0x39 0x1E 0x07 0x3F 0x90 0x01 0x00 0x00,0x66BC,ACK
8.0859033000,1826,Data,0x424,0x8,0x6D 0x3C 0x4D 0x69 0x00 0x00 0x00 0x00,0x6739,ACK
8.0861396000,1827,Data,0x425,0x8,0x01 0x64 0x49 0x58 0x58 0x58 0x01 0xFF,0x04F4,ACK
8.0863758000,1828,Data,0x429,0x8,0x20 0x00 0x00 0x00 0x00 0x00 0x00 0x00,0x7AC7,ACK
8.0866241000,1829,Data,0x420,0x8,0xA4 0x14 0xF8 0xFF 0x70 0x03 0x00 0x00,0x08E6,ACK
8.0868644000,1830,Data,0x421,0x8,0x38 0x36 0x31 0x34 0xFB 0x04 0x62 0x04,0x00AE,ACK
8.0953204000,1831,Data,0x100,0x8,0x00 0x00 0x04 0x40 0x05 0x4F 0x0F 0x32,0x7282,ACK
8.1153084000,1832,Data,0x100,0x8,0x00 0x00 0x04 0x40 0x05 0x4F 0x0F 0x32,0x7282,ACK
8.1353202000,1833,Data,0x100,0x8,0x00 0x00 0x04 0x40 0x05 0x4F 0x0F 0x32,0x7282,ACK
8.1416423000,1834,Data,0x212,0x8,0x52 0x01 0x00 0xC9 0x00 0x00 0x00 0x2A,0x2C4E,ACK
8.1418825000,1835,Data,0x211,0x8,0xE4 0x00 0x2A 0x00 0x00 0x00 0x00 0x00,0x0D4D,ACK
8.1421408000,1836,Data,0x343,0x8,0x00 0x00 0x00 0x01 0x00 0x00 0x01 0x00,0x103B,ACK
8.1424190000,1837,Data,0x341,0x8,0x00 0x00 0x00 0x00 0x02 0x00 0x00 0x00,0x1833,ACK
8.1426973000,1838,Data,0x342,0x8,0x05 0x00 0x0F 0x00 0x00 0xE4 0x05 0x34,0x6794,ACK
8.1429535000,1839,Data,0x344,0x8,0x00 0x00 0x00 0x03 0x00 0x00 0x00 0x00,0x6F15,ACK
8.1553275000,1840,Data,0x100,0x8,0x00 0x00 0x04 0x40 0x05 0x4F 0x0F 0x32,0x7282,ACK
8.1555717000,1841,Data,0x203,0x8,0x04 0x00 0x58 0x00 0x58 0x00 0x00 0x00,0x641B,ACK
8.1558220000,1842,Data,0x204,0x8,0x00 0x00 0x00 0x00 0x00 0x00 0x00 0x00,0x79D1,ACK
8.1560782000,1843,Data,0x205,0x8,0x00 0x00 0x00 0x00 0x00 0x00 0x00 0x00,0x72CA,ACK
8.1563965000,1844,Data,0x209,0x8,0x9F 0x27 0x10 0x04 0x90 0x49 0x00 0x00,0x59C2,ACK
8.1566367000,1845,Data,0x20A,0x8,0x00 0x00 0x00 0x00 0x00 0x00 0x00 0x00,0x1B53,ACK
8.1568930000,1846,Data,0x20B,0x8,0xBC 0x02 0x64 0x00 0x01 0xC8 0x00 0x00,0x021C,ACK
8.1571372000,1847,Data,0x20C,0x8,0x00 0xE4 0x0A 0x34 0x1E 0x07 0x00 0x00,0x6603,ACK
8.1753192000,1848,Data,0x100,0x8,0x00 0x00 0x04 0x40 0x05 0x4F 0x0F 0x32,0x7282,ACK
8.1953192000,1849,Data,0x100,0x8,0x00 0x00 0x04 0x40 0x05 0x4F 0x0F 0x32,0x7282,ACK
8.2153192000,1850,Data,0x100,0x8,0x00 0x00 0x04 0x40 0x05 0x4F 0x0F 0x32,0x7282,ACK
8.2353172000,1851,Data,0x100,0x8,0x00 0x00 0x04 0x40 0x05 0x4F 0x0F 0x32,0x7282,ACK
8.2416512000,1852,Data,0x212,0x8,0x52 0x01 0x00 0xC9 0x00 0x00 0x00 0x2A,0x2C4E,ACK
8.2419135000,1853,Data,0x211,0x8,0xE4 0x00 0x2A 0x00 0x00 0x00 0x00 0x00,0x0D4D,ACK
8.2421677000,1854,Data,0x343,0x8,0x00 0x00 0x00 0x01 0x00 0x00 0x01 0x00,0x103B,ACK
8.2553457000,1855,Data,0x100,0x8,0x00 0x00 0x04 0x40 0x05 0x4F 0x0F 0x32,0x7282,ACK
8.2555919000,1856,Data,0x203,0x8,0x04 0x00 0x58 0x00 0x58 0x00 0x00 0x00,0x641B,ACK
8.2558442000,1857,Data,0x204,0x8,0x00 0x00 0x00 0x00 0x00 0x00 0x00 0x00,0x79D1,ACK
8.2561004000,1858,Data,0x205,0x8,0x00 0x00 0x00 0x00 0x00 0x00 0x00 0x00,0x72CA,ACK
8.2563947000,1859,Data,0x209,0x8,0x9F 0x27 0x10 0x04 0x90 0x49 0x00 0x00,0x59C2,ACK
8.2566349000,1860,Data,0x20A,0x8,0x00 0x00 0x00 0x00 0x00 0x00 0x00 0x00,0x1B53,ACK
8.2568892000,1861,Data,0x20B,0x8,0xBC 0x02 0x64 0x00 0x01 0xC8 0x00 0x00,0x021C,ACK
8.2571334000,1862,Data,0x20C,0x8,0x00 0xE4 0x0A 0x34 0x1E 0x07 0x00 0x00,0x6603,ACK
8.2573837000,1863,Data,0x301,0x8,0x00 0x00 0x00 0x00 0x00 0x00 0x00 0x00,0x7E55,ACK
8.2576419000,1864,Data,0x302,0x2,0x00 0xFF,0x6FC0,ACK
8.2577862000,1865,Data,0x485,0x8,0x22 0x00 0x00 0x00 0x62 0x00 0x14 0x0C,0x569F,ACK
8.2753182000,1866,Data,0x100,0x8,0x00 0x00 0x04 0x40 0x05 0x4F 0x0F 0x32,0x7282,ACK
8.2852463000,1867,Data,0x310,0x8,0xF1 0x0E 0x78 0x05 0x19 0x02 0x01 0xC8,0x37D5,ACK
8.2859606000,1868,Data,0x311,0x8,0x39 0x1E 0x07 0x3F 0x90 0x01 0x00 0x00,0x66BC,ACK
8.2953185000,1869,Data,0x100,0x8,0x00 0x00 0x04 0x40 0x05 0x4F 0x0F 0x32,0x7282,ACK
8.3153165000,1870,Data,0x100,0x8,0x00 0x00 0x04 0x40 0x05 0x4F 0x0F 0x32,0x7282,ACK
8.3353164000,1871,Data,0x100,0x8,0x00 0x00 0x04 0x40 0x05 0x4F 0x0F 0x32,0x7282,ACK
8.3416384000,1872,Data,0x212,0x8,0x52 0x01 0x00 0xC9 0x00 0x00 0x00 0x2A,0x2C4E,ACK
8.3418967000,1873,Data,0x211,0x8,0xE4 0x00 0x2A 0x00 0x00 0x00 0x00 0x00,0x0D4D,ACK
8.3421569000,1874,Data,0x343,0x8,0x00 0x00 0x00 0x01 0x00 0x00 0x01 0x00,0x103B,ACK
8.3424392000,1875,Data,0x341,0x8,0x00 0x00 0x00 0x00 0x02 0x00 0x00 0x00,0x1833,ACK
8.3427134000,1876,Data,0x342,0x8,0x05 0x00 0x0F 0x00 0x00 0xE4 0x05 0x34,0x6794,ACK
8.3429737000,1877,Data,0x344,0x8,0x00 0x00 0x00 0x03 0x00 0x00 0x00 0x00,0x6F15,ACK
8.3432519000,1878,Data,0x401,0x8,0x00 0x00 0x34 0x00 0x05 0x2B 0x00 0x00,0x3E15,ACK
8.3553239000,1879,Data,0x100,0x8,0x00 0x00 0x04 0x40 0x05 0x4F 0x0F 0x32,0x7282,ACK
8.3555701000,1880,Data,0x203,0x8,0x04 0x00 0x58 0x00 0x58 0x00 0x00 0x00,0x641B,ACK
8.3558204000,1881,Data,0x204,0x8,0x00 0x00 0x00 0x00 0x00 0x00 0x00 0x00,0x79D1,ACK
8.3560766000,1882,Data,0x205,0x8,0x00 0x00 0x00 0x00 0x00 0x00 0x00 0x00,0x72CA,ACK
8.3563929000,1883,Data,0x209,0x8,0x9F 0x27 0x10 0x04 0x90 0x49 0x00 0x00,0x59C2,ACK
8.3566331000,1884,Data,0x20A,0x8,0x00 0x00 0x00 0x00 0x00 0x00 0x00 0x00,0x1B53,ACK
8.3568874000,1885,Data,0x20B,0x8,0xBC 0x02 0x64 0x00 0x01 0xC8 0x00 0x00,0x021C,ACK
8.3571316000,1886,Data,0x20C,0x8,0x00 0xE4 0x0A 0x34 0x1E 0x07 0x00 0x00,0x6603,ACK
8.3753176000,1887,Data,0x100,0x8,0x00 0x00 0x04 0x40 0x05 0x4F 0x0F 0x32,0x7282,ACK
8.3953156000,1888,Data,0x100,0x8,0x00 0x00 0x04 0x40 0x05 0x4F 0x0F 0x32,0x7282,ACK
8.4153175000,1889,Data,0x100,0x8,0x00 0x00 0x04 0x40 0x05 0x4F 0x0F 0x32,0x7282,ACK
8.4353155000,1890,Data,0x100,0x8,0x00 0x00 0x04 0x40 0x05 0x4F 0x0F 0x32,0x7282,ACK
8.4416615000,1891,Data,0x212,0x8,0x52 0x01 0x00 0xC9 0x00 0x00 0x00 0x2A,0x2C4E,ACK
8.4419198000,1892,Data,0x211,0x8,0xE4 0x00 0x2A 0x00 0x00 0x00 0x00 0x00,0x0D4D,ACK
8.4421800000,1893,Data,0x343,0x8,0x00 0x00 0x00 0x01 0x00 0x00 0x01 0x00,0x103B,ACK
8.4553440000,1894,Data,0x100,0x8,0x00 0x00 0x04 0x40 0x05 0x4F 0x0F 0x32,0x7282,ACK
8.4555902000,1895,Data,0x203,0x8,0x04 0x00 0x58 0x00 0x58 0x00 0x00 0x00,0x641B,ACK
8.4558405000,1896,Data,0x204,0x8,0x00 0x00 0x00 0x00 0x00 0x00 0x00 0x00,0x79D1,ACK
8.4560967000,1897,Data,0x205,0x8,0x00 0x00 0x00 0x00 0x00 0x00 0x00 0x00,0x72CA,ACK
8.4563930000,1898,Data,0x209,0x8,0x9F 0x27 0x10 0x04 0x90 0x49 0x00 0x00,0x59C2,ACK
8.4566332000,1899,Data,0x20A,0x8,0x00 0x00 0x00 0x00 0x00 0x00 0x00 0x00,0x1B53,ACK
8.4568895000,1900,Data,0x20B,0x8,0xBC 0x02 0x64 0x00 0x01 0xC8 0x00 0x00,0x021C,ACK
8.4571337000,1901,Data,0x20C,0x8,0x00 0xE4 0x0A 0x34 0x1E 0x07 0x00 0x00,0x6603,ACK
8.4573860000,1902,Data,0x301,0x8,0x00 0x00 0x00 0x00 0x00 0x00 0x00 0x00,0x7E55,ACK
8.4576422000,1903,Data,0x302,0x2,0x00 0xFF,0x6FC0,ACK
8.4577885000,1904,Data,0x485,0x8,0x22 0x00 0x00 0x00 0x62 0x00 0x14 0x0C,0x569F,ACK
8.4753165000,1905,Data,0x100,0x8,0x00 0x00 0x04 0x40 0x05 0x4F 0x0F 0x32,0x7282,ACK
8.4867508000,1906,Data,0x310,0x8,0xF1 0x0E 0x78 0x05 0x19 0x02 0x01 0xC8,0x37D5,ACK
8.4874810000,1907,Data,0x311,0x8,0x39 0x1E 0x07 0x3F 0x90 0x01 0x00 0x00,0x66BC,ACK
8.4953151000,1908,Data,0x100,0x8,0x00 0x00 0x04 0x40 0x05 0x4F 0x0F 0x32,0x7282,ACK
8.5153151000,1909,Data,0x100,0x8,0x00 0x00 0x04 0x40 0x05 0x4F 0x0F 0x32,0x7282,ACK
8.5353131000,1910,Data,0x100,0x8,0x00 0x00 0x04 0x40 0x05 0x4F 0x0F 0x32,0x7282,ACK
8.5416491000,1911,Data,0x212,0x8,0x52 0x01 0x00 0xC9 0x00 0x00 0x00 0x2A,0x2C4E,ACK
8.5419093000,1912,Data,0x211,0x8,0xE4 0x00 0x2A 0x00 0x00 0x00 0x00 0x00,0x0D4D,ACK
8.5421696000,1913,Data,0x343,0x8,0x00 0x00 0x00 0x01 0x00 0x00 0x01 0x00,0x103B,ACK
8.5424258000,1914,Data,0x341,0x8,0x00 0x00 0x00 0x00 0x02 0x00 0x00 0x00,0x1833,ACK
8.5427241000,1915,Data,0x342,0x8,0x05 0x00 0x0F 0x00 0x00 0xE4 0x05 0x34,0x6794,ACK
8.5429803000,1916,Data,0x344,0x8,0x00 0x00 0x00 0x03 0x00 0x00 0x00 0x00,0x6F15,ACK
8.5553323000,1917,Data,0x100,0x8,0x00 0x00 0x04 0x40 0x05 0x4F 0x0F 0x32,0x7282,ACK
8.5555786000,1918,Data,0x203,0x8,0x04 0x00 0x58 0x00 0x58 0x00 0x00 0x00,0x641B,ACK
8.5558288000,1919,Data,0x204,0x8,0x00 0x00 0x00 0x00 0x00 0x00 0x00 0x00,0x79D1,ACK
8.5560851000,1920,Data,0x205,0x8,0x00 0x00 0x00 0x00 0x00 0x00 0x00 0x00,0x72CA,ACK
8.5563913000,1921,Data,0x209,0x8,0x9F 0x27 0x10 0x04 0x90 0x49 0x00 0x00,0x59C2,ACK
8.5566316000,1922,Data,0x20A,0x8,0x00 0x00 0x00 0x00 0x00 0x00 0x00 0x00,0x1B53,ACK
8.5568858000,1923,Data,0x20B,0x8,0xBC 0x02 0x64 0x00 0x01 0xC8 0x00 0x00,0x021C,ACK
8.5571301000,1924,Data,0x20C,0x8,0x00 0xE4 0x0A 0x34 0x1E 0x07 0x00 0x00,0x6603,ACK
8.5753141000,1925,Data,0x100,0x8,0x00 0x00 0x04 0x40 0x05 0x4F 0x0F 0x32,0x7282,ACK
8.5843641000,1926,Data,0x422,0x8,0x00 0x00 0x20 0x00 0x15 0x00 0x02 0x00,0x33F1,ACK
8.5859324000,1927,Data,0x420,0x8,0xA4 0x14 0xF4 0xFF 0x70 0x03 0x00 0x00,0x44AF,ACK
8.5861706000,1928,Data,0x421,0x8,0x38 0x36 0x31 0x34 0xFB 0x04 0x62 0x04,0x00AE,ACK
8.5868809000,1929,Data,0x423,0x8,0xBC 0x02 0x64 0x00 0x3D 0x00 0x01 0x00,0x4EF3,ACK
8.5877731000,1930,Data,0x425,0x8,0x01 0x64 0x49 0x58 0x58 0x58 0x01 0xFF,0x04F4,ACK
8.5880394000,1931,Data,0x429,0x8,0x20 0x00 0x00 0x00 0x00 0x00 0x00 0x00,0x7AC7,ACK
8.5953134000,1932,Data,0x100,0x8,0x00 0x00 0x04 0x40 0x05 0x4F 0x0F 0x32,0x7282,ACK
8.6153014000,1933,Data,0x100,0x8,0x00 0x00 0x04 0x40 0x05 0x4F 0x0F 0x32,0x7282,ACK
8.6353134000,1934,Data,0x100,0x8,0x00 0x00 0x04 0x40 0x05 0x4F 0x0F 0x32,0x7282,ACK
8.6416234000,1935,Data,0x212,0x8,0x52 0x01 0x00 0xC9 0x00 0x00 0x00 0x2A,0x2C4E,ACK
8.6418857000,1936,Data,0x211,0x8,0xE4 0x00 0x2A 0x00 0x00 0x00 0x00 0x00,0x0D4D,ACK
8.6421419000,1937,Data,0x343,0x8,0x00 0x00 0x00 0x01 0x00 0x00 0x01 0x00,0x103B,ACK
8.6553539000,1938,Data,0x100,0x8,0x00 0x00 0x04 0x40 0x05 0x4F 0x0F 0x32,0x7282,ACK
8.6555982000,1939,Data,0x203,0x8,0x04 0x00 0x58 0x00 0x58 0x00 0x00 0x00,0x641B,ACK
8.6558484000,1940,Data,0x204,0x8,0x00 0x00 0x00 0x00 0x00 0x00 0x00 0x00,0x79D1,ACK
8.6561047000,1941,Data,0x205,0x8,0x00 0x00 0x00 0x00 0x00 0x00 0x00 0x00,0x72CA,ACK
8.6563908000,1942,Data,0x209,0x8,0x9F 0x27 0x10 0x04 0x90 0x49 0x00 0x00,0x59C2,ACK
8.6566310000,1943,Data,0x20A,0x8,0x00 0x00 0x00 0x00 0x00 0x00 0x00 0x00,0x1B53,ACK
8.6568853000,1944,Data,0x20B,0x8,0xBC 0x02 0x64 0x00 0x01 0xC8 0x00 0x00,0x021C,ACK
8.6571295000,1945,Data,0x20C,0x8,0x00 0xE4 0x0A 0x34 0x1E 0x07 0x00 0x00,0x6603,ACK
8.6573798000,1946,Data,0x301,0x8,0x00 0x00 0x00 0x00 0x00 0x00 0x00 0x00,0x7E55,ACK
8.6576380000,1947,Data,0x302,0x2,0x00 0xFF,0x6FC0,ACK
8.6577823000,1948,Data,0x485,0x8,0x22 0x00 0x00 0x00 0x62 0x00 0x14 0x0C,0x569F,ACK
8.6580285000,1949,Data,0x480,0x8,0x00 0x00 0x00 0x00 0x20 0x00 0x00 0x00,0x2C46,ACK
8.6582868000,1950,Data,0x481,0x8,0x10 0x18 0x40 0x13 0x00 0x00 0x00 0x00,0x1419,ACK
8.6585330000,1951,Data,0x482,0x8,0x52 0x01 0x02 0x00 0x00 0x00 0x00 0x00,0x36EA,ACK
8.6587813000,1952,Data,0x483,0x8,0x31 0x4B 0x31 0x55 0x41 0x32 0x35 0x35,0x717E,ACK
8.6590155000,1953,Data,0x484,0x8,0x31 0x50 0x33 0x39 0x36 0x35 0x00 0x00,0x0196,ACK
8.6753115000,1954,Data,0x100,0x8,0x00 0x00 0x04 0x40 0x05 0x4F 0x0F 0x32,0x7282,ACK
8.6872497000,1955,Data,0x310,0x8,0xF1 0x0E 0x78 0x05 0x19 0x02 0x01 0xC8,0x37D5,ACK
8.6879660000,1956,Data,0x311,0x8,0x39 0x1E 0x07 0x3F 0x90 0x01 0x00 0x00,0x66BC,ACK
8.6953140000,1957,Data,0x100,0x8,0x00 0x00 0x04 0x40 0x05 0x4F 0x0F 0x32,0x7282,ACK
8.7153140000,1958,Data,0x100,0x8,0x00 0x00 0x04 0x40 0x05 0x4F 0x0F 0x32,0x7282,ACK
8.7353000000,1959,Data,0x100,0x8,0x00 0x00 0x04 0x40 0x05 0x4F 0x0F 0x32,0x7282,ACK
8.7416240000,1960,Data,0x212,0x8,0x52 0x01 0x00 0xC9 0x00 0x00 0x00 0x2A,0x2C4E,ACK
8.7419061000,1961,Data,0x211,0x8,0xE4 0x00 0x2A 0x00 0x00 0x00 0x00 0x00,0x0D4D,ACK
8.7421664000,1962,Data,0x343,0x8,0x00 0x00 0x00 0x01 0x00 0x00 0x01 0x00,0x103B,ACK
8.7424266000,1963,Data,0x341,0x8,0x00 0x00 0x00 0x00 0x02 0x00 0x00 0x00,0x1833,ACK
8.7427209000,1964,Data,0x342,0x8,0x05 0x00 0x0F 0x00 0x00 0xE4 0x05 0x34,0x6794,ACK
8.7429811000,1965,Data,0x344,0x8,0x00 0x00 0x00 0x03 0x00 0x00 0x00 0x00,0x6F15,ACK
8.7553311000,1966,Data,0x100,0x8,0x00 0x00 0x04 0x40 0x05 0x4F 0x0F 0x32,0x7282,ACK
8.7555773000,1967,Data,0x203,0x8,0x04 0x00 0x58 0x00 0x58 0x00 0x00 0x00,0x641B,ACK
8.7558274000,1968,Data,0x204,0x8,0x00 0x00 0x00 0x00 0x00 0x00 0x00 0x00,0x79D1,ACK
8.7560835000,1969,Data,0x205,0x8,0x00 0x00 0x00 0x00 0x00 0x00 0x00 0x00,0x72CA,ACK
8.7563896000,1970,Data,0x209,0x8,0x9F 0x27 0x10 0x04 0x90 0x49 0x00 0x00,0x59C2,ACK
8.7566297000,1971,Data,0x20A,0x8,0x00 0x00 0x00 0x00 0x00 0x00 0x00 0x00,0x1B53,ACK
8.7568839000,1972,Data,0x20B,0x8,0xBC 0x02 0x64 0x00 0x01 0xC8 0x00 0x00,0x021C,ACK
8.7571280000,1973,Data,0x20C,0x8,0x00 0xE4 0x0A 0x34 0x1E 0x07 0x00 0x00,0x6603,ACK
8.7753119000,1974,Data,0x100,0x8,0x00 0x00 0x04 0x40 0x05 0x4F 0x0F 0x32,0x7282,ACK
8.7953099000,1975,Data,0x100,0x8,0x00 0x00 0x04 0x40 0x05 0x4F 0x0F 0x32,0x7282,ACK
8.8153119000,1976,Data,0x100,0x8,0x00 0x00 0x04 0x40 0x05 0x4F 0x0F 0x32,0x7282,ACK
8.8353099000,1977,Data,0x100,0x8,0x00 0x00 0x04 0x40 0x05 0x4F 0x0F 0x32,0x7282,ACK
8.8416418000,1978,Data,0x212,0x8,0x52 0x01 0x00 0xC9 0x00 0x00 0x00 0x2A,0x2C4E,ACK
8.8419000000,1979,Data,0x211,0x8,0xE4 0x00 0x2A 0x00 0x00 0x00 0x00 0x00,0x0D4D,ACK
8.8421582000,1980,Data,0x343,0x8,0x00 0x00 0x00 0x01 0x00 0x00 0x01 0x00,0x103B,ACK
8.8424145000,1981,Data,0x401,0x8,0x00 0x00 0x34 0x00 0x05 0x2B 0x00 0x00,0x3E15,ACK
8.8553385000,1982,Data,0x100,0x8,0x00 0x00 0x04 0x40 0x05 0x4F 0x0F 0x32,0x7282,ACK
8.8555847000,1983,Data,0x203,0x8,0x04 0x00 0x58 0x00 0x58 0x00 0x00 0x00,0x641B,ACK
8.8558350000,1984,Data,0x204,0x8,0x00 0x00 0x00 0x00 0x00 0x00 0x00 0x00,0x79D1,ACK
8.8560912000,1985,Data,0x205,0x8,0x00 0x00 0x00 0x00 0x00 0x00 0x00 0x00,0x72CA,ACK
8.8563735000,1986,Data,0x209,0x8,0x9F 0x27 0x10 0x04 0x90 0x49 0x00 0x00,0x59C2,ACK
8.8566137000,1987,Data,0x20A,0x8,0x00 0x00 0x00 0x00 0x00 0x00 0x00 0x00,0x1B53,ACK
8.8568680000,1988,Data,0x20B,0x8,0xBC 0x02 0x64 0x00 0x01 0xC8 0x00 0x00,0x021C,ACK
8.8571142000,1989,Data,0x20C,0x8,0x00 0xE4 0x0A 0x34 0x1E 0x07 0x00 0x00,0x6603,ACK
8.8573644000,1990,Data,0x301,0x8,0x00 0x00 0x00 0x00 0x00 0x00 0x00 0x00,0x7E55,ACK
8.8576207000,1991,Data,0x302,0x2,0x00 0xFF,0x6FC0,ACK
8.8577669000,1992,Data,0x485,0x8,0x22 0x00 0x00 0x00 0x62 0x00 0x14 0x0C,0x569F,ACK
8.8753110000,1993,Data,0x100,0x8,0x00 0x00 0x04 0x40 0x05 0x4F 0x0F 0x32,0x7282,ACK
8.8874292000,1994,Data,0x310,0x8,0xF1 0x0E 0x78 0x05 0x19 0x02 0x01 0xC8,0x37D5,ACK
8.8881635000,1995,Data,0x311,0x8,0x39 0x1E 0x07 0x3F 0x90 0x01 0x00 0x00,0x66BC,ACK
8.8953115000,1996,Data,0x100,0x8,0x00 0x00 0x04 0x40 0x05 0x4F 0x0F 0x32,0x7282,ACK
8.9153094000,1997,Data,0x100,0x8,0x00 0x00 0x04 0x40 0x05 0x4F 0x0F 0x32,0x7282,ACK
8.9353114000,1998,Data,0x100,0x8,0x00 0x00 0x04 0x40 0x05 0x4F 0x0F 0x32,0x7282,ACK
8.9416234000,1999,Data,0x212,0x8,0x52 0x01 0x00 0xC9 0x00 0x00 0x00 0x2A,0x2C4E,ACK
8.9418635000,2000,Data,0x211,0x8,0xE4 0x00 0x2A 0x00 0x00 0x00 0x00 0x00,0x0D4D,ACK
8.9421197000,2001,Data,0x343,0x8,0x00 0x00 0x00 0x01 0x00 0x00 0x01 0x00,0x103B,ACK
8.9423798000,2002,Data,0x341,0x8,0x00 0x00 0x00 0x00 0x02 0x00 0x00 0x00,0x1833,ACK
8.9426779000,2003,Data,0x342,0x8,0x05 0x00 0x0F 0x00 0x00 0xE4 0x05 0x34,0x6794,ACK
8.9429340000,2004,Data,0x344,0x8,0x00 0x00 0x00 0x03 0x00 0x00 0x00 0x00,0x6F15,ACK
8.9553279000,2005,Data,0x100,0x8,0x00 0x00 0x04 0x40 0x05 0x4F 0x0F 0x32,0x7282,ACK
8.9555722000,2006,Data,0x203,0x8,0x04 0x00 0x58 0x00 0x58 0x00 0x00 0x00,0x641B,ACK
8.9558224000,2007,Data,0x204,0x8,0x00 0x00 0x00 0x00 0x00 0x00 0x00 0x00,0x79D1,ACK
8.9560787000,2008,Data,0x205,0x8,0x00 0x00 0x00 0x00 0x00 0x00 0x00 0x00,0x72CA,ACK
8.9563709000,2009,Data,0x209,0x8,0x9F 0x27 0x10 0x04 0x90 0x49 0x00 0x00,0x59C2,ACK
8.9566112000,2010,Data,0x20A,0x8,0x00 0x00 0x00 0x00 0x00 0x00 0x00 0x00,0x1B53,ACK
8.9568654000,2011,Data,0x20B,0x8,0xBC 0x02 0x64 0x00 0x01 0xC8 0x00 0x00,0x021C,ACK
8.9571097000,2012,Data,0x20C,0x8,0x00 0xE4 0x0A 0x34 0x1E 0x07 0x00 0x00,0x6603,ACK
8.9753077000,2013,Data,0x100,0x8,0x00 0x00 0x04 0x40 0x05 0x4F 0x0F 0x32,0x7282,ACK
8.9953077000,2014,Data,0x100,0x8,0x00 0x00 0x04 0x40 0x05 0x4F 0x0F 0x32,0x7282,ACK
9.0153097000,2015,Data,0x100,0x8,0x00 0x00 0x04 0x40 0x05 0x4F 0x0F 0x32,0x7282,ACK
9.0353077000,2016,Data,0x100,0x8,0x00 0x00 0x04 0x40 0x05 0x4F 0x0F 0x32,0x7282,ACK
9.0416056000,2017,Data,0x212,0x8,0x52 0x01 0x00 0xC9 0x00 0x00 0x00 0x2A,0x2C4E,ACK
9.0418679000,2018,Data,0x211,0x8,0xE4 0x00 0x2A 0x00 0x00 0x00 0x00 0x00,0x0D4D,ACK
9.0421461000,2019,Data,0x343,0x8,0x00 0x00 0x00 0x01 0x00 0x00 0x01 0x00,0x103B,ACK
9.0553360000,2020,Data,0x100,0x8,0x00 0x00 0x04 0x40 0x05 0x4F 0x0F 0x32,0x7282,ACK
9.0555823000,2021,Data,0x203,0x8,0x04 0x00 0x58 0x00 0x58 0x00 0x00 0x00,0x641B,ACK
9.0558325000,2022,Data,0x204,0x8,0x00 0x00 0x00 0x00 0x00 0x00 0x00 0x00,0x79D1,ACK
9.0560888000,2023,Data,0x205,0x8,0x00 0x00 0x00 0x00 0x00 0x00 0x00 0x00,0x72CA,ACK
9.0563730000,2024,Data,0x209,0x8,0x9F 0x27 0x10 0x04 0x90 0x49 0x00 0x00,0x59C2,ACK
9.0566133000,2025,Data,0x20A,0x8,0x00 0x00 0x00 0x00 0x00 0x00 0x00 0x00,0x1B53,ACK
9.0568695000,2026,Data,0x20B,0x8,0xBC 0x02 0x64 0x00 0x01 0xC8 0x00 0x00,0x021C,ACK
9.0571138000,2027,Data,0x20C,0x8,0x00 0xE4 0x0A 0x34 0x1E 0x07 0x00 0x00,0x6603,ACK
9.0573640000,2028,Data,0x301,0x8,0x00 0x00 0x00 0x00 0x00 0x00 0x00 0x00,0x7E55,ACK
9.0576202000,2029,Data,0x302,0x2,0x00 0xFF,0x6FC0,ACK
9.0577645000,2030,Data,0x485,0x8,0x22 0x00 0x00 0x00 0x62 0x00 0x14 0x0C,0x569F,ACK
9.0753085000,2031,Data,0x100,0x8,0x00 0x00 0x04 0x40 0x05 0x4F 0x0F 0x32,0x7282,ACK
9.0942007000,2032,Data,0x311,0x8,0x39 0x1E 0x07 0x3F 0x90 0x01 0x00 0x00,0x66BC,ACK
9.0944409000,2033,Data,0x501,0x8,0xB4 0xC1 0x83 0x58 0x51 0xE5 0xB2 0x6B,0x057E,ACK
9.0946712000,2034,Data,0x502,0x8,0x32 0xAC 0x86 0x0E 0x1A 0xB9 0x00 0x00,0x0E93,ACK
9.0949054000,2035,Data,0x424,0x8,0x6E 0x3C 0x4D 0x69 0x00 0x00 0x00 0x00,0x5BF0,ACK
9.0951437000,2036,Data,0x425,0x8,0x01 0x64 0x49 0x58 0x58 0x58 0x01 0xFF,0x04F4,ACK
9.0953798000,2037,Data,0x100,0x8,0x00 0x00 0x04 0x40 0x05 0x4F 0x0F 0x32,0x7282,ACK
9.0956199000,2038,Data,0x429,0x8,0x20 0x00 0x00 0x00 0x00 0x00 0x00 0x00,0x7AC7,ACK
9.0958682000,2039,Data,0x420,0x8,0xA4 0x14 0xF4 0xFF 0x70 0x03 0x00 0x00,0x44AF,ACK
9.0961064000,2040,Data,0x421,0x8,0x38 0x36 0x31 0x34 0xFB 0x04 0x62 0x04,0x00AE,ACK
9.0963407000,2041,Data,0x310,0x8,0xF1 0x0E 0x78 0x05 0x19 0x02 0x01 0xC8,0x37D5,ACK
9.0965729000,2042,Data,0x422,0x8,0x00 0x00 0x20 0x00 0x15 0x00 0x02 0x00,0x33F1,ACK
9.0968192000,2043,Data,0x423,0x8,0xBC 0x02 0x64 0x00 0x3D 0x00 0x01 0x00,0x4EF3,ACK
9.1153091000,2044,Data,0x100,0x8,0x00 0x00 0x04 0x40 0x05 0x4F 0x0F 0x32,0x7282,ACK
9.1353070000,2045,Data,0x100,0x8,0x00 0x00 0x04 0x40 0x05 0x4F 0x0F 0x32,0x7282,ACK
9.1416511000,2046,Data,0x212,0x8,0x52 0x01 0x00 0xC9 0x00 0x00 0x00 0x2A,0x2C4E,ACK
9.1419073000,2047,Data,0x211,0x8,0xE4 0x00 0x2A 0x00 0x00 0x00 0x00 0x00,0x0D4D,ACK
9.1421916000,2048,Data,0x343,0x8,0x00 0x00 0x00 0x01 0x00 0x00 0x01 0x00,0x103B,ACK
9.1424498000,2049,Data,0x341,0x8,0x00 0x00 0x00 0x00 0x02 0x00 0x00 0x00,0x1833,ACK
9.1427221000,2050,Data,0x342,0x8,0x05 0x00 0x0F 0x00 0x00 0xE4 0x05 0x34,0x6794,ACK
9.1430043000,2051,Data,0x344,0x8,0x00 0x00 0x00 0x03 0x00 0x00 0x00 0x00,0x6F15,ACK
9.1553262000,2052,Data,0x100,0x8,0x00 0x00 0x04 0x40 0x05 0x4F 0x0F 0x32,0x7282,ACK
9.1555725000,2053,Data,0x203,0x8,0x04 0x00 0x58 0x00 0x58 0x00 0x00 0x00,0x641B,ACK
9.1558227000,2054,Data,0x204,0x8,0x00 0x00 0x00 0x00 0x00 0x00 0x00 0x00,0x79D1,ACK
9.1560810000,2055,Data,0x205,0x8,0x00 0x00 0x00 0x00 0x00 0x00 0x00 0x00,0x72CA,ACK
9.1563832000,2056,Data,0x209,0x8,0x9F 0x27 0x10 0x04 0x90 0x49 0x00 0x00,0x59C2,ACK
9.1566235000,2057,Data,0x20A,0x8,0x00 0x00 0x00 0x00 0x00 0x00 0x00 0x00,0x1B53,ACK
9.1568777000,2058,Data,0x20B,0x8,0xBC 0x02 0x64 0x00 0x01 0xC8 0x00 0x00,0x021C,ACK
9.1571220000,2059,Data,0x20C,0x8,0x00 0xE4 0x0A 0x34 0x1E 0x07 0x00 0x00,0x6603,ACK
9.1753080000,2060,Data,0x100,0x8,0x00 0x00 0x04 0x40 0x05 0x4F 0x0F 0x32,0x7282,ACK
9.1953060000,2061,Data,0x100,0x8,0x00 0x00 0x04 0x40 0x05 0x4F 0x0F 0x32,0x7282,ACK
9.2153058000,2062,Data,0x100,0x8,0x00 0x00 0x04 0x40 0x05 0x4F 0x0F 0x32,0x7282,ACK
9.2353057000,2063,Data,0x100,0x8,0x00 0x00 0x04 0x40 0x05 0x4F 0x0F 0x32,0x7282,ACK
9.2416098000,2064,Data,0x212,0x8,0x52 0x01 0x00 0xC9 0x00 0x00 0x00 0x2A,0x2C4E,ACK
9.2418739000,2065,Data,0x211,0x8,0xE4 0x00 0x2A 0x00 0x00 0x00 0x00 0x00,0x0D4D,ACK
9.2421321000,2066,Data,0x343,0x8,0x00 0x00 0x00 0x01 0x00 0x00 0x01 0x00,0x103B,ACK
9.2553321000,2067,Data,0x100,0x8,0x00 0x00 0x04 0x40 0x05 0x4F 0x0F 0x32,0x7282,ACK
9.2555763000,2068,Data,0x203,0x8,0x04 0x00 0x58 0x00 0x58 0x00 0x00 0x00,0x641B,ACK
9.2558266000,2069,Data,0x204,0x8,0x00 0x00 0x00 0x00 0x00 0x00 0x00 0x00,0x79D1,ACK
9.2560828000,2070,Data,0x205,0x8,0x00 0x00 0x00 0x00 0x00 0x00 0x00 0x00,0x72CA,ACK
9.2563831000,2071,Data,0x209,0x8,0x9F 0x27 0x10 0x04 0x90 0x49 0x00 0x00,0x59C2,ACK
9.2566233000,2072,Data,0x20A,0x8,0x00 0x00 0x00 0x00 0x00 0x00 0x00 0x00,0x1B53,ACK
9.2568796000,2073,Data,0x20B,0x8,0xBC 0x02 0x64 0x00 0x01 0xC8 0x00 0x00,0x021C,ACK
9.2571238000,2074,Data,0x20C,0x8,0x00 0xE4 0x0A 0x34 0x1E 0x07 0x00 0x00,0x6603,ACK
9.2573741000,2075,Data,0x301,0x8,0x00 0x00 0x00 0x00 0x00 0x00 0x00 0x00,0x7E55,ACK
9.2576322000,2076,Data,0x302,0x2,0x00 0xFF,0x6FC0,ACK
9.2577764000,2077,Data,0x485,0x8,0x22 0x00 0x00 0x00 0x62 0x00 0x14 0x0C,0x569F,ACK
9.2753064000,2078,Data,0x100,0x8,0x00 0x00 0x04 0x40 0x05 0x4F 0x0F 0x32,0x7282,ACK
9.2953044000,2079,Data,0x100,0x8,0x00 0x00 0x04 0x40 0x05 0x4F 0x0F 0x32,0x7282,ACK
9.2955706000,2080,Data,0x311,0x8,0x39 0x1E 0x07 0x3F 0x90 0x01 0x00 0x00,0x66BC,ACK
9.2969729000,2081,Data,0x310,0x8,0xF1 0x0E 0x78 0x05 0x19 0x02 0x01 0xC8,0x37D5,ACK
9.3153048000,2082,Data,0x100,0x8,0x00 0x00 0x04 0x40 0x05 0x4F 0x0F 0x32,0x7282,ACK
9.3353028000,2083,Data,0x100,0x8,0x00 0x00 0x04 0x40 0x05 0x4F 0x0F 0x32,0x7282,ACK
9.3416508000,2084,Data,0x212,0x8,0x52 0x01 0x00 0xC9 0x00 0x00 0x00 0x2A,0x2C4E,ACK
9.3419111000,2085,Data,0x211,0x8,0xE4 0x00 0x2A 0x00 0x00 0x00 0x00 0x00,0x0D4D,ACK
9.3421673000,2086,Data,0x343,0x8,0x00 0x00 0x00 0x01 0x00 0x00 0x01 0x00,0x103B,ACK
9.3424496000,2087,Data,0x341,0x8,0x00 0x00 0x00 0x00 0x02 0x00 0x00 0x00,0x1833,ACK
9.3427278000,2088,Data,0x342,0x8,0x05 0x00 0x0F 0x00 0x00 0xE4 0x05 0x34,0x6794,ACK
9.3429841000,2089,Data,0x344,0x8,0x00 0x00 0x00 0x03 0x00 0x00 0x00 0x00,0x6F15,ACK
9.3432663000,2090,Data,0x401,0x8,0x00 0x00 0x34 0x00 0x05 0x2B 0x00 0x00,0x3E15,ACK
9.3553243000,2091,Data,0x100,0x8,0x00 0x00 0x04 0x40 0x05 0x4F 0x0F 0x32,0x7282,ACK
9.3555705000,2092,Data,0x203,0x8,0x04 0x00 0x58 0x00 0x58 0x00 0x00 0x00,0x641B,ACK
9.3558208000,2093,Data,0x204,0x8,0x00 0x00 0x00 0x00 0x00 0x00 0x00 0x00,0x79D1,ACK
9.3560770000,2094,Data,0x205,0x8,0x00 0x00 0x00 0x00 0x00 0x00 0x00 0x00,0x72CA,ACK
9.3563793000,2095,Data,0x209,0x8,0x9F 0x27 0x10 0x04 0x90 0x49 0x00 0x00,0x59C2,ACK
9.3566195000,2096,Data,0x20A,0x8,0x00 0x00 0x00 0x00 0x00 0x00 0x00 0x00,0x1B53,ACK
9.3568738000,2097,Data,0x20B,0x8,0xBC 0x02 0x64 0x00 0x01 0xC8 0x00 0x00,0x021C,ACK
9.3571180000,2098,Data,0x20C,0x8,0x00 0xE4 0x0A 0x34 0x1E 0x07 0x00 0x00,0x6603,ACK
9.3753040000,2099,Data,0x100,0x8,0x00 0x00 0x04 0x40 0x05 0x4F 0x0F 0x32,0x7282,ACK
9.3953040000,2100,Data,0x100,0x8,0x00 0x00 0x04 0x40 0x05 0x4F 0x0F 0x32,0x7282,ACK
9.4153039000,2101,Data,0x100,0x8,0x00 0x00 0x04 0x40 0x05 0x4F 0x0F 0x32,0x7282,ACK
9.4353039000,2102,Data,0x100,0x8,0x00 0x00 0x04 0x40 0x05 0x4F 0x0F 0x32,0x7282,ACK
9.4415899000,2103,Data,0x212,0x8,0x52 0x01 0x00 0xC9 0x00 0x00 0x00 0x2A,0x2C4E,ACK
9.4418722000,2104,Data,0x211,0x8,0xE4 0x00 0x2A 0x00 0x00 0x00 0x00 0x00,0x0D4D,ACK
9.4421304000,2105,Data,0x343,0x8,0x00 0x00 0x00 0x01 0x00 0x00 0x01 0x00,0x103B,ACK
9.4553304000,2106,Data,0x100,0x8,0x00 0x00 0x04 0x40 0x05 0x4F 0x0F 0x32,0x7282,ACK
9.4555766000,2107,Data,0x203,0x8,0x04 0x00 0x58 0x00 0x58 0x00 0x00 0x00,0x641B,ACK
9.4558269000,2108,Data,0x204,0x8,0x00 0x00 0x00 0x00 0x00 0x00 0x00 0x00,0x79D1,ACK
9.4560831000,2109,Data,0x205,0x8,0x00 0x00 0x00 0x00 0x00 0x00 0x00 0x00,0x72CA,ACK
9.4563674000,2110,Data,0x209,0x8,0x9F 0x27 0x10 0x04 0x90 0x49 0x00 0x00,0x59C2,ACK
9.4566076000,2111,Data,0x20A,0x8,0x00 0x00 0x00 0x00 0x00 0x00 0x00 0x00,0x1B53,ACK
9.4568599000,2112,Data,0x20B,0x8,0xBC 0x02 0x64 0x00 0x01 0xC8 0x00 0x00,0x021C,ACK
9.4571041000,2113,Data,0x20C,0x8,0x00 0xE4 0x0A 0x34 0x1E 0x07 0x00 0x00,0x6603,ACK
9.4573544000,2114,Data,0x301,0x8,0x00 0x00 0x00 0x00 0x00 0x00 0x00 0x00,0x7E55,ACK
9.4576106000,2115,Data,0x302,0x2,0x00 0xFF,0x6FC0,ACK
9.4577569000,2116,Data,0x485,0x8,0x22 0x00 0x00 0x00 0x62 0x00 0x14 0x0C,0x569F,ACK
9.4753029000,2117,Data,0x100,0x8,0x00 0x00 0x04 0x40 0x05 0x4F 0x0F 0x32,0x7282,ACK
9.4951151000,2118,Data,0x311,0x8,0x39 0x1E 0x07 0x3F 0x90 0x01 0x00 0x00,0x66BC,ACK
9.4953532000,2119,Data,0x100,0x8,0x00 0x00 0x04 0x40 0x05 0x4F 0x0F 0x32,0x7282,ACK
9.4985934000,2120,Data,0x310,0x8,0xF1 0x0E 0x78 0x05 0x19 0x02 0x01 0xC8,0x37D5,ACK
9.5153012000,2121,Data,0x100,0x8,0x00 0x00 0x04 0x40 0x05 0x4F 0x0F 0x32,0x7282,ACK
9.5353032000,2122,Data,0x100,0x8,0x00 0x00 0x04 0x40 0x05 0x4F 0x0F 0x32,0x7282,ACK
9.5416073000,2123,Data,0x212,0x8,0x52 0x01 0x00 0xC9 0x00 0x00 0x00 0x2A,0x2C4E,ACK
9.5418675000,2124,Data,0x211,0x8,0xE4 0x00 0x2A 0x00 0x00 0x00 0x00 0x00,0x0D4D,ACK
9.5421277000,2125,Data,0x343,0x8,0x00 0x00 0x00 0x01 0x00 0x00 0x01 0x00,0x103B,ACK
9.5424060000,2126,Data,0x341,0x8,0x00 0x00 0x00 0x00 0x02 0x00 0x00 0x00,0x1833,ACK
9.5426822000,2127,Data,0x342,0x8,0x05 0x00 0x0F 0x00 0x00 0xE4 0x05 0x34,0x6794,ACK
9.5429645000,2128,Data,0x344,0x8,0x00 0x00 0x00 0x03 0x00 0x00 0x00 0x00,0x6F15,ACK
9.5553205000,2129,Data,0x100,0x8,0x00 0x00 0x04 0x40 0x05 0x4F 0x0F 0x32,0x7282,ACK
9.5555647000,2130,Data,0x203,0x8,0x04 0x00 0x58 0x00 0x58 0x00 0x00 0x00,0x641B,ACK
9.5558170000,2131,Data,0x204,0x8,0x00 0x00 0x00 0x00 0x00 0x00 0x00 0x00,0x79D1,ACK
9.5560732000,2132,Data,0x205,0x8,0x00 0x00 0x00 0x00 0x00 0x00 0x00 0x00,0x72CA,ACK
9.5563775000,2133,Data,0x209,0x8,0x9F 0x27 0x10 0x04 0x90 0x49 0x00 0x00,0x59C2,ACK
9.5566177000,2134,Data,0x20A,0x8,0x00 0x00 0x00 0x00 0x00 0x00 0x00 0x00,0x1B53,ACK
9.5568720000,2135,Data,0x20B,0x8,0xBC 0x02 0x64 0x00 0x01 0xC8 0x00 0x00,0x021C,ACK
9.5571182000,2136,Data,0x20C,0x8,0x00 0xE4 0x0A 0x34 0x1E 0x07 0x00 0x00,0x6603,ACK
9.5753002000,2137,Data,0x100,0x8,0x00 0x00 0x04 0x40 0x05 0x4F 0x0F 0x32,0x7282,ACK
9.5949025000,2138,Data,0x429,0x8,0x20 0x00 0x00 0x00 0x00 0x00 0x00 0x00,0x7AC7,ACK
9.5951507000,2139,Data,0x420,0x8,0xA4 0x14 0xF2 0xFF 0x70 0x03 0x00 0x00,0x0047,ACK
9.5953908000,2140,Data,0x100,0x8,0x00 0x00 0x04 0x40 0x05 0x4F 0x0F 0x32,0x7282,ACK
9.5956310000,2141,Data,0x421,0x8,0x38 0x36 0x31 0x34 0xFB 0x04 0x62 0x04,0x00AE,ACK
9.5960812000,2142,Data,0x423,0x8,0xBC 0x02 0x64 0x00 0x3D 0x00 0x01 0x00,0x4EF3,ACK
9.5969615000,2143,Data,0x425,0x8,0x01 0x64 0x49 0x58 0x58 0x58 0x01 0xFF,0x04F4,ACK
9.5979217000,2144,Data,0x422,0x8,0x00 0x00 0x20 0x00 0x15 0x00 0x02 0x00,0x33F1,ACK
9.6153016000,2145,Data,0x100,0x8,0x00 0x00 0x04 0x40 0x05 0x4F 0x0F 0x32,0x7282,ACK
9.6353016000,2146,Data,0x100,0x8,0x00 0x00 0x04 0x40 0x05 0x4F 0x0F 0x32,0x7282,ACK
9.6416296000,2147,Data,0x212,0x8,0x52 0x01 0x00 0xC9 0x00 0x00 0x00 0x2A,0x2C4E,ACK
9.6418918000,2148,Data,0x211,0x8,0xE4 0x00 0x2A 0x00 0x00 0x00 0x00 0x00,0x0D4D,ACK
9.6421521000,2149,Data,0x343,0x8,0x00 0x00 0x00 0x01 0x00 0x00 0x01 0x00,0x103B,ACK
9.6553421000,2150,Data,0x100,0x8,0x00 0x00 0x04 0x40 0x05 0x4F 0x0F 0x32,0x7282,ACK
9.6555863000,2151,Data,0x203,0x8,0x04 0x00 0x58 0x00 0x58 0x00 0x00 0x00,0x641B,ACK
9.6558366000,2152,Data,0x204,0x8,0x00 0x00 0x00 0x00 0x00 0x00 0x00 0x00,0x79D1,ACK
9.6560928000,2153,Data,0x205,0x8,0x00 0x00 0x00 0x00 0x00 0x00 0x00 0x00,0x72CA,ACK
9.6563770000,2154,Data,0x209,0x8,0x9F 0x27 0x10 0x04 0x90 0x49 0x00 0x00,0x59C2,ACK
9.6566173000,2155,Data,0x20A,0x8,0x00 0x00 0x00 0x00 0x00 0x00 0x00 0x00,0x1B53,ACK
9.6568735000,2156,Data,0x20B,0x8,0xBC 0x02 0x64 0x00 0x01 0xC8 0x00 0x00,0x021C,ACK
9.6571178000,2157,Data,0x20C,0x8,0x00 0xE4 0x0A 0x34 0x1E 0x07 0x00 0x00,0x6603,ACK
9.6573680000,2158,Data,0x301,0x8,0x00 0x00 0x00 0x00 0x00 0x00 0x00 0x00,0x7E55,ACK
9.6576243000,2159,Data,0x302,0x2,0x00 0xFF,0x6FC0,ACK
9.6577685000,2160,Data,0x485,0x8,0x22 0x00 0x00 0x00 0x62 0x00 0x14 0x0C,0x569F,ACK
9.6580168000,2161,Data,0x480,0x8,0x00 0x00 0x00 0x00 0x20 0x00 0x00 0x00,0x2C46,ACK
9.6582730000,2162,Data,0x481,0x8,0x10 0x18 0x40 0x13 0x00 0x00 0x00 0x00,0x1419,ACK
9.6585233000,2163,Data,0x482,0x8,0x52 0x01 0x02 0x00 0x00 0x00 0x00 0x00,0x36EA,ACK
9.6587715000,2164,Data,0x483,0x8,0x31 0x4B 0x31 0x55 0x41 0x32 0x35 0x35,0x717E,ACK
9.6590058000,2165,Data,0x484,0x8,0x31 0x50 0x33 0x39 0x36 0x35 0x00 0x00,0x0196,ACK
9.6752998000,2166,Data,0x100,0x8,0x00 0x00 0x04 0x40 0x05 0x4F 0x0F 0x32,0x7282,ACK
9.6952997000,2167,Data,0x100,0x8,0x00 0x00 0x04 0x40 0x05 0x4F 0x0F 0x32,0x7282,ACK
9.6963178000,2168,Data,0x311,0x8,0x39 0x1E 0x07 0x3F 0x90 0x01 0x00 0x00,0x66BC,ACK
9.6997961000,2169,Data,0x310,0x8,0xF1 0x0E 0x78 0x05 0x19 0x02 0x01 0xC8,0x37D5,ACK
9.7153000000,2170,Data,0x100,0x8,0x00 0x00 0x04 0x40 0x05 0x4F 0x0F 0x32,0x7282,ACK
9.7352999000,2171,Data,0x100,0x8,0x00 0x00 0x04 0x40 0x05 0x4F 0x0F 0x32,0x7282,ACK
9.7416199000,2172,Data,0x212,0x8,0x52 0x01 0x00 0xC9 0x00 0x00 0x00 0x2A,0x2C4E,ACK
9.7418802000,2173,Data,0x211,0x8,0xE4 0x00 0x2A 0x00 0x00 0x00 0x00 0x00,0x0D4D,ACK
9.7421364000,2174,Data,0x343,0x8,0x00 0x00 0x00 0x01 0x00 0x00 0x01 0x00,0x103B,ACK
9.7424166000,2175,Data,0x341,0x8,0x00 0x00 0x00 0x00 0x02 0x00 0x00 0x00,0x1833,ACK
9.7426929000,2176,Data,0x342,0x8,0x05 0x00 0x0F 0x00 0x00 0xE4 0x05 0x34,0x6794,ACK
9.7429511000,2177,Data,0x344,0x8,0x00 0x00 0x00 0x03 0x00 0x00 0x00 0x00,0x6F15,ACK
9.7553191000,2178,Data,0x100,0x8,0x00 0x00 0x04 0x40 0x05 0x4F 0x0F 0x32,0x7282,ACK
9.7555654000,2179,Data,0x203,0x8,0x04 0x00 0x58 0x00 0x58 0x00 0x00 0x00,0x641B,ACK
9.7558156000,2180,Data,0x204,0x8,0x00 0x00 0x00 0x00 0x00 0x00 0x00 0x00,0x79D1,ACK
9.7560719000,2181,Data,0x205,0x8,0x00 0x00 0x00 0x00 0x00 0x00 0x00 0x00,0x72CA,ACK
9.7563741000,2182,Data,0x209,0x8,0x9F 0x27 0x10 0x04 0x90 0x49 0x00 0x00,0x59C2,ACK
9.7566144000,2183,Data,0x20A,0x8,0x00 0x00 0x00 0x00 0x00 0x00 0x00 0x00,0x1B53,ACK
9.7568686000,2184,Data,0x20B,0x8,0xBC 0x02 0x64 0x00 0x01 0xC8 0x00 0x00,0x021C,ACK
9.7571129000,2185,Data,0x20C,0x8,0x00 0xE4 0x0A 0x34 0x1E 0x07 0x00 0x00,0x6603,ACK
9.7752989000,2186,Data,0x100,0x8,0x00 0x00 0x04 0x40 0x05 0x4F 0x0F 0x32,0x7282,ACK
9.7952969000,2187,Data,0x100,0x8,0x00 0x00 0x04 0x40 0x05 0x4F 0x0F 0x32,0x7282,ACK
9.8152969000,2188,Data,0x100,0x8,0x00 0x00 0x04 0x40 0x05 0x4F 0x0F 0x32,0x7282,ACK
9.8352989000,2189,Data,0x100,0x8,0x00 0x00 0x04 0x40 0x05 0x4F 0x0F 0x32,0x7282,ACK
9.8415989000,2190,Data,0x212,0x8,0x52 0x01 0x00 0xC9 0x00 0x00 0x00 0x2A,0x2C4E,ACK
9.8418591000,2191,Data,0x211,0x8,0xE4 0x00 0x2A 0x00 0x00 0x00 0x00 0x00,0x0D4D,ACK
9.8421194000,2192,Data,0x343,0x8,0x00 0x00 0x00 0x01 0x00 0x00 0x01 0x00,0x103B,ACK
9.8424016000,2193,Data,0x401,0x8,0x00 0x00 0x34 0x00 0x05 0x2B 0x00 0x00,0x3E15,ACK
9.8553256000,2194,Data,0x100,0x8,0x00 0x00 0x04 0x40 0x05 0x4F 0x0F 0x32,0x7282,ACK
9.8555697000,2195,Data,0x203,0x8,0x04 0x00 0x58 0x00 0x58 0x00 0x00 0x00,0x641B,ACK
9.8558199000,2196,Data,0x204,0x8,0x00 0x00 0x00 0x00 0x00 0x00 0x00 0x00,0x79D1,ACK
9.8560760000,2197,Data,0x205,0x8,0x00 0x00 0x00 0x00 0x00 0x00 0x00 0x00,0x72CA,ACK
9.8563741000,2198,Data,0x209,0x8,0x9F 0x27 0x10 0x04 0x90 0x49 0x00 0x00,0x59C2,ACK
9.8566142000,2199,Data,0x20A,0x8,0x00 0x00 0x00 0x00 0x00 0x00 0x00 0x00,0x1B53,ACK
9.8568663000,2200,Data,0x20B,0x8,0xBC 0x02 0x64 0x00 0x01 0xC8 0x00 0x00,0x021C,ACK
9.8571105000,2201,Data,0x20C,0x8,0x00 0xE4 0x0A 0x34 0x1E 0x07 0x00 0x00,0x6603,ACK
9.8573606000,2202,Data,0x301,0x8,0x00 0x00 0x00 0x00 0x00 0x00 0x00 0x00,0x7E55,ACK
9.8576167000,2203,Data,0x302,0x2,0x00 0xFF,0x6FC0,ACK
9.8577628000,2204,Data,0x485,0x8,0x22 0x00 0x00 0x00 0x62 0x00 0x14 0x0C,0x569F,ACK
9.8752987000,2205,Data,0x100,0x8,0x00 0x00 0x04 0x40 0x05 0x4F 0x0F 0x32,0x7282,ACK
9.8952967000,2206,Data,0x100,0x8,0x00 0x00 0x04 0x40 0x05 0x4F 0x0F 0x32,0x7282,ACK
9.8964948000,2207,Data,0x311,0x8,0x39 0x1E 0x07 0x3F 0x90 0x01 0x00 0x00,0x66BC,ACK
9.8999790000,2208,Data,0x310,0x8,0xF1 0x0E 0x78 0x05 0x19 0x02 0x01 0xC8,0x37D5,ACK
9.9152970000,2209,Data,0x100,0x8,0x00 0x00 0x04 0x40 0x05 0x4F 0x0F 0x32,0x7282,ACK
9.9352970000,2210,Data,0x100,0x8,0x00 0x00 0x04 0x40 0x05 0x4F 0x0F 0x32,0x7282,ACK
9.9416469000,2211,Data,0x212,0x8,0x52 0x01 0x00 0xC9 0x00 0x00 0x00 0x2A,0x2C4E,ACK
9.9419052000,2212,Data,0x211,0x8,0xE4 0x00 0x2A 0x00 0x00 0x00 0x00 0x00,0x0D4D,ACK
9.9421854000,2213,Data,0x343,0x8,0x00 0x00 0x00 0x01 0x00 0x00 0x01 0x00,0x103B,ACK
9.9424437000,2214,Data,0x341,0x8,0x00 0x00 0x00 0x00 0x02 0x00 0x00 0x00,0x1833,ACK
9.9427179000,2215,Data,0x342,0x8,0x05 0x00 0x0F 0x00 0x00 0xE4 0x05 0x34,0x6794,ACK
9.9430002000,2216,Data,0x344,0x8,0x00 0x00 0x00 0x03 0x00 0x00 0x00 0x00,0x6F15,ACK
9.9553162000,2217,Data,0x100,0x8,0x00 0x00 0x04 0x40 0x05 0x4F 0x0F 0x32,0x7282,ACK
9.9555625000,2218,Data,0x203,0x8,0x04 0x00 0x58 0x00 0x58 0x00 0x00 0x00,0x641B,ACK
9.9558127000,2219,Data,0x204,0x8,0x00 0x00 0x00 0x00 0x00 0x00 0x00 0x00,0x79D1,ACK
9.9560689000,2220,Data,0x205,0x8,0x00 0x00 0x00 0x00 0x00 0x00 0x00 0x00,0x72CA,ACK
9.9563732000,2221,Data,0x209,0x8,0x9F 0x27 0x10 0x04 0x90 0x49 0x00 0x00,0x59C2,ACK
9.9566134000,2222,Data,0x20A,0x8,0x00 0x00 0x00 0x00 0x00 0x00 0x00 0x00,0x1B53,ACK
9.9568697000,2223,Data,0x20B,0x8,0xBC 0x02 0x64 0x00 0x01 0xC8 0x00 0x00,0x021C,ACK
9.9571139000,2224,Data,0x20C,0x8,0x00 0xE4 0x0A 0x34 0x1E 0x07 0x00 0x00,0x6603,ACK
9.9752959000,2225,Data,0x100,0x8,0x00 0x00 0x04 0x40 0x05 0x4F 0x0F 0x32,0x7282,ACK
9.9952959000,2226,Data,0x100,0x8,0x00 0x00 0x04 0x40 0x05 0x4F 0x0F 0x32,0x7282,ACK