Time [s],Packet,Type,ID,DLC,Data,CRC,ACK
0.0087826000,0,Data,0x100,0x8,0x00 0x00 0x00 0x40 0x23 0x4F 0x64 0x32,0x4018,ACK
0.0288024000,1,Data,0x100,0x8,0x00 0x00 0x00 0x40 0x23 0x4F 0x64 0x32,0x4018,ACK
0.0290487000,2,Data,0x203,0x8,0x03 0x00 0x58 0x00 0x58 0x00 0x00 0x00,0x4AB9,ACK
0.0292969000,3,Data,0x204,0x8,0x00 0x00 0x00 0x00 0x00 0x00 0x00 0x00,0x79D1,ACK
0.0295532000,4,Data,0x205,0x8,0x00 0x00 0x00 0x00 0x00 0x00 0x00 0x00,0x72CA,ACK
0.0298474000,5,Data,0x209,0x8,0x9F 0x27 0x10 0x04 0x90 0x49 0x00 0x00,0x59C2,ACK
0.0300877000,6,Data,0x20A,0x8,0x00 0x00 0x00 0x00 0x00 0x00 0x00 0x00,0x1B53,ACK
0.0303439000,7,Data,0x20B,0x8,0xBC 0x02 0x64 0x00 0x01 0xC8 0x00 0x00,0x021C,ACK
0.0305881000,8,Data,0x20C,0x8,0x00 0xC4 0x2C 0x34 0x1E 0x07 0x00 0x00,0x3E70,ACK
0.0487822000,9,Data,0x100,0x8,0x00 0x00 0x00 0x40 0x23 0x4F 0x64 0x32,0x4018,ACK
0.0534762000,10,Data,0x212,0x8,0x52 0x01 0x00 0xC9 0x00 0x00 0x00 0x2A,0x2C4E,ACK
0.0537345000,11,Data,0x211,0x8,0xE4 0x00 0x2A 0x00 0x00 0x00 0x00 0x00,0x0D4D,ACK
0.0539967000,12,Data,0x343,0x8,0x00 0x00 0x00 0x00 0x00 0x00 0x00 0x00,0x33F5,ACK
0.0542790000,13,Data,0x341,0x8,0x00 0x00 0x00 0x00 0x02 0x00 0x00 0x00,0x1833,ACK
0.0545532000,14,Data,0x342,0x8,0x23 0x00 0x64 0x00 0x00 0xC4 0x16 0x34,0x5886,ACK
0.0548354000,15,Data,0x344,0x8,0x00 0x00 0x00 0x03 0x00 0x00 0x00 0x00,0x6F15,ACK
0.0687814000,16,Data,0x100,0x8,0x00 0x00 0x00 0x40 0x23 0x4F 0x64 0x32,0x4018,ACK
0.0887814000,17,Data,0x100,0x8,0x00 0x00 0x00 0x40 0x23 0x4F 0x64 0x32,0x4018,ACK
0.1087813000,18,Data,0x100,0x8,0x00 0x00 0x00 0x40 0x23 0x4F 0x64 0x32,0x4018,ACK
0.1136995000,19,Data,0x311,0x8,0x39 0x1E 0x07 0x3F 0x90 0x01 0x00 0x00,0x66BC,ACK
0.1288074000,20,Data,0x100,0x8,0x00 0x00 0x00 0x40 0x23 0x4F 0x64 0x32,0x4018,ACK
0.1290516000,21,Data,0x203,0x8,0x03 0x00 0x58 0x00 0x58 0x00 0x00 0x00,0x4AB9,ACK
0.1292999000,22,Data,0x204,0x8,0x00 0x00 0x00 0x00 0x00 0x00 0x00 0x00,0x79D1,ACK
0.1295561000,23,Data,0x205,0x8,0x00 0x00 0x00 0x00 0x00 0x00 0x00 0x00,0x72CA,ACK
0.1298584000,24,Data,0x209,0x8,0x9F 0x27 0x10 0x04 0x90 0x49 0x00 0x00,0x59C2,ACK
0.1300986000,25,Data,0x20A,0x8,0x00 0x00 0x00 0x00 0x00 0x00 0x00 0x00,0x1B53,ACK
0.1303529000,26,Data,0x20B,0x8,0xBC 0x02 0x64 0x00 0x01 0xC8 0x00 0x00,0x021C,ACK
0.1305971000,27,Data,0x20C,0x8,0x00 0xC4 0x2C 0x34 0x1E 0x07 0x00 0x00,0x3E70,ACK
0.1308453000,28,Data,0x301,0x8,0x00 0x00 0x00 0x00 0x00 0x00 0x00 0x00,0x7E55,ACK
0.1311016000,29,Data,0x302,0x2,0x00 0xFF,0x6FC0,ACK
0.1312478000,30,Data,0x485,0x8,0x22 0x00 0x00 0x00 0x0C 0x02 0x48 0x0C,0x1FCE,ACK
0.1487819000,31,Data,0x100,0x8,0x00 0x00 0x00 0x40 0x23 0x4F 0x64 0x32,0x4018,ACK
0.1534739000,32,Data,0x212,0x8,0x52 0x01 0x00 0xC9 0x00 0x00 0x00 0x2A,0x2C4E,ACK
0.1537561000,33,Data,0x211,0x8,0xE4 0x00 0x2A 0x00 0x00 0x00 0x00 0x00,0x0D4D,ACK
0.1540164000,34,Data,0x343,0x8,0x00 0x00 0x00 0x00 0x00 0x00 0x00 0x00,0x33F5,ACK
0.1687804000,35,Data,0x100,0x8,0x00 0x00 0x00 0x40 0x23 0x4F 0x64 0x32,0x4018,ACK
0.1860326000,36,Data,0x310,0x8,0xF1 0x0E 0x78 0x05 0x1A 0x02 0x01 0xC8,0x14DD,ACK
0.1887807000,37,Data,0x100,0x8,0x00 0x00 0x00 0x40 0x23 0x4F 0x64 0x32,0x4018,ACK
0.2087806000,38,Data,0x100,0x8,0x00 0x00 0x00 0x40 0x23 0x4F 0x64 0x32,0x4018,ACK
0.2288006000,39,Data,0x100,0x8,0x00 0x00 0x00 0x40 0x23 0x4F 0x64 0x32,0x4018,ACK
0.2290448000,40,Data,0x203,0x8,0x03 0x00 0x58 0x00 0x58 0x00 0x00 0x00,0x4AB9,ACK
0.2292911000,41,Data,0x204,0x8,0x00 0x00 0x00 0x00 0x00 0x00 0x00 0x00,0x79D1,ACK
0.2295473000,42,Data,0x205,0x8,0x00 0x00 0x00 0x00 0x00 0x00 0x00 0x00,0x72CA,ACK
0.2298554000,43,Data,0x209,0x8,0x9F 0x27 0x10 0x04 0x90 0x49 0x00 0x00,0x59C2,ACK
0.2300957000,44,Data,0x20A,0x8,0x00 0x00 0x00 0x00 0x00 0x00 0x00 0x00,0x1B53,ACK
0.2303499000,45,Data,0x20B,0x8,0xBC 0x02 0x64 0x00 0x01 0xC8 0x00 0x00,0x021C,ACK
0.2305942000,46,Data,0x20C,0x8,0x00 0xC4 0x2C 0x34 0x1E 0x07 0x00 0x00,0x3E70,ACK
0.2487802000,47,Data,0x100,0x8,0x00 0x00 0x00 0x40 0x23 0x4F 0x64 0x32,0x4018,ACK
0.2534962000,48,Data,0x212,0x8,0x52 0x01 0x00 0xC9 0x00 0x00 0x00 0x2A,0x2C4E,ACK
0.2537585000,49,Data,0x211,0x8,0xE4 0x00 0x2A 0x00 0x00 0x00 0x00 0x00,0x0D4D,ACK
0.2540147000,50,Data,0x343,0x8,0x00 0x00 0x00 0x00 0x00 0x00 0x00 0x00,0x33F5,ACK
0.2542990000,51,Data,0x341,0x8,0x00 0x00 0x00 0x00 0x02 0x00 0x00 0x00,0x1833,ACK
0.2545752000,52,Data,0x342,0x8,0x23 0x00 0x64 0x00 0x00 0xC4 0x16 0x34,0x5886,ACK
0.2548534000,53,Data,0x344,0x8,0x00 0x00 0x00 0x03 0x00 0x00 0x00 0x00,0x6F15,ACK
0.2687794000,54,Data,0x100,0x8,0x00 0x00 0x00 0x40 0x23 0x4F 0x64 0x32,0x4018,ACK
0.2887794000,55,Data,0x100,0x8,0x00 0x00 0x00 0x40 0x23 0x4F 0x64 0x32,0x4018,ACK
0.3087794000,56,Data,0x100,0x8,0x00 0x00 0x00 0x40 0x23 0x4F 0x64 0x32,0x4018,ACK
0.3150417000,57,Data,0x311,0x8,0x39 0x1E 0x07 0x3F 0x90 0x01 0x00 0x00,0x66BC,ACK
0.3287937000,58,Data,0x100,0x8,0x00 0x00 0x00 0x40 0x23 0x4F 0x64 0x32,0x4018,ACK
0.3290399000,59,Data,0x203,0x8,0x03 0x00 0x58 0x00 0x58 0x00 0x00 0x00,0x4AB9,ACK
0.3292862000,60,Data,0x204,0x8,0x00 0x00 0x00 0x00 0x00 0x00 0x00 0x00,0x79D1,ACK
0.3295424000,61,Data,0x205,0x8,0x00 0x00 0x00 0x00 0x00 0x00 0x00 0x00,0x72CA,ACK
0.3298546000,62,Data,0x209,0x8,0x9F 0x27 0x10 0x04 0x90 0x49 0x00 0x00,0x59C2,ACK
0.3300949000,63,Data,0x20A,0x8,0x00 0x00 0x00 0x00 0x00 0x00 0x00 0x00,0x1B53,ACK
0.3303491000,64,Data,0x20B,0x8,0xBC 0x02 0x64 0x00 0x01 0xC8 0x00 0x00,0x021C,ACK
0.3305954000,65,Data,0x20C,0x8,0x00 0xC4 0x2C 0x34 0x1E 0x07 0x00 0x00,0x3E70,ACK
0.3308456000,66,Data,0x301,0x8,0x00 0x00 0x00 0x00 0x00 0x00 0x00 0x00,0x7E55,ACK
0.3311019000,67,Data,0x302,0x2,0x00 0xFF,0x6FC0,ACK
0.3312461000,68,Data,0x485,0x8,0x22 0x00 0x00 0x00 0x0C 0x02 0x48 0x0C,0x1FCE,ACK
0.3487781000,69,Data,0x100,0x8,0x00 0x00 0x00 0x40 0x23 0x4F 0x64 0x32,0x4018,ACK
0.3534682000,70,Data,0x212,0x8,0x52 0x01 0x00 0xC9 0x00 0x00 0x00 0x2A,0x2C4E,ACK
0.3537304000,71,Data,0x211,0x8,0xE4 0x00 0x2A 0x00 0x00 0x00 0x00 0x00,0x0D4D,ACK
0.3539866000,72,Data,0x343,0x8,0x00 0x00 0x00 0x00 0x00 0x00 0x00 0x00,0x33F5,ACK
0.3542709000,73,Data,0x401,0x8,0x00 0x00 0x34 0x00 0x05 0x2A 0x00 0x00,0x4E01,ACK
0.3687789000,74,Data,0x100,0x8,0x00 0x00 0x00 0x40 0x23 0x4F 0x64 0x32,0x4018,ACK
0.3864490000,75,Data,0x310,0x8,0xF1 0x0E 0x78 0x05 0x1A 0x02 0x01 0xC8,0x14DD,ACK
0.3887791000,76,Data,0x100,0x8,0x00 0x00 0x00 0x40 0x23 0x4F 0x64 0x32,0x4018,ACK
0.4087771000,77,Data,0x100,0x8,0x00 0x00 0x00 0x40 0x23 0x4F 0x64 0x32,0x4018,ACK
0.4287951000,78,Data,0x100,0x8,0x00 0x00 0x00 0x40 0x23 0x4F 0x64 0x32,0x4018,ACK
0.4290394000,79,Data,0x203,0x8,0x03 0x00 0x58 0x00 0x58 0x00 0x00 0x00,0x4AB9,ACK
0.4292876000,80,Data,0x204,0x8,0x00 0x00 0x00 0x00 0x00 0x00 0x00 0x00,0x79D1,ACK
0.4295439000,81,Data,0x205,0x8,0x00 0x00 0x00 0x00 0x00 0x00 0x00 0x00,0x72CA,ACK
0.4298541000,82,Data,0x209,0x8,0x9F 0x27 0x10 0x04 0x90 0x49 0x00 0x00,0x59C2,ACK
0.4300943000,83,Data,0x20A,0x8,0x00 0x00 0x00 0x00 0x00 0x00 0x00 0x00,0x1B53,ACK
0.4303486000,84,Data,0x20B,0x8,0xBC 0x02 0x64 0x00 0x01 0xC8 0x00 0x00,0x021C,ACK
0.4305928000,85,Data,0x20C,0x8,0x00 0xC4 0x2C 0x34 0x1E 0x07 0x00 0x00,0x3E70,ACK
0.4487769000,86,Data,0x100,0x8,0x00 0x00 0x00 0x40 0x23 0x4F 0x64 0x32,0x4018,ACK
0.4534628000,87,Data,0x212,0x8,0x52 0x01 0x00 0xC9 0x00 0x00 0x00 0x2A,0x2C4E,ACK
0.4537450000,88,Data,0x211,0x8,0xE4 0x00 0x2A 0x00 0x00 0x00 0x00 0x00,0x0D4D,ACK
0.4540071000,89,Data,0x343,0x8,0x00 0x00 0x00 0x00 0x00 0x00 0x00 0x00,0x33F5,ACK
0.4542632000,90,Data,0x341,0x8,0x00 0x00 0x00 0x00 0x02 0x00 0x00 0x00,0x1833,ACK
0.4545193000,91,Data,0x342,0x8,0x23 0x00 0x64 0x00 0x00 0xC4 0x16 0x34,0x5886,ACK
0.4547795000,92,Data,0x344,0x8,0x00 0x00 0x00 0x03 0x00 0x00 0x00 0x00,0x6F15,ACK
0.4687773000,93,Data,0x100,0x8,0x00 0x00 0x00 0x40 0x23 0x4F 0x64 0x32,0x4018,ACK
0.4887753000,94,Data,0x100,0x8,0x00 0x00 0x00 0x40 0x23 0x4F 0x64 0x32,0x4018,ACK
0.4938994000,95,Data,0x502,0x8,0x32 0xAC 0x86 0x0E 0x1A 0xB9 0x00 0x00,0x0E93,ACK
0.4941597000,96,Data,0x424,0x8,0xF5 0x33 0x4D 0x69 0x00 0x00 0x00 0x00,0x7265,ACK
0.4943959000,97,Data,0x425,0x8,0x01 0x64 0x48 0x58 0x58 0x58 0x01 0xFF,0x1AD8,ACK
0.4946302000,98,Data,0x429,0x8,0x20 0x00 0x00 0x00 0x00 0x00 0x00 0x00,0x7AC7,ACK
0.4948784000,99,Data,0x420,0x8,0xA9 0x14 0xFA 0xFF 0x70 0x03 0x00 0x00,0x5533,ACK
0.4951167000,100,Data,0x421,0x8,0x38 0x36 0x31 0x34 0xFB 0x04 0x62 0x04,0x00AE,ACK
0.4957809000,101,Data,0x423,0x8,0xBC 0x02 0x64 0x00 0x3C 0x00 0x01 0x00,0x500B,ACK
0.4961632000,102,Data,0x501,0x8,0xB4 0xC1 0x83 0x58 0x51 0xE5 0xB2 0x6B,0x057E,ACK
0.4975974000,103,Data,0x422,0x8,0x00 0x00 0x20 0x00 0x15 0x00 0x02 0x00,0x33F1,ACK
0.5087773000,104,Data,0x100,0x8,0x00 0x00 0x00 0x40 0x23 0x4F 0x64 0x32,0x4018,ACK
0.5145454000,105,Data,0x311,0x8,0x39 0x1E 0x07 0x3F 0x90 0x01 0x00 0x00,0x66BC,ACK
0.5288173000,106,Data,0x100,0x8,0x00 0x00 0x00 0x40 0x23 0x4F 0x64 0x32,0x4018,ACK
0.5290616000,107,Data,0x203,0x8,0x03 0x00 0x58 0x00 0x58 0x00 0x00 0x00,0x4AB9,ACK
0.5293078000,108,Data,0x204,0x8,0x00 0x00 0x00 0x00 0x00 0x00 0x00 0x00,0x79D1,ACK
0.5295641000,109,Data,0x205,0x8,0x00 0x00 0x00 0x00 0x00 0x00 0x00 0x00,0x72CA,ACK
0.5298543000,110,Data,0x209,0x8,0x9F 0x27 0x10 0x04 0x90 0x49 0x00 0x00,0x59C2,ACK
0.5300946000,111,Data,0x20A,0x8,0x00 0x00 0x00 0x00 0x00 0x00 0x00 0x00,0x1B53,ACK
0.5303488000,112,Data,0x20B,0x8,0xBC 0x02 0x64 0x00 0x01 0xC8 0x00 0x00,0x021C,ACK
0.5305930000,113,Data,0x20C,0x8,0x00 0xC4 0x2C 0x34 0x1E 0x07 0x00 0x00,0x3E70,ACK
0.5308413000,114,Data,0x301,0x8,0x00 0x00 0x00 0x00 0x00 0x00 0x00 0x00,0x7E55,ACK
0.5310975000,115,Data,0x302,0x2,0x00 0xFF,0x6FC0,ACK
0.5312438000,116,Data,0x485,0x8,0x22 0x00 0x00 0x00 0x0C 0x02 0x48 0x0C,0x1FCE,ACK
0.5314880000,117,Data,0x480,0x8,0x00 0x00 0x00 0x00 0x20 0x00 0x00 0x00,0x2C46,ACK
0.5317443000,118,Data,0x481,0x8,0x50 0x0A 0x40 0x08 0x00 0x00 0x00 0x00,0x46C7,ACK
0.5319925000,119,Data,0x482,0x8,0x52 0x01 0x02 0x00 0x00 0x00 0x00 0x00,0x36EA,ACK
0.5322408000,120,Data,0x483,0x8,0x31 0x4B 0x31 0x55 0x41 0x32 0x35 0x35,0x717E,ACK
0.5324750000,121,Data,0x484,0x8,0x31 0x50 0x33 0x39 0x36 0x35 0x00 0x00,0x0196,ACK
0.5487771000,122,Data,0x100,0x8,0x00 0x00 0x00 0x40 0x23 0x4F 0x64 0x32,0x4018,ACK
0.5534812000,123,Data,0x212,0x8,0x52 0x01 0x00 0xC9 0x00 0x00 0x00 0x2A,0x2C4E,ACK
0.5537433000,124,Data,0x211,0x8,0xE4 0x00 0x2A 0x00 0x00 0x00 0x00 0x00,0x0D4D,ACK
0.5540035000,125,Data,0x343,0x8,0x00 0x00 0x00 0x00 0x00 0x00 0x00 0x00,0x33F5,ACK
0.5687754000,126,Data,0x100,0x8,0x00 0x00 0x00 0x40 0x23 0x4F 0x64 0x32,0x4018,ACK
0.5870415000,127,Data,0x310,0x8,0xF1 0x0E 0x78 0x05 0x1A 0x02 0x01 0xC8,0x14DD,ACK
0.5887737000,128,Data,0x100,0x8,0x00 0x00 0x00 0x40 0x23 0x4F 0x64 0x32,0x4018,ACK
0.6087737000,129,Data,0x100,0x8,0x00 0x00 0x00 0x40 0x23 0x4F 0x64 0x32,0x4018,ACK
0.6287936000,130,Data,0x100,0x8,0x00 0x00 0x00 0x40 0x23 0x4F 0x64 0x32,0x4018,ACK
0.6290398000,131,Data,0x203,0x8,0x03 0x00 0x58 0x00 0x58 0x00 0x00 0x00,0x4AB9,ACK
0.6292879000,132,Data,0x204,0x8,0x00 0x00 0x00 0x00 0x00 0x00 0x00 0x00,0x79D1,ACK
0.6295440000,133,Data,0x205,0x8,0x00 0x00 0x00 0x00 0x00 0x00 0x00 0x00,0x72CA,ACK
0.6298521000,134,Data,0x209,0x8,0x9F 0x27 0x10 0x04 0x90 0x49 0x00 0x00,0x59C2,ACK
0.6300923000,135,Data,0x20A,0x8,0x00 0x00 0x00 0x00 0x00 0x00 0x00 0x00,0x1B53,ACK
0.6303464000,136,Data,0x20B,0x8,0xBC 0x02 0x64 0x00 0x01 0xC8 0x00 0x00,0x021C,ACK
0.6305905000,137,Data,0x20C,0x8,0x00 0xC4 0x2C 0x34 0x1E 0x07 0x00 0x00,0x3E70,ACK
0.6487744000,138,Data,0x100,0x8,0x00 0x00 0x00 0x40 0x23 0x4F 0x64 0x32,0x4018,ACK
0.6534645000,139,Data,0x212,0x8,0x52 0x01 0x00 0xC9 0x00 0x00 0x00 0x2A,0x2C4E,ACK
0.6537047000,140,Data,0x211,0x8,0xE4 0x00 0x2A 0x00 0x00 0x00 0x00 0x00,0x0D4D,ACK
0.6539610000,141,Data,0x343,0x8,0x00 0x00 0x00 0x00 0x00 0x00 0x00 0x00,0x33F5,ACK
0.6542232000,142,Data,0x341,0x8,0x00 0x00 0x00 0x00 0x02 0x00 0x00 0x00,0x1833,ACK
0.6545195000,143,Data,0x342,0x8,0x23 0x00 0x64 0x00 0x00 0xC4 0x16 0x34,0x5886,ACK
0.6547777000,144,Data,0x344,0x8,0x00 0x00 0x00 0x03 0x00 0x00 0x00 0x00,0x6F15,ACK
0.6687736000,145,Data,0x100,0x8,0x00 0x00 0x00 0x40 0x23 0x4F 0x64 0x32,0x4018,ACK
0.6887736000,146,Data,0x100,0x8,0x00 0x00 0x00 0x40 0x23 0x4F 0x64 0x32,0x4018,ACK
0.7087736000,147,Data,0x100,0x8,0x00 0x00 0x00 0x40 0x23 0x4F 0x64 0x32,0x4018,ACK
0.7163319000,148,Data,0x311,0x8,0x39 0x1E 0x07 0x3F 0x90 0x01 0x00 0x00,0x66BC,ACK
0.7288019000,149,Data,0x100,0x8,0x00 0x00 0x00 0x40 0x23 0x4F 0x64 0x32,0x4018,ACK
0.7290480000,150,Data,0x203,0x8,0x03 0x00 0x58 0x00 0x58 0x00 0x00 0x00,0x4AB9,ACK
0.7292942000,151,Data,0x204,0x8,0x00 0x00 0x00 0x00 0x00 0x00 0x00 0x00,0x79D1,ACK
0.7295505000,152,Data,0x205,0x8,0x00 0x00 0x00 0x00 0x00 0x00 0x00 0x00,0x72CA,ACK
0.7298507000,153,Data,0x209,0x8,0x9F 0x27 0x10 0x04 0x90 0x49 0x00 0x00,0x59C2,ACK
0.7300930000,154,Data,0x20A,0x8,0x00 0x00 0x00 0x00 0x00 0x00 0x00 0x00,0x1B53,ACK
0.7303472000,155,Data,0x20B,0x8,0xBC 0x02 0x64 0x00 0x01 0xC8 0x00 0x00,0x021C,ACK
0.7305935000,156,Data,0x20C,0x8,0x00 0xC4 0x2C 0x34 0x1E 0x07 0x00 0x00,0x3E70,ACK
0.7308417000,157,Data,0x301,0x8,0x00 0x00 0x00 0x00 0x00 0x00 0x00 0x00,0x7E55,ACK
0.7310980000,158,Data,0x302,0x2,0x00 0xFF,0x6FC0,ACK
0.7312442000,159,Data,0x485,0x8,0x22 0x00 0x00 0x00 0x0C 0x02 0x48 0x0C,0x1FCE,ACK
0.7487722000,160,Data,0x100,0x8,0x00 0x00 0x00 0x40 0x23 0x4F 0x64 0x32,0x4018,ACK
0.7534843000,161,Data,0x212,0x8,0x52 0x01 0x00 0xC9 0x00 0x00 0x00 0x2A,0x2C4E,ACK
0.7537465000,162,Data,0x211,0x8,0xE4 0x00 0x2A 0x00 0x00 0x00 0x00 0x00,0x0D4D,ACK
0.7540028000,163,Data,0x343,0x8,0x00 0x00 0x00 0x00 0x00 0x00 0x00 0x00,0x33F5,ACK
0.7687607000,164,Data,0x100,0x8,0x00 0x00 0x00 0x40 0x23 0x4F 0x64 0x32,0x4018,ACK
0.7864190000,165,Data,0x310,0x8,0xF1 0x0E 0x78 0x05 0x1A 0x02 0x01 0xC8,0x14DD,ACK
0.7887731000,166,Data,0x100,0x8,0x00 0x00 0x00 0x40 0x23 0x4F 0x64 0x32,0x4018,ACK
0.8087711000,167,Data,0x100,0x8,0x00 0x00 0x00 0x40 0x23 0x4F 0x64 0x32,0x4018,ACK
0.8287909000,168,Data,0x100,0x8,0x00 0x00 0x00 0x40 0x23 0x4F 0x64 0x32,0x4018,ACK
0.8290372000,169,Data,0x203,0x8,0x03 0x00 0x58 0x00 0x58 0x00 0x00 0x00,0x4AB9,ACK
0.8292854000,170,Data,0x204,0x8,0x00 0x00 0x00 0x00 0x00 0x00 0x00 0x00,0x79D1,ACK
0.8295417000,171,Data,0x205,0x8,0x00 0x00 0x00 0x00 0x00 0x00 0x00 0x00,0x72CA,ACK
0.8298499000,172,Data,0x209,0x8,0x9F 0x27 0x10 0x04 0x90 0x49 0x00 0x00,0x59C2,ACK
0.8300902000,173,Data,0x20A,0x8,0x00 0x00 0x00 0x00 0x00 0x00 0x00 0x00,0x1B53,ACK
0.8303444000,174,Data,0x20B,0x8,0xBC 0x02 0x64 0x00 0x01 0xC8 0x00 0x00,0x021C,ACK
0.8305887000,175,Data,0x20C,0x8,0x00 0xC4 0x2C 0x34 0x1E 0x07 0x00 0x00,0x3E70,ACK
0.8487727000,176,Data,0x100,0x8,0x00 0x00 0x00 0x40 0x23 0x4F 0x64 0x32,0x4018,ACK
0.8534907000,177,Data,0x212,0x8,0x52 0x01 0x00 0xC9 0x00 0x00 0x00 0x2A,0x2C4E,ACK
0.8537709000,178,Data,0x211,0x8,0xE4 0x00 0x2A 0x00 0x00 0x00 0x00 0x00,0x0D4D,ACK
0.8540331000,179,Data,0x343,0x8,0x00 0x00 0x00 0x00 0x00 0x00 0x00 0x00,0x33F5,ACK
0.8542893000,180,Data,0x341,0x8,0x00 0x00 0x00 0x00 0x02 0x00 0x00 0x00,0x1833,ACK
0.8545876000,181,Data,0x342,0x8,0x23 0x00 0x64 0x00 0x00 0xC4 0x16 0x34,0x5886,ACK
0.8548498000,182,Data,0x344,0x8,0x00 0x00 0x00 0x03 0x00 0x00 0x00 0x00,0x6F15,ACK
0.8551061000,183,Data,0x401,0x8,0x00 0x00 0x34 0x00 0x05 0x2A 0x00 0x00,0x4E01,ACK
0.8687720000,184,Data,0x100,0x8,0x00 0x00 0x00 0x40 0x23 0x4F 0x64 0x32,0x4018,ACK
0.8887700000,185,Data,0x100,0x8,0x00 0x00 0x00 0x40 0x23 0x4F 0x64 0x32,0x4018,ACK
0.9087700000,186,Data,0x100,0x8,0x00 0x00 0x00 0x40 0x23 0x4F 0x64 0x32,0x4018,ACK
0.9158441000,187,Data,0x311,0x8,0x39 0x1E 0x07 0x3F 0x90 0x01 0x00 0x00,0x66BC,ACK
0.9287980000,188,Data,0x100,0x8,0x00 0x00 0x00 0x40 0x23 0x4F 0x64 0x32,0x4018,ACK
0.9290443000,189,Data,0x203,0x8,0x03 0x00 0x58 0x00 0x58 0x00 0x00 0x00,0x4AB9,ACK
0.9292925000,190,Data,0x204,0x8,0x00 0x00 0x00 0x00 0x00 0x00 0x00 0x00,0x79D1,ACK
0.9295488000,191,Data,0x205,0x8,0x00 0x00 0x00 0x00 0x00 0x00 0x00 0x00,0x72CA,ACK
0.9298490000,192,Data,0x209,0x8,0x9F 0x27 0x10 0x04 0x90 0x49 0x00 0x00,0x59C2,ACK
0.9300893000,193,Data,0x20A,0x8,0x00 0x00 0x00 0x00 0x00 0x00 0x00 0x00,0x1B53,ACK
0.9303455000,194,Data,0x20B,0x8,0xBC 0x02 0x64 0x00 0x01 0xC8 0x00 0x00,0x021C,ACK
0.9305897000,195,Data,0x20C,0x8,0x00 0xC4 0x2C 0x34 0x1E 0x07 0x00 0x00,0x3E70,ACK
0.9308380000,196,Data,0x301,0x8,0x00 0x00 0x00 0x00 0x00 0x00 0x00 0x00,0x7E55,ACK
0.9310942000,197,Data,0x302,0x2,0x00 0xFF,0x6FC0,ACK
0.9312365000,198,Data,0x485,0x8,0x22 0x00 0x00 0x00 0x0C 0x02 0x48 0x0C,0x1FCE,ACK
0.9487705000,199,Data,0x100,0x8,0x00 0x00 0x00 0x40 0x23 0x4F 0x64 0x32,0x4018,ACK
0.9534525000,200,Data,0x212,0x8,0x52 0x01 0x00 0xC9 0x00 0x00 0x00 0x2A,0x2C4E,ACK
0.9537148000,201,Data,0x211,0x8,0xE4 0x00 0x2A 0x00 0x00 0x00 0x00 0x00,0x0D4D,ACK
0.9539730000,202,Data,0x343,0x8,0x00 0x00 0x00 0x00 0x00 0x00 0x00 0x00,0x33F5,ACK
0.9687710000,203,Data,0x100,0x8,0x00 0x00 0x00 0x40 0x23 0x4F 0x64 0x32,0x4018,ACK
0.9883192000,204,Data,0x310,0x8,0xF1 0x0E 0x78 0x05 0x1A 0x02 0x01 0xC8,0x14DD,ACK
0.9887694000,205,Data,0x100,0x8,0x00 0x00 0x00 0x40 0x23 0x4F 0x64 0x32,0x4018,ACK
0.9958314000,206,Data,0x425,0x8,0x01 0x64 0x48 0x58 0x58 0x58 0x01 0xFF,0x1AD8,ACK
0.9960657000,207,Data,0x429,0x8,0x20 0x00 0x00 0x00 0x00 0x00 0x00 0x00,0x7AC7,ACK
0.9963139000,208,Data,0x420,0x8,0xA9 0x14 0x00 0x00 0x70 0x03 0x00 0x00,0x3CD8,ACK
0.9965542000,209,Data,0x421,0x8,0x38 0x36 0x31 0x34 0xFB 0x04 0x62 0x04,0x00AE,ACK
0.9972084000,210,Data,0x423,0x8,0xBC 0x02 0x64 0x00 0x3C 0x00 0x01 0x00,0x500B,ACK
0.9990187000,211,Data,0x422,0x8,0x00 0x00 0x20 0x00 0x15 0x00 0x02 0x00,0x33F1,ACK
1.0087707000,212,Data,0x100,0x8,0x00 0x00 0x00 0x40 0x23 0x4F 0x64 0x32,0x4018,ACK
1.0287887000,213,Data,0x100,0x8,0x00 0x00 0x00 0x40 0x23 0x4F 0x64 0x32,0x4018,ACK
1.0290330000,214,Data,0x203,0x8,0x03 0x00 0x58 0x00 0x58 0x00 0x00 0x00,0x4AB9,ACK
1.0292792000,215,Data,0x204,0x8,0x00 0x00 0x00 0x00 0x00 0x00 0x00 0x00,0x79D1,ACK
1.0295355000,216,Data,0x205,0x8,0x00 0x00 0x00 0x00 0x00 0x00 0x00 0x00,0x72CA,ACK
1.0298457000,217,Data,0x209,0x8,0x9F 0x27 0x10 0x04 0x90 0x49 0x00 0x00,0x59C2,ACK
1.0300860000,218,Data,0x20A,0x8,0x00 0x00 0x00 0x00 0x00 0x00 0x00 0x00,0x1B53,ACK
1.0303402000,219,Data,0x20B,0x8,0xBC 0x02 0x64 0x00 0x01 0xC8 0x00 0x00,0x021C,ACK
1.0305865000,220,Data,0x20C,0x8,0x00 0xC4 0x2C 0x34 0x1E 0x07 0x00 0x00,0x3E70,ACK
1.0487705000,221,Data,0x100,0x8,0x00 0x00 0x00 0x40 0x23 0x4F 0x64 0x32,0x4018,ACK
1.0534465000,222,Data,0x212,0x8,0x52 0x01 0x00 0xC9 0x00 0x00 0x00 0x2A,0x2C4E,ACK
1.0536867000,223,Data,0x211,0x8,0xE4 0x00 0x2A 0x00 0x00 0x00 0x00 0x00,0x0D4D,ACK
1.0539450000,224,Data,0x343,0x8,0x00 0x00 0x00 0x00 0x00 0x00 0x00 0x00,0x33F5,ACK
1.0542252000,225,Data,0x341,0x8,0x00 0x00 0x00 0x00 0x02 0x00 0x00 0x00,0x1833,ACK
1.0545015000,226,Data,0x342,0x8,0x23 0x00 0x64 0x00 0x00 0xC4 0x16 0x34,0x5886,ACK
1.0547617000,227,Data,0x344,0x8,0x00 0x00 0x00 0x03 0x00 0x00 0x00 0x00,0x6F15,ACK
1.0687697000,228,Data,0x100,0x8,0x00 0x00 0x00 0x40 0x23 0x4F 0x64 0x32,0x4018,ACK
1.0887696000,229,Data,0x100,0x8,0x00 0x00 0x00 0x40 0x23 0x4F 0x64 0x32,0x4018,ACK
1.1087696000,230,Data,0x100,0x8,0x00 0x00 0x00 0x40 0x23 0x4F 0x64 0x32,0x4018,ACK
1.1162078000,231,Data,0x311,0x8,0x39 0x1E 0x07 0x3F 0x90 0x01 0x00 0x00,0x66BC,ACK
1.1287938000,232,Data,0x100,0x8,0x00 0x00 0x00 0x40 0x23 0x4F 0x64 0x32,0x4018,ACK
1.1290381000,233,Data,0x203,0x8,0x03 0x00 0x58 0x00 0x58 0x00 0x00 0x00,0x4AB9,ACK
1.1292863000,234,Data,0x204,0x8,0x00 0x00 0x00 0x00 0x00 0x00 0x00 0x00,0x79D1,ACK
1.1295425000,235,Data,0x205,0x8,0x00 0x00 0x00 0x00 0x00 0x00 0x00 0x00,0x72CA,ACK
1.1298448000,236,Data,0x209,0x8,0x9F 0x27 0x10 0x04 0x90 0x49 0x00 0x00,0x59C2,ACK
1.1300849000,237,Data,0x20A,0x8,0x00 0x00 0x00 0x00 0x00 0x00 0x00 0x00,0x1B53,ACK
1.1303392000,238,Data,0x20B,0x8,0xBC 0x02 0x64 0x00 0x01 0xC8 0x00 0x00,0x021C,ACK
1.1305834000,239,Data,0x20C,0x8,0x00 0xC4 0x2C 0x34 0x1E 0x07 0x00 0x00,0x3E70,ACK
1.1308317000,240,Data,0x301,0x8,0x00 0x00 0x00 0x00 0x00 0x00 0x00 0x00,0x7E55,ACK
1.1310879000,241,Data,0x302,0x2,0x00 0xFF,0x6FC0,ACK
1.1312341000,242,Data,0x485,0x8,0x22 0x00 0x00 0x00 0x0C 0x02 0x48 0x0C,0x1FCE,ACK
1.1487682000,243,Data,0x100,0x8,0x00 0x00 0x00 0x40 0x23 0x4F 0x64 0x32,0x4018,ACK
1.1534642000,244,Data,0x212,0x8,0x52 0x01 0x00 0xC9 0x00 0x00 0x00 0x2A,0x2C4E,ACK
1.1537224000,245,Data,0x211,0x8,0xE4 0x00 0x2A 0x00 0x00 0x00 0x00 0x00,0x0D4D,ACK
1.1539827000,246,Data,0x343,0x8,0x00 0x00 0x00 0x00 0x00 0x00 0x00 0x00,0x33F5,ACK
1.1687667000,247,Data,0x100,0x8,0x00 0x00 0x00 0x40 0x23 0x4F 0x64 0x32,0x4018,ACK
1.1887665000,248,Data,0x100,0x8,0x00 0x00 0x00 0x40 0x23 0x4F 0x64 0x32,0x4018,ACK
1.1890087000,249,Data,0x310,0x8,0xF1 0x0E 0x78 0x05 0x1A 0x02 0x01 0xC8,0x14DD,ACK
1.2087685000,250,Data,0x100,0x8,0x00 0x00 0x00 0x40 0x23 0x4F 0x64 0x32,0x4018,ACK
1.2287845000,251,Data,0x100,0x8,0x00 0x00 0x00 0x40 0x23 0x4F 0x64 0x32,0x4018,ACK
1.2290288000,252,Data,0x203,0x8,0x03 0x00 0x58 0x00 0x58 0x00 0x00 0x00,0x4AB9,ACK
1.2292750000,253,Data,0x204,0x8,0x00 0x00 0x00 0x00 0x00 0x00 0x00 0x00,0x79D1,ACK
1.2295313000,254,Data,0x205,0x8,0x00 0x00 0x00 0x00 0x00 0x00 0x00 0x00,0x72CA,ACK
1.2298435000,255,Data,0x209,0x8,0x9F 0x27 0x10 0x04 0x90 0x49 0x00 0x00,0x59C2,ACK
1.2300837000,256,Data,0x20A,0x8,0x00 0x00 0x00 0x00 0x00 0x00 0x00 0x00,0x1B53,ACK
1.2303380000,257,Data,0x20B,0x8,0xBC 0x02 0x64 0x00 0x01 0xC8 0x00 0x00,0x021C,ACK
1.2305842000,258,Data,0x20C,0x8,0x00 0xC4 0x2C 0x34 0x1E 0x07 0x00 0x00,0x3E70,ACK
1.2487682000,259,Data,0x100,0x8,0x00 0x00 0x00 0x40 0x23 0x4F 0x64 0x32,0x4018,ACK
1.2534462000,260,Data,0x212,0x8,0x52 0x01 0x00 0xC9 0x00 0x00 0x00 0x2A,0x2C4E,ACK
1.2537064000,261,Data,0x211,0x8,0xE4 0x00 0x2A 0x00 0x00 0x00 0x00 0x00,0x0D4D,ACK
1.2539885000,262,Data,0x343,0x8,0x00 0x00 0x00 0x00 0x00 0x00 0x00 0x00,0x33F5,ACK
1.2542466000,263,Data,0x341,0x8,0x00 0x00 0x00 0x00 0x02 0x00 0x00 0x00,0x1833,ACK
1.2545227000,264,Data,0x342,0x8,0x23 0x00 0x64 0x00 0x00 0xC4 0x16 0x34,0x5886,ACK
1.2548028000,265,Data,0x344,0x8,0x00 0x00 0x00 0x03 0x00 0x00 0x00 0x00,0x6F15,ACK
1.2687647000,266,Data,0x100,0x8,0x00 0x00 0x00 0x40 0x23 0x4F 0x64 0x32,0x4018,ACK
1.2887647000,267,Data,0x100,0x8,0x00 0x00 0x00 0x40 0x23 0x4F 0x64 0x32,0x4018,ACK
1.3087647000,268,Data,0x100,0x8,0x00 0x00 0x00 0x40 0x23 0x4F 0x64 0x32,0x4018,ACK
1.3155588000,269,Data,0x311,0x8,0x39 0x1E 0x07 0x3F 0x90 0x01 0x00 0x00,0x66BC,ACK
1.3287927000,270,Data,0x100,0x8,0x00 0x00 0x00 0x40 0x23 0x4F 0x64 0x32,0x4018,ACK
1.3290390000,271,Data,0x203,0x8,0x03 0x00 0x58 0x00 0x58 0x00 0x00 0x00,0x4AB9,ACK
1.3292872000,272,Data,0x204,0x8,0x00 0x00 0x00 0x00 0x00 0x00 0x00 0x00,0x79D1,ACK
1.3295435000,273,Data,0x205,0x8,0x00 0x00 0x00 0x00 0x00 0x00 0x00 0x00,0x72CA,ACK
1.3298437000,274,Data,0x209,0x8,0x9F 0x27 0x10 0x04 0x90 0x49 0x00 0x00,0x59C2,ACK
1.3300839000,275,Data,0x20A,0x8,0x00 0x00 0x00 0x00 0x00 0x00 0x00 0x00,0x1B53,ACK
1.3303402000,276,Data,0x20B,0x8,0xBC 0x02 0x64 0x00 0x01 0xC8 0x00 0x00,0x021C,ACK
1.3305844000,277,Data,0x20C,0x8,0x00 0xC4 0x2C 0x34 0x1E 0x07 0x00 0x00,0x3E70,ACK
1.3308327000,278,Data,0x301,0x8,0x00 0x00 0x00 0x00 0x00 0x00 0x00 0x00,0x7E55,ACK
1.3310889000,279,Data,0x302,0x2,0x00 0xFF,0x6FC0,ACK
1.3312352000,280,Data,0x485,0x8,0x22 0x00 0x00 0x00 0x0C 0x02 0x48 0x0C,0x1FCE,ACK
1.3487672000,281,Data,0x100,0x8,0x00 0x00 0x00 0x40 0x23 0x4F 0x64 0x32,0x4018,ACK
1.3534793000,282,Data,0x212,0x8,0x52 0x01 0x00 0xC9 0x00 0x00 0x00 0x2A,0x2C4E,ACK
1.3537416000,283,Data,0x211,0x8,0xE4 0x00 0x2A 0x00 0x00 0x00 0x00 0x00,0x0D4D,ACK
1.3539998000,284,Data,0x343,0x8,0x00 0x00 0x00 0x00 0x00 0x00 0x00 0x00,0x33F5,ACK
1.3542820000,285,Data,0x401,0x8,0x00 0x00 0x34 0x00 0x05 0x2A 0x00 0x00,0x4E01,ACK
1.3687639000,286,Data,0x100,0x8,0x00 0x00 0x00 0x40 0x23 0x4F 0x64 0x32,0x4018,ACK
1.3887539000,287,Data,0x100,0x8,0x00 0x00 0x00 0x40 0x23 0x4F 0x64 0x32,0x4018,ACK
1.3903661000,288,Data,0x310,0x8,0xF1 0x0E 0x78 0x05 0x1A 0x02 0x01 0xC8,0x14DD,ACK
1.4087661000,289,Data,0x100,0x8,0x00 0x00 0x00 0x40 0x23 0x4F 0x64 0x32,0x4018,ACK
1.4287840000,290,Data,0x100,0x8,0x00 0x00 0x00 0x40 0x23 0x4F 0x64 0x32,0x4018,ACK
1.4290282000,291,Data,0x203,0x8,0x03 0x00 0x58 0x00 0x58 0x00 0x00 0x00,0x4AB9,ACK
1.4292763000,292,Data,0x204,0x8,0x00 0x00 0x00 0x00 0x00 0x00 0x00 0x00,0x79D1,ACK
1.4295324000,293,Data,0x205,0x8,0x00 0x00 0x00 0x00 0x00 0x00 0x00 0x00,0x72CA,ACK
1.4298405000,294,Data,0x209,0x8,0x9F 0x27 0x10 0x04 0x90 0x49 0x00 0x00,0x59C2,ACK
1.4300807000,295,Data,0x20A,0x8,0x00 0x00 0x00 0x00 0x00 0x00 0x00 0x00,0x1B53,ACK
1.4303348000,296,Data,0x20B,0x8,0xBC 0x02 0x64 0x00 0x01 0xC8 0x00 0x00,0x021C,ACK
1.4305789000,297,Data,0x20C,0x8,0x00 0xC4 0x2C 0x34 0x1E 0x07 0x00 0x00,0x3E70,ACK
1.4487648000,298,Data,0x100,0x8,0x00 0x00 0x00 0x40 0x23 0x4F 0x64 0x32,0x4018,ACK
1.4534609000,299,Data,0x212,0x8,0x52 0x01 0x00 0xC9 0x00 0x00 0x00 0x2A,0x2C4E,ACK
1.4537230000,300,Data,0x211,0x8,0xE4 0x00 0x2A 0x00 0x00 0x00 0x00 0x00,0x0D4D,ACK
1.4539792000,301,Data,0x343,0x8,0x00 0x00 0x00 0x00 0x00 0x00 0x00 0x00,0x33F5,ACK
1.4542635000,302,Data,0x341,0x8,0x00 0x00 0x00 0x00 0x02 0x00 0x00 0x00,0x1833,ACK
1.4545357000,303,Data,0x342,0x8,0x23 0x00 0x64 0x00 0x00 0xC4 0x16 0x34,0x5886,ACK
1.4547740000,304,Data,0x344,0x8,0x00 0x00 0x00 0x03 0x00 0x00 0x00 0x00,0x6F15,ACK
1.4687659000,305,Data,0x100,0x8,0x00 0x00 0x00 0x40 0x23 0x4F 0x64 0x32,0x4018,ACK
1.4887638000,306,Data,0x100,0x8,0x00 0x00 0x00 0x40 0x23 0x4F 0x64 0x32,0x4018,ACK
1.4946500000,307,Data,0x424,0x8,0xF6 0x33 0x4D 0x69 0x00 0x00 0x00 0x00,0x4EAC,ACK
1.4959262000,308,Data,0x500,0x8,0x47 0x48 0x48 0xFF 0x48 0x48 0x48 0xFF,0x281A,ACK
1.4969905000,309,Data,0x425,0x8,0x01 0x64 0x48 0x58 0x58 0x58 0x01 0xFF,0x1AD8,ACK
1.4972247000,310,Data,0x429,0x8,0x20 0x00 0x00 0x00 0x00 0x00 0x00 0x00,0x7AC7,ACK
1.4974730000,311,Data,0x420,0x8,0xA9 0x14 0xF8 0xFF 0x70 0x03 0x00 0x00,0x696B,ACK
1.4977112000,312,Data,0x421,0x8,0x38 0x36 0x31 0x34 0xFB 0x04 0x62 0x04,0x00AE,ACK
1.4983735000,313,Data,0x423,0x8,0xBC 0x02 0x64 0x00 0x3C 0x00 0x01 0x00,0x500B,ACK
1.5001277000,314,Data,0x422,0x8,0x00 0x00 0x20 0x00 0x15 0x00 0x02 0x00,0x33F1,ACK
1.5087638000,315,Data,0x100,0x8,0x00 0x00 0x00 0x40 0x23 0x4F 0x64 0x32,0x4018,ACK
1.5170680000,316,Data,0x311,0x8,0x39 0x1E 0x07 0x3F 0x90 0x01 0x00 0x00,0x66BC,ACK
1.5288060000,317,Data,0x100,0x8,0x00 0x00 0x00 0x40 0x23 0x4F 0x64 0x32,0x4018,ACK
1.5290502000,318,Data,0x203,0x8,0x03 0x00 0x58 0x00 0x58 0x00 0x00 0x00,0x4AB9,ACK
1.5292965000,319,Data,0x204,0x8,0x00 0x00 0x00 0x00 0x00 0x00 0x00 0x00,0x79D1,ACK
1.5295527000,320,Data,0x205,0x8,0x00 0x00 0x00 0x00 0x00 0x00 0x00 0x00,0x72CA,ACK
1.5298290000,321,Data,0x209,0x8,0x9F 0x27 0x10 0x04 0x90 0x49 0x00 0x00,0x59C2,ACK
1.5300712000,322,Data,0x20A,0x8,0x00 0x00 0x00 0x00 0x00 0x00 0x00 0x00,0x1B53,ACK
1.5303235000,323,Data,0x20B,0x8,0xBC 0x02 0x64 0x00 0x01 0xC8 0x00 0x00,0x021C,ACK
1.5305677000,324,Data,0x20C,0x8,0x00 0xC4 0x2C 0x34 0x1E 0x07 0x00 0x00,0x3E70,ACK
1.5308180000,325,Data,0x301,0x8,0x00 0x00 0x00 0x00 0x00 0x00 0x00 0x00,0x7E55,ACK
1.5310742000,326,Data,0x302,0x2,0x00 0xFF,0x6FC0,ACK
1.5312203000,327,Data,0x485,0x8,0x22 0x00 0x00 0x00 0x0C 0x02 0x48 0x0C,0x1FCE,ACK
1.5314646000,328,Data,0x480,0x8,0x00 0x00 0x00 0x00 0x20 0x00 0x00 0x00,0x2C46,ACK
1.5317208000,329,Data,0x481,0x8,0x50 0x0A 0x40 0x08 0x00 0x00 0x00 0x00,0x46C7,ACK
1.5319691000,330,Data,0x482,0x8,0x52 0x01 0x02 0x00 0x00 0x00 0x00 0x00,0x36EA,ACK
1.5322173000,331,Data,0x483,0x8,0x31 0x4B 0x31 0x55 0x41 0x32 0x35 0x35,0x717E,ACK
1.5324516000,332,Data,0x484,0x8,0x31 0x50 0x33 0x39 0x36 0x35 0x00 0x00,0x0196,ACK
1.5487636000,333,Data,0x100,0x8,0x00 0x00 0x00 0x40 0x23 0x4F 0x64 0x32,0x4018,ACK
1.5534817000,334,Data,0x212,0x8,0x52 0x01 0x00 0xC9 0x00 0x00 0x00 0x2A,0x2C4E,ACK
1.5537399000,335,Data,0x211,0x8,0xE4 0x00 0x2A 0x00 0x00 0x00 0x00 0x00,0x0D4D,ACK
1.5540002000,336,Data,0x343,0x8,0x00 0x00 0x00 0x00 0x00 0x00 0x00 0x00,0x33F5,ACK
1.5687641000,337,Data,0x100,0x8,0x00 0x00 0x00 0x40 0x23 0x4F 0x64 0x32,0x4018,ACK
1.5887641000,338,Data,0x100,0x8,0x00 0x00 0x00 0x40 0x23 0x4F 0x64 0x32,0x4018,ACK
1.5923723000,339,Data,0x310,0x8,0xF1 0x0E 0x78 0x05 0x1A 0x02 0x01 0xC8,0x14DD,ACK
1.6087602000,340,Data,0x100,0x8,0x00 0x00 0x00 0x40 0x23 0x4F 0x64 0x32,0x4018,ACK
1.6287801000,341,Data,0x100,0x8,0x00 0x00 0x00 0x40 0x23 0x4F 0x64 0x32,0x4018,ACK
1.6290263000,342,Data,0x203,0x8,0x03 0x00 0x58 0x00 0x58 0x00 0x00 0x00,0x4AB9,ACK
1.6292744000,343,Data,0x204,0x8,0x00 0x00 0x00 0x00 0x00 0x00 0x00 0x00,0x79D1,ACK
1.6295307000,344,Data,0x205,0x8,0x00 0x00 0x00 0x00 0x00 0x00 0x00 0x00,0x72CA,ACK
1.6298389000,345,Data,0x209,0x8,0x9F 0x27 0x10 0x04 0x90 0x49 0x00 0x00,0x59C2,ACK
1.6300792000,346,Data,0x20A,0x8,0x00 0x00 0x00 0x00 0x00 0x00 0x00 0x00,0x1B53,ACK
1.6303334000,347,Data,0x20B,0x8,0xBC 0x02 0x64 0x00 0x01 0xC8 0x00 0x00,0x021C,ACK
1.6305777000,348,Data,0x20C,0x8,0x00 0xC4 0x2C 0x34 0x1E 0x07 0x00 0x00,0x3E70,ACK
1.6487617000,349,Data,0x100,0x8,0x00 0x00 0x00 0x40 0x23 0x4F 0x64 0x32,0x4018,ACK
1.6534837000,350,Data,0x212,0x8,0x52 0x01 0x00 0xC9 0x00 0x00 0x00 0x2A,0x2C4E,ACK
1.6537420000,351,Data,0x211,0x8,0xE4 0x00 0x2A 0x00 0x00 0x00 0x00 0x00,0x0D4D,ACK
1.6540222000,352,Data,0x343,0x8,0x00 0x00 0x00 0x00 0x00 0x00 0x00 0x00,0x33F5,ACK
1.6542805000,353,Data,0x341,0x8,0x00 0x00 0x00 0x00 0x02 0x00 0x00 0x00,0x1833,ACK
1.6545547000,354,Data,0x342,0x8,0x23 0x00 0x64 0x00 0x00 0xC4 0x16 0x34,0x5886,ACK
1.6548350000,355,Data,0x344,0x8,0x00 0x00 0x00 0x03 0x00 0x00 0x00 0x00,0x6F15,ACK
1.6687629000,356,Data,0x100,0x8,0x00 0x00 0x00 0x40 0x23 0x4F 0x64 0x32,0x4018,ACK
1.6887609000,357,Data,0x100,0x8,0x00 0x00 0x00 0x40 0x23 0x4F 0x64 0x32,0x4018,ACK
1.7087609000,358,Data,0x100,0x8,0x00 0x00 0x00 0x40 0x23 0x4F 0x64 0x32,0x4018,ACK
1.7174392000,359,Data,0x311,0x8,0x39 0x1E 0x07 0x3F 0x90 0x01 0x00 0x00,0x66BC,ACK
1.7287872000,360,Data,0x100,0x8,0x00 0x00 0x00 0x40 0x23 0x4F 0x64 0x32,0x4018,ACK
1.7290334000,361,Data,0x203,0x8,0x03 0x00 0x58 0x00 0x58 0x00 0x00 0x00,0x4AB9,ACK
1.7292817000,362,Data,0x204,0x8,0x00 0x00 0x00 0x00 0x00 0x00 0x00 0x00,0x79D1,ACK
1.7295379000,363,Data,0x205,0x8,0x00 0x00 0x00 0x00 0x00 0x00 0x00 0x00,0x72CA,ACK
1.7298381000,364,Data,0x209,0x8,0x9F 0x27 0x10 0x04 0x90 0x49 0x00 0x00,0x59C2,ACK
1.7300784000,365,Data,0x20A,0x8,0x00 0x00 0x00 0x00 0x00 0x00 0x00 0x00,0x1B53,ACK
1.7303346000,366,Data,0x20B,0x8,0xBC 0x02 0x64 0x00 0x01 0xC8 0x00 0x00,0x021C,ACK
1.7305789000,367,Data,0x20C,0x8,0x00 0xC4 0x2C 0x34 0x1E 0x07 0x00 0x00,0x3E70,ACK
1.7308271000,368,Data,0x301,0x8,0x00 0x00 0x00 0x00 0x00 0x00 0x00 0x00,0x7E55,ACK
1.7310834000,369,Data,0x302,0x2,0x00 0xFF,0x6FC0,ACK
1.7312296000,370,Data,0x485,0x8,0x22 0x00 0x00 0x00 0x0C 0x02 0x48 0x0C,0x1FCE,ACK
1.7487616000,371,Data,0x100,0x8,0x00 0x00 0x00 0x40 0x23 0x4F 0x64 0x32,0x4018,ACK
1.7534477000,372,Data,0x212,0x8,0x52 0x01 0x00 0xC9 0x00 0x00 0x00 0x2A,0x2C4E,ACK
1.7537098000,373,Data,0x211,0x8,0xE4 0x00 0x2A 0x00 0x00 0x00 0x00 0x00,0x0D4D,ACK
1.7539661000,374,Data,0x343,0x8,0x00 0x00 0x00 0x00 0x00 0x00 0x00 0x00,0x33F5,ACK
1.7687600000,375,Data,0x100,0x8,0x00 0x00 0x00 0x40 0x23 0x4F 0x64 0x32,0x4018,ACK
1.7887600000,376,Data,0x100,0x8,0x00 0x00 0x00 0x40 0x23 0x4F 0x64 0x32,0x4018,ACK
1.7938583000,377,Data,0x310,0x8,0xF1 0x0E 0x78 0x05 0x1A 0x02 0x01 0xC8,0x14DD,ACK
1.8087582000,378,Data,0x100,0x8,0x00 0x00 0x00 0x40 0x23 0x4F 0x64 0x32,0x4018,ACK
1.8287782000,379,Data,0x100,0x8,0x00 0x00 0x00 0x40 0x23 0x4F 0x64 0x32,0x4018,ACK
1.8290245000,380,Data,0x203,0x8,0x03 0x00 0x58 0x00 0x58 0x00 0x00 0x00,0x4AB9,ACK
1.8292727000,381,Data,0x204,0x8,0x00 0x00 0x00 0x00 0x00 0x00 0x00 0x00,0x79D1,ACK
1.8295290000,382,Data,0x205,0x8,0x00 0x00 0x00 0x00 0x00 0x00 0x00 0x00,0x72CA,ACK
1.8298372000,383,Data,0x209,0x8,0x9F 0x27 0x10 0x04 0x90 0x49 0x00 0x00,0x59C2,ACK
1.8300775000,384,Data,0x20A,0x8,0x00 0x00 0x00 0x00 0x00 0x00 0x00 0x00,0x1B53,ACK
1.8303317000,385,Data,0x20B,0x8,0xBC 0x02 0x64 0x00 0x01 0xC8 0x00 0x00,0x021C,ACK
1.8305760000,386,Data,0x20C,0x8,0x00 0xC4 0x2C 0x34 0x1E 0x07 0x00 0x00,0x3E70,ACK
1.8487600000,387,Data,0x100,0x8,0x00 0x00 0x00 0x40 0x23 0x4F 0x64 0x32,0x4018,ACK
1.8534400000,388,Data,0x212,0x8,0x52 0x01 0x00 0xC9 0x00 0x00 0x00 0x2A,0x2C4E,ACK
1.8537262000,389,Data,0x211,0x8,0xE4 0x00 0x2A 0x00 0x00 0x00 0x00 0x00,0x0D4D,ACK
1.8539845000,390,Data,0x343,0x8,0x00 0x00 0x00 0x00 0x00 0x00 0x00 0x00,0x33F5,ACK
1.8542447000,391,Data,0x341,0x8,0x00 0x00 0x00 0x00 0x02 0x00 0x00 0x00,0x1833,ACK
1.8545410000,392,Data,0x342,0x8,0x23 0x00 0x64 0x00 0x00 0xC4 0x16 0x34,0x5886,ACK
1.8548012000,393,Data,0x344,0x8,0x00 0x00 0x00 0x03 0x00 0x00 0x00 0x00,0x6F15,ACK
1.8550595000,394,Data,0x401,0x8,0x00 0x00 0x34 0x00 0x05 0x2A 0x00 0x00,0x4E01,ACK
1.8687475000,395,Data,0x100,0x8,0x00 0x00 0x00 0x40 0x23 0x4F 0x64 0x32,0x4018,ACK
1.8887575000,396,Data,0x100,0x8,0x00 0x00 0x00 0x40 0x23 0x4F 0x64 0x32,0x4018,ACK
1.9087575000,397,Data,0x100,0x8,0x00 0x00 0x00 0x40 0x23 0x4F 0x64 0x32,0x4018,ACK
1.9287854000,398,Data,0x100,0x8,0x00 0x00 0x00 0x40 0x23 0x4F 0x64 0x32,0x4018,ACK
1.9290317000,399,Data,0x203,0x8,0x03 0x00 0x58 0x00 0x58 0x00 0x00 0x00,0x4AB9,ACK
1.9292779000,400,Data,0x204,0x8,0x00 0x00 0x00 0x00 0x00 0x00 0x00 0x00,0x79D1,ACK
1.9295342000,401,Data,0x205,0x8,0x00 0x00 0x00 0x00 0x00 0x00 0x00 0x00,0x72CA,ACK
1.9298344000,402,Data,0x209,0x8,0x9F 0x27 0x10 0x04 0x90 0x49 0x00 0x00,0x59C2,ACK
1.9300747000,403,Data,0x20A,0x8,0x00 0x00 0x00 0x00 0x00 0x00 0x00 0x00,0x1B53,ACK
1.9303289000,404,Data,0x20B,0x8,0xBC 0x02 0x64 0x00 0x01 0xC8 0x00 0x00,0x021C,ACK
1.9305752000,405,Data,0x20C,0x8,0x00 0xC4 0x2C 0x34 0x1E 0x07 0x00 0x00,0x3E70,ACK
1.9308254000,406,Data,0x301,0x8,0x00 0x00 0x00 0x00 0x00 0x00 0x00 0x00,0x7E55,ACK
1.9310817000,407,Data,0x302,0x2,0x00 0xFF,0x6FC0,ACK
1.9312259000,408,Data,0x485,0x8,0x22 0x00 0x00 0x00 0x0C 0x02 0x48 0x0C,0x1FCE,ACK
1.9487579000,409,Data,0x100,0x8,0x00 0x00 0x00 0x40 0x23 0x4F 0x64 0x32,0x4018,ACK
1.9534659000,410,Data,0x212,0x8,0x52 0x01 0x00 0xC9 0x00 0x00 0x00 0x2A,0x2C4E,ACK
1.9537222000,411,Data,0x211,0x8,0xE4 0x00 0x2A 0x00 0x00 0x00 0x00 0x00,0x0D4D,ACK
1.9539844000,412,Data,0x343,0x8,0x00 0x00 0x00 0x00 0x00 0x00 0x00 0x00,0x33F5,ACK
1.9687584000,413,Data,0x100,0x8,0x00 0x00 0x00 0x40 0x23 0x4F 0x64 0x32,0x4018,ACK
1.9691985000,414,Data,0x311,0x8,0x39 0x1E 0x07 0x3F 0x90 0x01 0x00 0x00,0x66BC,ACK
1.9887584000,415,Data,0x100,0x8,0x00 0x00 0x00 0x40 0x23 0x4F 0x64 0x32,0x4018,ACK
1.9951045000,416,Data,0x310,0x8,0xF1 0x0E 0x78 0x05 0x1A 0x02 0x01 0xC8,0x14DD,ACK
1.9965248000,417,Data,0x425,0x8,0x01 0x64 0x48 0x58 0x58 0x58 0x01 0xFF,0x1AD8,ACK
1.9967590000,418,Data,0x429,0x8,0x20 0x00 0x00 0x00 0x00 0x00 0x00 0x00,0x7AC7,ACK
1.9990313000,419,Data,0x420,0x8,0xA9 0x14 0x00 0x00 0x70 0x03 0x00 0x00,0x3CD8,ACK
1.9992715000,420,Data,0x421,0x8,0x38 0x36 0x31 0x34 0xFB 0x04 0x62 0x04,0x00AE,ACK
1.9996618000,421,Data,0x422,0x8,0x00 0x00 0x20 0x00 0x15 0x00 0x02 0x00,0x33F1,ACK
2.0000400000,422,Data,0x423,0x8,0xBC 0x02 0x64 0x00 0x3C 0x00 0x01 0x00,0x500B,ACK
2.0087580000,423,Data,0x100,0x8,0x00 0x00 0x00 0x40 0x23 0x4F 0x64 0x32,0x4018,ACK
2.0287780000,424,Data,0x100,0x8,0x00 0x00 0x00 0x40 0x23 0x4F 0x64 0x32,0x4018,ACK
2.0290223000,425,Data,0x203,0x8,0x03 0x00 0x58 0x00 0x58 0x00 0x00 0x00,0x4AB9,ACK
2.0292685000,426,Data,0x204,0x8,0x00 0x00 0x00 0x00 0x00 0x00 0x00 0x00,0x79D1,ACK
2.0295248000,427,Data,0x205,0x8,0x00 0x00 0x00 0x00 0x00 0x00 0x00 0x00,0x72CA,ACK
2.0298330000,428,Data,0x209,0x8,0x9F 0x27 0x10 0x04 0x90 0x49 0x00 0x00,0x59C2,ACK
2.0300733000,429,Data,0x20A,0x8,0x00 0x00 0x00 0x00 0x00 0x00 0x00 0x00,0x1B53,ACK
2.0303275000,430,Data,0x20B,0x8,0xBC 0x02 0x64 0x00 0x01 0xC8 0x00 0x00,0x021C,ACK
2.0305716000,431,Data,0x20C,0x8,0x00 0xC4 0x2C 0x34 0x1E 0x07 0x00 0x00,0x3E70,ACK
2.0487556000,432,Data,0x100,0x8,0x00 0x00 0x00 0x40 0x23 0x4F 0x64 0x32,0x4018,ACK
2.0534376000,433,Data,0x212,0x8,0x52 0x01 0x00 0xC9 0x00 0x00 0x00 0x2A,0x2C4E,ACK
2.0537018000,434,Data,0x211,0x8,0xE4 0x00 0x2A 0x00 0x00 0x00 0x00 0x00,0x0D4D,ACK
2.0539579000,435,Data,0x343,0x8,0x00 0x00 0x00 0x00 0x00 0x00 0x00 0x00,0x33F5,ACK
2.0542400000,436,Data,0x341,0x8,0x00 0x00 0x00 0x00 0x02 0x00 0x00 0x00,0x1833,ACK
2.0544961000,437,Data,0x342,0x8,0x23 0x00 0x64 0x00 0x00 0xC4 0x16 0x34,0x5886,ACK
2.0547522000,438,Data,0x344,0x8,0x00 0x00 0x00 0x03 0x00 0x00 0x00 0x00,0x6F15,ACK
2.0687561000,439,Data,0x100,0x8,0x00 0x00 0x00 0x40 0x23 0x4F 0x64 0x32,0x4018,ACK
2.0887561000,440,Data,0x100,0x8,0x00 0x00 0x00 0x40 0x23 0x4F 0x64 0x32,0x4018,ACK
2.1087561000,441,Data,0x100,0x8,0x00 0x00 0x00 0x40 0x23 0x4F 0x64 0x32,0x4018,ACK
2.1287841000,442,Data,0x100,0x8,0x00 0x00 0x00 0x40 0x23 0x4F 0x64 0x32,0x4018,ACK
2.1290302000,443,Data,0x203,0x8,0x03 0x00 0x58 0x00 0x58 0x00 0x00 0x00,0x4AB9,ACK
2.1292765000,444,Data,0x204,0x8,0x00 0x00 0x00 0x00 0x00 0x00 0x00 0x00,0x79D1,ACK
2.1295327000,445,Data,0x205,0x8,0x00 0x00 0x00 0x00 0x00 0x00 0x00 0x00,0x72CA,ACK
2.1298210000,446,Data,0x209,0x8,0x9F 0x27 0x10 0x04 0x90 0x49 0x00 0x00,0x59C2,ACK
2.1300612000,447,Data,0x20A,0x8,0x00 0x00 0x00 0x00 0x00 0x00 0x00 0x00,0x1B53,ACK
2.1303155000,448,Data,0x20B,0x8,0xBC 0x02 0x64 0x00 0x01 0xC8 0x00 0x00,0x021C,ACK
2.1305617000,449,Data,0x20C,0x8,0x00 0xC4 0x2C 0x34 0x1E 0x07 0x00 0x00,0x3E70,ACK
2.1308100000,450,Data,0x301,0x8,0x00 0x00 0x00 0x00 0x00 0x00 0x00 0x00,0x7E55,ACK
2.1310662000,451,Data,0x302,0x2,0x00 0xFF,0x6FC0,ACK
2.1312124000,452,Data,0x485,0x8,0x22 0x00 0x00 0x00 0x0C 0x02 0x48 0x0C,0x1FCE,ACK
2.1487545000,453,Data,0x100,0x8,0x00 0x00 0x00 0x40 0x23 0x4F 0x64 0x32,0x4018,ACK
2.1534266000,454,Data,0x212,0x8,0x52 0x01 0x00 0xC9 0x00 0x00 0x00 0x2A,0x2C4E,ACK
2.1536668000,455,Data,0x211,0x8,0xE4 0x00 0x2A 0x00 0x00 0x00 0x00 0x00,0x0D4D,ACK
2.1539231000,456,Data,0x343,0x8,0x00 0x00 0x00 0x00 0x00 0x00 0x00 0x00,0x33F5,ACK
2.1687550000,457,Data,0x100,0x8,0x00 0x00 0x00 0x40 0x23 0x4F 0x64 0x32,0x4018,ACK
2.1702732000,458,Data,0x311,0x8,0x39 0x1E 0x07 0x3F 0x90 0x01 0x00 0x00,0x66BC,ACK
2.1887551000,459,Data,0x100,0x8,0x00 0x00 0x00 0x40 0x23 0x4F 0x64 0x32,0x4018,ACK
2.1961812000,460,Data,0x310,0x8,0xF1 0x0E 0x78 0x05 0x1A 0x02 0x01 0xC8,0x14DD,ACK
2.2087532000,461,Data,0x100,0x8,0x00 0x00 0x00 0x40 0x23 0x4F 0x64 0x32,0x4018,ACK
2.2287731000,462,Data,0x100,0x8,0x00 0x00 0x00 0x40 0x23 0x4F 0x64 0x32,0x4018,ACK
2.2290192000,463,Data,0x203,0x8,0x03 0x00 0x58 0x00 0x58 0x00 0x00 0x00,0x4AB9,ACK
2.2292673000,464,Data,0x204,0x8,0x00 0x00 0x00 0x00 0x00 0x00 0x00 0x00,0x79D1,ACK
2.2295234000,465,Data,0x205,0x8,0x00 0x00 0x00 0x00 0x00 0x00 0x00 0x00,0x72CA,ACK
2.2298315000,466,Data,0x209,0x8,0x9F 0x27 0x10 0x04 0x90 0x49 0x00 0x00,0x59C2,ACK
2.2300717000,467,Data,0x20A,0x8,0x00 0x00 0x00 0x00 0x00 0x00 0x00 0x00,0x1B53,ACK
2.2303258000,468,Data,0x20B,0x8,0xBC 0x02 0x64 0x00 0x01 0xC8 0x00 0x00,0x021C,ACK
2.2305699000,469,Data,0x20C,0x8,0x00 0xC4 0x2C 0x34 0x1E 0x07 0x00 0x00,0x3E70,ACK
2.2487538000,470,Data,0x100,0x8,0x00 0x00 0x00 0x40 0x23 0x4F 0x64 0x32,0x4018,ACK
2.2534579000,471,Data,0x212,0x8,0x52 0x01 0x00 0xC9 0x00 0x00 0x00 0x2A,0x2C4E,ACK
2.2537181000,472,Data,0x211,0x8,0xE4 0x00 0x2A 0x00 0x00 0x00 0x00 0x00,0x0D4D,ACK
2.2539784000,473,Data,0x343,0x8,0x00 0x00 0x00 0x00 0x00 0x00 0x00 0x00,0x33F5,ACK
2.2542606000,474,Data,0x341,0x8,0x00 0x00 0x00 0x00 0x02 0x00 0x00 0x00,0x1833,ACK
2.2545349000,475,Data,0x342,0x8,0x23 0x00 0x64 0x00 0x00 0xC4 0x16 0x34,0x5886,ACK
2.2548171000,476,Data,0x344,0x8,0x00 0x00 0x00 0x03 0x00 0x00 0x00 0x00,0x6F15,ACK
2.2687530000,477,Data,0x100,0x8,0x00 0x00 0x00 0x40 0x23 0x4F 0x64 0x32,0x4018,ACK
2.2887550000,478,Data,0x100,0x8,0x00 0x00 0x00 0x40 0x23 0x4F 0x64 0x32,0x4018,ACK
2.3087549000,479,Data,0x100,0x8,0x00 0x00 0x00 0x40 0x23 0x4F 0x64 0x32,0x4018,ACK
2.3287789000,480,Data,0x100,0x8,0x00 0x00 0x00 0x40 0x23 0x4F 0x64 0x32,0x4018,ACK
2.3290251000,481,Data,0x203,0x8,0x03 0x00 0x58 0x00 0x58 0x00 0x00 0x00,0x4AB9,ACK
2.3292714000,482,Data,0x204,0x8,0x00 0x00 0x00 0x00 0x00 0x00 0x00 0x00,0x79D1,ACK
2.3295296000,483,Data,0x205,0x8,0x00 0x00 0x00 0x00 0x00 0x00 0x00 0x00,0x72CA,ACK
2.3298299000,484,Data,0x209,0x8,0x9F 0x27 0x10 0x04 0x90 0x49 0x00 0x00,0x59C2,ACK
2.3300721000,485,Data,0x20A,0x8,0x00 0x00 0x00 0x00 0x00 0x00 0x00 0x00,0x1B53,ACK
2.3303264000,486,Data,0x20B,0x8,0xBC 0x02 0x64 0x00 0x01 0xC8 0x00 0x00,0x021C,ACK
2.3305706000,487,Data,0x20C,0x8,0x00 0xC4 0x2C 0x34 0x1E 0x07 0x00 0x00,0x3E70,ACK
2.3308189000,488,Data,0x301,0x8,0x00 0x00 0x00 0x00 0x00 0x00 0x00 0x00,0x7E55,ACK
2.3310751000,489,Data,0x302,0x2,0x00 0xFF,0x6FC0,ACK
2.3312214000,490,Data,0x485,0x8,0x22 0x00 0x00 0x00 0x0C 0x02 0x48 0x0C,0x1FCE,ACK
2.3487534000,491,Data,0x100,0x8,0x00 0x00 0x00 0x40 0x23 0x4F 0x64 0x32,0x4018,ACK
2.3534274000,492,Data,0x212,0x8,0x52 0x01 0x00 0xC9 0x00 0x00 0x00 0x2A,0x2C4E,ACK
2.3536897000,493,Data,0x211,0x8,0xE4 0x00 0x2A 0x00 0x00 0x00 0x00 0x00,0x0D4D,ACK
2.3539499000,494,Data,0x343,0x8,0x00 0x00 0x00 0x00 0x00 0x00 0x00 0x00,0x33F5,ACK
2.3542282000,495,Data,0x401,0x8,0x00 0x00 0x34 0x00 0x05 0x2A 0x00 0x00,0x4E01,ACK
2.3687541000,496,Data,0x100,0x8,0x00 0x00 0x00 0x40 0x23 0x4F 0x64 0x32,0x4018,ACK
2.3705684000,497,Data,0x311,0x8,0x39 0x1E 0x07 0x3F 0x90 0x01 0x00 0x00,0x66BC,ACK
2.3887504000,498,Data,0x100,0x8,0x00 0x00 0x00 0x40 0x23 0x4F 0x64 0x32,0x4018,ACK
2.3964864000,499,Data,0x310,0x8,0xF1 0x0E 0x78 0x05 0x1A 0x02 0x01 0xC8,0x14DD,ACK
2.4087505000,500,Data,0x100,0x8,0x00 0x00 0x00 0x40 0x23 0x4F 0x64 0x32,0x4018,ACK
2.4287703000,501,Data,0x100,0x8,0x00 0x00 0x00 0x40 0x23 0x4F 0x64 0x32,0x4018,ACK
2.4290166000,502,Data,0x203,0x8,0x03 0x00 0x58 0x00 0x58 0x00 0x00 0x00,0x4AB9,ACK
2.4292648000,503,Data,0x204,0x8,0x00 0x00 0x00 0x00 0x00 0x00 0x00 0x00,0x79D1,ACK
2.4295211000,504,Data,0x205,0x8,0x00 0x00 0x00 0x00 0x00 0x00 0x00 0x00,0x72CA,ACK
2.4298293000,505,Data,0x209,0x8,0x9F 0x27 0x10 0x04 0x90 0x49 0x00 0x00,0x59C2,ACK
2.4300696000,506,Data,0x20A,0x8,0x00 0x00 0x00 0x00 0x00 0x00 0x00 0x00,0x1B53,ACK
2.4303238000,507,Data,0x20B,0x8,0xBC 0x02 0x64 0x00 0x01 0xC8 0x00 0x00,0x021C,ACK
2.4305681000,508,Data,0x20C,0x8,0x00 0xC4 0x2C 0x34 0x1E 0x07 0x00 0x00,0x3E70,ACK
2.4487521000,509,Data,0x100,0x8,0x00 0x00 0x00 0x40 0x23 0x4F 0x64 0x32,0x4018,ACK
2.4534281000,510,Data,0x212,0x8,0x52 0x01 0x00 0xC9 0x00 0x00 0x00 0x2A,0x2C4E,ACK
2.4536684000,511,Data,0x211,0x8,0xE4 0x00 0x2A 0x00 0x00 0x00 0x00 0x00,0x0D4D,ACK
2.4539266000,512,Data,0x343,0x8,0x00 0x00 0x00 0x00 0x00 0x00 0x00 0x00,0x33F5,ACK
2.4542089000,513,Data,0x341,0x8,0x00 0x00 0x00 0x00 0x02 0x00 0x00 0x00,0x1833,ACK
2.4544871000,514,Data,0x342,0x8,0x23 0x00 0x64 0x00 0x00 0xC4 0x16 0x34,0x5886,ACK
2.4547434000,515,Data,0x344,0x8,0x00 0x00 0x00 0x03 0x00 0x00 0x00 0x00,0x6F15,ACK
2.4687513000,516,Data,0x100,0x8,0x00 0x00 0x00 0x40 0x23 0x4F 0x64 0x32,0x4018,ACK
2.4887513000,517,Data,0x100,0x8,0x00 0x00 0x00 0x40 0x23 0x4F 0x64 0x32,0x4018,ACK
2.4967936000,518,Data,0x501,0x8,0xB4 0xC1 0x83 0x58 0x51 0xE5 0xB2 0x6B,0x057E,ACK
2.4970238000,519,Data,0x502,0x8,0x32 0xAC 0x86 0x0E 0x1A 0xB9 0x00 0x00,0x0E93,ACK
2.4972581000,520,Data,0x424,0x8,0xF7 0x33 0x4D 0x69 0x00 0x00 0x00 0x00,0x199C,ACK
2.4974943000,521,Data,0x425,0x8,0x01 0x64 0x48 0x58 0x58 0x58 0x01 0xFF,0x1AD8,ACK
2.4977286000,522,Data,0x429,0x8,0x20 0x00 0x00 0x00 0x00 0x00 0x00 0x00,0x7AC7,ACK
2.4999308000,523,Data,0x420,0x8,0xA9 0x14 0x00 0x00 0x70 0x03 0x00 0x00,0x3CD8,ACK
2.5001711000,524,Data,0x421,0x8,0x38 0x36 0x31 0x34 0xFB 0x04 0x62 0x04,0x00AE,ACK
2.5005613000,525,Data,0x422,0x8,0x00 0x00 0x20 0x00 0x15 0x00 0x02 0x00,0x33F1,ACK
2.5009396000,526,Data,0x423,0x8,0xBC 0x02 0x64 0x00 0x3C 0x00 0x01 0x00,0x500B,ACK
2.5087516000,527,Data,0x100,0x8,0x00 0x00 0x00 0x40 0x23 0x4F 0x64 0x32,0x4018,ACK
2.5287915000,528,Data,0x100,0x8,0x00 0x00 0x00 0x40 0x23 0x4F 0x64 0x32,0x4018,ACK
2.5290378000,529,Data,0x203,0x8,0x03 0x00 0x58 0x00 0x58 0x00 0x00 0x00,0x4AB9,ACK
2.5292860000,530,Data,0x204,0x8,0x00 0x00 0x00 0x00 0x00 0x00 0x00 0x00,0x79D1,ACK
2.5295423000,531,Data,0x205,0x8,0x00 0x00 0x00 0x00 0x00 0x00 0x00 0x00,0x72CA,ACK
2.5298284000,532,Data,0x209,0x8,0x9F 0x27 0x10 0x04 0x90 0x49 0x00 0x00,0x59C2,ACK
2.5300687000,533,Data,0x20A,0x8,0x00 0x00 0x00 0x00 0x00 0x00 0x00 0x00,0x1B53,ACK
2.5303229000,534,Data,0x20B,0x8,0xBC 0x02 0x64 0x00 0x01 0xC8 0x00 0x00,0x021C,ACK
2.5305672000,535,Data,0x20C,0x8,0x00 0xC4 0x2C 0x34 0x1E 0x07 0x00 0x00,0x3E70,ACK
2.5308154000,536,Data,0x301,0x8,0x00 0x00 0x00 0x00 0x00 0x00 0x00 0x00,0x7E55,ACK
2.5310716000,537,Data,0x302,0x2,0x00 0xFF,0x6FC0,ACK
2.5312179000,538,Data,0x485,0x8,0x22 0x00 0x00 0x00 0x0C 0x02 0x48 0x0C,0x1FCE,ACK
2.5314621000,539,Data,0x480,0x8,0x00 0x00 0x00 0x00 0x20 0x00 0x00 0x00,0x2C46,ACK
2.5317184000,540,Data,0x481,0x8,0x50 0x0A 0x40 0x08 0x00 0x00 0x00 0x00,0x46C7,ACK
2.5319666000,541,Data,0x482,0x8,0x52 0x01 0x02 0x00 0x00 0x00 0x00 0x00,0x36EA,ACK
2.5322149000,542,Data,0x483,0x8,0x31 0x4B 0x31 0x55 0x41 0x32 0x35 0x35,0x717E,ACK
2.5324491000,543,Data,0x484,0x8,0x31 0x50 0x33 0x39 0x36 0x35 0x00 0x00,0x0196,ACK
2.5487492000,544,Data,0x100,0x8,0x00 0x00 0x00 0x40 0x23 0x4F 0x64 0x32,0x4018,ACK
2.5534452000,545,Data,0x212,0x8,0x52 0x01 0x00 0xC9 0x00 0x00 0x00 0x2A,0x2C4E,ACK
2.5537054000,546,Data,0x211,0x8,0xE4 0x00 0x2A 0x00 0x00 0x00 0x00 0x00,0x0D4D,ACK
2.5539637000,547,Data,0x343,0x8,0x00 0x00 0x00 0x00 0x00 0x00 0x00 0x00,0x33F5,ACK
2.5687497000,548,Data,0x100,0x8,0x00 0x00 0x00 0x40 0x23 0x4F 0x64 0x32,0x4018,ACK
2.5714639000,549,Data,0x311,0x8,0x39 0x1E 0x07 0x3F 0x90 0x01 0x00 0x00,0x66BC,ACK
2.5887478000,550,Data,0x100,0x8,0x00 0x00 0x00 0x40 0x23 0x4F 0x64 0x32,0x4018,ACK
2.5974279000,551,Data,0x310,0x8,0xF1 0x0E 0x78 0x05 0x1A 0x02 0x01 0xC8,0x14DD,ACK
2.6087379000,552,Data,0x100,0x8,0x00 0x00 0x00 0x40 0x23 0x4F 0x64 0x32,0x4018,ACK
2.6287679000,553,Data,0x100,0x8,0x00 0x00 0x00 0x40 0x23 0x4F 0x64 0x32,0x4018,ACK
2.6290121000,554,Data,0x203,0x8,0x03 0x00 0x58 0x00 0x58 0x00 0x00 0x00,0x4AB9,ACK
2.6292584000,555,Data,0x204,0x8,0x00 0x00 0x00 0x00 0x00 0x00 0x00 0x00,0x79D1,ACK
2.6295146000,556,Data,0x205,0x8,0x00 0x00 0x00 0x00 0x00 0x00 0x00 0x00,0x72CA,ACK
2.6298249000,557,Data,0x209,0x8,0x9F 0x27 0x10 0x04 0x90 0x49 0x00 0x00,0x59C2,ACK
2.6300651000,558,Data,0x20A,0x8,0x00 0x00 0x00 0x00 0x00 0x00 0x00 0x00,0x1B53,ACK
2.6303194000,559,Data,0x20B,0x8,0xBC 0x02 0x64 0x00 0x01 0xC8 0x00 0x00,0x021C,ACK
2.6305656000,560,Data,0x20C,0x8,0x00 0xC4 0x2C 0x34 0x1E 0x07 0x00 0x00,0x3E70,ACK
2.6487476000,561,Data,0x100,0x8,0x00 0x00 0x00 0x40 0x23 0x4F 0x64 0x32,0x4018,ACK
2.6534436000,562,Data,0x212,0x8,0x52 0x01 0x00 0xC9 0x00 0x00 0x00 0x2A,0x2C4E,ACK
2.6537238000,563,Data,0x211,0x8,0xE4 0x00 0x2A 0x00 0x00 0x00 0x00 0x00,0x0D4D,ACK
2.6539860000,564,Data,0x343,0x8,0x00 0x00 0x00 0x00 0x00 0x00 0x00 0x00,0x33F5,ACK
2.6542423000,565,Data,0x341,0x8,0x00 0x00 0x00 0x00 0x02 0x00 0x00 0x00,0x1833,ACK
2.6545405000,566,Data,0x342,0x8,0x23 0x00 0x64 0x00 0x00 0xC4 0x16 0x34,0x5886,ACK
2.6548007000,567,Data,0x344,0x8,0x00 0x00 0x00 0x03 0x00 0x00 0x00 0x00,0x6F15,ACK
2.6687487000,568,Data,0x100,0x8,0x00 0x00 0x00 0x40 0x23 0x4F 0x64 0x32,0x4018,ACK
2.6887487000,569,Data,0x100,0x8,0x00 0x00 0x00 0x40 0x23 0x4F 0x64 0x32,0x4018,ACK
2.7087487000,570,Data,0x100,0x8,0x00 0x00 0x00 0x40 0x23 0x4F 0x64 0x32,0x4018,ACK
2.7287627000,571,Data,0x100,0x8,0x00 0x00 0x00 0x40 0x23 0x4F 0x64 0x32,0x4018,ACK
2.7290070000,572,Data,0x203,0x8,0x03 0x00 0x58 0x00 0x58 0x00 0x00 0x00,0x4AB9,ACK
2.7292532000,573,Data,0x204,0x8,0x00 0x00 0x00 0x00 0x00 0x00 0x00 0x00,0x79D1,ACK
2.7295095000,574,Data,0x205,0x8,0x00 0x00 0x00 0x00 0x00 0x00 0x00 0x00,0x72CA,ACK
2.7298237000,575,Data,0x209,0x8,0x9F 0x27 0x10 0x04 0x90 0x49 0x00 0x00,0x59C2,ACK
2.7300639000,576,Data,0x20A,0x8,0x00 0x00 0x00 0x00 0x00 0x00 0x00 0x00,0x1B53,ACK
2.7303182000,577,Data,0x20B,0x8,0xBC 0x02 0x64 0x00 0x01 0xC8 0x00 0x00,0x021C,ACK
2.7305624000,578,Data,0x20C,0x8,0x00 0xC4 0x2C 0x34 0x1E 0x07 0x00 0x00,0x3E70,ACK
2.7308107000,579,Data,0x301,0x8,0x00 0x00 0x00 0x00 0x00 0x00 0x00 0x00,0x7E55,ACK
2.7310669000,580,Data,0x302,0x2,0x00 0xFF,0x6FC0,ACK
2.7312132000,581,Data,0x485,0x8,0x22 0x00 0x00 0x00 0x0C 0x02 0x48 0x0C,0x1FCE,ACK
2.7487472000,582,Data,0x100,0x8,0x00 0x00 0x00 0x40 0x23 0x4F 0x64 0x32,0x4018,ACK
2.7534532000,583,Data,0x212,0x8,0x52 0x01 0x00 0xC9 0x00 0x00 0x00 0x2A,0x2C4E,ACK
2.7537155000,584,Data,0x211,0x8,0xE4 0x00 0x2A 0x00 0x00 0x00 0x00 0x00,0x0D4D,ACK
2.7539757000,585,Data,0x343,0x8,0x00 0x00 0x00 0x00 0x00 0x00 0x00 0x00,0x33F5,ACK
2.7687477000,586,Data,0x100,0x8,0x00 0x00 0x00 0x40 0x23 0x4F 0x64 0x32,0x4018,ACK
2.7720178000,587,Data,0x311,0x8,0x39 0x1E 0x07 0x3F 0x90 0x01 0x00 0x00,0x66BC,ACK
2.7887478000,588,Data,0x100,0x8,0x00 0x00 0x00 0x40 0x23 0x4F 0x64 0x32,0x4018,ACK
2.7979319000,589,Data,0x310,0x8,0xF1 0x0E 0x78 0x05 0x1A 0x02 0x01 0xC8,0x14DD,ACK
2.8087459000,590,Data,0x100,0x8,0x00 0x00 0x00 0x40 0x23 0x4F 0x64 0x32,0x4018,ACK
2.8287659000,591,Data,0x100,0x8,0x00 0x00 0x00 0x40 0x23 0x4F 0x64 0x32,0x4018,ACK
2.8290122000,592,Data,0x203,0x8,0x03 0x00 0x58 0x00 0x58 0x00 0x00 0x00,0x4AB9,ACK
2.8292584000,593,Data,0x204,0x8,0x00 0x00 0x00 0x00 0x00 0x00 0x00 0x00,0x79D1,ACK
2.8295147000,594,Data,0x205,0x8,0x00 0x00 0x00 0x00 0x00 0x00 0x00 0x00,0x72CA,ACK
2.8298229000,595,Data,0x209,0x8,0x9F 0x27 0x10 0x04 0x90 0x49 0x00 0x00,0x59C2,ACK
2.8300631000,596,Data,0x20A,0x8,0x00 0x00 0x00 0x00 0x00 0x00 0x00 0x00,0x1B53,ACK
2.8303174000,597,Data,0x20B,0x8,0xBC 0x02 0x64 0x00 0x01 0xC8 0x00 0x00,0x021C,ACK
2.8305636000,598,Data,0x20C,0x8,0x00 0xC4 0x2C 0x34 0x1E 0x07 0x00 0x00,0x3E70,ACK
2.8487457000,599,Data,0x100,0x8,0x00 0x00 0x00 0x40 0x23 0x4F 0x64 0x32,0x4018,ACK
2.8534416000,600,Data,0x212,0x8,0x52 0x01 0x00 0xC9 0x00 0x00 0x00 0x2A,0x2C4E,ACK
2.8536818000,601,Data,0x211,0x8,0xE4 0x00 0x2A 0x00 0x00 0x00 0x00 0x00,0x0D4D,ACK
2.8539379000,602,Data,0x343,0x8,0x00 0x00 0x00 0x00 0x00 0x00 0x00 0x00,0x33F5,ACK
2.8542000000,603,Data,0x341,0x8,0x00 0x00 0x00 0x00 0x02 0x00 0x00 0x00,0x1833,ACK
2.8544981000,604,Data,0x342,0x8,0x23 0x00 0x64 0x00 0x00 0xC4 0x16 0x34,0x5886,ACK
2.8547543000,605,Data,0x344,0x8,0x00 0x00 0x00 0x03 0x00 0x00 0x00 0x00,0x6F15,ACK
2.8550164000,606,Data,0x401,0x8,0x00 0x00 0x34 0x00 0x05 0x2A 0x00 0x00,0x4E01,ACK
2.8687463000,607,Data,0x100,0x8,0x00 0x00 0x00 0x40 0x23 0x4F 0x64 0x32,0x4018,ACK
2.8887463000,608,Data,0x100,0x8,0x00 0x00 0x00 0x40 0x23 0x4F 0x64 0x32,0x4018,ACK
2.9087463000,609,Data,0x100,0x8,0x00 0x00 0x00 0x40 0x23 0x4F 0x64 0x32,0x4018,ACK
2.9287602000,610,Data,0x100,0x8,0x00 0x00 0x00 0x40 0x23 0x4F 0x64 0x32,0x4018,ACK
2.9290045000,611,Data,0x203,0x8,0x03 0x00 0x58 0x00 0x58 0x00 0x00 0x00,0x4AB9,ACK
2.9292507000,612,Data,0x204,0x8,0x00 0x00 0x00 0x00 0x00 0x00 0x00 0x00,0x79D1,ACK
2.9295070000,613,Data,0x205,0x8,0x00 0x00 0x00 0x00 0x00 0x00 0x00 0x00,0x72CA,ACK
2.9298212000,614,Data,0x209,0x8,0x9F 0x27 0x10 0x04 0x90 0x49 0x00 0x00,0x59C2,ACK
2.9300615000,615,Data,0x20A,0x8,0x00 0x00 0x00 0x00 0x00 0x00 0x00 0x00,0x1B53,ACK
2.9303177000,616,Data,0x20B,0x8,0xBC 0x02 0x64 0x00 0x01 0xC8 0x00 0x00,0x021C,ACK
2.9305620000,617,Data,0x20C,0x8,0x00 0xC4 0x2C 0x34 0x1E 0x07 0x00 0x00,0x3E70,ACK
2.9308101000,618,Data,0x301,0x8,0x00 0x00 0x00 0x00 0x00 0x00 0x00 0x00,0x7E55,ACK
2.9310663000,619,Data,0x302,0x2,0x00 0xFF,0x6FC0,ACK
2.9312106000,620,Data,0x485,0x8,0x22 0x00 0x00 0x00 0x0C 0x02 0x48 0x0C,0x1FCE,ACK
2.9487446000,621,Data,0x100,0x8,0x00 0x00 0x00 0x40 0x23 0x4F 0x64 0x32,0x4018,ACK
2.9534127000,622,Data,0x212,0x8,0x52 0x01 0x00 0xC9 0x00 0x00 0x00 0x2A,0x2C4E,ACK
2.9536748000,623,Data,0x211,0x8,0xE4 0x00 0x2A 0x00 0x00 0x00 0x00 0x00,0x0D4D,ACK
2.9539351000,624,Data,0x343,0x8,0x00 0x00 0x00 0x00 0x00 0x00 0x00 0x00,0x33F5,ACK
2.9687450000,625,Data,0x100,0x8,0x00 0x00 0x00 0x40 0x23 0x4F 0x64 0x32,0x4018,ACK
2.9715331000,626,Data,0x311,0x8,0x39 0x1E 0x07 0x3F 0x90 0x01 0x00 0x00,0x66BC,ACK
2.9887430000,627,Data,0x100,0x8,0x00 0x00 0x00 0x40 0x23 0x4F 0x64 0x32,0x4018,ACK
2.9974271000,628,Data,0x310,0x8,0xF1 0x0E 0x78 0x05 0x1A 0x02 0x01 0xC8,0x14DD,ACK
2.9988873000,629,Data,0x425,0x8,0x01 0x64 0x48 0x58 0x58 0x58 0x01 0xFF,0x1AD8,ACK
2.9991216000,630,Data,0x429,0x8,0x20 0x00 0x00 0x00 0x00 0x00 0x00 0x00,0x7AC7,ACK
2.9994858000,631,Data,0x421,0x8,0x38 0x36 0x31 0x34 0xFB 0x04 0x62 0x04,0x00AE,ACK
3.0014021000,632,Data,0x420,0x8,0xA9 0x14 0x00 0x00 0x70 0x03 0x00 0x00,0x3CD8,ACK
3.0019743000,633,Data,0x422,0x8,0x00 0x00 0x20 0x00 0x15 0x00 0x02 0x00,0x33F1,ACK
3.0023606000,634,Data,0x423,0x8,0xBC 0x02 0x64 0x00 0x3C 0x00 0x01 0x00,0x500B,ACK
3.0087426000,635,Data,0x100,0x8,0x00 0x00 0x00 0x40 0x23 0x4F 0x64 0x32,0x4018,ACK
3.0287626000,636,Data,0x100,0x8,0x00 0x00 0x00 0x40 0x23 0x4F 0x64 0x32,0x4018,ACK
3.0290067000,637,Data,0x203,0x8,0x03 0x00 0x58 0x00 0x58 0x00 0x00 0x00,0x4AB9,ACK
3.0292548000,638,Data,0x204,0x8,0x00 0x00 0x00 0x00 0x00 0x00 0x00 0x00,0x79D1,ACK
3.0295109000,639,Data,0x205,0x8,0x00 0x00 0x00 0x00 0x00 0x00 0x00 0x00,0x72CA,ACK
3.0298211000,640,Data,0x209,0x8,0x9F 0x27 0x10 0x04 0x90 0x49 0x00 0x00,0x59C2,ACK
3.0300612000,641,Data,0x20A,0x8,0x00 0x00 0x00 0x00 0x00 0x00 0x00 0x00,0x1B53,ACK
3.0303153000,642,Data,0x20B,0x8,0xBC 0x02 0x64 0x00 0x01 0xC8 0x00 0x00,0x021C,ACK
3.0305614000,643,Data,0x20C,0x8,0x00 0xC4 0x2C 0x34 0x1E 0x07 0x00 0x00,0x3E70,ACK
3.0487453000,644,Data,0x100,0x8,0x00 0x00 0x00 0x40 0x23 0x4F 0x64 0x32,0x4018,ACK
3.0534574000,645,Data,0x212,0x8,0x52 0x01 0x00 0xC9 0x00 0x00 0x00 0x2A,0x2C4E,ACK
3.0537137000,646,Data,0x211,0x8,0xE4 0x00 0x2A 0x00 0x00 0x00 0x00 0x00,0x0D4D,ACK
3.0539759000,647,Data,0x343,0x8,0x00 0x00 0x00 0x00 0x00 0x00 0x00 0x00,0x33F5,ACK
3.0542541000,648,Data,0x341,0x8,0x00 0x00 0x00 0x00 0x02 0x00 0x00 0x00,0x1833,ACK
3.0545324000,649,Data,0x342,0x8,0x23 0x00 0x64 0x00 0x00 0xC4 0x16 0x34,0x5886,ACK
3.0548146000,650,Data,0x344,0x8,0x00 0x00 0x00 0x03 0x00 0x00 0x00 0x00,0x6F15,ACK
3.0687426000,651,Data,0x100,0x8,0x00 0x00 0x00 0x40 0x23 0x4F 0x64 0x32,0x4018,ACK
3.0887425000,652,Data,0x100,0x8,0x00 0x00 0x00 0x40 0x23 0x4F 0x64 0x32,0x4018,ACK
3.1087425000,653,Data,0x100,0x8,0x00 0x00 0x00 0x40 0x23 0x4F 0x64 0x32,0x4018,ACK
3.1287685000,654,Data,0x100,0x8,0x00 0x00 0x00 0x40 0x23 0x4F 0x64 0x32,0x4018,ACK
3.1290128000,655,Data,0x203,0x8,0x03 0x00 0x58 0x00 0x58 0x00 0x00 0x00,0x4AB9,ACK
3.1292590000,656,Data,0x204,0x8,0x00 0x00 0x00 0x00 0x00 0x00 0x00 0x00,0x79D1,ACK
3.1295173000,657,Data,0x205,0x8,0x00 0x00 0x00 0x00 0x00 0x00 0x00 0x00,0x72CA,ACK
3.1298195000,658,Data,0x209,0x8,0x9F 0x27 0x10 0x04 0x90 0x49 0x00 0x00,0x59C2,ACK
3.1300598000,659,Data,0x20A,0x8,0x00 0x00 0x00 0x00 0x00 0x00 0x00 0x00,0x1B53,ACK
3.1303140000,660,Data,0x20B,0x8,0xBC 0x02 0x64 0x00 0x01 0xC8 0x00 0x00,0x021C,ACK
3.1305583000,661,Data,0x20C,0x8,0x00 0xC4 0x2C 0x34 0x1E 0x07 0x00 0x00,0x3E70,ACK
3.1308065000,662,Data,0x301,0x8,0x00 0x00 0x00 0x00 0x00 0x00 0x00 0x00,0x7E55,ACK
3.1310628000,663,Data,0x302,0x2,0x00 0xFF,0x6FC0,ACK
3.1312090000,664,Data,0x485,0x8,0x22 0x00 0x00 0x00 0x0C 0x02 0x48 0x0C,0x1FCE,ACK
3.1487430000,665,Data,0x100,0x8,0x00 0x00 0x00 0x40 0x23 0x4F 0x64 0x32,0x4018,ACK
3.1534291000,666,Data,0x212,0x8,0x52 0x01 0x00 0xC9 0x00 0x00 0x00 0x2A,0x2C4E,ACK
3.1536913000,667,Data,0x211,0x8,0xE4 0x00 0x2A 0x00 0x00 0x00 0x00 0x00,0x0D4D,ACK
3.1539476000,668,Data,0x343,0x8,0x00 0x00 0x00 0x00 0x00 0x00 0x00 0x00,0x33F5,ACK
3.1687415000,669,Data,0x100,0x8,0x00 0x00 0x00 0x40 0x23 0x4F 0x64 0x32,0x4018,ACK
3.1729418000,670,Data,0x311,0x8,0x39 0x1E 0x07 0x3F 0x90 0x01 0x00 0x00,0x66BC,ACK
3.1887437000,671,Data,0x100,0x8,0x00 0x00 0x00 0x40 0x23 0x4F 0x64 0x32,0x4018,ACK
3.1988981000,672,Data,0x310,0x8,0xF1 0x0E 0x78 0x05 0x1A 0x02 0x01 0xC8,0x14DD,ACK
3.2087401000,673,Data,0x100,0x8,0x00 0x00 0x00 0x40 0x23 0x4F 0x64 0x32,0x4018,ACK
3.2287600000,674,Data,0x100,0x8,0x00 0x00 0x00 0x40 0x23 0x4F 0x64 0x32,0x4018,ACK
3.2290062000,675,Data,0x203,0x8,0x03 0x00 0x58 0x00 0x58 0x00 0x00 0x00,0x4AB9,ACK
3.2292545000,676,Data,0x204,0x8,0x00 0x00 0x00 0x00 0x00 0x00 0x00 0x00,0x79D1,ACK
3.2295107000,677,Data,0x205,0x8,0x00 0x00 0x00 0x00 0x00 0x00 0x00 0x00,0x72CA,ACK
3.2298190000,678,Data,0x209,0x8,0x9F 0x27 0x10 0x04 0x90 0x49 0x00 0x00,0x59C2,ACK
3.2300592000,679,Data,0x20A,0x8,0x00 0x00 0x00 0x00 0x00 0x00 0x00 0x00,0x1B53,ACK
3.2303155000,680,Data,0x20B,0x8,0xBC 0x02 0x64 0x00 0x01 0xC8 0x00 0x00,0x021C,ACK
3.2305597000,681,Data,0x20C,0x8,0x00 0xC4 0x2C 0x34 0x1E 0x07 0x00 0x00,0x3E70,ACK
3.2487417000,682,Data,0x100,0x8,0x00 0x00 0x00 0x40 0x23 0x4F 0x64 0x32,0x4018,ACK
3.2534578000,683,Data,0x212,0x8,0x52 0x01 0x00 0xC9 0x00 0x00 0x00 0x2A,0x2C4E,ACK
3.2537200000,684,Data,0x211,0x8,0xE4 0x00 0x2A 0x00 0x00 0x00 0x00 0x00,0x0D4D,ACK
3.2539763000,685,Data,0x343,0x8,0x00 0x00 0x00 0x00 0x00 0x00 0x00 0x00,0x33F5,ACK
3.2542365000,686,Data,0x341,0x8,0x00 0x00 0x00 0x00 0x02 0x00 0x00 0x00,0x1833,ACK
3.2545348000,687,Data,0x342,0x8,0x23 0x00 0x64 0x00 0x00 0xC4 0x16 0x34,0x5886,ACK
3.2547930000,688,Data,0x344,0x8,0x00 0x00 0x00 0x03 0x00 0x00 0x00 0x00,0x6F15,ACK
3.2687430000,689,Data,0x100,0x8,0x00 0x00 0x00 0x40 0x23 0x4F 0x64 0x32,0x4018,ACK
3.2887390000,690,Data,0x100,0x8,0x00 0x00 0x00 0x40 0x23 0x4F 0x64 0x32,0x4018,ACK
3.3087389000,691,Data,0x100,0x8,0x00 0x00 0x00 0x40 0x23 0x4F 0x64 0x32,0x4018,ACK
3.3287669000,692,Data,0x100,0x8,0x00 0x00 0x00 0x40 0x23 0x4F 0x64 0x32,0x4018,ACK
3.3290132000,693,Data,0x203,0x8,0x03 0x00 0x58 0x00 0x58 0x00 0x00 0x00,0x4AB9,ACK
3.3292614000,694,Data,0x204,0x8,0x00 0x00 0x00 0x00 0x00 0x00 0x00 0x00,0x79D1,ACK
3.3295177000,695,Data,0x205,0x8,0x00 0x00 0x00 0x00 0x00 0x00 0x00 0x00,0x72CA,ACK
3.3298179000,696,Data,0x209,0x8,0x9F 0x27 0x10 0x04 0x90 0x49 0x00 0x00,0x59C2,ACK
3.3300582000,697,Data,0x20A,0x8,0x00 0x00 0x00 0x00 0x00 0x00 0x00 0x00,0x1B53,ACK
3.3303144000,698,Data,0x20B,0x8,0xBC 0x02 0x64 0x00 0x01 0xC8 0x00 0x00,0x021C,ACK
3.3305587000,699,Data,0x20C,0x8,0x00 0xC4 0x2C 0x34 0x1E 0x07 0x00 0x00,0x3E70,ACK
3.3308069000,700,Data,0x301,0x8,0x00 0x00 0x00 0x00 0x00 0x00 0x00 0x00,0x7E55,ACK
3.3310632000,701,Data,0x302,0x2,0x00 0xFF,0x6FC0,ACK
3.3312074000,702,Data,0x485,0x8,0x22 0x00 0x00 0x00 0x0C 0x02 0x48 0x0C,0x1FCE,ACK
3.3487414000,703,Data,0x100,0x8,0x00 0x00 0x00 0x40 0x23 0x4F 0x64 0x32,0x4018,ACK
3.3534475000,704,Data,0x212,0x8,0x52 0x01 0x00 0xC9 0x00 0x00 0x00 0x2A,0x2C4E,ACK
3.3537057000,705,Data,0x211,0x8,0xE4 0x00 0x2A 0x00 0x00 0x00 0x00 0x00,0x0D4D,ACK
3.3539660000,706,Data,0x343,0x8,0x00 0x00 0x00 0x00 0x00 0x00 0x00 0x00,0x33F5,ACK
3.3542482000,707,Data,0x401,0x8,0x00 0x00 0x34 0x00 0x05 0x2A 0x00 0x00,0x4E01,ACK
3.3687382000,708,Data,0x100,0x8,0x00 0x00 0x00 0x40 0x23 0x4F 0x64 0x32,0x4018,ACK
3.3735402000,709,Data,0x311,0x8,0x39 0x1E 0x07 0x3F 0x90 0x01 0x00 0x00,0x66BC,ACK
3.3887382000,710,Data,0x100,0x8,0x00 0x00 0x00 0x40 0x23 0x4F 0x64 0x32,0x4018,ACK
3.4087400000,711,Data,0x100,0x8,0x00 0x00 0x00 0x40 0x23 0x4F 0x64 0x32,0x4018,ACK
3.4287580000,712,Data,0x100,0x8,0x00 0x00 0x00 0x40 0x23 0x4F 0x64 0x32,0x4018,ACK
3.4290003000,713,Data,0x203,0x8,0x03 0x00 0x58 0x00 0x58 0x00 0x00 0x00,0x4AB9,ACK
3.4292465000,714,Data,0x204,0x8,0x00 0x00 0x00 0x00 0x00 0x00 0x00 0x00,0x79D1,ACK
3.4295028000,715,Data,0x205,0x8,0x00 0x00 0x00 0x00 0x00 0x00 0x00 0x00,0x72CA,ACK
3.4298150000,716,Data,0x209,0x8,0x9F 0x27 0x10 0x04 0x90 0x49 0x00 0x00,0x59C2,ACK
3.4300551000,717,Data,0x20A,0x8,0x00 0x00 0x00 0x00 0x00 0x00 0x00 0x00,0x1B53,ACK
3.4303114000,718,Data,0x20B,0x8,0xBC 0x02 0x64 0x00 0x01 0xC8 0x00 0x00,0x021C,ACK
3.4305556000,719,Data,0x20C,0x8,0x00 0xC4 0x2C 0x34 0x1E 0x07 0x00 0x00,0x3E70,ACK
3.4487376000,720,Data,0x100,0x8,0x00 0x00 0x00 0x40 0x23 0x4F 0x64 0x32,0x4018,ACK
3.4534136000,721,Data,0x212,0x8,0x52 0x01 0x00 0xC9 0x00 0x00 0x00 0x2A,0x2C4E,ACK
3.4536759000,722,Data,0x211,0x8,0xE4 0x00 0x2A 0x00 0x00 0x00 0x00 0x00,0x0D4D,ACK
3.4539362000,723,Data,0x343,0x8,0x00 0x00 0x00 0x00 0x00 0x00 0x00 0x00,0x33F5,ACK
3.4541924000,724,Data,0x341,0x8,0x00 0x00 0x00 0x00 0x02 0x00 0x00 0x00,0x1833,ACK
3.4544926000,725,Data,0x342,0x8,0x23 0x00 0x64 0x00 0x00 0xC4 0x16 0x34,0x5886,ACK
3.4547489000,726,Data,0x344,0x8,0x00 0x00 0x00 0x03 0x00 0x00 0x00 0x00,0x6F15,ACK
3.4687389000,727,Data,0x100,0x8,0x00 0x00 0x00 0x40 0x23 0x4F 0x64 0x32,0x4018,ACK
3.4887389000,728,Data,0x100,0x8,0x00 0x00 0x00 0x40 0x23 0x4F 0x64 0x32,0x4018,ACK
3.4966931000,729,Data,0x310,0x8,0xF1 0x0E 0x78 0x05 0x1A 0x02 0x01 0xC8,0x14DD,ACK
3.4970814000,730,Data,0x500,0x8,0x47 0x48 0x48 0xFF 0x48 0x48 0x48 0xFF,0x281A,ACK
3.4979956000,731,Data,0x424,0x8,0xF8 0x33 0x4D 0x69 0x00 0x00 0x00 0x00,0x13E8,ACK
3.4983799000,732,Data,0x429,0x8,0x20 0x00 0x00 0x00 0x00 0x00 0x00 0x00,0x7AC7,ACK
3.5002901000,733,Data,0x425,0x8,0x01 0x64 0x48 0x58 0x58 0x58 0x01 0xFF,0x1AD8,ACK
3.5008584000,734,Data,0x421,0x8,0x38 0x36 0x31 0x34 0xFB 0x04 0x62 0x04,0x00AE,ACK
3.5027726000,735,Data,0x420,0x8,0xA9 0x14 0xF8 0xFF 0x70 0x03 0x00 0x00,0x696B,ACK
3.5033369000,736,Data,0x422,0x8,0x00 0x00 0x20 0x00 0x15 0x00 0x02 0x00,0x33F1,ACK
3.5037331000,737,Data,0x423,0x8,0xBC 0x02 0x64 0x00 0x3C 0x00 0x01 0x00,0x500B,ACK
3.5087392000,738,Data,0x100,0x8,0x00 0x00 0x00 0x40 0x23 0x4F 0x64 0x32,0x4018,ACK
3.5287792000,739,Data,0x100,0x8,0x00 0x00 0x00 0x40 0x23 0x4F 0x64 0x32,0x4018,ACK
3.5290255000,740,Data,0x203,0x8,0x03 0x00 0x58 0x00 0x58 0x00 0x00 0x00,0x4AB9,ACK
3.5292717000,741,Data,0x204,0x8,0x00 0x00 0x00 0x00 0x00 0x00 0x00 0x00,0x79D1,ACK
3.5295280000,742,Data,0x205,0x8,0x00 0x00 0x00 0x00 0x00 0x00 0x00 0x00,0x72CA,ACK
3.5298142000,743,Data,0x209,0x8,0x9F 0x27 0x10 0x04 0x90 0x49 0x00 0x00,0x59C2,ACK
3.5300565000,744,Data,0x20A,0x8,0x00 0x00 0x00 0x00 0x00 0x00 0x00 0x00,0x1B53,ACK
3.5303107000,745,Data,0x20B,0x8,0xBC 0x02 0x64 0x00 0x01 0xC8 0x00 0x00,0x021C,ACK
3.5305550000,746,Data,0x20C,0x8,0x00 0xC4 0x2C 0x34 0x1E 0x07 0x00 0x00,0x3E70,ACK
3.5308032000,747,Data,0x301,0x8,0x00 0x00 0x00 0x00 0x00 0x00 0x00 0x00,0x7E55,ACK
3.5310594000,748,Data,0x302,0x2,0x00 0xFF,0x6FC0,ACK
3.5312017000,749,Data,0x485,0x8,0x22 0x00 0x00 0x00 0x0C 0x02 0x48 0x0C,0x1FCE,ACK
3.5314459000,750,Data,0x480,0x8,0x00 0x00 0x00 0x00 0x20 0x00 0x00 0x00,0x2C46,ACK
3.5317022000,751,Data,0x481,0x8,0x50 0x0A 0x40 0x08 0x00 0x00 0x00 0x00,0x46C7,ACK
3.5319524000,752,Data,0x482,0x8,0x52 0x01 0x02 0x00 0x00 0x00 0x00 0x00,0x36EA,ACK
3.5322007000,753,Data,0x483,0x8,0x31 0x4B 0x31 0x55 0x41 0x32 0x35 0x35,0x717E,ACK
3.5324349000,754,Data,0x484,0x8,0x31 0x50 0x33 0x39 0x36 0x35 0x00 0x00,0x0196,ACK
3.5487370000,755,Data,0x100,0x8,0x00 0x00 0x00 0x40 0x23 0x4F 0x64 0x32,0x4018,ACK
3.5534030000,756,Data,0x212,0x8,0x52 0x01 0x00 0xC9 0x00 0x00 0x00 0x2A,0x2C4E,ACK
3.5536432000,757,Data,0x211,0x8,0xE4 0x00 0x2A 0x00 0x00 0x00 0x00 0x00,0x0D4D,ACK
3.5539015000,758,Data,0x343,0x8,0x00 0x00 0x00 0x00 0x00 0x00 0x00 0x00,0x33F5,ACK
3.5687375000,759,Data,0x100,0x8,0x00 0x00 0x00 0x40 0x23 0x4F 0x64 0x32,0x4018,ACK
3.5737597000,760,Data,0x311,0x8,0x39 0x1E 0x07 0x3F 0x90 0x01 0x00 0x00,0x66BC,ACK
3.5887377000,761,Data,0x100,0x8,0x00 0x00 0x00 0x40 0x23 0x4F 0x64 0x32,0x4018,ACK
3.6087377000,762,Data,0x100,0x8,0x00 0x00 0x00 0x40 0x23 0x4F 0x64 0x32,0x4018,ACK
3.6287536000,763,Data,0x100,0x8,0x00 0x00 0x00 0x40 0x23 0x4F 0x64 0x32,0x4018,ACK
3.6289978000,764,Data,0x203,0x8,0x03 0x00 0x58 0x00 0x58 0x00 0x00 0x00,0x4AB9,ACK
3.6292440000,765,Data,0x204,0x8,0x00 0x00 0x00 0x00 0x00 0x00 0x00 0x00,0x79D1,ACK
3.6295023000,766,Data,0x205,0x8,0x00 0x00 0x00 0x00 0x00 0x00 0x00 0x00,0x72CA,ACK
3.6298125000,767,Data,0x209,0x8,0x9F 0x27 0x10 0x04 0x90 0x49 0x00 0x00,0x59C2,ACK
3.6300528000,768,Data,0x20A,0x8,0x00 0x00 0x00 0x00 0x00 0x00 0x00 0x00,0x1B53,ACK
3.6303070000,769,Data,0x20B,0x8,0xBC 0x02 0x64 0x00 0x01 0xC8 0x00 0x00,0x021C,ACK
3.6305513000,770,Data,0x20C,0x8,0x00 0xC4 0x2C 0x34 0x1E 0x07 0x00 0x00,0x3E70,ACK
3.6487353000,771,Data,0x100,0x8,0x00 0x00 0x00 0x40 0x23 0x4F 0x64 0x32,0x4018,ACK
3.6534413000,772,Data,0x212,0x8,0x52 0x01 0x00 0xC9 0x00 0x00 0x00 0x2A,0x2C4E,ACK
3.6537034000,773,Data,0x211,0x8,0xE4 0x00 0x2A 0x00 0x00 0x00 0x00 0x00,0x0D4D,ACK
3.6539595000,774,Data,0x343,0x8,0x00 0x00 0x00 0x00 0x00 0x00 0x00 0x00,0x33F5,ACK
3.6542436000,775,Data,0x341,0x8,0x00 0x00 0x00 0x00 0x02 0x00 0x00 0x00,0x1833,ACK
3.6545158000,776,Data,0x342,0x8,0x23 0x00 0x64 0x00 0x00 0xC4 0x16 0x34,0x5886,ACK
3.6547979000,777,Data,0x344,0x8,0x00 0x00 0x00 0x03 0x00 0x00 0x00 0x00,0x6F15,ACK
3.6687358000,778,Data,0x100,0x8,0x00 0x00 0x00 0x40 0x23 0x4F 0x64 0x32,0x4018,ACK
3.6887358000,779,Data,0x100,0x8,0x00 0x00 0x00 0x40 0x23 0x4F 0x64 0x32,0x4018,ACK
3.6971578000,780,Data,0x310,0x8,0xF1 0x0E 0x78 0x05 0x1A 0x02 0x01 0xC8,0x14DD,ACK
3.7087338000,781,Data,0x100,0x8,0x00 0x00 0x00 0x40 0x23 0x4F 0x64 0x32,0x4018,ACK
3.7287618000,782,Data,0x100,0x8,0x00 0x00 0x00 0x40 0x23 0x4F 0x64 0x32,0x4018,ACK
3.7290080000,783,Data,0x203,0x8,0x03 0x00 0x58 0x00 0x58 0x00 0x00 0x00,0x4AB9,ACK
3.7292563000,784,Data,0x204,0x8,0x00 0x00 0x00 0x00 0x00 0x00 0x00 0x00,0x79D1,ACK
3.7295125000,785,Data,0x205,0x8,0x00 0x00 0x00 0x00 0x00 0x00 0x00 0x00,0x72CA,ACK
3.7298107000,786,Data,0x209,0x8,0x9F 0x27 0x10 0x04 0x90 0x49 0x00 0x00,0x59C2,ACK
3.7300510000,787,Data,0x20A,0x8,0x00 0x00 0x00 0x00 0x00 0x00 0x00 0x00,0x1B53,ACK
3.7303072000,788,Data,0x20B,0x8,0xBC 0x02 0x64 0x00 0x01 0xC8 0x00 0x00,0x021C,ACK
3.7305515000,789,Data,0x20C,0x8,0x00 0xC4 0x2C 0x34 0x1E 0x07 0x00 0x00,0x3E70,ACK
3.7307997000,790,Data,0x301,0x8,0x00 0x00 0x00 0x00 0x00 0x00 0x00 0x00,0x7E55,ACK
3.7310560000,791,Data,0x302,0x2,0x00 0xFF,0x6FC0,ACK
3.7312022000,792,Data,0x485,0x8,0x22 0x00 0x00 0x00 0x0C 0x02 0x48 0x0C,0x1FCE,ACK
3.7487342000,793,Data,0x100,0x8,0x00 0x00 0x00 0x40 0x23 0x4F 0x64 0x32,0x4018,ACK
3.7534123000,794,Data,0x212,0x8,0x52 0x01 0x00 0xC9 0x00 0x00 0x00 0x2A,0x2C4E,ACK
3.7536725000,795,Data,0x211,0x8,0xE4 0x00 0x2A 0x00 0x00 0x00 0x00 0x00,0x0D4D,ACK
3.7539327000,796,Data,0x343,0x8,0x00 0x00 0x00 0x00 0x00 0x00 0x00 0x00,0x33F5,ACK
3.7687346000,797,Data,0x100,0x8,0x00 0x00 0x00 0x40 0x23 0x4F 0x64 0x32,0x4018,ACK
3.7741067000,798,Data,0x311,0x8,0x39 0x1E 0x07 0x3F 0x90 0x01 0x00 0x00,0x66BC,ACK
3.7887346000,799,Data,0x100,0x8,0x00 0x00 0x00 0x40 0x23 0x4F 0x64 0x32,0x4018,ACK
3.8087326000,800,Data,0x100,0x8,0x00 0x00 0x00 0x40 0x23 0x4F 0x64 0x32,0x4018,ACK
3.8287526000,801,Data,0x100,0x8,0x00 0x00 0x00 0x40 0x23 0x4F 0x64 0x32,0x4018,ACK
3.8289967000,802,Data,0x203,0x8,0x03 0x00 0x58 0x00 0x58 0x00 0x00 0x00,0x4AB9,ACK
3.8292428000,803,Data,0x204,0x8,0x00 0x00 0x00 0x00 0x00 0x00 0x00 0x00,0x79D1,ACK
3.8294990000,804,Data,0x205,0x8,0x00 0x00 0x00 0x00 0x00 0x00 0x00 0x00,0x72CA,ACK
3.8298111000,805,Data,0x209,0x8,0x9F 0x27 0x10 0x04 0x90 0x49 0x00 0x00,0x59C2,ACK
3.8300512000,806,Data,0x20A,0x8,0x00 0x00 0x00 0x00 0x00 0x00 0x00 0x00,0x1B53,ACK
3.8303053000,807,Data,0x20B,0x8,0xBC 0x02 0x64 0x00 0x01 0xC8 0x00 0x00,0x021C,ACK
3.8305494000,808,Data,0x20C,0x8,0x00 0xC4 0x2C 0x34 0x1E 0x07 0x00 0x00,0x3E70,ACK
3.8487333000,809,Data,0x100,0x8,0x00 0x00 0x00 0x40 0x23 0x4F 0x64 0x32,0x4018,ACK
3.8534114000,810,Data,0x212,0x8,0x52 0x01 0x00 0xC9 0x00 0x00 0x00 0x2A,0x2C4E,ACK
3.8536517000,811,Data,0x211,0x8,0xE4 0x00 0x2A 0x00 0x00 0x00 0x00 0x00,0x0D4D,ACK
3.8539119000,812,Data,0x343,0x8,0x00 0x00 0x00 0x00 0x00 0x00 0x00 0x00,0x33F5,ACK
3.8541921000,813,Data,0x341,0x8,0x00 0x00 0x00 0x00 0x02 0x00 0x00 0x00,0x1833,ACK
3.8544704000,814,Data,0x342,0x8,0x23 0x00 0x64 0x00 0x00 0xC4 0x16 0x34,0x5886,ACK
3.8547486000,815,Data,0x344,0x8,0x00 0x00 0x00 0x03 0x00 0x00 0x00 0x00,0x6F15,ACK
3.8550109000,816,Data,0x401,0x8,0x00 0x00 0x34 0x00 0x05 0x2A 0x00 0x00,0x4E01,ACK
3.8687328000,817,Data,0x100,0x8,0x00 0x00 0x00 0x40 0x23 0x4F 0x64 0x32,0x4018,ACK
3.8887348000,818,Data,0x100,0x8,0x00 0x00 0x00 0x40 0x23 0x4F 0x64 0x32,0x4018,ACK
3.8979631000,819,Data,0x310,0x8,0xF1 0x0E 0x78 0x05 0x1A 0x02 0x01 0xC8,0x14DD,ACK
3.9087330000,820,Data,0x100,0x8,0x00 0x00 0x00 0x40 0x23 0x4F 0x64 0x32,0x4018,ACK
3.9287590000,821,Data,0x100,0x8,0x00 0x00 0x00 0x40 0x23 0x4F 0x64 0x32,0x4018,ACK
3.9290053000,822,Data,0x203,0x8,0x03 0x00 0x58 0x00 0x58 0x00 0x00 0x00,0x4AB9,ACK
3.9292534000,823,Data,0x204,0x8,0x00 0x00 0x00 0x00 0x00 0x00 0x00 0x00,0x79D1,ACK
3.9295097000,824,Data,0x205,0x8,0x00 0x00 0x00 0x00 0x00 0x00 0x00 0x00,0x72CA,ACK
3.9298099000,825,Data,0x209,0x8,0x9F 0x27 0x10 0x04 0x90 0x49 0x00 0x00,0x59C2,ACK
3.9300521000,826,Data,0x20A,0x8,0x00 0x00 0x00 0x00 0x00 0x00 0x00 0x00,0x1B53,ACK
3.9303064000,827,Data,0x20B,0x8,0xBC 0x02 0x64 0x00 0x01 0xC8 0x00 0x00,0x021C,ACK
3.9305506000,828,Data,0x20C,0x8,0x00 0xC4 0x2C 0x34 0x1E 0x07 0x00 0x00,0x3E70,ACK
3.9307989000,829,Data,0x301,0x8,0x00 0x00 0x00 0x00 0x00 0x00 0x00 0x00,0x7E55,ACK
3.9310551000,830,Data,0x302,0x2,0x00 0xFF,0x6FC0,ACK
3.9312014000,831,Data,0x485,0x8,0x22 0x00 0x00 0x00 0x0C 0x02 0x48 0x0C,0x1FCE,ACK
3.9487334000,832,Data,0x100,0x8,0x00 0x00 0x00 0x40 0x23 0x4F 0x64 0x32,0x4018,ACK
3.9534275000,833,Data,0x212,0x8,0x52 0x01 0x00 0xC9 0x00 0x00 0x00 0x2A,0x2C4E,ACK
3.9536897000,834,Data,0x211,0x8,0xE4 0x00 0x2A 0x00 0x00 0x00 0x00 0x00,0x0D4D,ACK
3.9539460000,835,Data,0x343,0x8,0x00 0x00 0x00 0x00 0x00 0x00 0x00 0x00,0x33F5,ACK
3.9687299000,836,Data,0x100,0x8,0x00 0x00 0x00 0x40 0x23 0x4F 0x64 0x32,0x4018,ACK
3.9739241000,837,Data,0x311,0x8,0x39 0x1E 0x07 0x3F 0x90 0x01 0x00 0x00,0x66BC,ACK
3.9887320000,838,Data,0x100,0x8,0x00 0x00 0x00 0x40 0x23 0x4F 0x64 0x32,0x4018,ACK
3.9993702000,839,Data,0x429,0x8,0x20 0x00 0x00 0x00 0x00 0x00 0x00 0x00,0x7AC7,ACK
4.0012804000,840,Data,0x425,0x8,0x01 0x64 0x48 0x58 0x58 0x58 0x01 0xFF,0x1AD8,ACK
4.0018467000,841,Data,0x421,0x8,0x38 0x36 0x31 0x34 0xFB 0x04 0x62 0x04,0x00AE,ACK
4.0037629000,842,Data,0x420,0x8,0xA9 0x14 0xFA 0xFF 0x70 0x03 0x00 0x00,0x5533,ACK
4.0043272000,843,Data,0x422,0x8,0x00 0x00 0x20 0x00 0x15 0x00 0x02 0x00,0x33F1,ACK
4.0047214000,844,Data,0x423,0x8,0xBC 0x02 0x64 0x00 0x3C 0x00 0x01 0x00,0x500B,ACK
4.0087315000,845,Data,0x100,0x8,0x00 0x00 0x00 0x40 0x23 0x4F 0x64 0x32,0x4018,ACK
4.0287394000,846,Data,0x100,0x8,0x00 0x00 0x00 0x40 0x23 0x4F 0x64 0x32,0x4018,ACK
4.0289836000,847,Data,0x203,0x8,0x03 0x00 0x58 0x00 0x58 0x00 0x00 0x00,0x4AB9,ACK
4.0292319000,848,Data,0x204,0x8,0x00 0x00 0x00 0x00 0x00 0x00 0x00 0x00,0x79D1,ACK
4.0294881000,849,Data,0x205,0x8,0x00 0x00 0x00 0x00 0x00 0x00 0x00 0x00,0x72CA,ACK
4.0298064000,850,Data,0x209,0x8,0x9F 0x27 0x10 0x04 0x90 0x49 0x00 0x00,0x59C2,ACK
4.0300466000,851,Data,0x20A,0x8,0x00 0x00 0x00 0x00 0x00 0x00 0x00 0x00,0x1B53,ACK
4.0303009000,852,Data,0x20B,0x8,0xBC 0x02 0x64 0x00 0x01 0xC8 0x00 0x00,0x021C,ACK
4.0305471000,853,Data,0x20C,0x8,0x00 0xC4 0x2C 0x34 0x1E 0x07 0x00 0x00,0x3E70,ACK
4.0487311000,854,Data,0x100,0x8,0x00 0x00 0x00 0x40 0x23 0x4F 0x64 0x32,0x4018,ACK
4.0534092000,855,Data,0x212,0x8,0x52 0x01 0x00 0xC9 0x02 0x00 0x00 0x2A,0x11BE,ACK
4.0536553000,856,Data,0x211,0x8,0xE4 0x00 0x2A 0x00 0x00 0x00 0x00 0x00,0x0D4D,ACK
4.0539215000,857,Data,0x343,0x8,0x00 0x00 0x00 0x00 0x00 0x00 0x00 0x00,0x33F5,ACK
4.0542078000,858,Data,0x341,0x8,0x00 0x00 0x00 0x00 0x02 0x00 0x00 0x00,0x1833,ACK
4.0544660000,859,Data,0x342,0x8,0x23 0x00 0x64 0x00 0x00 0xC4 0x16 0x34,0x5886,ACK
4.0547043000,860,Data,0x344,0x8,0x00 0x00 0x00 0x03 0x00 0x00 0x00 0x00,0x6F15,ACK
4.0687302000,861,Data,0x100,0x8,0x00 0x00 0x00 0x40 0x23 0x4F 0x64 0x32,0x4018,ACK
4.0887302000,862,Data,0x100,0x8,0x00 0x00 0x00 0x40 0x23 0x4F 0x64 0x32,0x4018,ACK
4.0990105000,863,Data,0x310,0x8,0xF1 0x0E 0x78 0x05 0x1A 0x02 0x01 0xC8,0x14DD,ACK
4.1087306000,864,Data,0x100,0x8,0x00 0x00 0x00 0x40 0x23 0x4F 0x64 0x32,0x4018,ACK
4.1287566000,865,Data,0x100,0x8,0x00 0x00 0x00 0x40 0x23 0x4F 0x64 0x32,0x4018,ACK
4.1290008000,866,Data,0x203,0x8,0x03 0x00 0x58 0x00 0x58 0x00 0x00 0x00,0x4AB9,ACK
4.1292491000,867,Data,0x204,0x8,0x00 0x00 0x00 0x00 0x00 0x00 0x00 0x00,0x79D1,ACK
4.1295053000,868,Data,0x205,0x8,0x00 0x00 0x00 0x00 0x00 0x00 0x00 0x00,0x72CA,ACK
4.1297936000,869,Data,0x209,0x8,0x9F 0x27 0x10 0x04 0x90 0x49 0x00 0x00,0x59C2,ACK
4.1300338000,870,Data,0x20A,0x8,0x00 0x00 0x00 0x00 0x00 0x00 0x00 0x00,0x1B53,ACK
4.1302881000,871,Data,0x20B,0x8,0xBC 0x02 0x64 0x00 0x01 0xC8 0x00 0x00,0x021C,ACK
4.1305323000,872,Data,0x20C,0x8,0x00 0xC4 0x2C 0x34 0x1E 0x07 0x00 0x00,0x3E70,ACK
4.1307805000,873,Data,0x301,0x8,0x00 0x00 0x00 0x00 0x00 0x00 0x00 0x00,0x7E55,ACK
4.1310368000,874,Data,0x302,0x2,0x00 0xFF,0x6FC0,ACK
4.1311830000,875,Data,0x485,0x8,0x22 0x00 0x00 0x00 0x0C 0x02 0x48 0x0C,0x1FCE,ACK
4.1487311000,876,Data,0x100,0x8,0x00 0x00 0x00 0x40 0x23 0x4F 0x64 0x32,0x4018,ACK
4.1534311000,877,Data,0x212,0x8,0x52 0x01 0x00 0xC9 0x03 0x00 0x00 0x2A,0x0F46,ACK
4.1536973000,878,Data,0x211,0x8,0xE4 0x00 0x2A 0x00 0x00 0x00 0x00 0x00,0x0D4D,ACK
4.1539616000,879,Data,0x343,0x8,0x00 0x00 0x00 0x00 0x00 0x00 0x00 0x00,0x33F5,ACK
4.1687296000,880,Data,0x100,0x8,0x00 0x00 0x00 0x40 0x23 0x4F 0x64 0x32,0x4018,ACK
4.1749038000,881,Data,0x311,0x8,0x39 0x1E 0x07 0x3F 0x90 0x01 0x00 0x00,0x66BC,ACK
4.1887298000,882,Data,0x100,0x8,0x00 0x00 0x00 0x40 0x23 0x4F 0x64 0x32,0x4018,ACK
4.2087297000,883,Data,0x100,0x8,0x00 0x00 0x00 0x40 0x23 0x4F 0x64 0x32,0x4018,ACK
4.2287476000,884,Data,0x100,0x8,0x00 0x00 0x00 0x40 0x23 0x4F 0x64 0x32,0x4018,ACK
4.2289919000,885,Data,0x203,0x8,0x03 0x00 0x58 0x00 0x58 0x00 0x00 0x00,0x4AB9,ACK
4.2292401000,886,Data,0x204,0x8,0x00 0x00 0x00 0x00 0x00 0x00 0x00 0x00,0x79D1,ACK
4.2294964000,887,Data,0x205,0x8,0x00 0x00 0x00 0x00 0x00 0x00 0x00 0x00,0x72CA,ACK
4.2298046000,888,Data,0x209,0x8,0x9F 0x27 0x10 0x04 0x90 0x49 0x00 0x00,0x59C2,ACK
4.2300449000,889,Data,0x20A,0x8,0x00 0x00 0x00 0x00 0x00 0x00 0x00 0x00,0x1B53,ACK
4.2303011000,890,Data,0x20B,0x8,0xBC 0x02 0x64 0x00 0x01 0xC8 0x00 0x00,0x021C,ACK
4.2305454000,891,Data,0x20C,0x8,0x00 0xC4 0x2C 0x34 0x1E 0x07 0x00 0x00,0x3E70,ACK
4.2487274000,892,Data,0x100,0x8,0x00 0x00 0x00 0x40 0x23 0x4F 0x64 0x32,0x4018,ACK
4.2534354000,893,Data,0x212,0x8,0x52 0x01 0x00 0xC9 0x00 0x00 0x00 0x2A,0x2C4E,ACK
4.2536917000,894,Data,0x211,0x8,0xE4 0x00 0x2A 0x00 0x00 0x00 0x03 0x00,0x04BE,ACK
4.2539759000,895,Data,0x343,0x8,0x00 0x00 0x00 0x00 0x00 0x00 0x00 0x00,0x33F5,ACK
4.2542342000,896,Data,0x341,0x8,0x00 0x00 0x00 0x00 0x02 0x00 0x00 0x00,0x1833,ACK
4.2545304000,897,Data,0x342,0x8,0x23 0x00 0x64 0x00 0x00 0xC4 0x16 0x34,0x5886,ACK
4.2547906000,898,Data,0x344,0x8,0x00 0x00 0x00 0x03 0x00 0x00 0x00 0x00,0x6F15,ACK
4.2687286000,899,Data,0x100,0x8,0x00 0x00 0x00 0x40 0x23 0x4F 0x64 0x32,0x4018,ACK
4.2887165000,900,Data,0x100,0x8,0x00 0x00 0x00 0x40 0x23 0x4F 0x64 0x32,0x4018,ACK
4.2985807000,901,Data,0x310,0x8,0xF1 0x0E 0x78 0x05 0x1A 0x02 0x01 0xC8,0x14DD,ACK
4.3087267000,902,Data,0x100,0x8,0x00 0x00 0x00 0x40 0x23 0x4F 0x64 0x32,0x4018,ACK
4.3287527000,903,Data,0x100,0x8,0x00 0x00 0x00 0x40 0x23 0x4F 0x64 0x32,0x4018,ACK
4.3289970000,904,Data,0x203,0x8,0x03 0x00 0x58 0x00 0x58 0x00 0x03 0x00,0x434A,ACK
4.3292412000,905,Data,0x204,0x8,0x00 0x00 0x00 0x00 0x00 0x00 0x00 0x00,0x79D1,ACK
4.3294975000,906,Data,0x205,0x8,0x00 0x00 0x00 0x00 0x00 0x00 0x00 0x00,0x72CA,ACK
4.3298037000,907,Data,0x209,0x8,0x9F 0x27 0x10 0x04 0x90 0x49 0x00 0x00,0x59C2,ACK
4.3300440000,908,Data,0x20A,0x8,0x00 0x00 0x00 0x00 0x00 0x00 0x00 0x00,0x1B53,ACK
4.3302982000,909,Data,0x20B,0x8,0xBC 0x02 0x64 0x00 0x01 0xC8 0x00 0x00,0x021C,ACK
4.3305423000,910,Data,0x20C,0x8,0x00 0xC4 0x2C 0x34 0x1E 0x07 0x00 0x00,0x3E70,ACK
4.3307906000,911,Data,0x301,0x8,0x00 0x00 0x00 0x00 0x00 0x00 0x00 0x00,0x7E55,ACK
4.3310468000,912,Data,0x302,0x2,0x00 0xFF,0x6FC0,ACK
4.3311931000,913,Data,0x485,0x8,0x22 0x00 0x00 0x00 0x0C 0x02 0x48 0x0C,0x1FCE,ACK
4.3487271000,914,Data,0x100,0x8,0x00 0x00 0x00 0x40 0x23 0x4F 0x64 0x32,0x4018,ACK
4.3533991000,915,Data,0x212,0x8,0x52 0x01 0x00 0xC9 0x0B 0x00 0x00 0x2A,0x3D1F,ACK
4.3536473000,916,Data,0x211,0x8,0xE4 0x00 0x2A 0x00 0x00 0x00 0x0B 0x00,0x7D41,ACK
4.3539116000,917,Data,0x343,0x8,0x00 0x00 0x00 0x00 0x00 0x00 0x00 0x00,0x33F5,ACK
4.3541998000,918,Data,0x401,0x8,0x00 0x00 0x34 0x00 0x05 0x2A 0x00 0x00,0x4E01,ACK
4.3687278000,919,Data,0x100,0x8,0x00 0x00 0x00 0x40 0x23 0x4F 0x64 0x32,0x4018,ACK
4.3748421000,920,Data,0x311,0x8,0x39 0x1E 0x07 0x3F 0x90 0x01 0x00 0x00,0x66BC,ACK
4.3887280000,921,Data,0x100,0x8,0x00 0x00 0x00 0x40 0x23 0x4F 0x64 0x32,0x4018,ACK
4.4087259000,922,Data,0x100,0x8,0x00 0x00 0x00 0x40 0x23 0x4F 0x64 0x32,0x4018,ACK
4.4287439000,923,Data,0x100,0x8,0x00 0x00 0x00 0x40 0x23 0x4F 0x64 0x32,0x4018,ACK
4.4289882000,924,Data,0x203,0x8,0x03 0x00 0x58 0x00 0x58 0x00 0x0B 0x00,0x3AB5,ACK
4.4292324000,925,Data,0x204,0x8,0x00 0x00 0x00 0x00 0x00 0x00 0x00 0x00,0x79D1,ACK
4.4294887000,926,Data,0x205,0x8,0x00 0x00 0x00 0x00 0x00 0x00 0x00 0x00,0x72CA,ACK
4.4298029000,927,Data,0x209,0x8,0x9F 0x27 0x10 0x04 0x90 0x49 0x00 0x00,0x59C2,ACK
4.4300432000,928,Data,0x20A,0x8,0x00 0x00 0x00 0x00 0x00 0x00 0x00 0x00,0x1B53,ACK
4.4302994000,929,Data,0x20B,0x8,0xBC 0x02 0x64 0x00 0x01 0xC8 0x00 0x00,0x021C,ACK
4.4305437000,930,Data,0x20C,0x8,0x00 0xC4 0x2C 0x34 0x1E 0x07 0x00 0x00,0x3E70,ACK
4.4487257000,931,Data,0x100,0x8,0x00 0x00 0x00 0x40 0x23 0x4F 0x64 0x32,0x4018,ACK
4.4534257000,932,Data,0x212,0x8,0x52 0x01 0x00 0xC9 0x11 0x00 0x00 0x2A,0x5604,ACK
4.4536958000,933,Data,0x211,0x8,0xE4 0x00 0x2A 0x00 0x00 0x00 0x15 0x00,0x213F,ACK
4.4539839000,934,Data,0x343,0x8,0x00 0x00 0x00 0x00 0x00 0x00 0x00 0x00,0x33F5,ACK
4.4543860000,935,Data,0x341,0x8,0x00 0x00 0x00 0x00 0x02 0x00 0x00 0x00,0x1833,ACK
4.4546761000,936,Data,0x342,0x8,0x23 0x00 0x64 0x00 0x00 0xC4 0x16 0x34,0x5886,ACK
4.4549423000,937,Data,0x344,0x8,0x00 0x00 0x00 0x03 0x00 0x00 0x00 0x00,0x6F15,ACK
4.4687262000,938,Data,0x100,0x8,0x00 0x00 0x00 0x40 0x23 0x4F 0x64 0x32,0x4018,ACK
4.4887262000,939,Data,0x100,0x8,0x00 0x00 0x00 0x40 0x23 0x4F 0x64 0x32,0x4018,ACK
4.4971124000,940,Data,0x501,0x8,0xB4 0xC1 0x83 0x58 0x51 0xE5 0xB2 0x6B,0x057E,ACK
4.4973427000,941,Data,0x502,0x8,0x32 0xAC 0x86 0x0E 0x1A 0xB9 0x00 0x00,0x0E93,ACK
4.4975789000,942,Data,0x424,0x8,0xF9 0x33 0x4D 0x69 0x00 0x00 0x00 0x00,0x44D8,ACK
4.4984612000,943,Data,0x310,0x8,0xF1 0x0E 0x78 0x05 0x1A 0x02 0x01 0xC8,0x14DD,ACK
4.5000374000,944,Data,0x429,0x8,0x20 0x00 0x00 0x00 0x00 0x00 0x00 0x00,0x7AC7,ACK
4.5019517000,945,Data,0x425,0x8,0x01 0x64 0x48 0x58 0x58 0x58 0x01 0xFF,0x1AD8,ACK
4.5025219000,946,Data,0x421,0x8,0x38 0x36 0x31 0x34 0xFB 0x04 0x62 0x04,0x00AE,ACK
4.5044202000,947,Data,0x420,0x8,0xA9 0x14 0xFA 0xFF 0x70 0x03 0x00 0x00,0x5533,ACK
4.5049924000,948,Data,0x422,0x8,0x00 0x00 0x20 0x00 0x15 0x00 0x02 0x00,0x33F1,ACK
4.5053787000,949,Data,0x423,0x8,0xBC 0x02 0x64 0x00 0x3C 0x00 0x01 0x00,0x500B,ACK
4.5087248000,950,Data,0x100,0x8,0x00 0x00 0x00 0x40 0x23 0x4F 0x64 0x32,0x4018,ACK
4.5287668000,951,Data,0x100,0x8,0x00 0x00 0x00 0x40 0x23 0x4F 0x64 0x32,0x4018,ACK
4.5290110000,952,Data,0x203,0x8,0x03 0x00 0x58 0x00 0x58 0x00 0x15 0x00,0x66CB,ACK
4.5292553000,953,Data,0x204,0x8,0x00 0x00 0x00 0x00 0x00 0x00 0x00 0x00,0x79D1,ACK
4.5295115000,954,Data,0x205,0x8,0x00 0x00 0x00 0x00 0x00 0x00 0x00 0x00,0x72CA,ACK
4.5297898000,955,Data,0x209,0x8,0x9F 0x27 0x10 0x04 0x90 0x49 0x00 0x00,0x59C2,ACK
4.5300300000,956,Data,0x20A,0x8,0x00 0x00 0x00 0x00 0x00 0x00 0x00 0x00,0x1B53,ACK
4.5302862000,957,Data,0x20B,0x8,0xBC 0x02 0x64 0x00 0x01 0xC8 0x00 0x00,0x021C,ACK
4.5305305000,958,Data,0x20C,0x8,0x00 0xC4 0x2C 0x34 0x1E 0x07 0x00 0x00,0x3E70,ACK
4.5307787000,959,Data,0x301,0x8,0x00 0x00 0x00 0x00 0x00 0x00 0x00 0x00,0x7E55,ACK
4.5310350000,960,Data,0x302,0x2,0x00 0xFF,0x6FC0,ACK
4.5311812000,961,Data,0x485,0x8,0x22 0x00 0x00 0x00 0x0C 0x02 0x48 0x0C,0x1FCE,ACK
4.5314255000,962,Data,0x480,0x8,0x00 0x00 0x00 0x00 0x20 0x00 0x00 0x00,0x2C46,ACK
4.5316817000,963,Data,0x481,0x8,0x50 0x0A 0x40 0x08 0x00 0x00 0x00 0x00,0x46C7,ACK
4.5319300000,964,Data,0x482,0x8,0x52 0x01 0x02 0x00 0x00 0x00 0x00 0x00,0x36EA,ACK
4.5321782000,965,Data,0x483,0x8,0x31 0x4B 0x31 0x55 0x41 0x32 0x35 0x35,0x717E,ACK
4.5324125000,966,Data,0x484,0x8,0x31 0x50 0x33 0x39 0x36 0x35 0x00 0x00,0x0196,ACK
4.5487225000,967,Data,0x100,0x8,0x00 0x00 0x00 0x40 0x23 0x4F 0x64 0x32,0x4018,ACK
4.5534126000,968,Data,0x212,0x8,0x52 0x01 0x00 0xC9 0x0C 0x00 0x00 0x2A,0x65F7,ACK
4.5536548000,969,Data,0x211,0x8,0xE4 0x00 0x2A 0x00 0x00 0x00 0x1F 0x00,0x1515,ACK
4.5539231000,970,Data,0x343,0x8,0x00 0x00 0x00 0x00 0x00 0x00 0x00 0x00,0x33F5,ACK
4.5687250000,971,Data,0x100,0x8,0x00 0x00 0x04 0x40 0x23 0x4F 0x64 0x32,0x38A8,ACK
4.5748073000,972,Data,0x311,0x8,0x39 0x1E 0x07 0x3F 0x90 0x01 0x00 0x00,0x66BC,ACK
4.5887252000,973,Data,0x100,0x8,0x00 0x00 0x04 0x40 0x23 0x4F 0x64 0x32,0x38A8,ACK
4.6087231000,974,Data,0x100,0x8,0x00 0x00 0x04 0x40 0x23 0x4F 0x64 0x32,0x38A8,ACK
4.6287431000,975,Data,0x100,0x8,0x00 0x00 0x04 0x40 0x23 0x4F 0x64 0x32,0x38A8,ACK
4.6289832000,976,Data,0x203,0x8,0x03 0x00 0x58 0x00 0x58 0x00 0x1F 0x00,0x52E1,ACK
4.6292273000,977,Data,0x204,0x8,0x00 0x00 0x00 0x00 0x00 0x00 0x00 0x00,0x79D1,ACK
4.6294835000,978,Data,0x205,0x8,0x00 0x00 0x00 0x00 0x00 0x00 0x00 0x00,0x72CA,ACK
4.6297876000,979,Data,0x209,0x8,0x9F 0x27 0x10 0x04 0x90 0x49 0x00 0x00,0x59C2,ACK
4.6300277000,980,Data,0x20A,0x8,0x00 0x00 0x00 0x00 0x00 0x00 0x00 0x00,0x1B53,ACK
4.6302818000,981,Data,0x20B,0x8,0xBC 0x02 0x64 0x00 0x01 0xC8 0x00 0x00,0x021C,ACK
4.6305259000,982,Data,0x20C,0x8,0x00 0xC4 0x2C 0x34 0x1E 0x07 0x00 0x00,0x3E70,ACK
4.6487218000,983,Data,0x100,0x8,0x00 0x00 0x04 0x40 0x23 0x4F 0x64 0x32,0x38A8,ACK
4.6533959000,984,Data,0x212,0x8,0x52 0x01 0x00 0xC9 0x07 0x00 0x00 0x2A,0x74A6,ACK
4.6536442000,985,Data,0x211,0x8,0xE4 0x00 0x2A 0x00 0x00 0x00 0x18 0x00,0x42D5,ACK
4.6539104000,986,Data,0x343,0x8,0x00 0x00 0x00 0x01 0x00 0x00 0x01 0x00,0x103B,ACK
4.6542027000,987,Data,0x341,0x8,0x00 0x00 0x00 0x00 0x02 0x00 0x00 0x00,0x1833,ACK
4.6544609000,988,Data,0x342,0x8,0x23 0x00 0x64 0x00 0x00 0xC4 0x16 0x34,0x5886,ACK
4.6547031000,989,Data,0x344,0x8,0x00 0x00 0x00 0x03 0x00 0x00 0x00 0x00,0x6F15,ACK
4.6687231000,990,Data,0x100,0x8,0x00 0x00 0x04 0x40 0x23 0x4F 0x64 0x32,0x38A8,ACK
4.6887231000,991,Data,0x100,0x8,0x00 0x00 0x04 0x40 0x23 0x4F 0x64 0x32,0x38A8,ACK
4.7000392000,992,Data,0x310,0x8,0xF1 0x0E 0x78 0x05 0x1A 0x02 0x01 0xC8,0x14DD,ACK
4.7087232000,993,Data,0x100,0x8,0x00 0x00 0x04 0x40 0x23 0x4F 0x64 0x32,0x38A8,ACK
4.7287492000,994,Data,0x100,0x8,0x00 0x00 0x04 0x40 0x23 0x4F 0x64 0x32,0x38A8,ACK
4.7289894000,995,Data,0x203,0x8,0x03 0x00 0x58 0x00 0x58 0x00 0x18 0x00,0x0521,ACK
4.7292377000,996,Data,0x204,0x8,0x00 0x00 0x00 0x00 0x00 0x00 0x00 0x00,0x79D1,ACK
4.7294939000,997,Data,0x205,0x8,0x00 0x00 0x00 0x00 0x00 0x00 0x00 0x00,0x72CA,ACK
4.7298002000,998,Data,0x209,0x8,0x9F 0x27 0x10 0x04 0x90 0x49 0x00 0x00,0x59C2,ACK
4.7300404000,999,Data,0x20A,0x8,0x00 0x00 0x00 0x00 0x00 0x00 0x00 0x00,0x1B53,ACK
4.7302967000,1000,Data,0x20B,0x8,0xBC 0x02 0x64 0x00 0x01 0xC8 0x00 0x00,0x021C,ACK
4.7305409000,1001,Data,0x20C,0x8,0x00 0xC4 0x2C 0x34 0x1E 0x07 0x00 0x00,0x3E70,ACK
4.7307891000,1002,Data,0x301,0x8,0x00 0x00 0x00 0x00 0x00 0x00 0x00 0x00,0x7E55,ACK
4.7310454000,1003,Data,0x302,0x2,0x00 0xFF,0x6FC0,ACK
4.7311916000,1004,Data,0x485,0x8,0x22 0x00 0x00 0x00 0x0C 0x02 0x48 0x0C,0x1FCE,ACK
4.7487217000,1005,Data,0x100,0x8,0x00 0x00 0x04 0x40 0x23 0x4F 0x64 0x32,0x38A8,ACK
4.7534257000,1006,Data,0x212,0x8,0x52 0x01 0x00 0xC9 0x04 0x00 0x00 0x2A,0x57AE,ACK
4.7536900000,1007,Data,0x211,0x8,0xE4 0x00 0x2A 0x00 0x00 0x00 0x0E 0x00,0x6754,ACK
4.7539302000,1008,Data,0x343,0x8,0x00 0x00 0x00 0x01 0x00 0x00 0x01 0x00,0x103B,ACK
4.7687222000,1009,Data,0x100,0x8,0x00 0x00 0x04 0x40 0x23 0x4F 0x64 0x32,0x38A8,ACK
4.7763042000,1010,Data,0x311,0x8,0x39 0x1E 0x07 0x3F 0x90 0x01 0x00 0x00,0x66BC,ACK
4.7887201000,1011,Data,0x100,0x8,0x00 0x00 0x04 0x40 0x23 0x4F 0x64 0x32,0x38A8,ACK
4.8087221000,1012,Data,0x100,0x8,0x00 0x00 0x04 0x40 0x23 0x4F 0x64 0x32,0x38A8,ACK
4.8287380000,1013,Data,0x100,0x8,0x00 0x00 0x04 0x40 0x23 0x4F 0x64 0x32,0x38A8,ACK
4.8289782000,1014,Data,0x203,0x8,0x03 0x00 0x58 0x00 0x58 0x00 0x0E 0x00,0x20A0,ACK
4.8292305000,1015,Data,0x204,0x8,0x00 0x00 0x00 0x00 0x00 0x00 0x00 0x00,0x79D1,ACK
4.8294867000,1016,Data,0x205,0x8,0x00 0x00 0x00 0x00 0x00 0x00 0x00 0x00,0x72CA,ACK
4.8297969000,1017,Data,0x209,0x8,0x9F 0x27 0x10 0x04 0x90 0x49 0x00 0x00,0x59C2,ACK
4.8300371000,1018,Data,0x20A,0x8,0x00 0x00 0x00 0x00 0x00 0x00 0x00 0x00,0x1B53,ACK
4.8302914000,1019,Data,0x20B,0x8,0xBC 0x02 0x64 0x00 0x01 0xC8 0x00 0x00,0x021C,ACK
4.8305356000,1020,Data,0x20C,0x8,0x00 0xC4 0x2C 0x34 0x1E 0x07 0x00 0x00,0x3E70,ACK
4.8487196000,1021,Data,0x100,0x8,0x00 0x00 0x04 0x40 0x23 0x4F 0x64 0x32,0x38A8,ACK
4.8533957000,1022,Data,0x212,0x8,0x52 0x01 0x00 0xC9 0x0B 0x00 0x00 0x2A,0x3D1F,ACK
4.8536439000,1023,Data,0x211,0x8,0xE4 0x00 0x2A 0x00 0x00 0x00 0x17 0x00,0x6CEA,ACK
4.8539082000,1024,Data,0x343,0x8,0x00 0x00 0x00 0x01 0x00 0x00 0x01 0x00,0x103B,ACK
4.8541764000,1025,Data,0x341,0x8,0x00 0x00 0x00 0x00 0x02 0x00 0x00 0x00,0x1833,ACK
4.8544606000,1026,Data,0x342,0x8,0x23 0x00 0x64 0x00 0x00 0xC4 0x16 0x34,0x5886,ACK
4.8547229000,1027,Data,0x344,0x8,0x00 0x00 0x00 0x03 0x00 0x00 0x00 0x00,0x6F15,ACK
4.8550151000,1028,Data,0x401,0x8,0x00 0x00 0x34 0x00 0x05 0x2A 0x00 0x00,0x4E01,ACK
4.8687091000,1029,Data,0x100,0x8,0x00 0x00 0x04 0x40 0x23 0x4F 0x64 0x32,0x38A8,ACK
4.8887211000,1030,Data,0x100,0x8,0x00 0x00 0x04 0x40 0x23 0x4F 0x64 0x32,0x38A8,ACK
4.9000074000,1031,Data,0x310,0x8,0xF1 0x0E 0x78 0x05 0x1A 0x02 0x01 0xC8,0x14DD,ACK
4.9087173000,1032,Data,0x100,0x8,0x00 0x00 0x04 0x40 0x23 0x4F 0x64 0x32,0x38A8,ACK
4.9287473000,1033,Data,0x100,0x8,0x00 0x00 0x04 0x40 0x23 0x4F 0x64 0x32,0x38A8,ACK
4.9289876000,1034,Data,0x203,0x8,0x03 0x00 0x58 0x00 0x58 0x00 0x17 0x00,0x2B1E,ACK
4.9292298000,1035,Data,0x204,0x8,0x00 0x00 0x00 0x00 0x00 0x00 0x00 0x00,0x79D1,ACK
4.9294861000,1036,Data,0x205,0x8,0x00 0x00 0x00 0x00 0x00 0x00 0x00 0x00,0x72CA,ACK
4.9297823000,1037,Data,0x209,0x8,0x9F 0x27 0x10 0x04 0x90 0x49 0x00 0x00,0x59C2,ACK
4.9300246000,1038,Data,0x20A,0x8,0x00 0x00 0x00 0x00 0x00 0x00 0x00 0x00,0x1B53,ACK
4.9302808000,1039,Data,0x20B,0x8,0xBC 0x02 0x64 0x00 0x01 0xC8 0x00 0x00,0x021C,ACK
4.9305251000,1040,Data,0x20C,0x8,0x00 0xC4 0x2C 0x34 0x1E 0x07 0x00 0x00,0x3E70,ACK
4.9307733000,1041,Data,0x301,0x8,0x00 0x00 0x00 0x00 0x00 0x00 0x00 0x00,0x7E55,ACK
4.9310296000,1042,Data,0x302,0x2,0x00 0xFF,0x6FC0,ACK
4.9311758000,1043,Data,0x485,0x8,0x22 0x00 0x00 0x00 0x0C 0x02 0x48 0x0C,0x1FCE,ACK
4.9487198000,1044,Data,0x100,0x8,0x00 0x00 0x04 0x40 0x23 0x4F 0x64 0x32,0x38A8,ACK
4.9533978000,1045,Data,0x212,0x8,0x52 0x01 0x00 0xC9 0x07 0x00 0x00 0x2A,0x74A6,ACK
4.9536460000,1046,Data,0x211,0x8,0xE4 0x00 0x2A 0x00 0x00 0x00 0x16 0x00,0x28CC,ACK
4.9539342000,1047,Data,0x343,0x8,0x00 0x00 0x00 0x01 0x00 0x00 0x01 0x00,0x103B,ACK
4.9687182000,1048,Data,0x100,0x8,0x00 0x00 0x04 0x40 0x23 0x4F 0x64 0x32,0x38A8,ACK
4.9770464000,1049,Data,0x311,0x8,0x39 0x1E 0x07 0x3F 0x90 0x01 0x00 0x00,0x66BC,ACK
4.9887184000,1050,Data,0x100,0x8,0x00 0x00 0x04 0x40 0x23 0x4F 0x64 0x32,0x38A8,ACK
5.0004087000,1051,Data,0x429,0x8,0x20 0x00 0x00 0x00 0x00 0x00 0x00 0x00,0x7AC7,ACK
5.0023250000,1052,Data,0x425,0x8,0x01 0x64 0x48 0x58 0x58 0x58 0x01 0xFF,0x1AD8,ACK
5.0028872000,1053,Data,0x421,0x8,0x38 0x36 0x31 0x34 0xFB 0x04 0x62 0x04,0x00AE,ACK
5.0048015000,1054,Data,0x420,0x8,0xA9 0x14 0xFA 0xFF 0x70 0x03 0x00 0x00,0x5533,ACK
5.0053657000,1055,Data,0x422,0x8,0x00 0x00 0x20 0x00 0x15 0x00 0x02 0x00,0x33F1,ACK
5.0057620000,1056,Data,0x423,0x8,0xBC 0x02 0x64 0x00 0x3C 0x00 0x01 0x00,0x500B,ACK
5.0087180000,1057,Data,0x100,0x8,0x00 0x00 0x04 0x40 0x23 0x4F 0x64 0x32,0x38A8,ACK
5.0287360000,1058,Data,0x100,0x8,0x00 0x00 0x04 0x40 0x23 0x4F 0x64 0x32,0x38A8,ACK
5.0289763000,1059,Data,0x203,0x8,0x03 0x00 0x58 0x00 0x58 0x00 0x16 0x00,0x6F38,ACK
5.0292185000,1060,Data,0x204,0x8,0x00 0x00 0x00 0x00 0x00 0x00 0x00 0x00,0x79D1,ACK
5.0294768000,1061,Data,0x205,0x8,0x00 0x00 0x00 0x00 0x00 0x00 0x00 0x00,0x72CA,ACK
5.0297950000,1062,Data,0x209,0x8,0x9F 0x27 0x10 0x04 0x90 0x49 0x00 0x00,0x59C2,ACK
5.0300353000,1063,Data,0x20A,0x8,0x00 0x00 0x00 0x00 0x00 0x00 0x00 0x00,0x1B53,ACK
5.0302895000,1064,Data,0x20B,0x8,0xBC 0x02 0x64 0x00 0x01 0xC8 0x00 0x00,0x021C,ACK
5.0305338000,1065,Data,0x20C,0x8,0x00 0xC4 0x2C 0x34 0x1E 0x07 0x00 0x00,0x3E70,ACK
5.0487178000,1066,Data,0x100,0x8,0x00 0x00 0x04 0x40 0x23 0x4F 0x64 0x32,0x38A8,ACK
5.0534278000,1067,Data,0x212,0x8,0x52 0x01 0x00 0xC9 0x02 0x00 0x00 0x2A,0x11BE,ACK
5.0536900000,1068,Data,0x211,0x8,0xE4 0x00 0x2A 0x00 0x00 0x00 0x0E 0x00,0x6754,ACK
5.0539703000,1069,Data,0x343,0x8,0x00 0x00 0x00 0x01 0x00 0x00 0x01 0x00,0x103B,ACK
5.0542305000,1070,Data,0x341,0x8,0x00 0x00 0x00 0x00 0x02 0x00 0x00 0x00,0x1833,ACK
5.0545028000,1071,Data,0x342,0x8,0x23 0x00 0x64 0x00 0x00 0xC4 0x16 0x34,0x5886,ACK
5.0547410000,1072,Data,0x344,0x8,0x00 0x00 0x00 0x03 0x00 0x00 0x00 0x00,0x6F15,ACK
5.0687170000,1073,Data,0x100,0x8,0x00 0x00 0x04 0x40 0x23 0x4F 0x64 0x32,0x38A8,ACK
5.0887169000,1074,Data,0x100,0x8,0x00 0x00 0x04 0x40 0x23 0x4F 0x64 0x32,0x38A8,ACK
5.0995631000,1075,Data,0x310,0x8,0xF1 0x0E 0x78 0x05 0x1A 0x02 0x01 0xC8,0x14DD,ACK
5.1087171000,1076,Data,0x100,0x8,0x00 0x00 0x04 0x40 0x23 0x4F 0x64 0x32,0x38A8,ACK
5.1287431000,1077,Data,0x100,0x8,0x00 0x00 0x04 0x40 0x23 0x4F 0x64 0x32,0x38A8,ACK
5.1289834000,1078,Data,0x203,0x8,0x03 0x00 0x58 0x00 0x58 0x00 0x0E 0x00,0x20A0,ACK
5.1292336000,1079,Data,0x204,0x8,0x00 0x00 0x00 0x00 0x00 0x00 0x00 0x00,0x79D1,ACK
5.1294899000,1080,Data,0x205,0x8,0x00 0x00 0x00 0x00 0x00 0x00 0x00 0x00,0x72CA,ACK
5.1297941000,1081,Data,0x209,0x8,0x9F 0x27 0x10 0x04 0x90 0x49 0x00 0x00,0x59C2,ACK
5.1300343000,1082,Data,0x20A,0x8,0x00 0x00 0x00 0x00 0x00 0x00 0x00 0x00,0x1B53,ACK
5.1302906000,1083,Data,0x20B,0x8,0xBC 0x02 0x64 0x00 0x01 0xC8 0x00 0x00,0x021C,ACK
5.1305348000,1084,Data,0x20C,0x8,0x00 0xC4 0x2C 0x34 0x1E 0x07 0x00 0x00,0x3E70,ACK
5.1307831000,1085,Data,0x301,0x8,0x00 0x00 0x00 0x00 0x00 0x00 0x00 0x00,0x7E55,ACK
5.1310393000,1086,Data,0x302,0x2,0x00 0xFF,0x6FC0,ACK
5.1311836000,1087,Data,0x485,0x8,0x22 0x00 0x00 0x00 0x0C 0x02 0x48 0x0C,0x1FCE,ACK
5.1487176000,1088,Data,0x100,0x8,0x00 0x00 0x04 0x40 0x23 0x4F 0x64 0x32,0x38A8,ACK
5.1533976000,1089,Data,0x212,0x8,0x52 0x01 0x00 0xC9 0x0C 0x00 0x00 0x2A,0x65F7,ACK
5.1536398000,1090,Data,0x211,0x8,0xE4 0x00 0x2A 0x00 0x00 0x00 0x0B 0x00,0x7D41,ACK
5.1539061000,1091,Data,0x343,0x8,0x00 0x00 0x00 0x01 0x00 0x00 0x01 0x00,0x103B,ACK
5.1687181000,1092,Data,0x100,0x8,0x00 0x00 0x04 0x40 0x23 0x4F 0x64 0x32,0x38A8,ACK
5.1779442000,1093,Data,0x311,0x8,0x39 0x1E 0x07 0x3F 0x90 0x01 0x00 0x00,0x66BC,ACK
5.1887162000,1094,Data,0x100,0x8,0x00 0x00 0x04 0x40 0x23 0x4F 0x64 0x32,0x38A8,ACK
5.2087142000,1095,Data,0x100,0x8,0x00 0x00 0x04 0x40 0x23 0x4F 0x64 0x32,0x38A8,ACK
5.2287342000,1096,Data,0x100,0x8,0x00 0x00 0x04 0x40 0x23 0x4F 0x64 0x32,0x38A8,ACK
5.2289744000,1097,Data,0x203,0x8,0x03 0x00 0x58 0x00 0x58 0x00 0x0B 0x00,0x3AB5,ACK
5.2292187000,1098,Data,0x204,0x8,0x00 0x00 0x00 0x00 0x00 0x00 0x00 0x00,0x79D1,ACK
5.2294749000,1099,Data,0x205,0x8,0x00 0x00 0x00 0x00 0x00 0x00 0x00 0x00,0x72CA,ACK
5.2297932000,1100,Data,0x209,0x8,0x9F 0x27 0x10 0x04 0x90 0x49 0x00 0x00,0x59C2,ACK
5.2300334000,1101,Data,0x20A,0x8,0x00 0x00 0x00 0x00 0x00 0x00 0x00 0x00,0x1B53,ACK
5.2302897000,1102,Data,0x20B,0x8,0xBC 0x02 0x64 0x00 0x01 0xC8 0x00 0x00,0x021C,ACK
5.2305339000,1103,Data,0x20C,0x8,0x00 0xC4 0x2C 0x34 0x1E 0x07 0x00 0x00,0x3E70,ACK
5.2487158000,1104,Data,0x100,0x8,0x00 0x00 0x04 0x40 0x23 0x4F 0x64 0x32,0x38A8,ACK
5.2534258000,1105,Data,0x212,0x8,0x52 0x01 0x00 0xC9 0x11 0x00 0x00 0x2A,0x5604,ACK
5.2536939000,1106,Data,0x211,0x8,0xE4 0x00 0x2A 0x00 0x00 0x00 0x15 0x00,0x213F,ACK
5.2539800000,1107,Data,0x343,0x8,0x00 0x00 0x00 0x01 0x00 0x00 0x01 0x00,0x103B,ACK
5.2542483000,1108,Data,0x341,0x8,0x00 0x00 0x00 0x00 0x02 0x00 0x00 0x00,0x1833,ACK
5.2545085000,1109,Data,0x342,0x8,0x23 0x00 0x64 0x00 0x00 0xC4 0x16 0x34,0x5886,ACK
5.2547488000,1110,Data,0x344,0x8,0x00 0x00 0x00 0x03 0x00 0x00 0x00 0x00,0x6F15,ACK
5.2687147000,1111,Data,0x100,0x8,0x3C 0x00 0x04 0x40 0x23 0x4F 0x64 0x32,0x1178,ACK
5.2887147000,1112,Data,0x100,0x8,0x73 0x00 0x04 0x40 0x23 0x4F 0x64 0x32,0x7317,ACK
5.2997088000,1113,Data,0x310,0x8,0xF1 0x0E 0x78 0x05 0x1A 0x02 0x01 0xC8,0x14DD,ACK
5.3087148000,1114,Data,0x100,0x8,0x89 0x00 0x04 0x40 0x23 0x4F 0x64 0x32,0x5EE1,ACK
5.3287428000,1115,Data,0x100,0x8,0xA0 0x00 0x04 0x40 0x23 0x4F 0x64 0x32,0x7BC6,ACK
5.3289829000,1116,Data,0x203,0x8,0x03 0x00 0x58 0x00 0x58 0x00 0x35 0x00,0x66CB,ACK
5.3292251000,1117,Data,0x22A,0x4,0x00 0x00 0x00 0x00,0x0000,NAK
5.3294834000,1118,Data,0x205,0x8,0x00 0x00 0x00 0x00 0x00 0x00 0x00 0x00,0x72CA,ACK
5.3297916000,1119,Data,0x209,0x8,0x9F 0x27 0x10 0x04 0x90 0x49 0x00 0x00,0x59C2,ACK
5.3300319000,1120,Data,0x20A,0x8,0x00 0x00 0x00 0x00 0x00 0x00 0x00 0x00,0x1B53,ACK
5.3302881000,1121,Data,0x20B,0x8,0xBC 0x02 0x64 0x00 0x01 0xE8 0x00 0x00,0x021C,ACK
5.3305344000,1122,Data,0x20C,0x8,0x00 0xC4 0x2C 0x34 0x1E 0x07 0x00 0x00,0x3E70,ACK
5.3307826000,1123,Data,0x301,0x8,0x00 0x00 0x00 0x00 0x00 0x00 0x00 0xC0,0x3F2A,NAK
5.3310389000,1124,Data,0x302,0x2,0x00 0xFF,0x6FC0,ACK
5.3311831000,1125,Data,0x485,0x8,0x22 0x00 0x00 0x00 0x0C 0x02 0x48 0x0C,0x1FCE,ACK
5.3487151000,1126,Data,0x100,0x8,0xBC 0x20 0x02 0x20 0x11 0xA7 0xB2 0x19,0x0B5E,NAK
5.3534252000,1127,Data,0x212,0x8,0x52 0x01 0x01 0xC9 0x25 0x00 0x00 0x2A,0x5B87,ACK
5.3536675000,1128,Data,0x211,0x8,0xE4 0x00 0x2A 0x00 0x00 0x00 0x20 0x00,0x6583,ACK
5.3540357000,1129,Data,0x343,0x8,0x00 0x00 0x00 0x01 0x01 0x01 0x01 0xB8,0x5E7A,ACK
5.3544240000,1130,Data,0x401,0x8,0x8F 0x15 0x1A 0x08 0x82 0x95 0x00 0x00,0x2680,NAK
5.3687139000,1131,Data,0x100,0x8,0xC8 0x00 0x04 0x40 0x23 0x4F 0x64 0x32,0x61CA,ACK
5.3785621000,1132,Data,0x311,0x8,0x39 0x1E 0x07 0x3F 0x90 0x01 0x00 0x00,0x66BC,ACK
5.3887141000,1133,Data,0x100,0x8,0xC8 0x00 0x04 0x40 0x23 0x4F 0x64 0x32,0x61CA,ACK
5.4087141000,1134,Data,0x100,0x8,0xC8 0x00 0x04 0x40 0x23 0x4F 0x64 0x32,0x61CA,ACK
5.4287321000,1135,Data,0x100,0x8,0xC8 0x00 0x04 0x40 0x23 0x4F 0x64 0x32,0x61CA,ACK
5.4289702000,1136,Data,0x203,0x8,0x03 0x00 0x58 0x00 0x58 0x00 0x20 0x00,0x2677,ACK
5.4292143000,1137,Data,0x204,0x8,0x00 0x00 0x00 0x00 0x00 0x00 0x00 0x00,0x79D1,ACK
5.4294705000,1138,Data,0x205,0x8,0x00 0x00 0x00 0x00 0x00 0x00 0x00 0x00,0x72CA,ACK
5.4297786000,1139,Data,0x209,0x8,0x9F 0x27 0x10 0x04 0x90 0x49 0x00 0x00,0x59C2,ACK
5.4300207000,1140,Data,0x20A,0x8,0x00 0x00 0x00 0x00 0x00 0x00 0x00 0x00,0x1B53,ACK
5.4302768000,1141,Data,0x20B,0x8,0xBC 0x02 0x64 0x00 0x01 0xC8 0x00 0x00,0x021C,ACK
5.4305209000,1142,Data,0x20C,0x8,0x00 0xC4 0x2C 0x34 0x1E 0x07 0x00 0x00,0x3E70,ACK
5.4487128000,1143,Data,0x100,0x8,0xC8 0x00 0x04 0x40 0x23 0x4F 0x64 0x32,0x61CA,ACK
5.4534049000,1144,Data,0x212,0x8,0x52 0x01 0x01 0xC9 0x59 0x00 0x00 0x2A,0x638B,ACK
5.4536472000,1145,Data,0x211,0x8,0xE4 0x00 0x2A 0x00 0x00 0x00 0x6B 0x00,0x0D8A,ACK
5.4539394000,1146,Data,0x343,0x8,0x00 0x00 0x00 0x01 0x01 0x01 0x01 0xC8,0x5B06,ACK
5.4542015000,1147,Data,0x341,0x8,0x00 0x00 0x00 0x00 0x02 0x00 0x00 0x00,0x1833,ACK
5.4545078000,1148,Data,0x342,0x8,0x23 0x00 0x64 0x00 0x00 0xC4 0x16 0x34,0x5886,ACK
5.4547720000,1149,Data,0x344,0x8,0x00 0x00 0x00 0x03 0x00 0x00 0x00 0x00,0x6F15,ACK
5.4687119000,1150,Data,0x100,0x8,0xC8 0x00 0x04 0x40 0x23 0x4F 0x64 0x32,0x61CA,ACK
5.4887119000,1151,Data,0x100,0x8,0xC8 0x00 0x04 0x40 0x23 0x4F 0x64 0x32,0x61CA,ACK
5.5043663000,1152,Data,0x424,0x8,0xFA 0x33 0x4D 0x69 0x00 0x00 0x00 0x00,0x7811,ACK
5.5046105000,1153,Data,0x425,0x8,0x01 0x64 0x48 0x58 0x58 0x58 0x01 0xFF,0x1AD8,ACK
5.5048448000,1154,Data,0x429,0x8,0x20 0x00 0x00 0x00 0x00 0x00 0x00 0x00,0x7AC7,ACK
5.5050930000,1155,Data,0x420,0x8,0xAF 0x14 0xDA 0xFF 0x70 0x03 0x00 0x00,0x3ADC,ACK
5.5053292000,1156,Data,0x421,0x8,0x38 0x36 0x31 0x34 0xFB 0x04 0x62 0x04,0x00AE,ACK
5.5055635000,1157,Data,0x310,0x8,0xF1 0x0E 0x78 0x05 0x1A 0x02 0x01 0xC8,0x14DD,ACK
5.5057958000,1158,Data,0x422,0x8,0x00 0x00 0x20 0x00 0x15 0x00 0x02 0x00,0x33F1,ACK
5.5060420000,1159,Data,0x500,0x8,0x47 0x48 0x48 0xFF 0x48 0x48 0x48 0xFF,0x281A,ACK
5.5062743000,1160,Data,0x423,0x8,0xBC 0x02 0x64 0x00 0x3C 0x00 0x01 0x00,0x500B,ACK
5.5087123000,1161,Data,0x100,0x8,0xC8 0x00 0x04 0x40 0x23 0x4F 0x64 0x32,0x61CA,ACK
5.5287523000,1162,Data,0x100,0x8,0xC8 0x00 0x04 0x40 0x23 0x4F 0x64 0x32,0x61CA,ACK
5.5289925000,1163,Data,0x203,0x8,0x03 0x00 0x58 0x00 0x58 0x00 0x6B 0x00,0x4A7E,ACK
5.5292388000,1164,Data,0x204,0x8,0x00 0x00 0x00 0x00 0x00 0x00 0x00 0x00,0x79D1,ACK
5.5294950000,1165,Data,0x205,0x8,0x00 0x00 0x00 0x00 0x00 0x00 0x00 0x00,0x72CA,ACK
5.5297873000,1166,Data,0x209,0x8,0x9F 0x27 0x10 0x04 0x90 0x49 0x00 0x00,0x59C2,ACK
5.5300295000,1167,Data,0x20A,0x8,0x00 0x00 0x00 0x00 0x00 0x00 0x00 0x00,0x1B53,ACK
5.5302838000,1168,Data,0x20B,0x8,0xBC 0x02 0x64 0x00 0x01 0xC8 0x00 0x00,0x021C,ACK
5.5305300000,1169,Data,0x20C,0x8,0x00 0xC4 0x2C 0x34 0x1E 0x07 0x00 0x00,0x3E70,ACK
5.5307783000,1170,Data,0x301,0x8,0x00 0x00 0x00 0x00 0x00 0x00 0x00 0x00,0x7E55,ACK
5.5310345000,1171,Data,0x302,0x2,0x00 0xFF,0x6FC0,ACK
5.5311808000,1172,Data,0x485,0x8,0x22 0x00 0x00 0x00 0x0C 0x02 0x48 0x0C,0x1FCE,ACK
5.5314270000,1173,Data,0x480,0x8,0x00 0x00 0x01 0x00 0x20 0x00 0x00 0x00,0x326A,ACK
5.5316833000,1174,Data,0x481,0x8,0x50 0x0A 0x40 0x08 0x00 0x00 0x00 0x00,0x46C7,ACK
5.5319315000,1175,Data,0x482,0x8,0x52 0x01 0x02 0x00 0x00 0x00 0x00 0x00,0x36EA,ACK
5.5321798000,1176,Data,0x483,0x8,0x31 0x4B 0x31 0x55 0x41 0x32 0x35 0x35,0x717E,ACK
5.5324140000,1177,Data,0x484,0x8,0x31 0x50 0x33 0x39 0x36 0x35 0x00 0x00,0x0196,ACK
5.5487100000,1178,Data,0x100,0x8,0xC8 0x00 0x04 0x40 0x23 0x4F 0x64 0x32,0x61CA,ACK
5.5534181000,1179,Data,0x212,0x8,0x52 0x01 0x01 0xC9 0x58 0x00 0x00 0x2A,0x7D73,ACK
5.5536844000,1180,Data,0x211,0x8,0xE4 0x00 0x2A 0x00 0x00 0x00 0x98 0x00,0x7ADF,ACK
5.5539486000,1181,Data,0x343,0x8,0x00 0x00 0x00 0x01 0x01 0x01 0x01 0xC8,0x5B06,ACK
5.5687105000,1182,Data,0x100,0x8,0xC8 0x00 0x04 0x40 0x23 0x4F 0x64 0x32,0x61CA,ACK
5.5802708000,1183,Data,0x311,0x8,0x39 0x1E 0x07 0x3F 0x90 0x01 0x00 0x00,0x66BC,ACK
5.5887109000,1184,Data,0x100,0x8,0xB4 0x00 0x04 0x40 0x23 0x4F 0x64 0x32,0x2001,ACK
5.6087109000,1185,Data,0x100,0x8,0x49 0x00 0x04 0x40 0x23 0x4F 0x64 0x32,0x2355,ACK
5.6287288000,1186,Data,0x100,0x8,0x1B 0x00 0x04 0x40 0x23 0x4F 0x64 0x32,0x691B,ACK
5.6289690000,1187,Data,0x203,0x8,0x03 0x00 0x58 0x00 0x58 0x00 0x98 0x00,0x3D2B,ACK
5.6292133000,1188,Data,0x204,0x8,0x00 0x00 0x00 0x00 0x00 0x00 0x00 0x00,0x79D1,ACK
5.6294695000,1189,Data,0x205,0x8,0x00 0x00 0x00 0x00 0x00 0x00 0x00 0x00,0x72CA,ACK
5.6297877000,1190,Data,0x209,0x8,0x9F 0x27 0x10 0x04 0x90 0x49 0x00 0x00,0x59C2,ACK
5.6300260000,1191,Data,0x20A,0x8,0x00 0x00 0x00 0x00 0x00 0x00 0x00 0x00,0x1B53,ACK
5.6302802000,1192,Data,0x20B,0x8,0xBC 0x02 0x64 0x00 0x01 0xC8 0x00 0x00,0x021C,ACK
5.6305265000,1193,Data,0x20C,0x8,0x00 0xC4 0x2C 0x34 0x1E 0x07 0x00 0x00,0x3E70,ACK
5.6487105000,1194,Data,0x100,0x8,0x23 0x00 0x04 0x40 0x23 0x4F 0x64 0x32,0x52A0,ACK
5.6534605000,1195,Data,0x212,0x8,0x52 0x01 0x01 0xC9 0x55 0x00 0x00 0x2A,0x2A32,ACK
5.6537268000,1196,Data,0x211,0x8,0xE4 0x00 0x2A 0x00 0x00 0x00 0xB6 0x00,0x7C08,ACK
5.6540250000,1197,Data,0x343,0x8,0x00 0x00 0x00 0x01 0x01 0x01 0x01 0x23,0x2ECB,ACK
5.6544093000,1198,Data,0x341,0x8,0x00 0x00 0x00 0x00 0x02 0x00 0x00 0x00,0x1833,ACK
5.6547795000,1199,Data,0x342,0x8,0x23 0x00 0x64 0x00 0x00 0xC4 0x16 0x34,0x5886,ACK
5.6550198000,1200,Data,0x344,0x8,0x00 0x00 0x00 0x03 0x00 0x00 0x00 0x00,0x6F15,ACK
5.6687097000,1201,Data,0x100,0x8,0x50 0x00 0x04 0x40 0x23 0x4F 0x64 0x32,0x191F,ACK
5.6887097000,1202,Data,0x100,0x8,0x8C 0x00 0x04 0x40 0x23 0x4F 0x64 0x32,0x1BBA,ACK
5.7065040000,1203,Data,0x310,0x8,0xF1 0x0E 0x78 0x05 0x1A 0x02 0x01 0xC8,0x14DD,ACK
5.7087081000,1204,Data,0x100,0x8,0xBE 0x00 0x04 0x40 0x23 0x4F 0x64 0x32,0x6F2E,ACK
5.7287361000,1205,Data,0x100,0x8,0xC8 0x00 0x04 0x40 0x23 0x4F 0x64 0x32,0x61CA,ACK
5.7289743000,1206,Data,0x203,0x8,0x03 0x00 0x58 0x00 0x58 0x00 0xB6 0x00,0x3BFC,ACK
5.7292226000,1207,Data,0x204,0x8,0x00 0x00 0x00 0x00 0x00 0x00 0x00 0x00,0x79D1,ACK
5.7294788000,1208,Data,0x205,0x8,0x00 0x00 0x00 0x00 0x00 0x00 0x00 0x00,0x72CA,ACK
5.7297731000,1209,Data,0x209,0x8,0x9F 0x27 0x10 0x04 0x90 0x49 0x00 0x00,0x59C2,ACK
5.7300133000,1210,Data,0x20A,0x8,0x00 0x00 0x00 0x00 0x00 0x00 0x00 0x00,0x1B53,ACK
5.7302676000,1211,Data,0x20B,0x8,0xBC 0x02 0x64 0x00 0x01 0xC8 0x00 0x00,0x021C,ACK
5.7305118000,1212,Data,0x20C,0x8,0x00 0xC4 0x2C 0x34 0x1E 0x07 0x00 0x00,0x3E70,ACK
5.7307601000,1213,Data,0x301,0x8,0x00 0x00 0x00 0x00 0x00 0x00 0x00 0x00,0x7E55,ACK
5.7310163000,1214,Data,0x302,0x2,0x00 0xFF,0x6FC0,ACK
5.7311625000,1215,Data,0x485,0x8,0x22 0x00 0x00 0x00 0x0C 0x02 0x48 0x0C,0x1FCE,ACK
5.7487086000,1216,Data,0x100,0x8,0xC8 0x00 0x04 0x40 0x23 0x4F 0x64 0x32,0x61CA,ACK
5.7534406000,1217,Data,0x212,0x8,0x52 0x01 0x01 0xC9 0x4A 0x00 0x00 0x2A,0x2431,ACK
5.7536869000,1218,Data,0x211,0x8,0xE4 0x00 0x2A 0x00 0x00 0x00 0xC2 0x00,0x6497,ACK
5.7539531000,1219,Data,0x343,0x8,0x00 0x08 0x40 0x00 0x80 0x80 0x80 0xE4,0x2D83,NAK
5.7687091000,1220,Data,0x100,0x8,0xC8 0x00 0x04 0x40 0x23 0x4F 0x64 0x32,0x61CA,ACK
5.7806213000,1221,Data,0x311,0x8,0x39 0x1E 0x07 0x3F 0x90 0x01 0x00 0x00,0x66BC,ACK
5.7887093000,1222,Data,0x100,0x8,0xC8 0x00 0x04 0x40 0x23 0x4F 0x64 0x32,0x61CA,ACK
5.8087073000,1223,Data,0x100,0x8,0xC8 0x00 0x04 0x40 0x23 0x4F 0x64 0x32,0x69CA,ACK
5.8287273000,1224,Data,0x100,0x8,0xC8 0x00 0x04 0x40 0x23 0x4F 0x64 0x32,0x61CA,ACK
5.8289674000,1225,Data,0x203,0x8,0x03 0x00 0x58 0x00 0x58 0x00 0xC2 0x00,0x2363,ACK
5.8292117000,1226,Data,0x204,0x8,0x00 0x00 0x00 0x00 0x00 0x00 0x00 0x00,0x79D1,ACK
5.8294679000,1227,Data,0x205,0x8,0x00 0x00 0x00 0x00 0x00 0x00 0x00 0x00,0x72CA,ACK
5.8297841000,1228,Data,0x209,0x8,0x9F 0x27 0x10 0x04 0x90 0x49 0x00 0x00,0x59C2,ACK
5.8300244000,1229,Data,0x20A,0x8,0x00 0x00 0x00 0x00 0x00 0x00 0x00 0x00,0x1B53,ACK
5.8302786000,1230,Data,0x20B,0x8,0xBC 0x02 0x64 0x00 0x01 0xC8 0x00 0x00,0x021C,ACK
5.8305249000,1231,Data,0x20C,0x8,0x00 0xC4 0x2C 0x34 0x1E 0x07 0x00 0x00,0x3E70,ACK
5.8486949000,1232,Data,0x100,0x8,0xC8 0x00 0x04 0x40 0x23 0x4F 0x64 0x32,0x61CA,ACK
5.8534229000,1233,Data,0x212,0x8,0x52 0x01 0x01 0xC9 0x58 0x00 0x00 0x2A,0x7D73,ACK
5.8536652000,1234,Data,0x211,0x8,0xE4 0x00 0x2A 0x00 0x00 0x00 0xDC 0x00,0x38E9,ACK
5.8539974000,1235,Data,0x343,0x8,0x00 0x00 0x00 0x01 0x01 0x01 0x01 0xC8,0x5B06,ACK
5.8544116000,1236,Data,0x341,0x8,0x00 0x00 0x00 0x00 0x02 0x00 0x00 0x00,0x1833,ACK
5.8546739000,1237,Data,0x342,0x8,0x23 0x00 0x64 0x00 0x00 0xC4 0x16 0x34,0x5886,ACK
5.8549141000,1238,Data,0x344,0x8,0x00 0x00 0x00 0x03 0x00 0x00 0x00 0x00,0x6F15,ACK
5.8551764000,1239,Data,0x401,0x8,0x95 0xFF 0x34 0x02 0x05 0x2A 0x00 0x00,0x0158,ACK
5.8687064000,1240,Data,0x100,0x8,0xC8 0x00 0x04 0x40 0x23 0x4F 0x64 0x32,0x61CA,ACK
5.8887063000,1241,Data,0x100,0x8,0xC8 0x00 0x04 0x40 0x23 0x4F 0x64 0x32,0x61CA,ACK
5.9069144000,1242,Data,0x310,0x8,0xF1 0x0E 0x78 0x05 0x1A 0x02 0x01 0xC8,0x14DD,ACK
5.9087065000,1243,Data,0x100,0x8,0xC8 0x00 0x04 0x40 0x23 0x4F 0x64 0x32,0x61CA,ACK
5.9287325000,1244,Data,0x100,0x8,0xC8 0x00 0x04 0x40 0x23 0x4F 0x64 0x32,0x61CA,ACK
5.9289707000,1245,Data,0x203,0x8,0x03 0x00 0x58 0x00 0x58 0x00 0xDC 0x00,0x7F1D,ACK
5.9292170000,1246,Data,0x204,0x8,0x00 0x00 0x00 0x00 0x00 0x00 0x00 0x00,0x79D1,ACK
5.9294732000,1247,Data,0x205,0x8,0x00 0x00 0x00 0x00 0x00 0x00 0x00 0x00,0x72CA,ACK
5.9297715000,1248,Data,0x209,0x8,0x9F 0x27 0x10 0x04 0x90 0x49 0x00 0x00,0x59C2,ACK
5.9300137000,1249,Data,0x20A,0x8,0x00 0x00 0x00 0x00 0x00 0x00 0x00 0x00,0x1B53,ACK
5.9302680000,1250,Data,0x20B,0x8,0xBC 0x02 0x64 0x00 0x01 0xC8 0x00 0x00,0x021C,ACK
5.9305122000,1251,Data,0x20C,0x8,0x00 0xC4 0x2C 0x34 0x1E 0x07 0x00 0x00,0x3E70,ACK
5.9307605000,1252,Data,0x301,0x8,0x00 0x00 0x00 0x00 0x00 0x00 0x00 0x00,0x7E55,ACK
5.9310167000,1253,Data,0x302,0x2,0x00 0xFF,0x6FC0,ACK
5.9311630000,1254,Data,0x485,0x8,0x22 0x00 0x00 0x00 0x0C 0x02 0x48 0x0C,0x1FCE,ACK
5.9487050000,1255,Data,0x100,0x8,0xC8 0x00 0x04 0x40 0x23 0x4F 0x64 0x32,0x61CA,ACK
5.9534570000,1256,Data,0x212,0x8,0x52 0x01 0x01 0xC9 0x5B 0x00 0x00 0x2A,0x5E7B,ACK
5.9537172000,1257,Data,0x211,0x8,0xE4 0x00 0x2A 0x00 0x00 0x00 0xDD 0x00,0x7CCF,ACK
5.9540095000,1258,Data,0x343,0x8,0x00 0x00 0x00 0x01 0x01 0x01 0x01 0xC8,0x5B06,ACK
5.9687075000,1259,Data,0x100,0x8,0xC8 0x00 0x04 0x40 0x23 0x4F 0x64 0x32,0x61CA,ACK
5.9806477000,1260,Data,0x311,0x8,0x39 0x1E 0x07 0x3F 0x90 0x01 0x00 0x00,0x66BC,ACK
5.9887058000,1261,Data,0x100,0x8,0xC8 0x00 0x04 0x40 0x23 0x4F 0x64 0x32,0x61CA,ACK
6.0058820000,1262,Data,0x425,0x8,0x01 0x64 0x48 0x58 0x58 0x58 0x01 0xFF,0x1AD8,ACK
6.0061163000,1263,Data,0x429,0x8,0x20 0x00 0x00 0x00 0x00 0x00 0x00 0x00,0x7AC7,ACK
6.0063645000,1264,Data,0x420,0x8,0xA6 0x14 0xDC 0xFF 0x70 0x03 0x00 0x00,0x0DD2,ACK
6.0066008000,1265,Data,0x421,0x8,0x38 0x36 0x31 0x34 0xFB 0x04 0x62 0x04,0x00AE,ACK
6.0069390000,1266,Data,0x422,0x8,0x00 0x00 0x20 0x00 0x15 0x00 0x02 0x00,0x33F1,ACK
6.0073253000,1267,Data,0x423,0x8,0xBC 0x02 0x64 0x00 0x3C 0x00 0x01 0x00,0x500B,ACK
6.0087054000,1268,Data,0x100,0x8,0xC8 0x00 0x04 0x40 0x23 0x4F 0x64 0x32,0x61CA,ACK
6.0287254000,1269,Data,0x100,0x8,0xC8 0x00 0x04 0x40 0x23 0x4F 0x64 0x32,0x61CA,ACK
6.0289657000,1270,Data,0x203,0x8,0x03 0x00 0x58 0x00 0x58 0x00 0xDD 0x00,0x3B3B,ACK
6.0292079000,1271,Data,0x204,0x8,0x00 0x00 0x00 0x00 0x00 0x00 0x00 0x00,0x79D1,ACK
6.0294642000,1272,Data,0x205,0x8,0x00 0x00 0x00 0x00 0x00 0x00 0x00 0x00,0x72CA,ACK
6.0297804000,1273,Data,0x209,0x8,0x9F 0x27 0x10 0x04 0x90 0x49 0x00 0x00,0x59C2,ACK
6.0300207000,1274,Data,0x20A,0x8,0x00 0x00 0x00 0x00 0x00 0x00 0x00 0x00,0x1B53,ACK
6.0302749000,1275,Data,0x20B,0x8,0xBC 0x02 0x64 0x00 0x01 0xC8 0x00 0x00,0x021C,ACK
6.0305192000,1276,Data,0x20C,0x8,0x00 0xC4 0x2C 0x34 0x1E 0x07 0x00 0x00,0x3E70,ACK
6.0487032000,1277,Data,0x100,0x8,0xC8 0x00 0x04 0x40 0x23 0x4F 0x64 0x32,0x61CA,ACK
6.0534392000,1278,Data,0x212,0x8,0x52 0x01 0x01 0xC9 0x56 0x00 0x00 0x2A,0x093A,ACK
6.0536833000,1279,Data,0x211,0x8,0xE4 0x00 0x2A 0x00 0x00 0x00 0xE1 0x00,0x01AA,ACK
6.0539474000,1280,Data,0x343,0x8,0x00 0x00 0x00 0x01 0x01 0x01 0x01 0xC8,0x5B06,ACK
6.0544395000,1281,Data,0x341,0x8,0x00 0x00 0x00 0x00 0x02 0x00 0x00 0x00,0x1833,ACK
6.0547377000,1282,Data,0x342,0x8,0x23 0x00 0x64 0x00 0x00 0xC4 0x16 0x34,0x5886,ACK
6.0550019000,1283,Data,0x344,0x8,0x00 0x00 0x00 0x03 0x00 0x00 0x00 0x00,0x6F15,ACK
6.0687038000,1284,Data,0x100,0x8,0xC8 0x00 0x04 0x40 0x23 0x4F 0x64 0x32,0x61CA,ACK
6.0887057000,1285,Data,0x100,0x8,0xC8 0x00 0x04 0x40 0x23 0x4F 0x64 0x32,0x61CA,ACK
6.1068059000,1286,Data,0x310,0x8,0xF1 0x0E 0x78 0x05 0x1A 0x02 0x01 0xC8,0x14DD,ACK
6.1087040000,1287,Data,0x100,0x8,0xC8 0x00 0x04 0x40 0x23 0x4F 0x64 0x32,0x61CA,ACK
6.1287320000,1288,Data,0x100,0x8,0xC8 0x00 0x04 0x40 0x23 0x4F 0x64 0x32,0x61CA,ACK
6.1289723000,1289,Data,0x203,0x8,0x03 0x00 0x58 0x00 0x58 0x00 0xE1 0x00,0x465E,ACK
6.1292145000,1290,Data,0x204,0x8,0x00 0x00 0x00 0x00 0x00 0x00 0x00 0x00,0x79D1,ACK
6.1294708000,1291,Data,0x205,0x8,0x00 0x00 0x00 0x00 0x00 0x00 0x00 0x00,0x72CA,ACK
6.1297690000,1292,Data,0x209,0x8,0x9F 0x27 0x10 0x04 0x90 0x49 0x00 0x00,0x59C2,ACK
6.1300113000,1293,Data,0x20A,0x8,0x00 0x00 0x00 0x00 0x00 0x00 0x00 0x00,0x1B53,ACK
6.1302675000,1294,Data,0x20B,0x8,0xBC 0x02 0x64 0x00 0x01 0xC8 0x00 0x00,0x021C,ACK
6.1305117000,1295,Data,0x20C,0x8,0x00 0xC4 0x2C 0x34 0x1E 0x07 0x00 0x00,0x3E70,ACK
6.1307600000,1296,Data,0x301,0x8,0x00 0x00 0x00 0x00 0x00 0x00 0x00 0x00,0x7E55,ACK
6.1310162000,1297,Data,0x302,0x2,0x00 0xFF,0x6FC0,ACK
6.1311625000,1298,Data,0x485,0x8,0x22 0x00 0x00 0x00 0x0C 0x02 0x48 0x0C,0x1FCE,ACK
6.1487025000,1299,Data,0x100,0x8,0xC8 0x00 0x04 0x40 0x23 0x4F 0x64 0x32,0x61CA,ACK
6.1534106000,1300,Data,0x212,0x8,0x52 0x01 0x01 0xC9 0x57 0x00 0x00 0x2A,0x17C2,ACK
6.1536727000,1301,Data,0x211,0x8,0xE4 0x00 0x2A 0x00 0x00 0x00 0xE4 0x00,0x1BBF,ACK
6.1539610000,1302,Data,0x343,0x8,0x00 0x00 0x00 0x01 0x01 0x01 0x01 0xC8,0x5B06,ACK
6.1687049000,1303,Data,0x100,0x8,0xC8 0x00 0x04 0x40 0x23 0x4F 0x64 0x32,0x61CA,ACK
6.1814950000,1304,Data,0x311,0x8,0x39 0x1E 0x07 0x3F 0x90 0x01 0x00 0x00,0x66BC,ACK
6.1887010000,1305,Data,0x100,0x8,0xC8 0x00 0x04 0x40 0x23 0x4F 0x64 0x32,0x61CA,ACK
6.2087030000,1306,Data,0x100,0x8,0xC8 0x00 0x04 0x40 0x23 0x4F 0x64 0x32,0x61CA,ACK
6.2287210000,1307,Data,0x100,0x8,0xC8 0x00 0x04 0x40 0x23 0x4F 0x64 0x32,0x61CA,ACK
6.2289611000,1308,Data,0x203,0x8,0x03 0x00 0x58 0x00 0x58 0x00 0xE4 0x00,0x5C4B,ACK
6.2292052000,1309,Data,0x204,0x8,0x00 0x00 0x00 0x00 0x00 0x00 0x00 0x00,0x79D1,ACK
6.2294613000,1310,Data,0x205,0x8,0x00 0x00 0x00 0x00 0x00 0x00 0x00 0x00,0x72CA,ACK
6.2297795000,1311,Data,0x209,0x8,0x9F 0x27 0x10 0x04 0x90 0x49 0x00 0x00,0x59C2,ACK
6.2300196000,1312,Data,0x20A,0x8,0x00 0x00 0x00 0x00 0x00 0x00 0x00 0x00,0x1B53,ACK
6.2302757000,1313,Data,0x20B,0x8,0xBC 0x02 0x64 0x00 0x01 0xC8 0x00 0x00,0x021C,ACK
6.2305198000,1314,Data,0x20C,0x8,0x00 0xC4 0x2C 0x34 0x1E 0x07 0x00 0x00,0x3E70,ACK
6.2487017000,1315,Data,0x100,0x8,0xC8 0x00 0x04 0x40 0x23 0x4F 0x64 0x32,0x61CA,ACK
6.2535038000,1316,Data,0x212,0x8,0x52 0x01 0x01 0xC9 0x58 0x00 0x00 0x2A,0x7D73,ACK
6.2537720000,1317,Data,0x211,0x8,0xE4 0x00 0x2A 0x00 0x00 0x00 0xE3 0x00,0x4C7F,ACK
6.2540643000,1318,Data,0x343,0x8,0x00 0x00 0x00 0x01 0x01 0x01 0x01 0xC8,0x5B06,ACK
6.2543725000,1319,Data,0x341,0x8,0x00 0x00 0x00 0x00 0x02 0x00 0x00 0x00,0x1833,ACK
6.2546408000,1320,Data,0x342,0x8,0x23 0x00 0x64 0x00 0x00 0xC4 0x16 0x34,0x5886,ACK
6.2548790000,1321,Data,0x344,0x8,0x00 0x00 0x00 0x03 0x00 0x00 0x00 0x00,0x6F15,ACK
6.2687029000,1322,Data,0x100,0x8,0xC8 0x00 0x04 0x40 0x23 0x4F 0x64 0x32,0x61CA,ACK
6.2887029000,1323,Data,0x100,0x8,0xC8 0x00 0x04 0x40 0x23 0x4F 0x64 0x32,0x61CA,ACK
6.3074031000,1324,Data,0x310,0x8,0xF1 0x0E 0x78 0x05 0x1A 0x02 0x01 0xC8,0x14DD,ACK
6.3087012000,1325,Data,0x100,0x8,0xC8 0x00 0x04 0x40 0x23 0x4F 0x64 0x32,0x61CA,ACK
6.3287272000,1326,Data,0x100,0x8,0xC8 0x00 0x04 0x40 0x23 0x4F 0x64 0x32,0x61CA,ACK
6.3289674000,1327,Data,0x203,0x8,0x03 0x00 0x58 0x00 0x58 0x00 0xE3 0x00,0x0B8B,ACK
6.3292117000,1328,Data,0x204,0x8,0x00 0x00 0x00 0x00 0x00 0x00 0x00 0x00,0x79D1,ACK
6.3294679000,1329,Data,0x205,0x8,0x00 0x00 0x00 0x00 0x00 0x00 0x00 0x00,0x72CA,ACK
6.3297762000,1330,Data,0x209,0x8,0x9F 0x27 0x10 0x04 0x90 0x49 0x00 0x00,0x59C2,ACK
6.3300164000,1331,Data,0x20A,0x8,0x00 0x00 0x00 0x00 0x00 0x00 0x00 0x00,0x1B53,ACK
6.3302707000,1332,Data,0x20B,0x8,0xBC 0x02 0x64 0x00 0x01 0xC8 0x00 0x00,0x021C,ACK
6.3305149000,1333,Data,0x20C,0x8,0x00 0xC4 0x2C 0x34 0x1E 0x07 0x00 0x00,0x3E70,ACK
6.3307631000,1334,Data,0x301,0x8,0x00 0x00 0x00 0x00 0x00 0x00 0x00 0x00,0x7E55,ACK
6.3310194000,1335,Data,0x302,0x2,0x00 0xFF,0x6FC0,ACK
6.3311636000,1336,Data,0x485,0x8,0x22 0x00 0x00 0x00 0x0C 0x02 0x48 0x0C,0x1FCE,ACK
6.3486997000,1337,Data,0x100,0x8,0xC8 0x00 0x04 0x40 0x23 0x4F 0x64 0x32,0x61CA,ACK
6.3534797000,1338,Data,0x212,0x8,0x52 0x01 0x01 0xC9 0x57 0x00 0x00 0x2A,0x17C2,ACK
6.3537460000,1339,Data,0x211,0x8,0xE4 0x00 0x2A 0x00 0x00 0x00 0xE1 0x00,0x01AA,ACK
6.3540082000,1340,Data,0x343,0x8,0x00 0x00 0x00 0x01 0x01 0x01 0x01 0xC8,0x5B06,ACK
6.3543685000,1341,Data,0x401,0x8,0x78 0x00 0x34 0x02 0x05 0x2A 0x00 0x00,0x17E8,ACK
6.3687004000,1342,Data,0x100,0x8,0xC8 0x00 0x04 0x40 0x23 0x4F 0x64 0x32,0x61CA,ACK
6.3829447000,1343,Data,0x311,0x8,0x39 0x1E 0x07 0x3F 0x90 0x01 0x00 0x00,0x66BC,ACK
6.3887008000,1344,Data,0x100,0x8,0xC8 0x00 0x04 0x40 0x23 0x4F 0x64 0x32,0x61CA,ACK
6.4087008000,1345,Data,0x100,0x8,0xC8 0x00 0x04 0x40 0x23 0x4F 0x64 0x32,0x61CA,ACK
6.4287186000,1346,Data,0x100,0x8,0xC8 0x00 0x04 0x40 0x23 0x4F 0x64 0x32,0x61CA,ACK
6.4289569000,1347,Data,0x203,0x8,0x03 0x00 0x58 0x00 0x58 0x00 0xE1 0x00,0x465E,ACK
6.4291991000,1348,Data,0x204,0x8,0x00 0x00 0x00 0x00 0x00 0x00 0x00 0x00,0x79D1,ACK
6.4294554000,1349,Data,0x205,0x8,0x00 0x00 0x00 0x00 0x00 0x00 0x00 0x00,0x72CA,ACK
6.4297776000,1350,Data,0x209,0x8,0x9F 0x27 0x10 0x04 0x90 0x49 0x00 0x00,0x59C2,ACK
6.4300179000,1351,Data,0x20A,0x8,0x00 0x00 0x00 0x00 0x00 0x00 0x00 0x00,0x1B53,ACK
6.4302721000,1352,Data,0x20B,0x8,0xBC 0x02 0x64 0x00 0x01 0xC8 0x00 0x00,0x021C,ACK
6.4305164000,1353,Data,0x20C,0x8,0x00 0xC4 0x2C 0x34 0x1E 0x07 0x00 0x00,0x3E70,ACK
6.4486984000,1354,Data,0x100,0x8,0xC8 0x00 0x04 0x40 0x23 0x4F 0x64 0x32,0x61CA,ACK
6.4534564000,1355,Data,0x212,0x8,0x52 0x01 0x01 0xC9 0x56 0x00 0x00 0x2A,0x093A,ACK
6.4537245000,1356,Data,0x211,0x8,0xE4 0x00 0x2A 0x00 0x00 0x00 0xDF 0x00,0x311A,ACK
6.4540168000,1357,Data,0x343,0x8,0x00 0x00 0x00 0x01 0x01 0x01 0x01 0xC8,0x5B06,ACK
6.4544570000,1358,Data,0x341,0x8,0x00 0x00 0x00 0x00 0x02 0x00 0x00 0x00,0x1833,ACK
6.4547193000,1359,Data,0x342,0x8,0x23 0x00 0x64 0x00 0x00 0xC4 0x16 0x34,0x5886,ACK
6.4549575000,1360,Data,0x344,0x8,0x00 0x00 0x00 0x03 0x00 0x00 0x00 0x00,0x6F15,ACK
6.4686995000,1361,Data,0x100,0x8,0xC8 0x00 0x04 0x40 0x23 0x4F 0x64 0x32,0x61CA,ACK
6.4886975000,1362,Data,0x100,0x8,0xC8 0x00 0x04 0x40 0x23 0x4F 0x64 0x32,0x61CA,ACK
6.5039396000,1363,Data,0x501,0x8,0xB4 0xC1 0x83 0x58 0x51 0xE5 0xB2 0x6B,0x057E,ACK
6.5041838000,1364,Data,0x502,0x8,0x32 0xAC 0x86 0x0E 0x1A 0xB9 0x00 0x00,0x0E93,ACK
6.5044241000,1365,Data,0x424,0x8,0xFB 0x33 0x4D 0x69 0x00 0x00 0x00 0x00,0x2F21,ACK
6.5066923000,1366,Data,0x425,0x8,0x01 0x64 0x48 0x58 0x58 0x58 0x01 0xFF,0x1AD8,ACK
6.5069266000,1367,Data,0x429,0x8,0x20 0x00 0x00 0x00 0x00 0x00 0x00 0x00,0x7AC7,ACK
6.5071748000,1368,Data,0x420,0x8,0xA0 0x14 0xDA 0xFF 0x70 0x03 0x00 0x00,0x30A8,ACK
6.5074131000,1369,Data,0x421,0x8,0x38 0x36 0x31 0x34 0xFB 0x04 0x62 0x04,0x00AE,ACK
6.5076473000,1370,Data,0x310,0x8,0xF1 0x0E 0x78 0x05 0x1A 0x02 0x01 0xC8,0x14DD,ACK
6.5078796000,1371,Data,0x422,0x8,0x00 0x00 0x20 0x00 0x15 0x00 0x02 0x00,0x33F1,ACK
6.5081738000,1372,Data,0x423,0x8,0xBC 0x02 0x64 0x00 0x3C 0x00 0x01 0x00,0x500B,ACK
6.5086980000,1373,Data,0x100,0x8,0xC8 0x00 0x04 0x40 0x23 0x4F 0x64 0x32,0x61CA,ACK
6.5287380000,1374,Data,0x100,0x8,0xC8 0x00 0x04 0x40 0x23 0x4F 0x64 0x32,0x61CA,ACK
6.5289762000,1375,Data,0x203,0x8,0x03 0x00 0x58 0x00 0x58 0x00 0xDF 0x00,0x76EE,ACK
6.5292204000,1376,Data,0x204,0x8,0x00 0x00 0x00 0x00 0x00 0x00 0x00 0x00,0x79D1,ACK
6.5294767000,1377,Data,0x205,0x8,0x00 0x00 0x00 0x00 0x00 0x00 0x00 0x00,0x72CA,ACK
6.5297769000,1378,Data,0x209,0x8,0x9F 0x27 0x10 0x04 0x90 0x49 0x00 0x00,0x59C2,ACK
6.5300172000,1379,Data,0x20A,0x8,0x00 0x00 0x00 0x00 0x00 0x00 0x00 0x00,0x1B53,ACK
6.5302734000,1380,Data,0x20B,0x8,0xBC 0x02 0x64 0x00 0x01 0xC8 0x00 0x00,0x021C,ACK
6.5305177000,1381,Data,0x20C,0x8,0x00 0xC4 0x2C 0x34 0x1E 0x07 0x00 0x00,0x3E70,ACK
6.5307659000,1382,Data,0x301,0x8,0x00 0x00 0x00 0x00 0x00 0x00 0x00 0x00,0x7E55,ACK
6.5310222000,1383,Data,0x302,0x2,0x00 0xFF,0x6FC0,ACK
6.5311684000,1384,Data,0x485,0x8,0x22 0x00 0x00 0x00 0x0C 0x02 0x48 0x0C,0x1FCE,ACK
6.5314127000,1385,Data,0x480,0x8,0x00 0x00 0x02 0x00 0x20 0x00 0x00 0x00,0x101E,ACK
6.5316729000,1386,Data,0x481,0x8,0x50 0x0A 0x40 0x08 0x00 0x00 0x00 0x00,0x46C7,ACK
6.5319232000,1387,Data,0x482,0x8,0x52 0x01 0x02 0x00 0x00 0x00 0x00 0x00,0x36EA,ACK
6.5321714000,1388,Data,0x483,0x8,0x31 0x4B 0x31 0x55 0x41 0x32 0x35 0x35,0x717E,ACK
6.5324057000,1389,Data,0x484,0x8,0x31 0x50 0x33 0x39 0x36 0x35 0x00 0x00,0x0196,ACK
6.5486997000,1390,Data,0x100,0x8,0xC8 0x00 0x04 0x40 0x23 0x4F 0x64 0x32,0x61CA,ACK
6.5533937000,1391,Data,0x212,0x8,0x52 0x01 0x01 0xC9 0x55 0x00 0x00 0x2A,0x2A32,ACK
6.5536360000,1392,Data,0x211,0x8,0xE4 0x00 0x2A 0x00 0x00 0x00 0xE1 0x00,0x01AA,ACK
6.5539302000,1393,Data,0x343,0x8,0x00 0x00 0x00 0x01 0x01 0x01 0x01 0xC8,0x5B06,ACK
6.5686962000,1394,Data,0x100,0x8,0xC8 0x00 0x04 0x40 0x23 0x4F 0x64 0x32,0x61CA,ACK
6.5840044000,1395,Data,0x311,0x8,0x39 0x1E 0x07 0x3F 0x90 0x01 0x00 0x00,0x66BC,ACK
6.5886984000,1396,Data,0x100,0x8,0xC8 0x00 0x04 0x40 0x23 0x4F 0x64 0x32,0x61CA,ACK
6.6086964000,1397,Data,0x100,0x8,0xC8 0x00 0x04 0x40 0x23 0x4F 0x64 0x32,0x61CA,ACK
6.6287164000,1398,Data,0x100,0x8,0xC8 0x00 0x04 0x40 0x23 0x4F 0x64 0x32,0x61CA,ACK
6.6289547000,1399,Data,0x203,0x8,0x03 0x00 0x58 0x00 0x58 0x00 0xE1 0x00,0x465E,ACK
6.6291969000,1400,Data,0x204,0x8,0x00 0x00 0x00 0x00 0x00 0x00 0x00 0x00,0x79D1,ACK
6.6294531000,1401,Data,0x205,0x8,0x00 0x00 0x00 0x00 0x00 0x00 0x00 0x00,0x72CA,ACK
6.6297594000,1402,Data,0x209,0x8,0x9F 0x27 0x10 0x04 0x90 0x49 0x00 0x00,0x59C2,ACK
6.6299996000,1403,Data,0x20A,0x8,0x00 0x00 0x00 0x00 0x00 0x00 0x00 0x00,0x1B53,ACK
6.6302559000,1404,Data,0x20B,0x8,0xBC 0x02 0x64 0x00 0x01 0xC8 0x00 0x00,0x021C,ACK
6.6305001000,1405,Data,0x20C,0x8,0x00 0xC4 0x2C 0x34 0x1E 0x07 0x00 0x00,0x3E70,ACK
6.6486960000,1406,Data,0x100,0x8,0xC8 0x00 0x04 0x40 0x23 0x4F 0x64 0x32,0x61CA,ACK
6.6534080000,1407,Data,0x212,0x8,0x52 0x01 0x01 0xC9 0x57 0x00 0x00 0x2A,0x17C2,ACK
6.6536743000,1408,Data,0x211,0x8,0xE4 0x00 0x2A 0x00 0x00 0x00 0xE4 0x00,0x1BBF,ACK
6.6539665000,1409,Data,0x343,0x8,0x00 0x00 0x00 0x01 0x01 0x01 0x01 0xC8,0x5B06,ACK
6.6542288000,1410,Data,0x341,0x8,0x00 0x00 0x00 0x00 0x02 0x00 0x00 0x00,0x1833,ACK
6.6544870000,1411,Data,0x342,0x8,0x23 0x00 0x64 0x00 0x00 0xC4 0x16 0x34,0x5886,ACK
6.6547453000,1412,Data,0x344,0x8,0x00 0x00 0x00 0x03 0x00 0x00 0x00 0x00,0x6F15,ACK
6.6686953000,1413,Data,0x100,0x8,0xC8 0x00 0x04 0x40 0x23 0x4F 0x64 0x32,0x61CA,ACK
6.6886951000,1414,Data,0x100,0x8,0xC8 0x00 0x04 0x40 0x23 0x4F 0x64 0x32,0x61CA,ACK
6.7086951000,1415,Data,0x100,0x8,0xC8 0x00 0x04 0x40 0x23 0x4F 0x64 0x32,0x61CA,ACK
6.7092393000,1416,Data,0x310,0x8,0xF1 0x0E 0x78 0x05 0x1A 0x02 0x01 0xC8,0x14DD,ACK
6.7287231000,1417,Data,0x100,0x8,0xC8 0x00 0x04 0x40 0x23 0x4F 0x64 0x32,0x61CA,ACK
6.7289634000,1418,Data,0x203,0x8,0x03 0x00 0x58 0x00 0x58 0x00 0xE4 0x00,0x5C4B,ACK
6.7292096000,1419,Data,0x204,0x8,0x00 0x00 0x00 0x00 0x00 0x00 0x00 0x00,0x79D1,ACK
6.7294658000,1420,Data,0x205,0x8,0x00 0x00 0x00 0x00 0x00 0x00 0x00 0x00,0x72CA,ACK
6.7297601000,1421,Data,0x209,0x8,0x9F 0x27 0x10 0x04 0x90 0x49 0x00 0x00,0x59C2,ACK
6.7300003000,1422,Data,0x20A,0x8,0x00 0x00 0x00 0x00 0x00 0x00 0x00 0x00,0x1B53,ACK
6.7302546000,1423,Data,0x20B,0x8,0xBC 0x02 0x64 0x00 0x01 0xC8 0x00 0x00,0x021C,ACK
6.7304988000,1424,Data,0x20C,0x8,0x00 0xC4 0x2C 0x34 0x1E 0x07 0x00 0x00,0x3E70,ACK
6.7307471000,1425,Data,0x301,0x8,0x00 0x00 0x00 0x00 0x00 0x00 0x00 0x00,0x7E55,ACK
6.7310033000,1426,Data,0x302,0x2,0x00 0xFF,0x6FC0,ACK
6.7311496000,1427,Data,0x485,0x8,0x22 0x00 0x00 0x00 0x0C 0x02 0x48 0x0C,0x1FCE,ACK
6.7486936000,1428,Data,0x100,0x8,0xC8 0x00 0x04 0x40 0x23 0x4F 0x64 0x32,0x61CA,ACK
6.7533956000,1429,Data,0x212,0x8,0x52 0x01 0x01 0xC9 0x59 0x00 0x00 0x2A,0x638B,ACK
6.7536398000,1430,Data,0x211,0x8,0xE4 0x00 0x2A 0x00 0x00 0x00 0xE4 0x00,0x1BBF,ACK
6.7539081000,1431,Data,0x343,0x8,0x00 0x00 0x00 0x01 0x01 0x01 0x01 0xC8,0x5B06,ACK
6.7686961000,1432,Data,0x100,0x8,0xC8 0x00 0x04 0x40 0x23 0x4F 0x64 0x32,0x61CA,ACK
6.7836863000,1433,Data,0x311,0x8,0x39 0x1E 0x07 0x3F 0x90 0x01 0x00 0x00,0x66BC,ACK
6.7886965000,1434,Data,0x100,0x8,0xC8 0x00 0x04 0x40 0x23 0x4F 0x64 0x32,0x61CA,ACK
6.8086964000,1435,Data,0x100,0x8,0xC8 0x00 0x04 0x40 0x23 0x4F 0x64 0x32,0x61CA,ACK
6.8287124000,1436,Data,0x100,0x8,0xC8 0x00 0x04 0x40 0x23 0x4F 0x64 0x32,0x61CA,ACK
6.8289507000,1437,Data,0x203,0x8,0x03 0x00 0x58 0x00 0x58 0x00 0xE4 0x00,0x5C4B,ACK
6.8291949000,1438,Data,0x204,0x8,0x00 0x00 0x00 0x00 0x00 0x00 0x00 0x00,0x79D1,ACK
6.8294512000,1439,Data,0x205,0x8,0x00 0x00 0x00 0x00 0x00 0x00 0x00 0x00,0x72CA,ACK
6.8297714000,1440,Data,0x209,0x8,0x9F 0x27 0x10 0x04 0x90 0x49 0x00 0x00,0x59C2,ACK
6.8300117000,1441,Data,0x20A,0x8,0x00 0x00 0x00 0x00 0x00 0x00 0x00 0x00,0x1B53,ACK
6.8302679000,1442,Data,0x20B,0x8,0xBC 0x02 0x64 0x00 0x01 0xC8 0x00 0x00,0x021C,ACK
6.8305122000,1443,Data,0x20C,0x8,0x00 0xC4 0x2C 0x34 0x1E 0x07 0x00 0x00,0x3E70,ACK
6.8486942000,1444,Data,0x100,0x8,0xC8 0x00 0x04 0x40 0x23 0x4F 0x64 0x32,0x61CA,ACK
6.8534222000,1445,Data,0x212,0x8,0x52 0x01 0x01 0xC9 0x57 0x00 0x00 0x2A,0x17C2,ACK
6.8536843000,1446,Data,0x211,0x8,0xE4 0x00 0x2A 0x00 0x00 0x00 0xE0 0x00,0x458C,ACK
6.8539484000,1447,Data,0x343,0x8,0x00 0x00 0x00 0x01 0x01 0x01 0x01 0xC8,0x5B06,ACK
6.8543265000,1448,Data,0x341,0x8,0x00 0x00 0x00 0x00 0x02 0x00 0x00 0x00,0x1833,ACK
6.8546206000,1449,Data,0x342,0x8,0x23 0x00 0x64 0x00 0x00 0xC4 0x16 0x34,0x5886,ACK
6.8548829000,1450,Data,0x344,0x8,0x00 0x00 0x00 0x03 0x00 0x00 0x00 0x00,0x6F15,ACK
6.8551751000,1451,Data,0x401,0x8,0x96 0x00 0x34 0x02 0x05 0x2A 0x00 0x00,0x61D9,ACK
6.8686930000,1452,Data,0x100,0x8,0xC8 0x00 0x04 0x40 0x23 0x4F 0x64 0x32,0x61CA,ACK
6.8886930000,1453,Data,0x100,0x8,0xC8 0x00 0x04 0x40 0x23 0x4F 0x64 0x32,0x61CA,ACK
6.9086930000,1454,Data,0x100,0x8,0xC8 0x00 0x04 0x40 0x23 0x4F 0x64 0x32,0x61CA,ACK
6.9089272000,1455,Data,0x310,0x8,0xF1 0x0E 0x78 0x05 0x1A 0x02 0x01 0xC8,0x14DD,ACK
6.9287191000,1456,Data,0x100,0x8,0xC8 0x00 0x04 0x40 0x23 0x4F 0x64 0x32,0x61CA,ACK
6.9289574000,1457,Data,0x203,0x8,0x03 0x00 0x58 0x00 0x58 0x00 0xE0 0x00,0x0278,ACK
6.9292036000,1458,Data,0x204,0x8,0x00 0x00 0x00 0x00 0x00 0x00 0x00 0x00,0x79D1,ACK
6.9294619000,1459,Data,0x205,0x8,0x00 0x00 0x00 0x00 0x00 0x00 0x00 0x00,0x72CA,ACK
6.9297701000,1460,Data,0x209,0x8,0x9F 0x27 0x10 0x04 0x90 0x49 0x00 0x00,0x59C2,ACK
6.9300104000,1461,Data,0x20A,0x8,0x00 0x00 0x00 0x00 0x00 0x00 0x00 0x00,0x1B53,ACK
6.9302646000,1462,Data,0x20B,0x8,0xBC 0x02 0x64 0x00 0x01 0xC8 0x00 0x00,0x021C,ACK
6.9305089000,1463,Data,0x20C,0x8,0x00 0xC4 0x2C 0x34 0x1E 0x07 0x00 0x00,0x3E70,ACK
6.9307571000,1464,Data,0x301,0x8,0x00 0x00 0x00 0x00 0x00 0x00 0x00 0x00,0x7E55,ACK
6.9310134000,1465,Data,0x302,0x2,0x00 0xFF,0x6FC0,ACK
6.9311576000,1466,Data,0x485,0x8,0x22 0x00 0x00 0x00 0x0C 0x02 0x48 0x0C,0x1FCE,ACK
6.9486936000,1467,Data,0x100,0x8,0xC8 0x00 0x04 0x40 0x23 0x4F 0x64 0x32,0x61CA,ACK
6.9535257000,1468,Data,0x212,0x8,0x52 0x01 0x01 0xC9 0x55 0x00 0x00 0x2A,0x2A32,ACK
6.9537898000,1469,Data,0x211,0x8,0xE4 0x00 0x2A 0x00 0x00 0x00 0xE0 0x00,0x458C,ACK
6.9540341000,1470,Data,0x343,0x8,0x00 0x00 0x00 0x01 0x01 0x01 0x01 0xC8,0x5B06,ACK
6.9686920000,1471,Data,0x100,0x8,0xC8 0x00 0x04 0x40 0x23 0x4F 0x64 0x32,0x61CA,ACK
6.9853363000,1472,Data,0x311,0x8,0x39 0x1E 0x07 0x3F 0x90 0x01 0x00 0x00,0x66BC,ACK
6.9886944000,1473,Data,0x100,0x8,0xC8 0x00 0x04 0x40 0x23 0x4F 0x64 0x32,0x61CA,ACK
7.0064926000,1474,Data,0x425,0x8,0x01 0x64 0x48 0x58 0x58 0x58 0x01 0xFF,0x1AD8,ACK
7.0067268000,1475,Data,0x429,0x8,0x20 0x00 0x00 0x00 0x00 0x00 0x00 0x00,0x7AC7,ACK
7.0069751000,1476,Data,0x420,0x8,0xA4 0x14 0x7A 0xFF 0x70 0x03 0x00 0x00,0x6D4A,ACK
7.0072133000,1477,Data,0x421,0x8,0x38 0x36 0x31 0x34 0xFB 0x04 0x62 0x04,0x00AE,ACK
7.0075656000,1478,Data,0x422,0x8,0x00 0x00 0x20 0x00 0x15 0x00 0x02 0x00,0x33F1,ACK
7.0079438000,1479,Data,0x423,0x8,0xBC 0x02 0x64 0x00 0x3C 0x00 0x01 0x00,0x500B,ACK
7.0086920000,1480,Data,0x100,0x8,0xC8 0x00 0x04 0x40 0x23 0x4F 0x64 0x32,0x61CA,ACK
7.0287100000,1481,Data,0x100,0x8,0xC8 0x00 0x04 0x40 0x23 0x4F 0x64 0x32,0x61CA,ACK
7.0289501000,1482,Data,0x203,0x8,0x03 0x00 0x58 0x00 0x58 0x00 0xE0 0x00,0x0278,ACK
7.0291982000,1483,Data,0x204,0x8,0x00 0x00 0x00 0x00 0x00 0x00 0x00 0x00,0x79D1,ACK
7.0294543000,1484,Data,0x205,0x8,0x00 0x00 0x00 0x00 0x00 0x00 0x00 0x00,0x72CA,ACK
7.0297684000,1485,Data,0x209,0x8,0x9F 0x27 0x10 0x04 0x90 0x49 0x00 0x00,0x59C2,ACK
7.0300086000,1486,Data,0x20A,0x8,0x00 0x00 0x00 0x00 0x00 0x00 0x00 0x00,0x1B53,ACK
7.0302627000,1487,Data,0x20B,0x8,0xBC 0x02 0x64 0x00 0x01 0xC8 0x00 0x00,0x021C,ACK
7.0305068000,1488,Data,0x20C,0x8,0x00 0xC4 0x2C 0x34 0x1E 0x07 0x00 0x00,0x3E70,ACK
7.0486907000,1489,Data,0x100,0x8,0xC8 0x00 0x04 0x40 0x23 0x4F 0x64 0x32,0x61CA,ACK
7.0534008000,1490,Data,0x212,0x8,0x52 0x01 0x01 0xC9 0x57 0x00 0x00 0x2A,0x17C2,ACK
7.0536449000,1491,Data,0x211,0x8,0xE4 0x00 0x2A 0x00 0x00 0x00 0xE5 0x00,0x5F99,ACK
7.0539051000,1492,Data,0x343,0x8,0x00 0x00 0x00 0x01 0x01 0x01 0x01 0xC8,0x5B06,ACK
7.0543774000,1493,Data,0x341,0x8,0x00 0x00 0x00 0x00 0x02 0x00 0x00 0x00,0x1833,ACK
7.0546456000,1494,Data,0x342,0x8,0x23 0x00 0x64 0x00 0x00 0xC4 0x16 0x34,0x5886,ACK
7.0548859000,1495,Data,0x344,0x8,0x00 0x00 0x00 0x03 0x00 0x00 0x00 0x00,0x6F15,ACK
7.0686918000,1496,Data,0x100,0x8,0xC8 0x00 0x04 0x40 0x23 0x4F 0x64 0x32,0x61CA,ACK
7.0886898000,1497,Data,0x100,0x8,0xC8 0x00 0x04 0x40 0x23 0x4F 0x64 0x32,0x61CA,ACK
7.1086918000,1498,Data,0x100,0x8,0xC8 0x00 0x04 0x40 0x23 0x4F 0x64 0x32,0x61CA,ACK
7.1092099000,1499,Data,0x310,0x8,0xF1 0x0E 0x78 0x05 0x1A 0x02 0x01 0xC8,0x14DD,ACK
7.1287178000,1500,Data,0x100,0x8,0xC8 0x00 0x04 0x40 0x23 0x4F 0x64 0x32,0x61CA,ACK
7.1289560000,1501,Data,0x203,0x8,0x03 0x00 0x58 0x00 0x58 0x00 0xE5 0x00,0x186D,ACK
7.1292003000,1502,Data,0x204,0x8,0x00 0x00 0x00 0x00 0x00 0x00 0x00 0x00,0x79D1,ACK
7.1294565000,1503,Data,0x205,0x8,0x00 0x00 0x00 0x00 0x00 0x00 0x00 0x00,0x72CA,ACK
7.1297528000,1504,Data,0x209,0x8,0x9F 0x27 0x10 0x04 0x90 0x49 0x00 0x00,0x59C2,ACK
7.1299930000,1505,Data,0x20A,0x8,0x00 0x00 0x00 0x00 0x00 0x00 0x00 0x00,0x1B53,ACK
7.1302493000,1506,Data,0x20B,0x8,0xBC 0x02 0x64 0x00 0x01 0xC8 0x00 0x00,0x021C,ACK
7.1304935000,1507,Data,0x20C,0x8,0x00 0xC4 0x2C 0x34 0x1E 0x07 0x00 0x00,0x3E70,ACK
7.1307418000,1508,Data,0x301,0x8,0x00 0x00 0x00 0x00 0x00 0x00 0x00 0x00,0x7E55,ACK
7.1309980000,1509,Data,0x302,0x2,0x00 0xFF,0x6FC0,ACK
7.1311443000,1510,Data,0x485,0x8,0x22 0x00 0x00 0x00 0x0C 0x02 0x48 0x0C,0x1FCE,ACK
7.1486883000,1511,Data,0x100,0x8,0xC8 0x00 0x04 0x40 0x23 0x4F 0x64 0x32,0x61CA,ACK
7.1534203000,1512,Data,0x212,0x8,0x52 0x01 0x01 0xC9 0x59 0x00 0x00 0x2A,0x638B,ACK
7.1536846000,1513,Data,0x211,0x8,0xE4 0x00 0x2A 0x00 0x00 0x00 0xE3 0x00,0x4C7F,ACK
7.1539728000,1514,Data,0x343,0x8,0x00 0x00 0x00 0x01 0x01 0x01 0x01 0xC8,0x5B06,ACK
7.1686908000,1515,Data,0x100,0x8,0xC8 0x00 0x04 0x40 0x23 0x4F 0x64 0x32,0x61CA,ACK
7.1863510000,1516,Data,0x311,0x8,0x39 0x1E 0x07 0x3F 0x90 0x01 0x00 0x00,0x66BC,ACK
7.1886891000,1517,Data,0x100,0x8,0xC8 0x00 0x04 0x40 0x23 0x4F 0x64 0x32,0x61CA,ACK
7.2086891000,1518,Data,0x100,0x8,0xC8 0x00 0x04 0x40 0x23 0x4F 0x64 0x32,0x61CA,ACK
7.2287070000,1519,Data,0x100,0x8,0xC8 0x00 0x04 0x40 0x23 0x4F 0x64 0x32,0x61CA,ACK
7.2289452000,1520,Data,0x203,0x8,0x03 0x00 0x58 0x00 0x58 0x00 0xE3 0x00,0x0B8B,ACK
7.2291895000,1521,Data,0x204,0x8,0x00 0x00 0x00 0x00 0x00 0x00 0x00 0x00,0x79D1,ACK
7.2294477000,1522,Data,0x205,0x8,0x00 0x00 0x00 0x00 0x00 0x00 0x00 0x00,0x72CA,ACK
7.2297660000,1523,Data,0x209,0x8,0x9F 0x27 0x10 0x04 0x90 0x49 0x00 0x00,0x59C2,ACK
7.2300062000,1524,Data,0x20A,0x8,0x00 0x00 0x00 0x00 0x00 0x00 0x00 0x00,0x1B53,ACK
7.2302605000,1525,Data,0x20B,0x8,0xBC 0x02 0x64 0x00 0x01 0xC8 0x00 0x00,0x021C,ACK
7.2305047000,1526,Data,0x20C,0x8,0x00 0xC4 0x2C 0x34 0x1E 0x07 0x00 0x00,0x3E70,ACK
7.2486887000,1527,Data,0x100,0x8,0xC8 0x00 0x04 0x40 0x23 0x4F 0x64 0x32,0x61CA,ACK
7.2534088000,1528,Data,0x212,0x8,0x52 0x01 0x01 0xC9 0x56 0x00 0x00 0x2A,0x093A,ACK
7.2536529000,1529,Data,0x211,0x8,0xE4 0x00 0x2A 0x00 0x00 0x00 0xDF 0x00,0x311A,ACK
7.2539191000,1530,Data,0x343,0x8,0x00 0x00 0x00 0x01 0x01 0x01 0x01 0xC8,0x5B06,ACK
7.2542154000,1531,Data,0x341,0x8,0x00 0x00 0x00 0x00 0x02 0x00 0x00 0x00,0x1833,ACK
7.2544756000,1532,Data,0x342,0x8,0x23 0x00 0x64 0x00 0x00 0xC4 0x16 0x34,0x5886,ACK
7.2547899000,1533,Data,0x344,0x8,0x00 0x00 0x00 0x03 0x00 0x00 0x00 0x00,0x6F15,ACK
7.2686878000,1534,Data,0x100,0x8,0xC8 0x00 0x04 0x40 0x23 0x4F 0x64 0x32,0x61CA,ACK
7.2886878000,1535,Data,0x100,0x8,0xC8 0x00 0x04 0x40 0x23 0x4F 0x64 0x32,0x61CA,ACK
7.3086801000,1536,Data,0x310,0x8,0xF1 0x0E 0x78 0x05 0x1A 0x02 0x01 0xC8,0x14DD,ACK
7.3089123000,1537,Data,0x100,0x8,0xC8 0x00 0x04 0x40 0x23 0x4F 0x64 0x32,0x61CA,ACK
7.3287143000,1538,Data,0x100,0x8,0xC8 0x00 0x04 0x40 0x23 0x4F 0x64 0x32,0x61CA,ACK
7.3289526000,1539,Data,0x203,0x8,0x03 0x00 0x58 0x00 0x58 0x00 0xDF 0x00,0x76EE,ACK
7.3291968000,1540,Data,0x204,0x8,0x00 0x00 0x00 0x00 0x00 0x00 0x00 0x00,0x79D1,ACK
7.3294531000,1541,Data,0x205,0x8,0x00 0x00 0x00 0x00 0x00 0x00 0x00 0x00,0x72CA,ACK
7.3297653000,1542,Data,0x209,0x8,0x9F 0x27 0x10 0x04 0x90 0x49 0x00 0x00,0x59C2,ACK
7.3300056000,1543,Data,0x20A,0x8,0x00 0x00 0x00 0x00 0x00 0x00 0x00 0x00,0x1B53,ACK
7.3302618000,1544,Data,0x20B,0x8,0xBC 0x02 0x64 0x00 0x01 0xC8 0x00 0x00,0x021C,ACK
7.3305060000,1545,Data,0x20C,0x8,0x00 0xC4 0x2C 0x34 0x1E 0x07 0x00 0x00,0x3E70,ACK
7.3307543000,1546,Data,0x301,0x8,0x00 0x00 0x00 0x00 0x00 0x00 0x00 0x00,0x7E55,ACK
7.3310105000,1547,Data,0x302,0x2,0x00 0xFF,0x6FC0,ACK
7.3311568000,1548,Data,0x485,0x8,0x22 0x00 0x00 0x00 0x0C 0x02 0x48 0x0C,0x1FCE,ACK
7.3486888000,1549,Data,0x100,0x8,0xC8 0x00 0x04 0x40 0x23 0x4F 0x64 0x32,0x61CA,ACK
7.3533868000,1550,Data,0x212,0x8,0x52 0x01 0x01 0xC9 0x56 0x00 0x00 0x2A,0x093A,ACK
7.3537011000,1551,Data,0x211,0x8,0xE4 0x00 0x2A 0x00 0x00 0x00 0xE2 0x00,0x0859,ACK
7.3539913000,1552,Data,0x343,0x8,0x00 0x00 0x00 0x01 0x01 0x01 0x01 0xC8,0x5B06,ACK
7.3543756000,1553,Data,0x401,0x8,0x0D 0x00 0x34 0x01 0x05 0x2A 0x00 0x00,0x4864,ACK
7.3686875000,1554,Data,0x100,0x8,0xC8 0x00 0x04 0x40 0x23 0x4F 0x64 0x32,0x61CA,ACK
7.3882557000,1555,Data,0x311,0x8,0x39 0x1E 0x07 0x3F 0x90 0x01 0x00 0x00,0x66BC,ACK
7.3886878000,1556,Data,0x100,0x8,0xC8 0x00 0x04 0x40 0x23 0x4F 0x64 0x32,0x61CA,ACK
7.4086758000,1557,Data,0x100,0x8,0xC8 0x00 0x04 0x40 0x23 0x4F 0x64 0x32,0x61CA,ACK
7.4287058000,1558,Data,0x100,0x8,0xC8 0x00 0x04 0x40 0x23 0x4F 0x64 0x32,0x61CA,ACK
7.4289420000,1559,Data,0x203,0x8,0x03 0x00 0x58 0x00 0x58 0x00 0xE2 0x00,0x4FAD,ACK
7.4291863000,1560,Data,0x204,0x8,0x00 0x00 0x00 0x00 0x00 0x00 0x00 0x00,0x79D1,ACK
7.4294425000,1561,Data,0x205,0x8,0x00 0x00 0x00 0x00 0x00 0x00 0x00 0x00,0x72CA,ACK
7.4297528000,1562,Data,0x209,0x8,0x9F 0x27 0x10 0x04 0x90 0x49 0x00 0x00,0x59C2,ACK
7.4299930000,1563,Data,0x20A,0x8,0x00 0x00 0x00 0x00 0x00 0x00 0x00 0x00,0x1B53,ACK
7.4302472000,1564,Data,0x20B,0x8,0xBC 0x02 0x64 0x00 0x01 0xC8 0x00 0x00,0x021C,ACK
7.4304935000,1565,Data,0x20C,0x8,0x00 0xC4 0x2C 0x34 0x1E 0x07 0x00 0x00,0x3E70,ACK
7.4486875000,1566,Data,0x100,0x8,0xC8 0x00 0x04 0x40 0x23 0x4F 0x64 0x32,0x61CA,ACK
7.4534095000,1567,Data,0x212,0x8,0x52 0x01 0x01 0xC9 0x58 0x00 0x00 0x2A,0x7D73,ACK
7.4536738000,1568,Data,0x211,0x8,0xE4 0x00 0x2A 0x00 0x00 0x00 0xDC 0x00,0x38E9,ACK
7.4539340000,1569,Data,0x343,0x8,0x00 0x00 0x00 0x01 0x01 0x01 0x01 0xC8,0x5B06,ACK
7.4543463000,1570,Data,0x341,0x8,0x00 0x00 0x00 0x00 0x02 0x00 0x00 0x00,0x1833,ACK
7.4546125000,1571,Data,0x342,0x8,0x23 0x00 0x64 0x00 0x00 0xC4 0x16 0x34,0x5886,ACK
7.4548548000,1572,Data,0x344,0x8,0x00 0x00 0x00 0x03 0x00 0x00 0x00 0x00,0x6F15,ACK
7.4686847000,1573,Data,0x100,0x8,0xC8 0x00 0x04 0x40 0x23 0x4F 0x64 0x32,0x61CA,ACK
7.4886866000,1574,Data,0x100,0x8,0xC8 0x00 0x04 0x40 0x23 0x4F 0x64 0x32,0x61CA,ACK
7.5054728000,1575,Data,0x424,0x8,0x00 0x34 0x4D 0x69 0x00 0x00 0x00 0x00,0x581B,ACK
7.5067271000,1576,Data,0x500,0x8,0x47 0x48 0x48 0xFF 0x48 0x48 0x48 0xFF,0x281A,ACK
7.5077913000,1577,Data,0x425,0x8,0x01 0x64 0x48 0x58 0x58 0x58 0x01 0xFF,0x1AD8,ACK
7.5080256000,1578,Data,0x429,0x8,0x20 0x00 0x00 0x00 0x00 0x00 0x00 0x00,0x7AC7,ACK
7.5082738000,1579,Data,0x420,0x8,0xA4 0x14 0xC6 0xFF 0x70 0x03 0x00 0x00,0x0778,ACK
7.5085141000,1580,Data,0x421,0x8,0x38 0x36 0x31 0x34 0xFB 0x04 0x62 0x04,0x00AE,ACK
7.5087482000,1581,Data,0x100,0x8,0xC8 0x00 0x04 0x40 0x23 0x4F 0x64 0x32,0x61CA,ACK
7.5089824000,1582,Data,0x310,0x8,0xF1 0x0E 0x78 0x05 0x1A 0x02 0x01 0xC8,0x14DD,ACK
7.5092146000,1583,Data,0x422,0x8,0x00 0x00 0x20 0x00 0x15 0x00 0x02 0x00,0x33F1,ACK
7.5094608000,1584,Data,0x423,0x8,0xBC 0x02 0x64 0x00 0x3C 0x00 0x01 0x00,0x500B,ACK
7.5287267000,1585,Data,0x100,0x8,0xC8 0x00 0x04 0x40 0x23 0x4F 0x64 0x32,0x61CA,ACK
7.5289650000,1586,Data,0x203,0x8,0x03 0x00 0x58 0x00 0x58 0x00 0xDC 0x00,0x7F1D,ACK
7.5292132000,1587,Data,0x204,0x8,0x00 0x00 0x00 0x00 0x00 0x00 0x00 0x00,0x79D1,ACK
7.5294695000,1588,Data,0x205,0x8,0x00 0x00 0x00 0x00 0x00 0x00 0x00 0x00,0x72CA,ACK
7.5297477000,1589,Data,0x209,0x8,0x9F 0x27 0x10 0x04 0x90 0x49 0x00 0x00,0x59C2,ACK
7.5299880000,1590,Data,0x20A,0x8,0x00 0x00 0x00 0x00 0x00 0x00 0x00 0x00,0x1B53,ACK
7.5302442000,1591,Data,0x20B,0x8,0xBC 0x02 0x64 0x00 0x01 0xC8 0x00 0x00,0x021C,ACK
7.5304885000,1592,Data,0x20C,0x8,0x00 0xC4 0x2C 0x34 0x1E 0x07 0x00 0x00,0x3E70,ACK
7.5307367000,1593,Data,0x301,0x8,0x00 0x00 0x00 0x00 0x00 0x00 0x00 0x00,0x7E55,ACK
7.5309929000,1594,Data,0x302,0x2,0x00 0xFF,0x6FC0,ACK
7.5311392000,1595,Data,0x485,0x8,0x22 0x00 0x00 0x00 0x0C 0x02 0x48 0x0C,0x1FCE,ACK
7.5313834000,1596,Data,0x480,0x8,0x00 0x00 0x03 0x00 0x20 0x00 0x00 0x00,0x0E32,ACK
7.5316397000,1597,Data,0x481,0x8,0x50 0x0A 0x40 0x08 0x00 0x00 0x00 0x00,0x46C7,ACK
7.5318879000,1598,Data,0x482,0x8,0x52 0x01 0x02 0x00 0x00 0x00 0x00 0x00,0x36EA,ACK
7.5321362000,1599,Data,0x483,0x8,0x31 0x4B 0x31 0x55 0x41 0x32 0x35 0x35,0x717E,ACK
7.5323704000,1600,Data,0x484,0x8,0x31 0x50 0x33 0x39 0x36 0x35 0x00 0x00,0x0196,ACK
7.5486865000,1601,Data,0x100,0x8,0xC8 0x00 0x04 0x40 0x23 0x4F 0x64 0x32,0x61CA,ACK
7.5534645000,1602,Data,0x212,0x8,0x52 0x01 0x01 0xC9 0x59 0x00 0x00 0x2A,0x638B,ACK
7.5537027000,1603,Data,0x211,0x8,0xE4 0x00 0x2A 0x00 0x00 0x00 0xE2 0x00,0x0859,ACK
7.5539670000,1604,Data,0x343,0x8,0x00 0x00 0x00 0x01 0x01 0x01 0x01 0xC8,0x5B06,ACK
7.5686850000,1605,Data,0x100,0x8,0xC8 0x00 0x04 0x40 0x23 0x4F 0x64 0x32,0x61CA,ACK
7.5886869000,1606,Data,0x100,0x8,0xC8 0x00 0x04 0x40 0x23 0x4F 0x64 0x32,0x61CA,ACK
7.5889212000,1607,Data,0x311,0x8,0x39 0x1E 0x07 0x3F 0x90 0x01 0x00 0x00,0x66BC,ACK
7.6086851000,1608,Data,0x100,0x8,0xC8 0x00 0x04 0x40 0x23 0x4F 0x64 0x32,0x61CA,ACK
7.6287030000,1609,Data,0x100,0x8,0xC8 0x00 0x04 0x40 0x23 0x4F 0x64 0x32,0x61CA,ACK
7.6289413000,1610,Data,0x203,0x8,0x03 0x00 0x58 0x00 0x58 0x00 0xE2 0x00,0x4FAD,ACK
7.6291875000,1611,Data,0x204,0x8,0x00 0x00 0x00 0x00 0x00 0x00 0x00 0x00,0x79D1,ACK
7.6294438000,1612,Data,0x205,0x8,0x00 0x00 0x00 0x00 0x00 0x00 0x00 0x00,0x72CA,ACK
7.6297600000,1613,Data,0x209,0x8,0x9F 0x27 0x10 0x04 0x90 0x49 0x00 0x00,0x59C2,ACK
7.6300003000,1614,Data,0x20A,0x8,0x00 0x00 0x00 0x00 0x00 0x00 0x00 0x00,0x1B53,ACK
7.6302565000,1615,Data,0x20B,0x8,0xBC 0x02 0x64 0x00 0x01 0xC8 0x00 0x00,0x021C,ACK
7.6305008000,1616,Data,0x20C,0x8,0x00 0xC4 0x2C 0x34 0x1E 0x07 0x00 0x00,0x3E70,ACK
7.6486828000,1617,Data,0x100,0x8,0xC8 0x00 0x04 0x40 0x23 0x4F 0x64 0x32,0x61CA,ACK
7.6533808000,1618,Data,0x212,0x8,0x52 0x01 0x01 0xC9 0x55 0x00 0x00 0x2A,0x2A32,ACK
7.6536189000,1619,Data,0x211,0x8,0xE4 0x00 0x2A 0x00 0x00 0x00 0xDF 0x00,0x311A,ACK
7.6538830000,1620,Data,0x343,0x8,0x00 0x00 0x00 0x01 0x01 0x01 0x01 0xC8,0x5B06,ACK
7.6541751000,1621,Data,0x341,0x8,0x00 0x00 0x00 0x00 0x02 0x00 0x00 0x00,0x1833,ACK
7.6544793000,1622,Data,0x342,0x8,0x23 0x00 0x64 0x00 0x00 0xC4 0x16 0x34,0x5886,ACK
7.6547395000,1623,Data,0x344,0x8,0x00 0x00 0x00 0x03 0x00 0x00 0x00 0x00,0x6F15,ACK
7.6686834000,1624,Data,0x100,0x8,0xC8 0x00 0x04 0x40 0x23 0x4F 0x64 0x32,0x61CA,ACK
7.6886834000,1625,Data,0x100,0x8,0xC8 0x00 0x04 0x40 0x23 0x4F 0x64 0x32,0x61CA,ACK
7.7086834000,1626,Data,0x100,0x8,0xC8 0x00 0x04 0x40 0x23 0x4F 0x64 0x32,0x61CA,ACK
7.7095035000,1627,Data,0x310,0x8,0xF1 0x0E 0x78 0x05 0x1A 0x02 0x01 0xC8,0x14DD,ACK
7.7287094000,1628,Data,0x100,0x8,0xC8 0x00 0x04 0x40 0x23 0x4F 0x64 0x32,0x61CA,ACK
7.7289476000,1629,Data,0x203,0x8,0x03 0x00 0x58 0x00 0x58 0x00 0xDF 0x00,0x76EE,ACK
7.7291919000,1630,Data,0x204,0x8,0x00 0x00 0x00 0x00 0x00 0x00 0x00 0x00,0x79D1,ACK
7.7294481000,1631,Data,0x205,0x8,0x00 0x00 0x00 0x00 0x00 0x00 0x00 0x00,0x72CA,ACK
7.7297604000,1632,Data,0x209,0x8,0x9F 0x27 0x10 0x04 0x90 0x49 0x00 0x00,0x59C2,ACK
7.7300006000,1633,Data,0x20A,0x8,0x00 0x00 0x00 0x00 0x00 0x00 0x00 0x00,0x1B53,ACK
7.7302569000,1634,Data,0x20B,0x8,0xBC 0x02 0x64 0x00 0x01 0xC8 0x00 0x00,0x021C,ACK
7.7305011000,1635,Data,0x20C,0x8,0x00 0xC4 0x2C 0x34 0x1E 0x07 0x00 0x00,0x3E70,ACK
7.7307493000,1636,Data,0x301,0x8,0x00 0x00 0x00 0x00 0x00 0x00 0x00 0x00,0x7E55,ACK
7.7310056000,1637,Data,0x302,0x2,0x00 0xFF,0x6FC0,ACK
7.7311518000,1638,Data,0x485,0x8,0x22 0x00 0x00 0x00 0x0C 0x02 0x48 0x0C,0x1FCE,ACK
7.7486839000,1639,Data,0x100,0x8,0xC8 0x00 0x04 0x40 0x23 0x4F 0x64 0x32,0x61CA,ACK
7.7534040000,1640,Data,0x212,0x8,0x52 0x01 0x01 0xC9 0x57 0x00 0x00 0x2A,0x17C2,ACK
7.7537182000,1641,Data,0x211,0x8,0xE4 0x00 0x2A 0x00 0x00 0x00 0xE4 0x00,0x1BBF,ACK
7.7539844000,1642,Data,0x343,0x8,0x00 0x00 0x00 0x01 0x01 0x01 0x01 0xC8,0x5B06,ACK
7.7686824000,1643,Data,0x100,0x8,0xC8 0x00 0x04 0x40 0x23 0x4F 0x64 0x32,0x61CA,ACK
7.7886823000,1644,Data,0x100,0x8,0xC8 0x00 0x04 0x40 0x23 0x4F 0x64 0x32,0x61CA,ACK
7.7901086000,1645,Data,0x311,0x8,0x39 0x1E 0x07 0x3F 0x90 0x01 0x00 0x00,0x66BC,ACK
7.8086825000,1646,Data,0x100,0x8,0xC8 0x00 0x04 0x40 0x23 0x4F 0x64 0x32,0x61CA,ACK
7.8287005000,1647,Data,0x100,0x8,0xC8 0x00 0x04 0x40 0x23 0x4F 0x64 0x32,0x61CA,ACK
7.8289386000,1648,Data,0x203,0x8,0x03 0x00 0x58 0x00 0x58 0x00 0xE4 0x00,0x5C4B,ACK
7.8291847000,1649,Data,0x204,0x8,0x00 0x00 0x00 0x00 0x00 0x00 0x00 0x00,0x79D1,ACK
7.8294408000,1650,Data,0x205,0x8,0x00 0x00 0x00 0x00 0x00 0x00 0x00 0x00,0x72CA,ACK
7.8297589000,1651,Data,0x209,0x8,0x9F 0x27 0x10 0x04 0x90 0x49 0x00 0x00,0x59C2,ACK
7.8299991000,1652,Data,0x20A,0x8,0x00 0x00 0x00 0x00 0x00 0x00 0x00 0x00,0x1B53,ACK
7.8302532000,1653,Data,0x20B,0x8,0xBC 0x02 0x64 0x00 0x01 0xC8 0x00 0x00,0x021C,ACK
7.8304973000,1654,Data,0x20C,0x8,0x00 0xC4 0x2C 0x34 0x1E 0x07 0x00 0x00,0x3E70,ACK
7.8486812000,1655,Data,0x100,0x8,0xC8 0x00 0x04 0x40 0x23 0x4F 0x64 0x32,0x61CA,ACK
7.8533993000,1656,Data,0x212,0x8,0x52 0x01 0x01 0xC9 0x59 0x00 0x00 0x2A,0x638B,ACK
7.8536415000,1657,Data,0x211,0x8,0xE4 0x00 0x2A 0x00 0x00 0x00 0xE4 0x00,0x1BBF,ACK
7.8539338000,1658,Data,0x343,0x8,0x00 0x00 0x00 0x01 0x01 0x01 0x01 0xC8,0x5B06,ACK
7.8541960000,1659,Data,0x341,0x8,0x00 0x00 0x00 0x00 0x02 0x00 0x00 0x00,0x1833,ACK
7.8545043000,1660,Data,0x342,0x8,0x23 0x00 0x64 0x00 0x00 0xC4 0x16 0x34,0x5886,ACK
7.8547685000,1661,Data,0x344,0x8,0x00 0x00 0x00 0x03 0x00 0x00 0x00 0x00,0x6F15,ACK
7.8550608000,1662,Data,0x401,0x8,0x16 0x00 0x34 0x01 0x05 0x2A 0x00 0x00,0x19D7,ACK
7.8686827000,1663,Data,0x100,0x8,0xC8 0x00 0x04 0x40 0x23 0x4F 0x64 0x32,0x61CA,ACK
7.8886807000,1664,Data,0x100,0x8,0xC8 0x00 0x04 0x40 0x23 0x4F 0x64 0x32,0x61CA,ACK
7.9086807000,1665,Data,0x100,0x8,0xC8 0x00 0x04 0x40 0x23 0x4F 0x64 0x32,0x61CA,ACK
7.9095728000,1666,Data,0x310,0x8,0xF1 0x0E 0x78 0x05 0x1A 0x02 0x01 0xC8,0x14DD,ACK
7.9287067000,1667,Data,0x100,0x8,0xC8 0x00 0x04 0x40 0x23 0x4F 0x64 0x32,0x61CA,ACK
7.9289449000,1668,Data,0x203,0x8,0x03 0x00 0x58 0x00 0x58 0x00 0xE4 0x00,0x5C4B,ACK
7.9291891000,1669,Data,0x204,0x8,0x00 0x00 0x00 0x00 0x00 0x00 0x00 0x00,0x79D1,ACK
7.9294454000,1670,Data,0x205,0x8,0x00 0x00 0x00 0x00 0x00 0x00 0x00 0x00,0x72CA,ACK
7.9297576000,1671,Data,0x209,0x8,0x9F 0x27 0x10 0x04 0x90 0x49 0x00 0x00,0x59C2,ACK
7.9299979000,1672,Data,0x20A,0x8,0x00 0x00 0x00 0x00 0x00 0x00 0x00 0x00,0x1B53,ACK
7.9302541000,1673,Data,0x20B,0x8,0xBC 0x02 0x64 0x00 0x01 0xC8 0x00 0x00,0x021C,ACK
7.9304984000,1674,Data,0x20C,0x8,0x00 0xC4 0x2C 0x34 0x1E 0x07 0x00 0x00,0x3E70,ACK
7.9307466000,1675,Data,0x301,0x8,0x00 0x00 0x00 0x00 0x00 0x00 0x00 0x00,0x7E55,ACK
7.9310029000,1676,Data,0x302,0x2,0x00 0xFF,0x6FC0,ACK
7.9311491000,1677,Data,0x485,0x8,0x22 0x00 0x00 0x00 0x0C 0x02 0x48 0x0C,0x1FCE,ACK
7.9486691000,1678,Data,0x100,0x8,0xC8 0x00 0x04 0x40 0x23 0x4F 0x64 0x32,0x61CA,ACK
7.9534132000,1679,Data,0x212,0x8,0x52 0x01 0x01 0xC9 0x57 0x00 0x00 0x2A,0x17C2,ACK
7.9536795000,1680,Data,0x211,0x8,0xE4 0x00 0x2A 0x00 0x00 0x00 0xE0 0x00,0x458C,ACK
7.9539717000,1681,Data,0x343,0x8,0x00 0x00 0x00 0x01 0x01 0x01 0x01 0xC8,0x5B06,ACK
7.9686796000,1682,Data,0x100,0x8,0xC8 0x00 0x04 0x40 0x23 0x4F 0x64 0x32,0x61CA,ACK
7.9886676000,1683,Data,0x100,0x8,0xC8 0x00 0x04 0x40 0x23 0x4F 0x64 0x32,0x61CA,ACK
7.9896018000,1684,Data,0x311,0x8,0x39 0x1E 0x07 0x3F 0x90 0x01 0x00 0x00,0x66BC,ACK
8.0086797000,1685,Data,0x100,0x8,0xC8 0x00 0x04 0x40 0x23 0x4F 0x64 0x32,0x61CA,ACK
8.0089139000,1686,Data,0x425,0x8,0x01 0x64 0x48 0x58 0x58 0x58 0x01 0xFF,0x1AD8,ACK
8.0091481000,1687,Data,0x429,0x8,0x20 0x00 0x00 0x00 0x00 0x00 0x00 0x00,0x7AC7,ACK
8.0093964000,1688,Data,0x420,0x8,0xA1 0x14 0xAE 0xFF 0x70 0x03 0x00 0x00,0x4C5D,ACK
8.0096326000,1689,Data,0x421,0x8,0x38 0x36 0x31 0x34 0xFB 0x04 0x62 0x04,0x00AE,ACK
8.0098669000,1690,Data,0x422,0x8,0x00 0x00 0x20 0x00 0x15 0x00 0x02 0x00,0x33F1,ACK
8.0101591000,1691,Data,0x423,0x8,0xBC 0x02 0x64 0x00 0x3C 0x00 0x01 0x00,0x500B,ACK
8.0286990000,1692,Data,0x100,0x8,0xC8 0x00 0x04 0x40 0x23 0x4F 0x64 0x32,0x61CA,ACK
8.0289392000,1693,Data,0x203,0x8,0x03 0x00 0x58 0x00 0x58 0x00 0xE0 0x00,0x0278,ACK
8.0291875000,1694,Data,0x204,0x8,0x00 0x00 0x00 0x00 0x00 0x00 0x00 0x00,0x79D1,ACK
8.0294437000,1695,Data,0x205,0x8,0x00 0x00 0x00 0x00 0x00 0x00 0x00 0x00,0x72CA,ACK
8.0297540000,1696,Data,0x209,0x8,0x9F 0x27 0x10 0x04 0x90 0x49 0x00 0x00,0x59C2,ACK
8.0299942000,1697,Data,0x20A,0x8,0x00 0x00 0x00 0x00 0x00 0x00 0x00 0x00,0x1B53,ACK
8.0302485000,1698,Data,0x20B,0x8,0xBC 0x02 0x64 0x00 0x01 0xC8 0x00 0x00,0x021C,ACK
8.0304927000,1699,Data,0x20C,0x8,0x00 0xC4 0x2C 0x34 0x1E 0x07 0x00 0x00,0x3E70,ACK
8.0486807000,1700,Data,0x100,0x8,0xC8 0x00 0x04 0x40 0x23 0x4F 0x64 0x32,0x61CA,ACK
8.0534528000,1701,Data,0x212,0x8,0x52 0x01 0x01 0xC9 0x55 0x00 0x00 0x2A,0x2A32,ACK
8.0537150000,1702,Data,0x211,0x8,0xE4 0x00 0x2A 0x00 0x00 0x00 0xE1 0x00,0x01AA,ACK
8.0539813000,1703,Data,0x343,0x8,0x00 0x00 0x00 0x01 0x01 0x01 0x01 0xC8,0x5B06,ACK
8.0543955000,1704,Data,0x341,0x8,0x00 0x00 0x00 0x00 0x02 0x00 0x00 0x00,0x1833,ACK
8.0546637000,1705,Data,0x342,0x8,0x23 0x00 0x64 0x00 0x00 0xC4 0x16 0x34,0x5886,ACK
8.0549040000,1706,Data,0x344,0x8,0x00 0x00 0x00 0x03 0x00 0x00 0x00 0x00,0x6F15,ACK
8.0686780000,1707,Data,0x100,0x8,0xC8 0x00 0x04 0x40 0x23 0x4F 0x64 0x32,0x61CA,ACK
8.0886779000,1708,Data,0x100,0x8,0xC8 0x00 0x04 0x40 0x23 0x4F 0x64 0x32,0x61CA,ACK
8.1086779000,1709,Data,0x100,0x8,0xC8 0x00 0x04 0x40 0x23 0x4F 0x64 0x32,0x61CA,ACK
8.1112742000,1710,Data,0x310,0x8,0xF1 0x0E 0x78 0x05 0x1A 0x02 0x01 0xC8,0x14DD,ACK
8.1287062000,1711,Data,0x100,0x8,0xC8 0x00 0x04 0x40 0x23 0x4F 0x64 0x32,0x61CA,ACK
8.1289463000,1712,Data,0x203,0x8,0x03 0x00 0x58 0x00 0x58 0x00 0xE1 0x00,0x465E,ACK
8.1291886000,1713,Data,0x204,0x8,0x00 0x00 0x00 0x00 0x00 0x00 0x00 0x00,0x79D1,ACK
8.1294448000,1714,Data,0x205,0x8,0x00 0x00 0x00 0x00 0x00 0x00 0x00 0x00,0x72CA,ACK
8.1297430000,1715,Data,0x209,0x8,0x9F 0x27 0x10 0x04 0x90 0x49 0x00 0x00,0x59C2,ACK
8.1299853000,1716,Data,0x20A,0x8,0x00 0x00 0x00 0x00 0x00 0x00 0x00 0x00,0x1B53,ACK
8.1302415000,1717,Data,0x20B,0x8,0xBC 0x02 0x64 0x00 0x01 0xC8 0x00 0x00,0x021C,ACK
8.1304858000,1718,Data,0x20C,0x8,0x00 0xC4 0x2C 0x34 0x1E 0x07 0x00 0x00,0x3E70,ACK
8.1307340000,1719,Data,0x301,0x8,0x00 0x00 0x00 0x00 0x00 0x00 0x00 0x00,0x7E55,ACK
8.1309903000,1720,Data,0x302,0x2,0x00 0xFF,0x6FC0,ACK
8.1311365000,1721,Data,0x485,0x8,0x22 0x00 0x00 0x00 0x0C 0x02 0x48 0x0C,0x1FCE,ACK
8.1486765000,1722,Data,0x100,0x8,0xC8 0x00 0x04 0x40 0x23 0x4F 0x64 0x32,0x61CA,ACK
8.1533786000,1723,Data,0x212,0x8,0x52 0x01 0x01 0xC9 0x57 0x00 0x00 0x2A,0x17C2,ACK
8.1536228000,1724,Data,0x211,0x8,0xE4 0x00 0x2A 0x00 0x00 0x00 0xE5 0x00,0x5F99,ACK
8.1538811000,1725,Data,0x343,0x8,0x00 0x00 0x00 0x01 0x01 0x01 0x01 0xC8,0x5B06,ACK
8.1686770000,1726,Data,0x100,0x8,0xB9 0x00 0x04 0x40 0x23 0x4F 0x64 0x32,0x418C,ACK
8.1886770000,1727,Data,0x100,0x8,0x9C 0x00 0x04 0x40 0x23 0x4F 0x64 0x32,0x5216,ACK
8.1900733000,1728,Data,0x311,0x8,0x39 0x1E 0x07 0x3F 0x90 0x01 0x00 0x00,0x66BC,ACK
8.2086751000,1729,Data,0x100,0x8,0x9C 0x00 0x04 0x40 0x23 0x4F 0x64 0x32,0x5216,ACK
8.2286831000,1730,Data,0x100,0x8,0xB1 0x00 0x04 0x40 0x23 0x4F 0x64 0x32,0x655A,ACK
8.2289194000,1731,Data,0x203,0x8,0x03 0x00 0x58 0x00 0x58 0x00 0xE5 0x00,0x186D,ACK
8.2291636000,1732,Data,0x204,0x8,0x00 0x00 0x00 0x00 0x00 0x00 0x00 0x00,0x79D1,ACK
8.2294199000,1733,Data,0x205,0x8,0x00 0x00 0x00 0x00 0x00 0x00 0x00 0x00,0x72CA,ACK
8.2297521000,1734,Data,0x209,0x8,0x9F 0x27 0x10 0x04 0x90 0x49 0x00 0x00,0x59C2,ACK
8.2299924000,1735,Data,0x20A,0x8,0x00 0x00 0x00 0x00 0x00 0x00 0x00 0x00,0x1B53,ACK
8.2302466000,1736,Data,0x20B,0x8,0xBC 0x02 0x64 0x00 0x01 0xC8 0x00 0x00,0x021C,ACK
8.2304909000,1737,Data,0x20C,0x8,0x00 0xC4 0x2C 0x34 0x1E 0x07 0x00 0x00,0x3E70,ACK
8.2486769000,1738,Data,0x100,0x8,0xC0 0x00 0x04 0x40 0x23 0x4F 0x64 0x32,0x451C,ACK
8.2534049000,1739,Data,0x212,0x8,0x52 0x01 0x01 0xC9 0x56 0x00 0x00 0x2A,0x093A,ACK
8.2536731000,1740,Data,0x211,0x8,0xE4 0x00 0x2A 0x00 0x00 0x00 0xE2 0x00,0x0859,ACK
8.2539694000,1741,Data,0x343,0x8,0x00 0x00 0x00 0x01 0x01 0x01 0x01 0xC0,0x2F01,ACK
8.2543576000,1742,Data,0x341,0x8,0x00 0x00 0x00 0x00 0x02 0x00 0x00 0x00,0x1833,ACK
8.2547279000,1743,Data,0x342,0x8,0x23 0x00 0x64 0x00 0x00 0xC4 0x16 0x34,0x5886,ACK
8.2549681000,1744,Data,0x344,0x8,0x00 0x00 0x00 0x03 0x00 0x00 0x00 0x00,0x6F15,ACK
8.2686761000,1745,Data,0x100,0x8,0xC8 0x00 0x04 0x40 0x23 0x4F 0x64 0x32,0x61CA,ACK
8.2886740000,1746,Data,0x100,0x8,0xC8 0x00 0x04 0x40 0x23 0x4F 0x64 0x32,0x61CA,ACK
8.3086760000,1747,Data,0x100,0x8,0xA4 0x00 0x04 0x40 0x23 0x4F 0x64 0x32,0x69AD,ACK
8.3123082000,1748,Data,0x310,0x8,0xF1 0x0E 0x78 0x05 0x1A 0x02 0x01 0xC8,0x14DD,ACK
8.3287021000,1749,Data,0x100,0x8,0x29 0x00 0x04 0x40 0x23 0x4F 0x64 0x32,0x1D8F,ACK
8.3289403000,1750,Data,0x203,0x8,0x03 0x00 0x58 0x00 0x58 0x00 0xE2 0x00,0x4FAD,ACK
8.3291866000,1751,Data,0x204,0x8,0x00 0x00 0x00 0x00 0x00 0x00 0x00 0x00,0x79D1,ACK
8.3294428000,1752,Data,0x205,0x8,0x00 0x00 0x00 0x00 0x00 0x00 0x00 0x00,0x72CA,ACK
8.3297511000,1753,Data,0x209,0x8,0x9F 0x27 0x10 0x04 0x90 0x49 0x00 0x00,0x59C2,ACK
8.3299933000,1754,Data,0x20A,0x8,0x00 0x00 0x00 0x00 0x00 0x00 0x00 0x00,0x1B53,ACK
8.3302456000,1755,Data,0x20B,0x8,0xBC 0x02 0x64 0x00 0x01 0xC8 0x00 0x00,0x021C,ACK
8.3304898000,1756,Data,0x20C,0x8,0x00 0xC4 0x2C 0x34 0x1E 0x07 0x00 0x00,0x3E70,ACK
8.3307401000,1757,Data,0x301,0x8,0x00 0x00 0x00 0x00 0x00 0x00 0x00 0x00,0x7E55,ACK
8.3309963000,1758,Data,0x302,0x2,0x00 0xFF,0x6FC0,ACK
8.3311406000,1759,Data,0x485,0x8,0x22 0x00 0x00 0x00 0x0C 0x02 0x48 0x0C,0x1FCE,ACK
8.3486746000,1760,Data,0x100,0x8,0x00 0x00 0x04 0x40 0x23 0x4F 0x64 0x32,0x38A8,ACK
8.3533966000,1761,Data,0x212,0x8,0x52 0x01 0x01 0xC9 0x51 0x00 0x00 0x2A,0x51D2,ACK
8.3536348000,1762,Data,0x211,0x8,0xE4 0x00 0x2A 0x00 0x00 0x00 0xDC 0x00,0x38E9,ACK
8.3538991000,1763,Data,0x343,0x8,0x00 0x00 0x00 0x01 0x01 0x01 0x01 0x00,0x7ED7,ACK
8.3541993000,1764,Data,0x401,0x8,0x0A 0x00 0x34 0x01 0x05 0x2A 0x00 0x00,0x66C6,ACK
8.3686733000,1765,Data,0x100,0x8,0x00 0x00 0x04 0x40 0x23 0x4F 0x64 0x32,0x38A8,ACK
8.3886733000,1766,Data,0x100,0x8,0x00 0x00 0x04 0x40 0x23 0x4F 0x64 0x32,0x38A8,ACK
8.3895555000,1767,Data,0x311,0x8,0x39 0x1E 0x07 0x3F 0x90 0x01 0x00 0x00,0x66BC,ACK
8.4086734000,1768,Data,0x100,0x8,0x00 0x00 0x04 0x40 0x23 0x4F 0x64 0x32,0x38A8,ACK
8.4286914000,1769,Data,0x100,0x8,0x00 0x00 0x04 0x40 0x23 0x4F 0x64 0x32,0x38A8,ACK
8.4289317000,1770,Data,0x203,0x8,0x03 0x00 0x58 0x00 0x58 0x00 0xDC 0x00,0x7F1D,ACK
8.4291779000,1771,Data,0x204,0x8,0x00 0x00 0x00 0x00 0x00 0x00 0x00 0x00,0x79D1,ACK
8.4294342000,1772,Data,0x205,0x8,0x00 0x00 0x00 0x00 0x00 0x00 0x00 0x00,0x72CA,ACK
8.4297504000,1773,Data,0x209,0x8,0x9F 0x27 0x10 0x04 0x90 0x49 0x00 0x00,0x59C2,ACK
8.4299906000,1774,Data,0x20A,0x8,0x00 0x00 0x00 0x00 0x00 0x00 0x00 0x00,0x1B53,ACK
8.4302449000,1775,Data,0x20B,0x8,0xBC 0x02 0x64 0x00 0x01 0xC8 0x00 0x00,0x021C,ACK
8.4304891000,1776,Data,0x20C,0x8,0x00 0xC4 0x2C 0x34 0x1E 0x07 0x00 0x00,0x3E70,ACK
8.4486752000,1777,Data,0x100,0x8,0x00 0x00 0x04 0x40 0x23 0x4F 0x64 0x32,0x38A8,ACK
8.4534271000,1778,Data,0x212,0x8,0x52 0x01 0x01 0xC9 0x41 0x00 0x00 0x2A,0x3560,ACK
8.4536913000,1779,Data,0x211,0x8,0xE4 0x00 0x2A 0x00 0x00 0x00 0xD8 0x00,0x66FD,NAK
8.4539874000,1780,Data,0x343,0x8,0x00 0x00 0x00 0x01 0x01 0x01 0x01 0x00,0x7ED7,ACK
8.4543715000,1781,Data,0x341,0x8,0x00 0x00 0x00 0x00 0x02 0x00 0x00 0x00,0x1833,ACK
8.4546356000,1782,Data,0x342,0x8,0x23 0x00 0x64 0x00 0x00 0xC4 0x16 0x34,0x5886,ACK
8.4549259000,1783,Data,0x344,0x8,0x00 0x00 0x00 0x03 0x00 0x00 0x00 0x00,0x6F15,ACK
8.4686738000,1784,Data,0x100,0x8,0x00 0x00 0x04 0x40 0x23 0x4F 0x64 0x32,0x38A8,ACK
8.4886718000,1785,Data,0x100,0x8,0x00 0x00 0x04 0x40 0x23 0x4F 0x64 0x32,0x38A8,ACK
8.5047259000,1786,Data,0x501,0x8,0xB4 0xC1 0x83 0x58 0x51 0xE5 0xB2 0x6B,0x057E,ACK
8.5049561000,1787,Data,0x502,0x8,0x32 0xAC 0x86 0x0E 0x1A 0xB9 0x00 0x00,0x0E93,ACK
8.5072024000,1788,Data,0x424,0x8,0x01 0x34 0x4D 0x69 0x00 0x00 0x00 0x00,0x0F2B,ACK
8.5086725000,1789,Data,0x100,0x8,0x00 0x00 0x04 0x40 0x23 0x4F 0x64 0x32,0x38A8,ACK
8.5094526000,1790,Data,0x425,0x8,0x01 0x64 0x48 0x58 0x58 0x58 0x01 0xFF,0x1AD8,ACK
8.5096869000,1791,Data,0x429,0x8,0x20 0x00 0x00 0x00 0x00 0x00 0x00 0x00,0x7AC7,ACK
8.5099351000,1792,Data,0x420,0x8,0xAC 0x14 0x72 0x00 0x70 0x03 0x00 0x00,0x16AE,ACK
8.5101754000,1793,Data,0x421,0x8,0x38 0x36 0x31 0x34 0xFB 0x04 0x62 0x04,0x00AE,ACK
8.5105096000,1794,Data,0x422,0x8,0x00 0x00 0x20 0x00 0x15 0x00 0x02 0x00,0x33F1,ACK
8.5109039000,1795,Data,0x423,0x8,0xBC 0x02 0x64 0x00 0x3C 0x00 0x01 0x00,0x500B,ACK
8.5124721000,1796,Data,0x310,0x8,0xF1 0x0E 0x78 0x05 0x1A 0x02 0x01 0xC8,0x14DD,ACK
8.5287121000,1797,Data,0x100,0x8,0x00 0x00 0x04 0x40 0x23 0x4F 0x64 0x32,0x38A8,ACK
8.5289544000,1798,Data,0x203,0x8,0x03 0x00 0x58 0x00 0x58 0x00 0xD8 0x00,0x212E,ACK
8.5292006000,1799,Data,0x204,0x8,0x00 0x00 0x00 0x00 0x00 0x00 0x00 0x00,0x79D1,ACK
8.5294569000,1800,Data,0x205,0x8,0x00 0x00 0x00 0x00 0x00 0x00 0x00 0x00,0x72CA,ACK
8.5297491000,1801,Data,0x209,0x8,0x9F 0x27 0x10 0x04 0x90 0x49 0x00 0x00,0x59C2,ACK
8.5299892000,1802,Data,0x20A,0x8,0x00 0x00 0x00 0x00 0x00 0x00 0x00 0x00,0x1B53,ACK
8.5302455000,1803,Data,0x20B,0x8,0xBC 0x02 0x64 0x00 0x01 0xC8 0x00 0x00,0x021C,ACK
8.5304917000,1804,Data,0x20C,0x8,0x00 0xC4 0x2C 0x34 0x1E 0x07 0x00 0x00,0x3E70,ACK
8.5307420000,1805,Data,0x301,0x8,0x00 0x00 0x00 0x00 0x00 0x00 0x00 0x00,0x7E55,ACK
8.5309982000,1806,Data,0x302,0x2,0x00 0xFF,0x6FC0,ACK
8.5311445000,1807,Data,0x485,0x8,0x22 0x00 0x00 0x00 0x0C 0x02 0x48 0x0C,0x1FCE,ACK
8.5313887000,1808,Data,0x480,0x8,0x00 0x00 0x04 0x00 0x20 0x00 0x00 0x00,0x54F6,ACK
8.5316410000,1809,Data,0x481,0x8,0x50 0x0A 0x40 0x08 0x00 0x00 0x00 0x00,0x46C7,ACK
8.5318912000,1810,Data,0x482,0x8,0x52 0x01 0x02 0x00 0x00 0x00 0x00 0x00,0x36EA,ACK
8.5321394000,1811,Data,0x483,0x8,0x31 0x4B 0x31 0x55 0x41 0x32 0x35 0x35,0x717E,ACK
8.5323737000,1812,Data,0x484,0x8,0x31 0x50 0x33 0x39 0x36 0x35 0x00 0x00,0x0196,ACK
8.5486737000,1813,Data,0x100,0x8,0x00 0x00 0x04 0x40 0x23 0x4F 0x64 0x32,0x38A8,ACK
8.5533518000,1814,Data,0x212,0x8,0x52 0x01 0x01 0xC9 0x1D 0x00 0x00 0x2A,0x0191,ACK
8.5535939000,1815,Data,0x211,0x8,0xE4 0x00 0x2A 0x00 0x00 0x00 0xB6 0x00,0x7C08,ACK
8.5538602000,1816,Data,0x343,0x8,0x00 0x00 0x00 0x01 0x01 0x01 0x01 0x00,0x7ED7,ACK
8.5686721000,1817,Data,0x100,0x8,0x00 0x00 0x04 0x40 0x23 0x4F 0x64 0x32,0x38A8,ACK
8.5886601000,1818,Data,0x100,0x8,0x00 0x00 0x04 0x40 0x23 0x4F 0x64 0x32,0x38A8,ACK
8.5900642000,1819,Data,0x311,0x8,0x39 0x1E 0x07 0x3F 0x90 0x01 0x00 0x00,0x66BC,ACK
8.6086721000,1820,Data,0x100,0x8,0x00 0x00 0x04 0x40 0x23 0x4F 0x64 0x32,0x38A8,ACK
8.6286921000,1821,Data,0x100,0x8,0x00 0x00 0x04 0x40 0x23 0x4F 0x64 0x32,0x38A8,ACK
8.6289322000,1822,Data,0x203,0x8,0x03 0x00 0x58 0x00 0x58 0x00 0xB6 0x00,0x3BFC,ACK
8.6291803000,1823,Data,0x204,0x8,0x00 0x00 0x00 0x00 0x00 0x00 0x00 0x00,0x79D1,ACK
8.6294364000,1824,Data,0x205,0x8,0x00 0x00 0x00 0x00 0x00 0x00 0x00 0x00,0x72CA,ACK
8.6297466000,1825,Data,0x209,0x8,0x9F 0x27 0x10 0x04 0x90 0x49 0x00 0x00,0x59C2,ACK
8.6299867000,1826,Data,0x20A,0x8,0x00 0x00 0x00 0x00 0x00 0x00 0x00 0x00,0x1B53,ACK
8.6302408000,1827,Data,0x20B,0x8,0xBC 0x02 0x64 0x00 0x01 0xC8 0x00 0x00,0x021C,ACK
8.6304869000,1828,Data,0x20C,0x8,0x00 0xC4 0x2C 0x34 0x1E 0x07 0x00 0x00,0x3E70,ACK
8.6486708000,1829,Data,0x100,0x8,0x00 0x00 0x04 0x40 0x23 0x4F 0x64 0x32,0x38A8,ACK
8.6534349000,1830,Data,0x212,0x8,0x52 0x01 0x01 0xC9 0x10 0x00 0x00 0x2A,0x56D0,ACK
8.6537031000,1831,Data,0x211,0x8,0xE4 0x00 0x2A 0x00 0x00 0x00 0x87 0x00,0x6287,ACK
8.6539934000,1832,Data,0x343,0x8,0x00 0x00 0x00 0x01 0x01 0x01 0x01 0x00,0x7ED7,ACK
8.6543816000,1833,Data,0x341,0x8,0x00 0x00 0x00 0x00 0x02 0x00 0x00 0x00,0x1833,ACK
8.6546499000,1834,Data,0x342,0x8,0x23 0x00 0x64 0x00 0x00 0xC4 0x16 0x34,0x5886,ACK
8.6548901000,1835,Data,0x344,0x8,0x00 0x00 0x00 0x03 0x00 0x00 0x00 0x00,0x6F15,ACK
8.6686700000,1836,Data,0x100,0x8,0x00 0x00 0x04 0x40 0x23 0x4F 0x64 0x32,0x38A8,ACK
8.6886720000,1837,Data,0x100,0x8,0x00 0x00 0x04 0x40 0x23 0x4F 0x64 0x32,0x38A8,ACK
8.7086700000,1838,Data,0x100,0x8,0x00 0x00 0x04 0x40 0x23 0x4F 0x64 0x32,0x38A8,ACK
8.7127921000,1839,Data,0x310,0x8,0xF1 0x0E 0x78 0x05 0x1A 0x02 0x01 0xC8,0x14DD,ACK
8.7286980000,1840,Data,0x100,0x8,0x00 0x00 0x04 0x40 0x23 0x4F 0x64 0x32,0x38A8,ACK
8.7289383000,1841,Data,0x203,0x8,0x03 0x00 0x58 0x00 0x58 0x00 0x87 0x00,0x2573,ACK
8.7291825000,1842,Data,0x204,0x8,0x00 0x00 0x00 0x00 0x00 0x00 0x00 0x00,0x79D1,ACK
8.7294388000,1843,Data,0x205,0x8,0x00 0x00 0x00 0x00 0x00 0x00 0x00 0x00,0x72CA,ACK
8.7297330000,1844,Data,0x209,0x8,0x9F 0x27 0x10 0x04 0x90 0x49 0x00 0x00,0x59C2,ACK
8.7299753000,1845,Data,0x20A,0x8,0x00 0x00 0x00 0x00 0x00 0x00 0x00 0x00,0x1B53,ACK
8.7302295000,1846,Data,0x20B,0x8,0xBC 0x02 0x64 0x00 0x01 0xC8 0x00 0x00,0x021C,ACK
8.7304757000,1847,Data,0x20C,0x8,0x00 0xC4 0x2C 0x34 0x1E 0x07 0x00 0x00,0x3E70,ACK
8.7307240000,1848,Data,0x301,0x8,0x00 0x00 0x00 0x00 0x00 0x00 0x00 0x00,0x7E55,ACK
8.7309802000,1849,Data,0x302,0x2,0x00 0xFF,0x6FC0,ACK
8.7311265000,1850,Data,0x485,0x8,0x22 0x00 0x00 0x00 0x0C 0x02 0x48 0x0C,0x1FCE,ACK
8.7486705000,1851,Data,0x100,0x8,0x00 0x00 0x04 0x40 0x23 0x4F 0x64 0x32,0x38A8,ACK
8.7533586000,1852,Data,0x212,0x8,0x52 0x01 0x01 0xC9 0x0A 0x00 0x00 0x2A,0x3DCB,ACK
8.7536007000,1853,Data,0x211,0x8,0xE4 0x00 0x2A 0x00 0x00 0x00 0x63 0x00,0x7475,ACK
8.7538669000,1854,Data,0x343,0x8,0x00 0x00 0x00 0x01 0x01 0x01 0x01 0x00,0x7ED7,ACK
8.7686689000,1855,Data,0x100,0x8,0x00 0x00 0x04 0x40 0x23 0x4F 0x64 0x32,0x38A8,ACK
8.7886689000,1856,Data,0x100,0x8,0x00 0x00 0x04 0x40 0x23 0x4F 0x64 0x32,0x38A8,ACK
8.7913149000,1857,Data,0x311,0x8,0x39 0x1E 0x07 0x3F 0x90 0x01 0x00 0x00,0x66BC,ACK
8.8086688000,1858,Data,0x100,0x8,0x00 0x00 0x04 0x40 0x23 0x4F 0x64 0x32,0x38A8,ACK
8.8286867000,1859,Data,0x100,0x8,0x00 0x00 0x04 0x40 0x23 0x4F 0x64 0x32,0x38A8,ACK
8.8289270000,1860,Data,0x203,0x8,0x03 0x00 0x58 0x00 0x58 0x00 0x63 0x00,0x3381,ACK
8.8291732000,1861,Data,0x204,0x8,0x00 0x00 0x00 0x00 0x00 0x00 0x00 0x00,0x79D1,ACK
8.8294295000,1862,Data,0x205,0x8,0x00 0x00 0x00 0x00 0x00 0x00 0x00 0x00,0x72CA,ACK
8.8297457000,1863,Data,0x209,0x8,0x9F 0x27 0x10 0x04 0x90 0x49 0x00 0x00,0x59C2,ACK
8.8299859000,1864,Data,0x20A,0x8,0x00 0x00 0x00 0x00 0x00 0x00 0x00 0x00,0x1B53,ACK
8.8302402000,1865,Data,0x20B,0x8,0xBC 0x02 0x64 0x00 0x01 0xC8 0x00 0x00,0x021C,ACK
8.8304844000,1866,Data,0x20C,0x8,0x00 0xC4 0x2C 0x34 0x1E 0x07 0x00 0x00,0x3E70,ACK
8.8486684000,1867,Data,0x100,0x8,0x00 0x00 0x04 0x40 0x23 0x4F 0x64 0x32,0x38A8,ACK
8.8533865000,1868,Data,0x212,0x8,0x52 0x01 0x01 0xC9 0x06 0x00 0x00 0x2A,0x7472,ACK
8.8536547000,1869,Data,0x211,0x8,0xE4 0x00 0x2A 0x00 0x00 0x00 0x48 0x00,0x68B7,ACK
8.8539470000,1870,Data,0x343,0x8,0x00 0x00 0x00 0x01 0x00 0x01 0x01 0x00,0x602F,ACK
8.8543312000,1871,Data,0x341,0x8,0x00 0x00 0x00 0x00 0x02 0x00 0x00 0x00,0x1833,ACK
8.8545975000,1872,Data,0x342,0x8,0x23 0x00 0x64 0x00 0x00 0xC4 0x16 0x34,0x5886,ACK
8.8548357000,1873,Data,0x344,0x8,0x00 0x00 0x00 0x03 0x00 0x00 0x00 0x00,0x6F15,ACK
8.8551020000,1874,Data,0x401,0x8,0xFD 0xFF 0x34 0x00 0x05 0x2A 0x00 0x00,0x111D,ACK
8.8686679000,1875,Data,0x100,0x8,0x00 0x00 0x04 0x40 0x23 0x4F 0x64 0x32,0x38A8,ACK
8.8886678000,1876,Data,0x100,0x8,0x00 0x00 0x04 0x40 0x23 0x4F 0x64 0x32,0x38A8,ACK
8.9086678000,1877,Data,0x100,0x8,0x00 0x00 0x04 0x40 0x23 0x4F 0x64 0x32,0x38A8,ACK
8.9126180000,1878,Data,0x310,0x8,0xF1 0x0E 0x78 0x05 0x1A 0x02 0x01 0xC8,0x14DD,ACK
8.9286939000,1879,Data,0x100,0x8,0x00 0x00 0x04 0x40 0x23 0x4F 0x64 0x32,0x38A8,ACK
8.9289342000,1880,Data,0x203,0x8,0x03 0x00 0x58 0x00 0x58 0x00 0x48 0x00,0x2F43,ACK
8.9291804000,1881,Data,0x204,0x8,0x00 0x00 0x00 0x00 0x00 0x00 0x00 0x00,0x79D1,ACK
8.9294367000,1882,Data,0x205,0x8,0x00 0x00 0x00 0x00 0x00 0x00 0x00 0x00,0x72CA,ACK
8.9297449000,1883,Data,0x209,0x8,0x9F 0x27 0x10 0x04 0x90 0x49 0x00 0x00,0x59C2,ACK
8.9299852000,1884,Data,0x20A,0x8,0x00 0x00 0x00 0x00 0x00 0x00 0x00 0x00,0x1B53,ACK
8.9302394000,1885,Data,0x20B,0x8,0xBC 0x02 0x64 0x00 0x01 0xC8 0x00 0x00,0x021C,ACK
8.9304836000,1886,Data,0x20C,0x8,0x00 0xC4 0x2C 0x34 0x1E 0x07 0x00 0x00,0x3E70,ACK
8.9307319000,1887,Data,0x301,0x8,0x00 0x00 0x00 0x00 0x00 0x00 0x00 0x00,0x7E55,ACK
8.9309881000,1888,Data,0x302,0x2,0x00 0xFF,0x6FC0,ACK
8.9311344000,1889,Data,0x485,0x8,0x22 0x00 0x00 0x00 0x0C 0x02 0x48 0x0C,0x1FCE,ACK
8.9486664000,1890,Data,0x100,0x8,0x00 0x00 0x04 0x40 0x23 0x4F 0x64 0x32,0x38A8,ACK
8.9533764000,1891,Data,0x212,0x8,0x52 0x01 0x01 0xC9 0x00 0x00 0x00 0x2A,0x3262,ACK
8.9536367000,1892,Data,0x211,0x8,0xE4 0x00 0x2A 0x00 0x00 0x00 0x34 0x00,0x09D7,ACK
8.9538909000,1893,Data,0x343,0x8,0x00 0x00 0x00 0x01 0x00 0x01 0x01 0x00,0x602F,ACK
8.9686649000,1894,Data,0x100,0x8,0x00 0x00 0x04 0x40 0x23 0x4F 0x64 0x32,0x38A8,ACK
8.9886649000,1895,Data,0x100,0x8,0x00 0x00 0x04 0x40 0x23 0x4F 0x64 0x32,0x38A8,ACK
8.9908271000,1896,Data,0x311,0x8,0x39 0x1E 0x07 0x3F 0x90 0x01 0x00 0x00,0x66BC,ACK
9.0086650000,1897,Data,0x100,0x8,0x00 0x00 0x04 0x40 0x23 0x4F 0x64 0x32,0x38A8,ACK
9.0099491000,1898,Data,0x425,0x8,0x01 0x64 0x48 0x58 0x58 0x58 0x01 0xFF,0x1AD8,ACK
9.0101834000,1899,Data,0x429,0x8,0x20 0x00 0x00 0x00 0x00 0x00 0x00 0x00,0x7AC7,ACK
9.0104316000,1900,Data,0x420,0x8,0xA8 0x14 0xF6 0xFF 0x70 0x03 0x00 0x00,0x4E4A,ACK
9.0106699000,1901,Data,0x421,0x8,0x38 0x36 0x31 0x34 0xFB 0x04 0x62 0x04,0x00AE,ACK
9.0110061000,1902,Data,0x422,0x8,0x00 0x00 0x20 0x00 0x15 0x00 0x02 0x00,0x33F1,ACK
9.0113924000,1903,Data,0x423,0x8,0xBC 0x02 0x64 0x00 0x3C 0x00 0x01 0x00,0x500B,ACK
9.0286862000,1904,Data,0x100,0x8,0x00 0x00 0x04 0x40 0x23 0x4F 0x64 0x32,0x38A8,ACK
9.0289285000,1905,Data,0x203,0x8,0x03 0x00 0x58 0x00 0x58 0x00 0x34 0x00,0x4E23,ACK
9.0291727000,1906,Data,0x204,0x8,0x00 0x00 0x00 0x00 0x00 0x00 0x00 0x00,0x79D1,ACK
9.0294290000,1907,Data,0x205,0x8,0x00 0x00 0x00 0x00 0x00 0x00 0x00 0x00,0x72CA,ACK
9.0297432000,1908,Data,0x209,0x8,0x9F 0x27 0x10 0x04 0x90 0x49 0x00 0x00,0x59C2,ACK
9.0299835000,1909,Data,0x20A,0x8,0x00 0x00 0x00 0x00 0x00 0x00 0x00 0x00,0x1B53,ACK
9.0302377000,1910,Data,0x20B,0x8,0xBC 0x02 0x64 0x00 0x01 0xC8 0x00 0x00,0x021C,ACK
9.0304820000,1911,Data,0x20C,0x8,0x00 0xC4 0x2C 0x34 0x1E 0x07 0x00 0x00,0x3E70,ACK
9.0486660000,1912,Data,0x100,0x8,0x00 0x00 0x04 0x40 0x23 0x4F 0x64 0x32,0x38A8,ACK
9.0533640000,1913,Data,0x212,0x8,0x52 0x01 0x01 0xC9 0x02 0x00 0x00 0x2A,0x0F92,ACK
9.0536522000,1914,Data,0x211,0x8,0xE4 0x00 0x2A 0x00 0x00 0x00 0x22 0x00,0x2C56,ACK
9.0539125000,1915,Data,0x343,0x8,0x00 0x00 0x00 0x01 0x00 0x01 0x01 0x00,0x602F,ACK
9.0541707000,1916,Data,0x341,0x8,0x00 0x00 0x00 0x00 0x02 0x00 0x00 0x00,0x1833,ACK
9.0544730000,1917,Data,0x342,0x8,0x23 0x00 0x64 0x00 0x00 0xC4 0x16 0x34,0x5886,ACK
9.0547332000,1918,Data,0x344,0x8,0x00 0x00 0x00 0x03 0x00 0x00 0x00 0x00,0x6F15,ACK
9.0686652000,1919,Data,0x100,0x8,0x00 0x00 0x04 0x40 0x23 0x4F 0x64 0x32,0x38A8,ACK
9.0886651000,1920,Data,0x100,0x8,0x00 0x00 0x04 0x40 0x23 0x4F 0x64 0x32,0x38A8,ACK
9.1086651000,1921,Data,0x100,0x8,0x00 0x00 0x04 0x40 0x23 0x4F 0x64 0x32,0x38A8,ACK
9.1142492000,1922,Data,0x310,0x8,0xF1 0x0E 0x78 0x05 0x1A 0x02 0x01 0xC8,0x14DD,ACK
9.1286912000,1923,Data,0x100,0x8,0x00 0x00 0x04 0x40 0x23 0x4F 0x64 0x32,0x38A8,ACK
9.1289314000,1924,Data,0x203,0x8,0x03 0x00 0x58 0x00 0x58 0x00 0x22 0x00,0x6BA2,ACK
9.1291737000,1925,Data,0x204,0x8,0x00 0x00 0x00 0x00 0x00 0x00 0x00 0x00,0x79D1,ACK
9.1294299000,1926,Data,0x205,0x8,0x00 0x00 0x00 0x00 0x00 0x00 0x00 0x00,0x72CA,ACK
9.1297422000,1927,Data,0x209,0x8,0x9F 0x27 0x10 0x04 0x90 0x49 0x00 0x00,0x59C2,ACK
9.1299824000,1928,Data,0x20A,0x8,0x00 0x00 0x00 0x00 0x00 0x00 0x00 0x00,0x1B53,ACK
9.1302387000,1929,Data,0x20B,0x8,0xBC 0x02 0x64 0x00 0x01 0xC8 0x00 0x00,0x021C,ACK
9.1304829000,1930,Data,0x20C,0x8,0x00 0xC4 0x2C 0x34 0x1E 0x07 0x00 0x00,0x3E70,ACK
9.1307312000,1931,Data,0x301,0x8,0x00 0x00 0x00 0x00 0x00 0x00 0x00 0x00,0x7E55,ACK
9.1309874000,1932,Data,0x302,0x2,0x00 0xFF,0x6FC0,ACK
9.1311337000,1933,Data,0x485,0x8,0x22 0x00 0x00 0x00 0x0C 0x02 0x48 0x0C,0x1FCE,ACK
9.1486657000,1934,Data,0x100,0x8,0x00 0x00 0x04 0x40 0x23 0x4F 0x64 0x32,0x38A8,ACK
9.1533757000,1935,Data,0x212,0x8,0x52 0x01 0x01 0xC9 0x00 0x00 0x00 0x2A,0x3262,ACK
9.1536359000,1936,Data,0x211,0x8,0xE4 0x00 0x2A 0x00 0x00 0x00 0x18 0x00,0x42D5,ACK
9.1538942000,1937,Data,0x343,0x8,0x00 0x00 0x00 0x01 0x00 0x01 0x01 0x00,0x602F,ACK
9.1686662000,1938,Data,0x100,0x8,0x00 0x00 0x04 0x40 0x23 0x4F 0x64 0x32,0x38A8,ACK
9.1886642000,1939,Data,0x100,0x8,0x00 0x00 0x04 0x40 0x23 0x4F 0x64 0x32,0x38A8,ACK
9.1912943000,1940,Data,0x311,0x8,0x39 0x1E 0x07 0x3F 0x90 0x01 0x00 0x00,0x66BC,ACK
9.2086643000,1941,Data,0x100,0x8,0x00 0x00 0x04 0x40 0x23 0x4F 0x64 0x32,0x38A8,ACK
9.2286823000,1942,Data,0x100,0x8,0x00 0x00 0x04 0x40 0x23 0x4F 0x64 0x32,0x38A8,ACK
9.2289225000,1943,Data,0x203,0x8,0x03 0x00 0x58 0x00 0x58 0x00 0x18 0x00,0x0521,ACK
9.2291688000,1944,Data,0x204,0x8,0x00 0x00 0x00 0x00 0x00 0x00 0x00 0x00,0x79D1,ACK
9.2294250000,1945,Data,0x205,0x8,0x00 0x00 0x00 0x00 0x00 0x00 0x00 0x00,0x72CA,ACK
9.2297413000,1946,Data,0x209,0x8,0x9F 0x27 0x10 0x04 0x90 0x49 0x00 0x00,0x59C2,ACK
9.2299815000,1947,Data,0x20A,0x8,0x00 0x00 0x00 0x00 0x00 0x00 0x00 0x00,0x1B53,ACK
9.2302357000,1948,Data,0x20B,0x8,0xBC 0x02 0x64 0x00 0x01 0xC8 0x00 0x00,0x021C,ACK
9.2304800000,1949,Data,0x20C,0x8,0x00 0xC4 0x2C 0x34 0x1E 0x07 0x00 0x00,0x3E70,ACK
9.2486520000,1950,Data,0x100,0x8,0x00 0x00 0x04 0x40 0x23 0x4F 0x64 0x32,0x38A8,ACK
9.2533640000,1951,Data,0x212,0x8,0x52 0x01 0x01 0xC9 0x00 0x00 0x00 0x2A,0x3262,ACK
9.2536281000,1952,Data,0x211,0x8,0xE4 0x00 0x2A 0x00 0x00 0x00 0x0E 0x00,0x6754,ACK
9.2538803000,1953,Data,0x343,0x8,0x00 0x00 0x00 0x01 0x00 0x01 0x01 0x00,0x602F,ACK
9.2541646000,1954,Data,0x341,0x8,0x00 0x00 0x00 0x00 0x02 0x00 0x00 0x00,0x1833,ACK
9.2544328000,1955,Data,0x342,0x8,0x23 0x00 0x64 0x00 0x00 0xC4 0x16 0x34,0x5886,ACK
9.2546910000,1956,Data,0x344,0x8,0x00 0x00 0x00 0x03 0x00 0x00 0x00 0x00,0x6F15,ACK
9.2686509000,1957,Data,0x100,0x8,0x00 0x00 0x04 0x40 0x23 0x4F 0x64 0x32,0x38A8,ACK
9.2886629000,1958,Data,0x100,0x8,0x00 0x00 0x04 0x40 0x23 0x4F 0x64 0x32,0x38A8,ACK
9.3086629000,1959,Data,0x100,0x8,0x00 0x00 0x04 0x40 0x23 0x4F 0x64 0x32,0x38A8,ACK
9.3146630000,1960,Data,0x310,0x8,0xF1 0x0E 0x78 0x05 0x1A 0x02 0x01 0xC8,0x14DD,ACK
9.3286908000,1961,Data,0x100,0x8,0x00 0x00 0x04 0x40 0x23 0x4F 0x64 0x32,0x38A8,ACK
9.3289331000,1962,Data,0x203,0x8,0x03 0x00 0x58 0x00 0x58 0x00 0x0E 0x00,0x20A0,ACK
9.3291833000,1963,Data,0x204,0x8,0x00 0x00 0x00 0x00 0x00 0x00 0x00 0x00,0x79D1,ACK
9.3294396000,1964,Data,0x205,0x8,0x00 0x00 0x00 0x00 0x00 0x00 0x00 0x00,0x72CA,ACK
9.3297278000,1965,Data,0x209,0x8,0x9F 0x27 0x10 0x04 0x90 0x49 0x00 0x00,0x59C2,ACK
9.3299701000,1966,Data,0x20A,0x8,0x00 0x00 0x00 0x00 0x00 0x00 0x00 0x00,0x1B53,ACK
9.3302263000,1967,Data,0x20B,0x8,0xBC 0x02 0x64 0x00 0x01 0xC8 0x00 0x00,0x021C,ACK
9.3304706000,1968,Data,0x20C,0x8,0x00 0xC4 0x2C 0x34 0x1E 0x07 0x00 0x00,0x3E70,ACK
9.3307188000,1969,Data,0x301,0x8,0x00 0x00 0x00 0x00 0x00 0x00 0x00 0x00,0x7E55,ACK
9.3309751000,1970,Data,0x302,0x2,0x00 0xFF,0x6FC0,ACK
9.3311213000,1971,Data,0x485,0x8,0x22 0x00 0x00 0x00 0x0C 0x02 0x48 0x0C,0x1FCE,ACK
9.3486613000,1972,Data,0x100,0x8,0x00 0x00 0x04 0x40 0x23 0x4F 0x64 0x32,0x38A8,ACK
9.3533494000,1973,Data,0x212,0x8,0x52 0x01 0x00 0xC9 0x00 0x00 0x00 0x2A,0x2C4E,ACK
9.3536075000,1974,Data,0x211,0x8,0xE4 0x00 0x2A 0x00 0x00 0x00 0x04 0x00,0x537E,ACK
9.3538898000,1975,Data,0x343,0x8,0x00 0x00 0x00 0x01 0x00 0x00 0x01 0x00,0x103B,ACK
9.3541500000,1976,Data,0x401,0x8,0x00 0x00 0x34 0x00 0x05 0x2A 0x00 0x00,0x4E01,ACK
9.3686619000,1977,Data,0x100,0x8,0x00 0x00 0x04 0x40 0x23 0x4F 0x64 0x32,0x38A8,ACK
9.3886598000,1978,Data,0x100,0x8,0x00 0x00 0x04 0x40 0x23 0x4F 0x64 0x32,0x38A8,ACK
9.3904180000,1979,Data,0x311,0x8,0x39 0x1E 0x07 0x3F 0x90 0x01 0x00 0x00,0x66BC,ACK
9.4086619000,1980,Data,0x100,0x8,0x00 0x00 0x04 0x40 0x23 0x4F 0x64 0x32,0x38A8,ACK
9.4286679000,1981,Data,0x100,0x8,0x00 0x00 0x04 0x40 0x23 0x4F 0x64 0x32,0x38A8,ACK
9.4289080000,1982,Data,0x203,0x8,0x03 0x00 0x58 0x00 0x58 0x00 0x04 0x00,0x148A,ACK
9.4291562000,1983,Data,0x204,0x8,0x00 0x00 0x00 0x00 0x00 0x00 0x00 0x00,0x79D1,ACK
9.4294123000,1984,Data,0x205,0x8,0x00 0x00 0x00 0x00 0x00 0x00 0x00 0x00,0x72CA,ACK
9.4297364000,1985,Data,0x209,0x8,0x9F 0x27 0x10 0x04 0x90 0x49 0x00 0x00,0x59C2,ACK
9.4299765000,1986,Data,0x20A,0x8,0x00 0x00 0x00 0x00 0x00 0x00 0x00 0x00,0x1B53,ACK
9.4302306000,1987,Data,0x20B,0x8,0xBC 0x02 0x64 0x00 0x01 0xC8 0x00 0x00,0x021C,ACK
9.4304768000,1988,Data,0x20C,0x8,0x00 0xC4 0x2C 0x34 0x1E 0x07 0x00 0x00,0x3E70,ACK
9.4486607000,1989,Data,0x100,0x8,0x00 0x00 0x04 0x40 0x23 0x4F 0x64 0x32,0x38A8,ACK
9.4533767000,1990,Data,0x212,0x8,0x52 0x01 0x00 0xC9 0x00 0x00 0x00 0x2A,0x2C4E,ACK
9.4536330000,1991,Data,0x211,0x8,0xE4 0x00 0x2A 0x00 0x00 0x00 0x00 0x00,0x0D4D,ACK
9.4538932000,1992,Data,0x343,0x8,0x00 0x00 0x00 0x01 0x00 0x00 0x01 0x00,0x103B,ACK
9.4541495000,1993,Data,0x341,0x8,0x00 0x00 0x00 0x00 0x02 0x00 0x00 0x00,0x1833,ACK
9.4544237000,1994,Data,0x342,0x8,0x23 0x00 0x64 0x00 0x00 0xC4 0x16 0x34,0x5886,ACK
9.4546820000,1995,Data,0x344,0x8,0x00 0x00 0x00 0x03 0x00 0x00 0x00 0x00,0x6F15,ACK
9.4686479000,1996,Data,0x100,0x8,0x00 0x00 0x04 0x40 0x23 0x4F 0x64 0x32,0x38A8,ACK
9.4886599000,1997,Data,0x100,0x8,0x00 0x00 0x04 0x40 0x23 0x4F 0x64 0x32,0x38A8,ACK
9.5064961000,1998,Data,0x500,0x8,0x47 0x48 0x48 0xFF 0x48 0x48 0x48 0xFF,0x281A,ACK
9.5074104000,1999,Data,0x424,0x8,0x02 0x34 0x4D 0x69 0x00 0x00 0x00 0x00,0x33E2,ACK
9.5086585000,2000,Data,0x100,0x8,0x00 0x00 0x04 0x40 0x23 0x4F 0x64 0x32,0x38A8,ACK
9.5096726000,2001,Data,0x425,0x8,0x01 0x64 0x48 0x58 0x58 0x58 0x01 0xFF,0x1AD8,ACK
9.5099069000,2002,Data,0x429,0x8,0x20 0x00 0x00 0x00 0x00 0x00 0x00 0x00,0x7AC7,ACK
9.5106312000,2003,Data,0x422,0x8,0x00 0x00 0x20 0x00 0x15 0x00 0x02 0x00,0x33F1,ACK
9.5121934000,2004,Data,0x420,0x8,0xA8 0x14 0xFA 0xFF 0x70 0x03 0x00 0x00,0x0203,ACK
9.5124377000,2005,Data,0x421,0x8,0x38 0x36 0x31 0x34 0xFB 0x04 0x62 0x04,0x00AE,ACK
9.5131399000,2006,Data,0x423,0x8,0xBC 0x02 0x64 0x00 0x3C 0x00 0x01 0x00,0x500B,ACK
9.5147242000,2007,Data,0x310,0x8,0xF1 0x0E 0x78 0x05 0x1A 0x02 0x01 0xC8,0x14DD,ACK
9.5287001000,2008,Data,0x100,0x8,0x00 0x00 0x04 0x40 0x23 0x4F 0x64 0x32,0x38A8,ACK
9.5289402000,2009,Data,0x203,0x8,0x03 0x00 0x58 0x00 0x58 0x00 0x00 0x00,0x4AB9,ACK
9.5291885000,2010,Data,0x204,0x8,0x00 0x00 0x00 0x00 0x00 0x00 0x00 0x00,0x79D1,ACK
9.5294447000,2011,Data,0x205,0x8,0x00 0x00 0x00 0x00 0x00 0x00 0x00 0x00,0x72CA,ACK
9.5297370000,2012,Data,0x209,0x8,0x9F 0x27 0x10 0x04 0x90 0x49 0x00 0x00,0x59C2,ACK
9.5299772000,2013,Data,0x20A,0x8,0x00 0x00 0x00 0x00 0x00 0x00 0x00 0x00,0x1B53,ACK
9.5302335000,2014,Data,0x20B,0x8,0xBC 0x02 0x64 0x00 0x01 0xC8 0x00 0x00,0x021C,ACK
9.5304777000,2015,Data,0x20C,0x8,0x00 0xC4 0x2C 0x34 0x1E 0x07 0x00 0x00,0x3E70,ACK
9.5307260000,2016,Data,0x301,0x8,0x00 0x00 0x00 0x00 0x00 0x00 0x00 0x00,0x7E55,ACK
9.5309822000,2017,Data,0x302,0x2,0x00 0xFF,0x6FC0,ACK
9.5311285000,2018,Data,0x485,0x8,0x22 0x00 0x00 0x00 0x0C 0x02 0x48 0x0C,0x1FCE,ACK
9.5313727000,2019,Data,0x480,0x8,0x00 0x00 0x05 0x00 0x20 0x00 0x00 0x00,0x4ADA,ACK
9.5316250000,2020,Data,0x481,0x8,0x50 0x0A 0x40 0x08 0x00 0x00 0x00 0x00,0x46C7,ACK
9.5318752000,2021,Data,0x482,0x8,0x52 0x01 0x02 0x00 0x00 0x00 0x00 0x00,0x36EA,ACK
9.5321234000,2022,Data,0x483,0x8,0x31 0x4B 0x31 0x55 0x41 0x32 0x35 0x35,0x717E,ACK
9.5323577000,2023,Data,0x484,0x8,0x31 0x50 0x33 0x39 0x36 0x35 0x00 0x00,0x0196,ACK
9.5486597000,2024,Data,0x100,0x8,0x00 0x00 0x04 0x40 0x23 0x4F 0x64 0x32,0x38A8,ACK
9.5533558000,2025,Data,0x212,0x8,0x52 0x01 0x00 0xC9 0x00 0x00 0x00 0x2A,0x2C4E,ACK
9.5536160000,2026,Data,0x211,0x8,0xE4 0x00 0x2A 0x00 0x00 0x00 0x00 0x00,0x0D4D,ACK
9.5538723000,2027,Data,0x343,0x8,0x00 0x00 0x00 0x01 0x00 0x00 0x01 0x00,0x103B,ACK
9.5686582000,2028,Data,0x100,0x8,0x00 0x00 0x04 0x40 0x23 0x4F 0x64 0x32,0x38A8,ACK
9.5886582000,2029,Data,0x100,0x8,0x00 0x00 0x04 0x40 0x23 0x4F 0x64 0x32,0x38A8,ACK
9.5921745000,2030,Data,0x311,0x8,0x39 0x1E 0x07 0x3F 0x90 0x01 0x00 0x00,0x66BC,ACK
9.6086585000,2031,Data,0x100,0x8,0x00 0x00 0x04 0x40 0x23 0x4F 0x64 0x32,0x38A8,ACK
9.6286783000,2032,Data,0x100,0x8,0x00 0x00 0x04 0x40 0x23 0x4F 0x64 0x32,0x38A8,ACK
9.6289186000,2033,Data,0x203,0x8,0x03 0x00 0x58 0x00 0x58 0x00 0x00 0x00,0x4AB9,ACK
9.6291668000,2034,Data,0x204,0x8,0x00 0x00 0x00 0x00 0x00 0x00 0x00 0x00,0x79D1,ACK
9.6294231000,2035,Data,0x205,0x8,0x00 0x00 0x00 0x00 0x00 0x00 0x00 0x00,0x72CA,ACK
9.6297233000,2036,Data,0x209,0x8,0x9F 0x27 0x10 0x04 0x90 0x49 0x00 0x00,0x59C2,ACK
9.6299636000,2037,Data,0x20A,0x8,0x00 0x00 0x00 0x00 0x00 0x00 0x00 0x00,0x1B53,ACK
9.6302198000,2038,Data,0x20B,0x8,0xBC 0x02 0x64 0x00 0x01 0xC8 0x00 0x00,0x021C,ACK
9.6304640000,2039,Data,0x20C,0x8,0x00 0xC4 0x2C 0x34 0x1E 0x07 0x00 0x00,0x3E70,ACK
9.6486581000,2040,Data,0x100,0x8,0x00 0x00 0x04 0x40 0x23 0x4F 0x64 0x32,0x38A8,ACK
9.6533421000,2041,Data,0x212,0x8,0x52 0x01 0x00 0xC9 0x00 0x00 0x00 0x2A,0x2C4E,ACK
9.6535824000,2042,Data,0x211,0x8,0xE4 0x00 0x2A 0x00 0x00 0x00 0x00 0x00,0x0D4D,ACK
9.6538386000,2043,Data,0x343,0x8,0x00 0x00 0x00 0x01 0x00 0x00 0x01 0x00,0x103B,ACK
9.6540988000,2044,Data,0x341,0x8,0x00 0x00 0x00 0x00 0x02 0x00 0x00 0x00,0x1833,ACK
9.6543931000,2045,Data,0x342,0x8,0x23 0x00 0x64 0x00 0x00 0xC4 0x16 0x34,0x5886,ACK
9.6546533000,2046,Data,0x344,0x8,0x00 0x00 0x00 0x03 0x00 0x00 0x00 0x00,0x6F15,ACK
9.6686593000,2047,Data,0x100,0x8,0x00 0x00 0x04 0x40 0x23 0x4F 0x64 0x32,0x38A8,ACK
9.6886573000,2048,Data,0x100,0x8,0x00 0x00 0x04 0x40 0x23 0x4F 0x64 0x32,0x38A8,ACK
9.7086572000,2049,Data,0x100,0x8,0x00 0x00 0x04 0x40 0x23 0x4F 0x64 0x32,0x38A8,ACK
9.7153694000,2050,Data,0x310,0x8,0xF1 0x0E 0x78 0x05 0x1A 0x02 0x01 0xC8,0x14DD,ACK
9.7286833000,2051,Data,0x100,0x8,0x00 0x00 0x04 0x40 0x23 0x4F 0x64 0x32,0x38A8,ACK
9.7289235000,2052,Data,0x203,0x8,0x03 0x00 0x58 0x00 0x58 0x00 0x00 0x00,0x4AB9,ACK
9.7291698000,2053,Data,0x204,0x8,0x00 0x00 0x00 0x00 0x00 0x00 0x00 0x00,0x79D1,ACK
9.7294260000,2054,Data,0x205,0x8,0x00 0x00 0x00 0x00 0x00 0x00 0x00 0x00,0x72CA,ACK
9.7297343000,2055,Data,0x209,0x8,0x9F 0x27 0x10 0x04 0x90 0x49 0x00 0x00,0x59C2,ACK
9.7299745000,2056,Data,0x20A,0x8,0x00 0x00 0x00 0x00 0x00 0x00 0x00 0x00,0x1B53,ACK
9.7302307000,2057,Data,0x20B,0x8,0xBC 0x02 0x64 0x00 0x01 0xC8 0x00 0x00,0x021C,ACK
9.7304750000,2058,Data,0x20C,0x8,0x00 0xC4 0x2C 0x34 0x1E 0x07 0x00 0x00,0x3E70,ACK
9.7307232000,2059,Data,0x301,0x8,0x00 0x00 0x00 0x00 0x00 0x00 0x00 0x00,0x7E55,ACK
9.7309795000,2060,Data,0x302,0x2,0x00 0xFF,0x6FC0,ACK
9.7311257000,2061,Data,0x485,0x8,0x22 0x00 0x00 0x00 0x0C 0x02 0x48 0x0C,0x1FCE,ACK
9.7486558000,2062,Data,0x100,0x8,0x00 0x00 0x04 0x40 0x23 0x4F 0x64 0x32,0x38A8,ACK
9.7533178000,2063,Data,0x212,0x8,0x52 0x01 0x00 0xC9 0x00 0x00 0x00 0x2A,0x2C4E,ACK
9.7535780000,2064,Data,0x211,0x8,0xE4 0x00 0x2A 0x00 0x00 0x00 0x00 0x00,0x0D4D,ACK
9.7538623000,2065,Data,0x343,0x8,0x00 0x00 0x00 0x01 0x00 0x00 0x01 0x00,0x103B,ACK
9.7686582000,2066,Data,0x100,0x8,0x00 0x00 0x04 0x40 0x23 0x4F 0x64 0x32,0x38A8,ACK
9.7886562000,2067,Data,0x100,0x8,0x00 0x00 0x04 0x40 0x23 0x4F 0x64 0x32,0x38A8,ACK
9.7919644000,2068,Data,0x311,0x8,0x39 0x1E 0x07 0x3F 0x90 0x01 0x00 0x00,0x66BC,ACK
9.8086563000,2069,Data,0x100,0x8,0x00 0x00 0x04 0x40 0x23 0x4F 0x64 0x32,0x38A8,ACK
9.8286743000,2070,Data,0x100,0x8,0x00 0x00 0x04 0x40 0x23 0x4F 0x64 0x32,0x38A8,ACK
9.8289146000,2071,Data,0x203,0x8,0x03 0x00 0x58 0x00 0x58 0x00 0x00 0x00,0x4AB9,ACK
9.8291628000,2072,Data,0x204,0x8,0x00 0x00 0x00 0x00 0x00 0x00 0x00 0x00,0x79D1,ACK
9.8294191000,2073,Data,0x205,0x8,0x00 0x00 0x00 0x00 0x00 0x00 0x00 0x00,0x72CA,ACK
9.8297333000,2074,Data,0x209,0x8,0x9F 0x27 0x10 0x04 0x90 0x49 0x00 0x00,0x59C2,ACK
9.8299756000,2075,Data,0x20A,0x8,0x00 0x00 0x00 0x00 0x00 0x00 0x00 0x00,0x1B53,ACK
9.8302298000,2076,Data,0x20B,0x8,0xBC 0x02 0x64 0x00 0x01 0xC8 0x00 0x00,0x021C,ACK
9.8304741000,2077,Data,0x20C,0x8,0x00 0xC4 0x2C 0x34 0x1E 0x07 0x00 0x00,0x3E70,ACK
9.8486561000,2078,Data,0x100,0x8,0x00 0x00 0x04 0x40 0x23 0x4F 0x64 0x32,0x38A8,ACK
9.8533481000,2079,Data,0x212,0x8,0x52 0x01 0x00 0xC9 0x00 0x00 0x00 0x2A,0x2C4E,ACK
9.8535883000,2080,Data,0x211,0x8,0xE4 0x00 0x2A 0x00 0x00 0x00 0x00 0x00,0x0D4D,ACK
9.8538466000,2081,Data,0x343,0x8,0x00 0x00 0x00 0x01 0x00 0x00 0x01 0x00,0x103B,ACK
9.8541048000,2082,Data,0x341,0x8,0x00 0x00 0x00 0x00 0x02 0x00 0x00 0x00,0x1833,ACK
9.8544031000,2083,Data,0x342,0x8,0x23 0x00 0x64 0x00 0x00 0xC4 0x16 0x34,0x5886,ACK
9.8546593000,2084,Data,0x344,0x8,0x00 0x00 0x00 0x03 0x00 0x00 0x00 0x00,0x6F15,ACK
9.8549196000,2085,Data,0x401,0x8,0x00 0x00 0x34 0x00 0x05 0x2A 0x00 0x00,0x4E01,ACK
9.8686556000,2086,Data,0x100,0x8,0x00 0x00 0x00 0x40 0x23 0x4F 0x64 0x32,0x4018,ACK
9.8886554000,2087,Data,0x100,0x8,0x00 0x00 0x00 0x40 0x23 0x4F 0x64 0x32,0x4018,ACK
9.9086554000,2088,Data,0x100,0x8,0x00 0x00 0x00 0x40 0x23 0x4F 0x64 0x32,0x4018,ACK
9.9166556000,2089,Data,0x310,0x8,0xF1 0x0E 0x78 0x05 0x1A 0x02 0x01 0xC8,0x14DD,ACK
9.9286795000,2090,Data,0x100,0x8,0x00 0x00 0x00 0x40 0x23 0x4F 0x64 0x32,0x4018,ACK
9.9289238000,2091,Data,0x203,0x8,0x03 0x00 0x58 0x00 0x58 0x00 0x00 0x00,0x4AB9,ACK
9.9291700000,2092,Data,0x204,0x8,0x00 0x00 0x00 0x00 0x00 0x00 0x00 0x00,0x79D1,ACK
9.9294283000,2093,Data,0x205,0x8,0x00 0x00 0x00 0x00 0x00 0x00 0x00 0x00,0x72CA,ACK
9.9297305000,2094,Data,0x209,0x8,0x9F 0x27 0x10 0x04 0x90 0x49 0x00 0x00,0x59C2,ACK
9.9299707000,2095,Data,0x20A,0x8,0x00 0x00 0x00 0x00 0x00 0x00 0x00 0x00,0x1B53,ACK
9.9302249000,2096,Data,0x20B,0x8,0xBC 0x02 0x64 0x00 0x01 0xC8 0x00 0x00,0x021C,ACK
9.9304691000,2097,Data,0x20C,0x8,0x00 0xC4 0x2C 0x34 0x1E 0x07 0x00 0x00,0x3E70,ACK
9.9307174000,2098,Data,0x301,0x8,0x00 0x00 0x00 0x00 0x00 0x00 0x00 0x00,0x7E55,ACK
9.9309736000,2099,Data,0x302,0x2,0x00 0xFF,0x6FC0,ACK
9.9311199000,2100,Data,0x485,0x8,0x22 0x00 0x00 0x00 0x0C 0x02 0x48 0x0C,0x1FCE,ACK
9.9486539000,2101,Data,0x100,0x8,0x00 0x00 0x00 0x40 0x23 0x4F 0x64 0x32,0x4018,ACK
9.9533119000,2102,Data,0x212,0x8,0x52 0x01 0x00 0xC9 0x00 0x00 0x00 0x2A,0x2C4E,ACK
9.9535780000,2103,Data,0x211,0x8,0xE4 0x00 0x2A 0x00 0x00 0x00 0x00 0x00,0x0D4D,ACK
9.9538342000,2104,Data,0x343,0x8,0x00 0x00 0x00 0x00 0x00 0x00 0x00 0x00,0x33F5,ACK
9.9686520000,2105,Data,0x100,0x8,0x00 0x00 0x00 0x40 0x23 0x4F 0x64 0x32,0x4018,ACK
9.9886540000,2106,Data,0x100,0x8,0x00 0x00 0x00 0x40 0x23 0x4F 0x64 0x32,0x4018,ACK
9.9926361000,2107,Data,0x311,0x8,0x39 0x1E 0x07 0x3F 0x90 0x01 0x00 0x00,0x66BC,ACK