-1000007719757261	this$0
-1000037784528333	application/zip
-1000106504005069	this$0
-1000136568776141	/XiaoDash/
-1000183813416397	Storage access class: can't create folder
-1000364202042829	Can't create new folder on path: 
-1000510230930893	_ReturnToStockFromXiaoDash.zip
-1000643374917069	Firmware too short
-10009168094669	call to 'resume' before 'invoke' with coroutine
-10215326524877	call to 'resume' before 'invoke' with coroutine
-1023535550604749	FIRM.bin.enc
-1023591385179597	info.txt
-1023630039885261	dev:
-1023651514721741	;\nnam:
-1023681579492813	;\nenc:Y;\ntyp:DRV;\nmd5e:
-1023784658707917	;\nuid:
-1023814723478989	params.txt
-1023861968119245	Use this file only to return from XiaoDash to stock on the specific controller!\nOtherwise you could brick your controller!\n
-1024394544063949	flash.py
-1024433198769613	Write Error
-1024484738377165	Please check storage access permission or if the file already exists.
-1024785386087885	Please connect to the internet and try again.
-1024982954583501	autoFirmwareMode
-1025055969027533	Auto mode is set
-1025128983471565	Manual mode is set
-1025210587850189	autoFirmwareMode
-1025283602294221	$c
-1025296487196109	beta
-1025317962032589	Joined Beta
-1025369501640141	alfa
-1025390976476621	Joined Beta and Alfa
-1025481170789837	beta
-1025502645626317	this$0
-1025532710397389	this$0
-1025567070135757	this$0
-1025597134906829	$edittext
-1025640084579789	$scooterPin
-1025691624187341	Password too short! 6 characters needed
-1025863422879181	000000
-1025893487650253	Password can't be 000000
-1026000861832653	pin
-1026022336669133	scooter password change
-1026125415884237	requireActivity(...)
-1026215610197453	ScooterPassword_
-1026288624641485	_.txt
-1026314394445261	ScooterPassword:
-1026387408889293	Scooter password saved to /Documents/Xiaodash
-1026584977384909	android.intent.action.SEND
-1026700941501901	text/plain
-1026748186142157	android.intent.extra.TEXT
-1026859855291853	Scooter(
-1026898509997517	) password: 
-1026954344572365	Backup the scooter password 
-1027078898623949	pin
-1027096078493133	Scooter password changed to 
-1027220632544717	000000
-1027250697315789	scooter password change
-1027353776530893	requireActivity(...)
-1027443970844109	ScooterPassword_
-1027516985288141	_.txt
-1027542755091917	ScooterPassword:
-1027615769535949	Scooter password saved to /Documents/Xiaodash
-1027813338031565	android.intent.action.SEND
-1027929302148557	text/plain
-1027976546788813	android.intent.extra.TEXT
-1028088215938509	Scooter(
-1028126870644173	) password: 
-1028182705219021	Backup the scooter password 
-1028307259270605	pin
-1028324439139789	Scooter password changed to 
-1028448993191373	pin
-1028466173060557	Please connect to the scooter and retry
-1028637971752397	this$0
-1028668036523469	Enter scooter password
-1028766820771277	Enter the password. Only letters and numbers are allowed. Don't set one if you are not sure what you do.
-1029217792337357	Apply
-1029243562141133	Cancel
-1029273626912205	this$0
-1029303691683277	this$0
-1029333756454349	C64C44000080755C1727A105
-1029441130636749	getViewLifecycleOwner(...)
-1029557094753741	this$0
-1029591454492109	this$0
-1029621519263181	$input
-1029651584034253	ble pin change
-1029716008543693	pinBle
-1029746073314765	requireActivity(...)
-1029836267627981	ScooterBlePin_
-1029900692137421	_.txt
-1029926461941197	ScooterBlepin:
-1029990886450637	Ble pin saved to /Documents/Xiaodash
-1030149800240589	android.intent.action.SEND
-1030265764357581	text/plain
-1030313008997837	android.intent.extra.TEXT
-1030424678147533	Scooter(
-1030463332853197	) Ble Pin: 
-1030514872460749	Backup the Scooter Ble Pin 
-1030635131545037	Please connect to the scooter and retry
-1030806930236877	$edittext
-1030849879909837	this$0
-1030879944680909	Pin too short! 4 digits needed
-1031013088667085	0000
-1031034563503565	Pin not allowed
-1031103282980301	Change scooter Ble pin
-1031202067228109	The scooter Ble pin will be changed to 
-1031373865919949	\nPlease send the code to yourself to create a backup.
-1031605794153933	OK
-1031618679055821	Cancel
-1031648743826893	this$0
-1031678808597965	Enter scooter ble pin
-1031773297878477	Enter a four digit pin. Only numbers are allowed. !ATTENTION! You will have to enter the four digit pin every time when you start your scooter by selecting a number with the indicator buttons and confirming number by number by pressing the brake or horn button.
-1032898579310029	pinBle
-1032932939048397	Apply
-1032958708852173	Cancel
-1032988773623245	this$0
-1033018838394317	this$0
-1033048903165389	Boot into Bootloader mode
-1033160572315085	Boot into Bootloader
-1033250766628301	OK
-1033263651530189	Cancel
-1033293716301261	this$0
-1033323781072333	this$0
-1033353845843405	this$0
-1033383910614477	this$0
-1033413975385549	this$0
-1033444040156621	this$0
-1033474104927693	$composeView
-1033529939502541	this$0
-1033560004273613	Can't change controller type while Auto Flasher is running
-1033813407344077	Selected F65 Controller
-1033916486559181	Selected G2 Controller
-1034015270806989	Selected F2 Controller
-1034114055054797	Selected G30 Controller, will flash unlocked 1.8.8V
-1034337393354189	this$0
-1034367458125261	$observer
-1034410407798221	Select controller type
-1034509192046029	Connect to internet and retry
-1034638041064909	getViewLifecycleOwner(...)
-1034754005181901	Connect Stlink and grant access permission
-1034938688775629	this$0
-1034968753546701	$observer
-1035011703219661	$cardView
-1035054652892621	Auto Flashing Stopped
-1035149142173133	Auto Flashing Stopped
-1035243631453645	this$0
-1035273696224717	getViewLifecycleOwner(...)
-1035389660341709	Connect Stlink and grant access permission
-1035574343935437	$cardView
-1035716077856205	this$0
-1035746142627277	$reset
-1035776207398349	call to 'resume' before 'invoke' with coroutine
-1035982365828557	<get-lifecycle>(...)
-1036072560141773	call to 'resume' before 'invoke' with coroutine
-1036278718571981	call to 'resume' before 'invoke' with coroutine
-1036484877002189	call to 'resume' before 'invoke' with coroutine
-1036691035432397	title
-1036716805236173	creator
-1036811294516685	FragmentConfig(title=
-1036905783797197	, creator=
-1036953028437453	currentFragmentConfigList
-1037064697587149	Adapter: createFragment for position 
-1037227906344397	, creating 
-1037279445951949	currentFragmentConfigList
-1037391115101645	currentFragmentConfigList
-1037502784251341	Invalid position 
-1037580093662669	 for current fragment configuration. Size: 
-1037769072223693	currentFragmentConfigList
-1037880741373389	currentFragmentConfigList
-1037992410523085	onPageSelected 
-1038061129999821	call to 'resume' before 'invoke' with coroutine
-1038267288430029	onAdLoaded
-1038314533070285	adError
-1038348892808653	onAdFailedToLoad
-1038421907252685	getViewLifecycleOwner(...)
-1038537871369677	onAdOpened
-1038585116009933	onAdClicked
-1038636655617485	onAdClosed
-1038683900257741	adError
-1038718259996109	Ad was loaded. 
-1038786979472845	rewardedAd
-1038834224113101	Ad was loaded.
-1038898648622541	requireParentFragment(...)
-1039014612739533	Please click BACK again to exit
-1039152051693005	this$0
-1039182116464077	requireActivity().viewModelStore
-1039323850384845	requireActivity().defaultViewModelCreationExtras
-1039534303782349	requireActivity().defaultViewModelProviderFactory
-1039749052147149	call to 'resume' before 'invoke' with coroutine
-1039955210577357	Dash
-1039976685413837	Controls
-1040015340119501	Basic
-1040041109923277	Battery
-1040075469661645	CtrlTable
-1040118419334605	Table
-1040144189138381	BatTable
-1040182843844045	Data
-1040204318680525	Dash
-1040225793517005	Controls
-1040264448222669	Basic
-1040290218026445	Battery
-1040324577764813	Dash
-1040346052601293	Controls
-1040384707306957	Basic
-1040410477110733	Battery
-1040444836849101	viewPager
-1040487786522061	<set-?>
-1040522146260429	_binding
-1040638110377421	scooter
-1040706829854157	requireActivity(...)
-1040797024167373	inflate(...)
-1040852858742221	https://
-1040891513447885	build(...)
-1040938758088141	ca-app-pub-5969370273098532/7493530684
-1041106261812685	inflater
-1041144916518349	getConsentInformation(...)
-1041342485013965	inflate(...)
-1041398319588813	getViewLifecycleOwner(...)
-1041514283705805	getRoot(...)
-1041570118280653	getViewLifecycleOwner(...)
-1041686082397645	Showing Custom Ads
-1041767686776269	Disclaimer
-1041814931416525	Disclaimer
-1041862176056781	The software is provided "as is", without any warranty of any kind.\nThe developer shall not be responsible for any claim or damage that might arise while using this software.\nThe user himself is responsible for the correct usage and shall act with caution to prevent any damage of his own possessions or of others.\nPlease check local laws before riding your modded scooter on a public place.\nIn countries such as Germany and many others, modifying your scooter might void its permit.
-10421484955085	context
-1043940940228045	I agree
-1043975299966413	Disclaimer
-1044022544606669	build(...)
-1044069789246925	3FD03E65A35AB816AA715ABB40D85883
-1044211523167693	91B4AB1BAB99014E9BCDB25EDB50AD61
-1044353257088461	0D7925A960EBDE43763A79ABAF1D7360
-1044494991009229	08DDCD177015DE1EDF9B04E5B725D75A
-1044636724929997	9E2AF089FA065F6B897110FC02E6D0DB
-1044778458850765	A465E55B1AB2A8F52BE2533A74EE5DB8
-1044920192771533	build(...)
-1044967437411789	ca-app-pub-5969370273098532/6970888795
-1045134941136333	null cannot be cast to non-null type kotlin.Int
-1045341099566541	null cannot be cast to non-null type kotlin.Int
-1045547257996749	ViewPager: Using NEW MODEL RELEASE fragment configurations
-10455844693453	gson
-1045800661067213	ViewPager: Using OLD MODEL RELEASE fragment configurations
-1046054064137677	viewPager2
-1046101308777933	currentFragmentConfigList
-1046212977927629	currentFragmentConfigList
-1046324647077325	currentFragmentConfigList
-1046436316227021	currentFragmentConfigList
-1046547985376717	Desired start position 
-1046651064591821	 is out of bounds (
-1046736963937741	currentFragmentConfigList
-1046848633087437	 pages). Defaulting to 0.
-1046960302237133	ViewPager: Setting current item to 
-1047114921059789	 (no smooth scroll)
-1047200820405709	No pages available to set current item.
-1047372619097549	it
-1047385503999437	$test
-1047411273803213	this$0
-1047441338574285	Clicked ad
-1047488583214541	clickCounter
-1047544417789389	counters
-1047583072495053	android.intent.action.VIEW
-1047699036612045	this$0
-1047729101383117	Consent form failed to load: 
-10477319529933	scooters
-1047857950401997	consentInformation
-1047939554780621	this$0
-1047969619551693	Consent info update failed: 
-1048094173603277	it
-1048107058505165	this$0
-1048137123276237	tab
-1048154303145421	currentFragmentConfigList
-1048265972295117	currentFragmentConfigList
-1048377641444813	TabLayoutMediator: Configuring tab for position 
-1048588094842317	. Title: '
-1048635339482573	Error
-1048661109286349	TabLayoutMediator: Invalid position 
-1048820023076301	 for tab title. Config size: 
-1048948872095181	currentFragmentConfigList
-1049872290063821	call to 'resume' before 'invoke' with coroutine
-1050284606924237	getViewLifecycleOwner(...)
-1050400571041229	call to 'resume' before 'invoke' with coroutine
-1050606729471437	function
-1050851542607309	changedBytes
-1050907377182157	getViewLifecycleOwner(...)
-1051023341299149	parsedCommand
-1051083470841293	parsedCommand
-1051551622276557	<name for destructuring parameter 0>
-10515974235597	user_linked_scooters
-1051710536066509	Pos 
-1051732010902989	toString(...)
-1051792140445133	toUpperCase(...)
-1051865154889165	: 
-1051878039791053	toUpperCase(...)
-1051951054235085	 -> 
-1051972529071565	toUpperCase(...)
-1052045543515597	%02X
-1052067018352077	format(...)
-1052118557959629	defaultViewModelProviderFactory
-1052255996913101	inflater
-1052294651618765	getRoot(...)
-1052350486193613	view
-1052371961030093	CTL
-1052389140899277	BMS
-1052406320768461	BLE
-1052423500637645	OFF
-1052440680506829	Not connected
-1052500810048973	Watching 
-1052543759721933	Watching 
-1052586709394893	Changed shorts: 
-1052659723838925	\n
-1052668313773517	 data changed
-1052810047694285	adapter
-1052844407432653	scooterDataAdapter
-1052926011811277	All
-1052943191680461	CTL
-1052960371549645	BMS
-1052977551418829	BLE
-1052994731288013	Index (Low-High)
-1053067745732045	Index (High-Low)
-1053140760176077	Name (A-Z)
-1053188004816333	Name (Z-A)
-1053235249456589	getViewLifecycleOwner(...)
-1053351213573581	write
-1053376983377357	writeNR
-1053411343115725	set
-1053428522984909	Modify 
-1053462882723277	Register Index (e.g., 10 or 0x0A)
-1053608911611341	Register Index (sIndex):
-1053716285793741	Hex Value
-1053759235466701	Send
-1053780710303181	Cancel
-1053810775074253	this$0
-1053840839845325	$sIndexInput
-1053896674420173	$hexInput
-1053939624093133	this$0
-1053969688864205	$command
-1054008343569869	$slider
-1054042703308237	0x
-1054055588210125	substring(...)
-1054120012719565	$sIndexInput
-1054175847294413	$hexInput
-1054218796967373	this$0
-1054248861738445	$command
-1054287516444109	$slider
-1054321876182477	it
-1054334761084365	🍕 Purchase for 
-1054407775528397	 🍕
-1054424955397581	this$0
-1054455020168653	$skuPromo
-1054497969841613	$scooterPayload
-1054566689318349	$input
-1054596754089421	requireActivity(...)
-1054686948402637	promoName
-1054729898075597	promoSku
-1054768552781261	Price loaded3!
-1054832977290701	🍕 Purchase for 
-1054905991734733	 🍕
-1054923171603917	💍  Purchase for 
-1055000481015245	 💍
-1055017660884429	💰  Purchase for 
-1055094970295757	 💰
-1055112150164941	Price loaded3!
-1055176574674381	it
-1055189459576269	it
-1055202344478157	it
-1055215229380045	it
-1055228114281933	it
-1055240999183821	it
-1055253884085709	it
-1055266768987597	Collecting flow 
-1055339783431629	$tmp0
-1055365553235405	$tmp0
-1055391323039181	$tmp0
-1055417092842957	call to 'resume' before 'invoke' with coroutine
-1055623251273165	<get-lifecycle>(...)
-1055713445586381	call to 'resume' before 'invoke' with coroutine
-1055919604016589	it
-1055932488918477	<get-second>(...)
-1056009798329805	errors
-1056039863100877	t1
-1056052748002765	t2
-1056065632904653	$tmp0
-1056091402708429	p0
-1056104287610317	d
-1056112877544909	t
-1056121467479501	e
-1056130057414093	Please retry
-1056185891988941	Loaded default parameters for this parameter group
-1056404935321037	Complete
-1056443590026701	slider
-1057985483285965	$tmp0
-1058011253089741	$tmp0
-1058037022893517	this$0
-1058067087664589	$tmp0
-1058144397075917	this$0
-1058174461846989	requireContext(...)
-1058260361192909	$tmp0
-1058286130996685	$tmp0
-1058311900800461	this$0
-1058341965571533	$tmp0
-1058367735375309	Please wait, applying setting
-1059188074128845	p0
-1059200959030733	Selected  
-1059248203670989	 profile
-1059286858376653	p0
-1059299743278541	$tmp0
-1059325513082317	$tmp0
-1059351282886093	$p0
-1059368462755277	this$0
-1059398527526349	Switched to 
-1059454362101197	 profile
-1059493016806861	$tmp0
-1059518786610637	throwable
-1059561736283597	count
-1059587506087373	errors
-1059617570858445	$tmp0
-1059643340662221	p0
-1059656225564109	p1
-1059669110465997	$tmp0
-1059694880269773	p0
-1059707765171661	d
-1059716355106253	OnSubscribe
-1059767894713805	t
-1059776484648397	e
-1059785074582989	getStringArray(...)
-1059870973928909	Loaded preset parameters to 
-1059995527980493	Profile
-1060029887718861	Complete
-1060068542424525	d
-1060077132359117	t
-1060085722293709	e
-1060094312228301	getStringArray(...)
-1060180211574221	Saved parameters to 
-1060270405887437	Profile
-1060304765625805	Complete
-1060343420331469	d
-1060352010266061	t
-1060360600200653	e
-1060369190135245	getStringArray(...)
-1060455089481165	Reset unsaved modifications for 
-1060596823401933	Profile
-10606168548813	user_linked_scooters
-1060631183140301	Complete
-1060704197584333	it
-1060717082486221	call to 'resume' before 'invoke' with coroutine
-1060923240916429	call to 'resume' before 'invoke' with coroutine
-1061129399346637	this$0
-1061159464117709	$scooter
-1061198118823373	call to 'resume' before 'invoke' with coroutine
-1061404277253581	getViewLifecycleOwner(...)
-1061520241370573	call to 'resume' before 'invoke' with coroutine
-1061726399800781	function
-1061765054506445	requireActivity().viewModelStore
-1061906788427213	requireActivity().defaultViewModelCreationExtras
-1062117241824717	requireActivity().defaultViewModelProviderFactory
-1062331990189517	call to 'resume' before 'invoke' with coroutine
-1062538148619725	computation(...)
-1062752896984525	connectionManager
-1062864566134221	inflater
-1062903220839885	createFromResource(...)
-1063006300054989	getRoot(...)
-1063062134629837	inflate(...)
-1063117969204685	requireContext(...)
-1063203868550605	requireContext(...)
-1063289767896525	Array contains more than one matching element.
-1063491631359437	Array contains no element matching the predicate.
-1063706379724237	inflate(...)
-1063766509266381	inflate(...)
-1063822343841229	inflate(...)
-1063878178416077	Enter 
-1063908243187149	editTextMelodyInput
-1063998437500365	view
-1064019912336845	getViewLifecycleOwner(...)
-1064135876453837	getViewLifecycleOwner(...)
-1064251840570829	requireActivity(...)
-1064342034884045	scooter
-1064376394622413	Hide  
-1064406459393485	Show  
-1064436524164557	Profile out of bounds 
-1064535308412365	Profile out of bounds
-1064629797692877	BottomSheet 
-1064685632267725	BottomSheet 
-1064741466842573	 UNPAID
-1064775826580941	{cmd-flash}Expand Scooter's Functionality{cmd-flash}
-1065003459847629	BottomSheet 
-1065059294422477	 ELSE
-1065085064226253	BottomSheet 
-1065140898801101	BottomSheet 
-1065196733375949	{cmd-flash}Perform scooter upgrade now{cmd-flash}
-1065411481740749	BottomSheet 
-1065467316315597	 NOT NULL
-1065510265988557	Purchase attempt
-1065583280432589	bleT
-1065604755269069	XiaoDash
-1065643409974733	bleT
-1065664884811213	getString(...)
-1065729309320653	create(...)
-1065780848928205	Perform Upgrade?
-1065853863372237	Do you want to upgrade your scooter and unlock the additional features?
-1066163101017549	create(...)
-1066330604742093	Destroy
-1066364964480461	$edittext
-1066407914153421	this$0
-1066437978924493	$scooterPayload
-1066506698401229	toString(...)
-1066566827943373	toLowerCase(...)
-1066639842387405	Promotion code not found
-1066747216569805	Promotion code not found
-1066854590752205	Promotion code not found
-1066961964934605	this$0
-1066992029705677	$scooterPayload
-1067060749182413	Enter Promo Code
-1067133763626445	Enter a promotion code
-1067232547874253	Apply
-1067258317678029	Cancel
-1067288382449101	$skuS
-1067314152252877	this$0
-1067344217023949	$scooterPayload
-1067412936500685	$skuM
-1067438706304461	$skuB
-1067464476108237	Click purchase 
-1067533195584973	requireActivity(...)
-1067623389898189	Click purchase 
-1067692109374925	requireActivity(...)
-1067782303688141	Click purchase 
-1067851023164877	requireActivity(...)
-1067941217478093	Perform Click
-1068001347020237	this$0
-1068031411791309	it
-1068044296693197	c
-1068052886627789	this$0
-1068082951398861	Please connect to the internet and try again
-1068276224927181	Scooter model not supported at the moment
-1068456613553613	model not supported
-1068542512899533	requireContext(...)
-1068628412245453	Fixing error 27\nReboot scooter and retry!
-1068808800871885	0-0-0
-1068834570675661	Error uid not set. Please retry
-1068972009629133	requireContext(...)
-1069057908975053	manual not supported
-1069148103288269	cb
-1069160988190157	Currently buying is not available for this model, please try later!
-1069453045966285	getInstance(...)
-1069526060410317	requireActivity(...)
-1069616254723533	requireActivity(...)
-10696362862029	scooterUUID
-1069706449036749	Scooter fw not supported at the moment
-1069873952761293	requireActivity(...)
-1069964147074509	Currently not available, please try later!
-1070148830668237	Scooter fw not supported at the moment
-1070316334392781	requireActivity(...)
-1070406528705997	requireActivity(...)
-1070496723019213	requireActivity(...)
-1070586917332429	requireActivity(...)
-1070677111645645	App in
-1070707176416717	App in
-1070737241187789	Scooter fw not supported at the moment
-1070904744912333	requireActivity(...)
-1070994939225549	Scooter fw not supported at the moment
-1071162442950093	0155
-1071183917786573	0157
-1071205392623053	0158
-1071226867459533	requireActivity(...)
-1071317061772749	Scooter fw not supported at the moment
-1071484565497293	Scooter MCU not supported at the moment
-1071656364189133	Scooter MCU is not supported at the moment (UID error)
-1071892587390413	Wrong uid
-1071935537063373	Scooter model not supported at the moment
-1072115925689805	model not supported
-1072201825035725	Scooter model not supported at the moment
-1072382213662157	model not supported
-1072468113008077	Scooter model not supported at the moment
-1072648501634509	model not supported
-1072734400980429	Please connect to the internet and try again
-1072927674508749	Connect to the scooter and try again
-1073086588298701	cf
-1073099473200589	Currently not available for this model, please try later!
-1073348581303757	getInstance(...)
-1073421595747789	Currently not available, please try later!
-1073606279341517	Scooter fw not supported at the moment
-1073773783066061	requireActivity(...)
-1073863977379277	Scooter MCU is not supported at the moment (UID error)
-1074100200580557	Wrong uid
-1074143150253517	Scooter MCU not supported at the moment
-1074314948945357	Scooter fw not supported at the moment
-1074482452669901	requireActivity(...)
-1074572646983117	requireActivity(...)
-1074662841296333	requireActivity(...)
-1074753035609549	requireActivity(...)
-10747902469581	status
-1074843229922765	App in
-1074873294693837	App in
-1074903359464909	Scooter fw not supported at the moment
-1075070863189453	requireActivity(...)
-1075161057502669	Scooter fw not supported at the moment
-1075328561227213	requireActivity(...)
-1075418755540429	0155
-1075440230376909	0157
-1075461705213389	0158
-1075483180049869	requireActivity(...)
-1075573374363085	Scooter fw not supported at the moment
-1075740878087629	Scooter model not supported at the moment
-1075921266714061	model not supported
-1076007166059981	Starting ...\nPlease wait!
-1076118835209677	Screen Orientation is :
-1076221914424781	0157
-1076243389261261	0158
-1076264864097741	0155
-1076286338934221	Scooter fw not supported at the moment
-1076453842658765	No internet connection
-1076552626906573	this$0
-1076582691677645	requireActivity(...)
-1076672885990861	this$0
-1076702950761933	Downgrade
-1076745900434893	Do you really want to downgrade the scooter and return to stock?
-1077025073309133	Yes
-1077042253178317	No
-1077055138080205	this$0
-1077085202851277	$isUser
-1077119562589645	this$0
-1077149627360717	requireContext(...)
-1077235526706637	Info
-1077257001543117	fromHtml(...)
-1077317131085261	$tmp0
-1077342900889037	p0
-1077355785790925	$mapScooterPresets
-1077437390169549	this$0
-1077467454940621	this$0
-10777967240653	link_status_
-1077884066768333	this$0
-1077914131539405	this$0
-1077944196310477	this$0
-1077974261081549	requireContext(...)
-1078060160427469	de
-1078073045329357	this$0
-1078103110100429	requireContext(...)
-1078189009446349	English
-1078223369184717	$tmp0
-1078249138988493	p0
-1078262023890381	this$0
-1078292088661453	$tmp0
-1078317858465229	$tmp0
-1078343628269005	this$0
-1078373693040077	$tmp0
-1078399462843853	$seekbar
-1078438117549517	this$0
-1078468182320589	$reg
-1078489657157069	$tmp0
-1078515426960845	$tmp0
-1078541196764621	this$0
-1078571261535693	$tmp0
-1078597031339469	$seekbar
-1078635686045133	this$0
-1078665750816205	$reg
-1078687225652685	$reg
-1078708700489165	$seekbar
-1078747355194829	$reg
-1078768830031309	this$0
-1078798894802381	slider
-1078828959573453	$tmp0
-1078854729377229	$tmp0
-1078880499181005	$reg
-1078901974017485	this$0
-1078932038788557	Parameter set
-1078992168330701	$tmp0
-1079017938134477	this$0
-1079048002905549	$reg
-1079069477742029	  
-1079082362643917	Reg:
-1079103837480397	 cruise 
-1079142492186061	  
-1079155377087949	  
-1079168261989837	Register 185 is 
-1079241276433869	a1017d04
-1079279931139533	stringToBytes(...)
-1079361535518157	a1017d04
-1079400190223821	stringToBytes(...)
-1079481794602445	3901fc05
-1079520449308109	stringToBytes(...)
-1079602053686733	a1017d04
-1079640708392397	stringToBytes(...)
-1079722312771021	this$0
-1079752377542093	$reg
-1079773852378573	$genericMelody
-1079838276888013	this$0
-1079868341659085	$reg
-1079889816495565	$genericMelody
-1079958535972301	$tmp0
-1079984305776077	$tmp0
-1080010075579853	$melody
-1080044435318221	Melody with 
-1080100269893069	 elements applied
-1080177579304397	$tmp0
-1080203349108173	$tmp0
-1080229118911949	$genericMelody
-1080293543421389	$reg
-1080315018257869	this$0
-1080349377996237	$tmp0
-1080375147800013	$tmp0
-1080400917603789	this$0
-1080430982374861	$tmp0
-1080456752178637	$tmp0
-1080482521982413	$tmp0
-1080508291786189	$genericMelody
-1080572716295629	$reg
-1080594191132109	this$0
-1080624255903181	Melody with 
-1080680090478029	 elements applied
-1080757399889357	this$0
-1082587055957453	slider
-1082617120728525	slider
-1082647185499597	requireActivity().viewModelStore
-1082788919420365	requireActivity().defaultViewModelCreationExtras
-1082999372817869	requireActivity().defaultViewModelProviderFactory
-1083291430593997	_binding
-1083330085299661	controller
-10833801815501	scooterUUID
-1083411689678285	inflater
-1083450344383949	inflate(...)
-1083540538697165	null cannot be cast to non-null type m365.xiaodash.scooter.util.RecyclerViewAdapter
-1083901315950029	getRoot(...)
-1083957150524877	item
-1083978625361357	requireParentFragment(...)
-1084094589478349	results
-1084128949216717	null cannot be cast to non-null type m365.xiaodash.scooter.util.RecyclerViewAdapter
-1084489726469581	Auto Connect to:
-1084562740913613	android.settings.LOCATION_SOURCE_SETTINGS
-1084743129540045	Permissions %s %s
-1084841913787853	granted
-1084876273526221	getString(...)
-1084940698035661	android.permission.ACCESS_FINE_LOCATION
-1085112496727501	android.permission.BLUETOOTH_CONNECT
-1085271410517453	android.permission.BLUETOOTH_SCAN
-1085417439405517	android.permission.ACCESS_FINE_LOCATION
-1085589238097357	Permissions %s %s
-1085688022345165	granted
-1085722382083533	getString(...)
-1085786806592973	getString(...)
-1085851231102413	android.settings.APPLICATION_DETAILS_SETTINGS
-1086048799598029	package
-1086083159336397	android.bluetooth.adapter.action.REQUEST_ENABLE
-1086289317766605	android.permission.BLUETOOTH_CONNECT
-1086448231556557	android.bluetooth.adapter.action.REQUEST_ENABLE
-1086654389986765	getString(...)
-1086718814496205	getString(...)
-1086783239005645	data
-1086804713842125	errorMessage
-1086860548416973	view
-1087229915604429	$tmp0
-1087255685408205	this$0
-1087285750179277	{"macAddress":"FC:5E:79:AD:B1:22","manufacturerSpecificData":[119,0,0,0,1,-35],"rssi":-51}
-1087676592203213	this$0
-1087706656974285	this$0
-1087736721745357	status
-1087766786516429	this$0
-1087796851287501	it
-1087809736189389	this$0
-1087839800960461	it
-1087852685862349	this$0
-1087882750633421	this$0
-1087912815404493	$tmp0
-1087938585208269	$tmp0
-1087964355012045	$tmp0
-10885341423053	link_status_
-1089003737097677	requireActivity().viewModelStore
-1089145471018445	requireActivity().defaultViewModelCreationExtras
-1089355924415949	requireActivity().defaultViewModelProviderFactory
-1089570672780749	requireActivity().viewModelStore
-1089712406701517	requireActivity().defaultViewModelCreationExtras
-1089922860099021	requireActivity().defaultViewModelProviderFactory
-1090137608463821	connectionManager
-1090249277613517	inflater
-1090287932319181	requireContext(...)
-1090893522707917	requireActivity().viewModelStore
-1091035256628685	requireActivity().defaultViewModelCreationExtras
-1091245710026189	requireActivity().defaultViewModelProviderFactory
-1091460458390989	connectionManager
-1091572127540685	inflater
-1091610782246349	requireContext(...)
-1092216372635085	requireActivity().viewModelStore
-1092358106555853	requireActivity().defaultViewModelCreationExtras
-1092568559953357	requireActivity().defaultViewModelProviderFactory
-1092783308318157	requireActivity().viewModelStore
-1092925042238925	requireActivity().defaultViewModelCreationExtras
-1093135495636429	requireActivity().defaultViewModelProviderFactory
-1093350244001229	connectionManager
-1093461913150925	inflater
-1093500567856589	requireContext(...)
-10941175997901	user_linked_scooters
-1095549267256781	newValue
-1095587921962445	[^A-Z0-9/]*
-1095643756537293	toUpperCase(...)
-1096369606010317	xdfw change serial (Compose)
-1098456960116173	You entered the following serial number:\n
-1098637348742605	viewModel
-1098680298415565	connectionManager
-1098757607826893	onDismissRequest
-1099436212659661	CC(rememberCoroutineScope)482@20332L144:Effects.kt#9igjgp
-1099685320762829	CC(remember):Effects.kt#9igjgp
-1099818464749005	CC:CompositionLocal.kt#9igjgp
-1100359630628301	Turning On Scooter
-1100441235006925	Turning Off Scooter
-1100527134352845	$this$item
-1101179969381837	CC(Row)P(2,1,3)99@5018L58,100@5081L130:Row.kt#2w3rfo
-1101407602648525	CC(Layout)P(!1,2)79@3208L23,82@3359L411:Layout.kt#80mrfh
-1101652415784397	CC(ReusableComposeNode)P(1,2)376@14062L9:Composables.kt#9igjgp
-1101922998724045	C101@5126L9:Row.kt#2w3rfo
-1102034667873741	CC(Box)P(2,1,3)72@3384L130:Box.kt#2w3rfo
-1102210761532877	CC(Layout)P(!1,2)79@3208L23,82@3359L411:Layout.kt#80mrfh
-1102455574668749	CC(ReusableComposeNode)P(1,2)376@14062L9:Composables.kt#9igjgp
-1102726157608397	C73@3429L9:Box.kt#2w3rfo
-1102833531790797	Scooter
-1102867891529165	$this$item
-11031370311117	link_status_
-1103520726558157	$this$item
-1104173561587149	App Version
-1104225101194701	App:2.6.3|
-1104289525704141	newSelection
-1104345360278989	newSelection
-1104401194853837	newSelection
-1104457029428685	newSelection
-1104512864003533	newSelection
-1104568698578381	$this$item
-1105221533607373	CC(Column)P(2,3,1)86@4330L61,87@4396L133:Column.kt#2w3rfo
-1105470641710541	CC(Layout)P(!1,2)79@3208L23,82@3359L411:Layout.kt#80mrfh
-1105715454846413	CC(ReusableComposeNode)P(1,2)376@14062L9:Composables.kt#9igjgp
-1105986037786061	C88@4444L9:Column.kt#2w3rfo
-1106106296870349	Imperial/Miles Mode
-1106192196216269	Traction Control
-1106265210660301	Park On Slope
-1106325340202445	Boost Mode
-1106372584842701	Cruise Control Enabled
-1106471369090509	Indicator Sound
-1106540088567245	App Function Tone
-1106617397978573	Hold Descent Control
-1106707592291789	Motor Brake
-1106759131899341	Sport Mode
-1106806376539597	Drive Mode
-1106853621179853	Walk Mode
-1106896570852813	Light Settings
-1106960995362253	Auto Headlight
-1107025419871693	Front Position Lamp
-1107111319217613	UnderGlow Lights
-1107184333661645	Breathing Charging Taillight
-1107308887713229	Taillight Mode
-1107373312222669	Poweroff After Folding
-1107472096470477	Disable Alarm Mode After Folding
-1107613830391245	Alarm Mode
-1107661075031501	Energy Recovery
-1107729794508237	Custom Button Action
-1107819988821453	Dashboard Settings
-1107901593200077	$this$item
-1108605967836621	Set Start Speed
-1108674687313357	$this$item
-11087204885965	{"scooterUUID":"
-1109379061949901	Auto Shutdown After X Min.
-1109495026066893	$this$item
-1110199400703437	Volume
-1110229465474509	$this$item
-1110985379718605	errorMessage
-1111041214293453	getString(...)
-1111105638802893	android.intent.action.VIEW
-1111878732916173	$this$item
-1112531567945165	C152@7074L22:LazyDsl.kt#428nma
-1112956769707469	$this$LazyColumn
-1113029784151501	scooterId
-1113523705390541	CC(Box)P(2,1,3)72@3384L130:Box.kt#2w3rfo
-1113699799049677	CC(Layout)P(!1,2)79@3208L23,82@3359L411:Layout.kt#80mrfh
-1113944612185549	CC(ReusableComposeNode)P(1,2)376@14062L9:Composables.kt#9igjgp
-1114215195125197	C73@3429L9:Box.kt#2w3rfo
-1115392016164301	Current Speed
-1115452145706445	 km/h
-1115477915510221	Start Speed
-1115529455117773	 km/h
-1115555224921549	Mileage
-1115589584659917	 km
-1115606764529101	RideTime
-1115645419234765	Uptime
-1115675484005837	Total Mileage
-1115735613547981	 km
-1115752793417165	Total RideTime
-1115817217926605	Total Uptime
-1115873052501453	Serial Number
-1115937477010893	Scooter ID
-1115984721651149	Body Temperature
-11160219329997	"}
-1116057736095181	°C
-1116070620997069	Left Mileage
-1116126455571917	 km
-1116143635441101	VCU Version
-1116195175048653	aa
-1116208059950541	Not an official version 
-1116315434132941	MCU Version
-1116366973740493	BMS Version
-1116418513348045	BLE Version
-1116470052955597	Battery Level
-1116530182497741	Drive Mode
-1116577427137997	Error Code
-1116624671778253	fragment
-1116663326483917	viewModel
-1116706276156877	authViewModel
-1116766405699021	connectionManager
-1117191607461325	CC:CompositionLocal.kt#9igjgp
-11173104231885	checkScooterLinkStatus
-1117320456480205	CC:CompositionLocal.kt#9igjgp
-1117449305499085	No ViewModelStoreOwner available in the current composable.
-1117707003536845	CC:CompositionLocal.kt#9igjgp
-1117835852555725	CC(rememberCoroutineScope)482@20332L144:Effects.kt#9igjgp
-1118084960658893	CC(remember):Effects.kt#9igjgp
-1118218104645069	One
-1118235284514253	Two
-1118252464383437	Three
-1118278234187213	Off
-1118295414056397	Off
-1118312593925581	Off
-1118329773794765	Unknown
-1118364133533133	Unknown
-1118398493271501	Unknown
-1118432853009869	Unknown
-1118467212748237	Unknown
-1118501572486605	Unknown
-1118535932224973	Unknown
-1118570291963341	Unknown
-1118604651701709	Unknown
-1118639011440077	Unknown
-1118673371178445	Unknown
-1118707730916813	Unknown
-1118742090655181	Off
-1118759270524365	Off
-1118776450393549	scooter
-1118810810131917	mode
-1125059987547597	scooter
-1125459419506125	CC(Column)P(2,3,1)86@4330L61,87@4396L133:Column.kt#2w3rfo
-1125708527609293	CC(Layout)P(!1,2)79@3208L23,82@3359L411:Layout.kt#80mrfh
-1125953340745165	CC(ReusableComposeNode)P(1,2)376@14062L9:Composables.kt#9igjgp
-1126223923684813	C88@4444L9:Column.kt#2w3rfo
-1126348477736397	Scooter
-1126382837474765	App Version
-1126434377082317	App:2.6.3 V
-1126485916689869	CC(Row)P(2,1,3)99@5018L58,100@5081L130:Row.kt#2w3rfo
-1126713549956557	CC(Layout)P(!1,2)79@3208L23,82@3359L411:Layout.kt#80mrfh
-1126958363092429	CC(ReusableComposeNode)P(1,2)376@14062L9:Composables.kt#9igjgp
-11271888479693	call(...)
-1127228946032077	C101@5126L9:Row.kt#2w3rfo
-1127340615181773	Miles Mode
-1127387859822029	CC(Column)P(2,3,1)86@4330L61,87@4396L133:Column.kt#2w3rfo
-1127636967925197	CC(Layout)P(!1,2)79@3208L23,82@3359L411:Layout.kt#80mrfh
-1127881781061069	CC(ReusableComposeNode)P(1,2)376@14062L9:Composables.kt#9igjgp
-1128152364000717	C88@4444L9:Column.kt#2w3rfo
-1128272623085005	Notifications
-11314838152653	linked
-11344902923725	null cannot be cast to non-null type kotlin.Boolean
-1146075262526925	onValueChange
-1146135392069069	onValueChangeFinished
-1146229881349581	valueRange
-1146277125989837	sliderName
-1146689442850253	CC(Column)P(2,3,1)86@4330L61,87@4396L133:Column.kt#2w3rfo
-1146938550953421	CC(Layout)P(!1,2)79@3208L23,82@3359L411:Layout.kt#80mrfh
-1147183364089293	CC(ReusableComposeNode)P(1,2)376@14062L9:Composables.kt#9igjgp
-1147453947028941	C88@4444L9:Column.kt#2w3rfo
-1147574206113229	CC(Box)P(2,1,3)72@3384L130:Box.kt#2w3rfo
-1147750299772365	CC(Layout)P(!1,2)79@3208L23,82@3359L411:Layout.kt#80mrfh
-1147995112908237	CC(ReusableComposeNode)P(1,2)376@14062L9:Composables.kt#9igjgp
-1148265695847885	C73@3429L9:Box.kt#2w3rfo
-1148373070030285	CC(Row)P(2,1,3)99@5018L58,100@5081L130:Row.kt#2w3rfo
-1148600703296973	CC(Layout)P(!1,2)79@3208L23,82@3359L411:Layout.kt#80mrfh
-1148845516432845	CC(ReusableComposeNode)P(1,2)376@14062L9:Composables.kt#9igjgp
-1149116099372493	C101@5126L9:Row.kt#2w3rfo
-1149227768522189	0x
-1149240653424077	toString(...)
-1149300782966221	toUpperCase(...)
-1149373797410253	0x
-1149386682312141	toString(...)
-1149446811854285	toUpperCase(...)
-1149519826298317	0x
-1149532711200205	toString(...)
-1149592840742349	toUpperCase(...)
-1149665855186381	sliderName
-1149713099826637	range
-1149738869630413	onSave
-1150353049953741	$this$item
-1151100374263245	Battery
-1151134734001613	 %
-1151147618903501	Battery Voltage
-1151216338380237	 V
-1151229223282125	Battery Current
-1151297942758861	 A
-1151310827660749	Battery Power
-1151370957202893	 W
-1151383842104781	BMS Version
-1151435381712333	Battery Capacity
-1151508396156365	 mAh
-1151529870992845	Degraded Capacity
-1151607180404173	 mAh
-1151628655240653	Temperatures
-1151684489815501	 °C
-1151701669684685	Max Battery Percentage
-1151800453932493	HH:mm
-1151826223736269	Estimated Charging Time
-1151929302951373	h (Full at 
-1151980842558925	Battery full
-1152036677133773	Manufacture Date
-1152109691577805	Full Charge Count
-1152187000989133	Deep Discharge Count
-1152277195302349	Extreme Use Time
-1152350209746381	Extreme Charge Time
-1152436109092301	Total Energy Throughput
-1152539188307405	 kWh
-1152560663143885	Total Capacity Throughput
-1152672332293581	 mAh
-1152693807130061	Efficiency
-1152741051770317	 km/kWh
-1152775411508685	Range with Full Battery
-1152878490723789	 km
-1152895670592973	Min/Max Diff
-1152951505167821	 V
-1152964390069709	Cell 
-1152990159873485	 (Highest)
-1153037404513741	Cell 
-1153063174317517	 (Lowest)
-1153106123990477	Cell 
-1153131893794253	 V
-1153144778696141	Battery Max Charge Percentage
-1153273627715021	$this$LazyColumn
-1153892103005645	CC(Box)P(2,1,3)72@3384L130:Box.kt#2w3rfo
-1154068196664781	CC(Layout)P(!1,2)79@3208L23,82@3359L411:Layout.kt#80mrfh
-1154313009800653	CC(ReusableComposeNode)P(1,2)376@14062L9:Composables.kt#9igjgp
-1154583592740301	C73@3429L9:Box.kt#2w3rfo
-1155184888161741	fragment
-1155223542867405	viewModel
-1155266492540365	connectionManager
-1155786183583181	CC:CompositionLocal.kt#9igjgp
-1155915032602061	CC(rememberCoroutineScope)482@20332L144:Effects.kt#9igjgp
-1156164140705229	CC(remember):Effects.kt#9igjgp
-1156709601551821	sku
-1156726781421005	Payment tier selected: 
-11568241223117	linkedToCurrentUser
-1156829860636109	. Proceeding to activation.
-1157418271155661	Current Limits List (from helper): 
-1157572889978317	Scooter not connected
-1157667379258829	Not paid
-1157706033964493	Downgrading
-1157757573572045	Activating Profile
-1158358868993485	CC(Column)P(2,3,1)86@4330L61,87@4396L133:Column.kt#2w3rfo
-1158607977096653	CC(Layout)P(!1,2)79@3208L23,82@3359L411:Layout.kt#80mrfh
-1158852790232525	CC(ReusableComposeNode)P(1,2)376@14062L9:Composables.kt#9igjgp
-1159123373172173	C88@4444L9:Column.kt#2w3rfo
-1159243632256461	$this$Card
-1160068265977293	CC(Column)P(2,3,1)86@4330L61,87@4396L133:Column.kt#2w3rfo
-1160317374080461	CC(Layout)P(!1,2)79@3208L23,82@3359L411:Layout.kt#80mrfh
-1160562187216333	CC(ReusableComposeNode)P(1,2)376@14062L9:Composables.kt#9igjgp
-1160832770155981	C88@4444L9:Column.kt#2w3rfo
-1160953029240269	CC(Box)P(2,1,3)72@3384L130:Box.kt#2w3rfo
-1161129122899405	CC(Layout)P(!1,2)79@3208L23,82@3359L411:Layout.kt#80mrfh
-1161373936035277	CC(ReusableComposeNode)P(1,2)376@14062L9:Composables.kt#9igjgp
-1161644518974925	C73@3429L9:Box.kt#2w3rfo
-1161751893157325	toUpperCase(...)
-1161824907601357	Top Speed (
-1161876447208909	Current Limit (
-1161945166685645	Power Limit (
-1162005296227789	$this$item
-1162778390341069	Scooter not connected
-1162872879621581	Deactivation
-1162928714196429	newSelection
-1162984548771277	$this$Card
-1163757642884557	CC(Column)P(2,3,1)86@4330L61,87@4396L133:Column.kt#2w3rfo
-1164006750987725	CC(Layout)P(!1,2)79@3208L23,82@3359L411:Layout.kt#80mrfh
-1164251564123597	CC(ReusableComposeNode)P(1,2)376@14062L9:Composables.kt#9igjgp
-1164522147063245	C88@4444L9:Column.kt#2w3rfo
-1164642406147533	Field Weakening Start Speed
-1164762665231821	CC(Column)P(2,3,1)86@4330L61,87@4396L133:Column.kt#2w3rfo
-1165011773334989	CC(Layout)P(!1,2)79@3208L23,82@3359L411:Layout.kt#80mrfh
-1165256586470861	CC(ReusableComposeNode)P(1,2)376@14062L9:Composables.kt#9igjgp
-11654140569037	null cannot be cast to non-null type kotlin.Boolean
-1165527169410509	C88@4444L9:Column.kt#2w3rfo
-1165647428494797	Start Speed
-1165698968102349	CC(Column)P(2,3,1)86@4330L61,87@4396L133:Column.kt#2w3rfo
-1165948076205517	CC(Layout)P(!1,2)79@3208L23,82@3359L411:Layout.kt#80mrfh
-1166192889341389	CC(ReusableComposeNode)P(1,2)376@14062L9:Composables.kt#9igjgp
-1166463472281037	C88@4444L9:Column.kt#2w3rfo
-1166583731365325	Version Spoofing
-1166656745809357	Dashboard Settings
-1166738350187981	$this$item
-1167459904693709	getInstance(...)
-1167532919137741	$this$Card
-1168306013251021	double
-1168336078022093	long
-1168357552858573	CC(Column)P(2,3,1)86@4330L61,87@4396L133:Column.kt#2w3rfo
-1168606660961741	CC(Layout)P(!1,2)79@3208L23,82@3359L411:Layout.kt#80mrfh
-1168851474097613	CC(ReusableComposeNode)P(1,2)376@14062L9:Composables.kt#9igjgp
-1169122057037261	C88@4444L9:Column.kt#2w3rfo
-1169242316121549	Panic Button
-1169298150696397	Configure your scooter's top speed and power settings with the sliders above. Tap 'Activate Profile' to apply your custom settings.\n\nThey will be active across reboots of the scooter.\n\nTo restore the default speed/power of your scooter region (serial), 
-1170389072389581	-press the action button (left to the indicator buttons with □ on it) on your scooter.
-1170762734544333	$this$item
-1171484289050061	it
-1171497173951949	it
-1171510058853837	Value Set
-1171553008526797	Scooter not connected
-1171647497807309	it
-1171660382709197	Value Set
-1171703332382157	Scooter not connected
-1171797821662669	it
-1171810706564557	Value Set
-1171853656237517	Scooter not connected
-1171948145518029	Please connect to the internet and try again
-1172141419046349	$this$Card
-1172918808126925	CC(Column)P(2,3,1)86@4330L61,87@4396L133:Column.kt#2w3rfo
-1173167916230093	CC(Layout)P(!1,2)79@3208L23,82@3359L411:Layout.kt#80mrfh
-1173412729365965	CC(ReusableComposeNode)P(1,2)376@14062L9:Composables.kt#9igjgp
-1173683312305613	C88@4444L9:Column.kt#2w3rfo
-1173803571389901	Beta Features
-1173863700932045	Changes are applied immediately and and will reset after every restart of the scooter and not with the panic button.\nSo you have to reapply them each time you restart the scooter.
-1174636795045325	CC(Box)P(2,1,3)72@3384L130:Box.kt#2w3rfo
-1174812888704461	CC(Layout)P(!1,2)79@3208L23,82@3359L411:Layout.kt#80mrfh
-1175057701840333	CC(ReusableComposeNode)P(1,2)376@14062L9:Composables.kt#9igjgp
-1175328284779981	C73@3429L9:Box.kt#2w3rfo
-1175435658962381	CC(Column)P(2,3,1)86@4330L61,87@4396L133:Column.kt#2w3rfo
-1175684767065549	CC(Layout)P(!1,2)79@3208L23,82@3359L411:Layout.kt#80mrfh
-1175929580201421	CC(ReusableComposeNode)P(1,2)376@14062L9:Composables.kt#9igjgp
-1176200163141069	C88@4444L9:Column.kt#2w3rfo
-1176320422225357	Initial Acceleration
-1176410616538573	CC(Column)P(2,3,1)86@4330L61,87@4396L133:Column.kt#2w3rfo
-1176659724641741	CC(Layout)P(!1,2)79@3208L23,82@3359L411:Layout.kt#80mrfh
-1176904537777613	CC(ReusableComposeNode)P(1,2)376@14062L9:Composables.kt#9igjgp
-1177175120717261	C88@4444L9:Column.kt#2w3rfo
-1177295379801549	Mid-Range Acceleration
-1177394164049357	CC(Column)P(2,3,1)86@4330L61,87@4396L133:Column.kt#2w3rfo
-1177643272152525	CC(Layout)P(!1,2)79@3208L23,82@3359L411:Layout.kt#80mrfh
-1177888085288397	CC(ReusableComposeNode)P(1,2)376@14062L9:Composables.kt#9igjgp
-1178158668228045	C88@4444L9:Column.kt#2w3rfo
-1178278927312333	E-Brake Power
-1178339056854477	$this$item
-1179064906327501	getInstance(...)
-1179137920771533	Changing to 
-1179262474823117	 Mode
-1179288244626893	Returning to Stock Firmware
-1179408503711181	Scooter not connected
-1179502992991693	Scooter not connected
-1179597482272205	Scooter not connected
-1179691971552717	$this$item
-1180417821025741	CC(Column)P(2,3,1)86@4330L61,87@4396L133:Column.kt#2w3rfo
-1180666929128909	CC(Layout)P(!1,2)79@3208L23,82@3359L411:Layout.kt#80mrfh
-1180911742264781	CC(ReusableComposeNode)P(1,2)376@14062L9:Composables.kt#9igjgp
-1181182325204429	C88@4444L9:Column.kt#2w3rfo
-1181302584288717	version
-1181336944027085	getInstance(...)
-1181409958471117	$this$LazyColumn
-1181555987359181	innerPadding
-1182131512976845	CC(Box)P(2,1,3)72@3384L130:Box.kt#2w3rfo
-1182307606635981	CC(Layout)P(!1,2)79@3208L23,82@3359L411:Layout.kt#80mrfh
-1182552419771853	CC(ReusableComposeNode)P(1,2)376@14062L9:Composables.kt#9igjgp
-1182823002711501	C73@3429L9:Box.kt#2w3rfo
-1183398528329165	it
-1183411413231053	it
-1183424298132941	it
-1183437183034829	it
-1183450067936717	it
-1183462952838605	it
-1183475837740493	fragment
-1183514492446157	viewModel
-1183557442119117	connectionManager
-1183634751530445	authViewModel
-1184111492900301	CC:CompositionLocal.kt#9igjgp
-1184240341919181	CC:CompositionLocal.kt#9igjgp
-1184369190938061	No ViewModelStoreOwner available in the current composable.
-1184626888975821	CC:CompositionLocal.kt#9igjgp
-1184755737994701	CC(rememberCoroutineScope)482@20332L144:Effects.kt#9igjgp
-1185004846097869	CC(remember):Effects.kt#9igjgp
-1185137990084045	Unknown
-1185172349822413	Unknown
-1185206709560781	Unknown
-1185241069299149	Purchase attempt
-1185314083743181	Scooter Linked
-1185378508252621	$stlinkNeeded
-1185438637794765	$viewModel
-1185485882435021	$activity
-1185528832107981	$showPaymentDialog$delegate
-1185649091192269	it
-1185661976094157	st
-1185674860996045	no st present in response
-1185786530145741	model not st present
-1185876724458957	isSt fail
-1185919674131917	cb
-1185932559033805	Currently buying is not available for this model, please try later!
-1186224616809933	getInstance(...)
-1186297631253965	Scooter fw not supported at the moment
-1186465134978509	Please turn on the scooter
-1186581099095501	version
-1186615458833869	Scooter fw not supported at the moment
-1186782962558413	Scooter fw not supported at the moment
-1186950466282957	App in
-1186980531054029	App in
-1187010595825101	Scooter fw not supported at the moment
-1187178099549645	Scooter model not supported at the moment
-1187358488176077	model not supported
-1187444387521997	Scooter model not supported at the moment
-1187624776148429	model not supported
-1187710675494349	Apply Beta button clicked (from helper function)!
-11877478868429	message
-1187925423859149	Scooter not connected
-1188019913139661	Scooter not connected
-1188114402420173	Please connect to the internet and try again
-1188307675948493	Applying Beta Values
-1188397870261709	Activate Profile button clicked (from helper function)!
-1188638388430285	Current Limits List (from helper): 
-1188793007252941	Scooter not connected
-1188887496533453	Scooter not connected
-1188981985813965	Please connect to the internet and try again
-1189175259342285	reinstall
-1189218209015245	\nReturn to stock profile by double pressing the action button( □ )
-1189505971824077	\nReturn to stock profile by long pressing the action button( □ )
-1189785144698317	Activating Profile
-1189866749076941	Observed authState from repository: 
-1190025662866893	User is logged out, attempting anonymous sign-in.
-1190240411231693	call to 'resume' before 'invoke' with coroutine
-1190446569661901	Sign-in with provider explicitly requested by UI component.
-1190704267699661	call to 'resume' before 'invoke' with coroutine
-1190910426129869	Attempting anonymous sign-in via repository.
-1191103699658189	Anonymous sign-in successful via repository.
-11911838606797	null cannot be cast to non-null type kotlin.String
-1191296973186509	Failed to sign in anonymously via repository.
-1191494541682125	call to 'resume' before 'invoke' with coroutine
-1191700700112333	Sign-out requested via repository.
-1191851023967693	Sign-out successful via repository.
-1192005642790349	Failed to sign out via repository.
-1192155966645709	call to 'resume' before 'invoke' with coroutine
-1192387894879693	LO
-1192400779781581	UN
-1192413664683469	call to 'resume' before 'invoke' with coroutine
-1192619823113677	Auth state changed: 
-1192710017426893	, Profile: 
-1192761557034445	. Updating UI state.
-1193135219189197	AuthViewModel: Provider sign-in successful for 
-1193341377619405	 (UID: 
-1193375737357773	AuthViewModel: Provider sign-in reported as successful, but FirebaseUser is null.
-1193727924676045	AuthViewModel: Provider sign-in flow was cancelled or failed to initiate from Activity.
-1194105881798093	AuthViewModel: Provider sign-in failed. Code: 
-1194307745261005	updateSearchedUser
-1194389349639629	updateSearchedUser(Lm365/xiaodash/scooter/ble/Resource;)V
-1194638457742797	call to 'resume' before 'invoke' with coroutine
-1194844616173005	call to 'resume' before 'invoke' with coroutine
-1195050774603213	ViewModel: DataStore emitted version: 
-1195218278327757	ViewModel: _versionNumber.value set to: 
-1195394371986893	getInstance(...)
-1195467386430925	ViewModel: dataStoreImpl is null before accessing versionNumberFlow.
-1195763739174349	dataStoreImpl was null when attempting to load version number.
-1196034322113997	ViewModel: versionNumberFlow collection cancelled (expected on ViewModel clear).
-1196382214464973	ViewModel: NPE occurred while loading/collecting version number.
-1196661387339213	ViewModel_NPE_Location
-1196760171587021	VersionNumberLoading
-1196850365900237	ViewModel: Unexpected exception during version number loading: 
-1197125243807181	 - 
-1197142423676365	ViewModel_Exception_Location
-1197266977727949	VersionNumberLoading_Other
-1197382941844941	call to 'resume' before 'invoke' with coroutine
-1197589100275149	call to 'resume' before 'invoke' with coroutine
-1197795258705357	call to 'resume' before 'invoke' with coroutine
-1198001417135565	call to 'resume' before 'invoke' with coroutine
-1198207575565773	call to 'resume' before 'invoke' with coroutine
-1198413733995981	call to 'resume' before 'invoke' with coroutine
-1198826050856397	old
-1198843230725581	new
-1198860410594765	ScooterViewModel observed auth change: 
-1199032209286605	, Profile: 
-1199083748894157	User 
-1199109518697933	 logged in. Loading linked scooters.
-1199268432487885	User is anonymous. Clearing linked scooters.
-1199461706016205	User is not fully logged in (State: 
-1199620619806157	). Clearing linked scooters.
-1199745173857741	call to 'resume' before 'invoke' with coroutine
-1199951332287949	sfwpma
-1199981397059021	/c
-1199998576928205	toHexString(...)
-1200075886339533	call to 'resume' before 'invoke' with coroutine
-1200282044769741	getInstance(...)
-1200355059213773	Checking please wait
-1200445253526989	call to 'resume' before 'invoke' with coroutine
-1200651411957197	sfwpma
-1200681476728269	/c
-1200698656597453	toHexString(...)
-1200775966008781	call to 'resume' before 'invoke' with coroutine
-1200982124438989	Checking api successful
-1201085203654093	Api available
-1201145333196237	it
-1201158218098125	Checking not available api
-1201274182215117	Api not available
-1201351491626445	Scooter fw currently not supported, please try again later
-1201604894696909	Press the power button off the scooter until you hear a second shutdown beep
-1201935607178701	call to 'resume' before 'invoke' with coroutine
-1202674341553613	it
-1202687226455501	it
-1202700111357389	call to 'resume' before 'invoke' with coroutine
-1202906269787597	call to 'resume' before 'invoke' with coroutine
-1203112428217805	Please try again later
-1203211212465613	Timeout waiting for result: 
-1203335766517197	Error: 
-1203370126255565	call to 'resume' before 'invoke' with coroutine
-1203576284685773	it
-1203589169587661	it
-1203602054489549	Check status success: 
-1203700838737357	Check scooter link status failed
-1203842572658125	No network connection. Please check your internet and try again.
-1204121745532365	An error occurred with the server.
-1204272069387725	Network error. Please check your connection.
-1204465342916045	An unexpected error occurred.
-1204594191934925	call to 'resume' before 'invoke' with coroutine
-1204800350365133	Show ad: 
-1204843300038093	Showing ad
-1204890544678349	call to 'resume' before 'invoke' with coroutine
-1205096703108557	release
-1205131062846925	call to 'resume' before 'invoke' with coroutine
-1205509019968973	s
-1205517609903565	sfwpma
-1205547674674637	/g
-1205564854543821	call to 'resume' before 'invoke' with coroutine
-1205771012974029	try pro2
-1205809667679693	try mi3
-1205844027418061	try lite
-1205882682123725	try pro2
-1205921336829389	error
-1205947106633165	d
-1205955696567757	Starting LoaderF
-1206028711011789	t
-1206037300946381	Still setting up things!
-1206144675128781	e
-1206153265063373	Error LoaderF
-1206213394605517	000000
-1206243459376589	000000
-1206273524147661	Finished LoaderF
-1206346538591693	Stage 1 complete!
-1206423848003021	loaderTimeStampFlashed
-1206522632250829	Stage 1 complete!
-1206599941662157	Complete
-1206638596367821	release
-1206672956106189	call to 'resume' before 'invoke' with coroutine
-1206879114536397	call to 'resume' before 'invoke' with coroutine
-1207085272966605	error
-1207111042770381	Error uid not set
-1207188352181709	Error uid not set
-1207265661593037	0-0
-1207282841462221	0-0-0
-1207308611265997	Error uid not set
-1207385920677325	Error uid not set
-1207463230088653	942755892-1460942098
-1207553424401869	38FF6C063450313812351457
-1207660798584269	Problematic uid detected
-1207768172766669	Problematic uid
-1207836892243405	Odd scooter id detected: change serialnumber 
-1208034460739021	Problematic uid detected
-1208141834921421	Error scooter state is not set
-1208274978907597	Error scooter state is not set
-1208408122893773	Starting loading Loader
-1208511202108877	Finished loading Loader
-1208614281323981	loaderTimeStamp
-1208687295768013	ServerError:
-1208743130342861	 on /b endpoint
-1208811849819597	ServerError:
-1208867684394445	 on /b endpoint
-1208936403871181	getInstance(...)
-12130881938893	Invalid response from server
-12255435990477	call to 'resume' before 'invoke' with coroutine
-12461594420685	getUserLinkedScooters
-12556083701197	call(...)
-12599033374157	success
-12633393112525	scooters
-12672047818189	Server error: 
-12736472327629	message
-12770832065997	call to 'resume' before 'invoke' with coroutine
-12976990496205	scooterUUID
-13028530103757	scooterMid
-13075774744013	toJson(...)
-13127314351565	linkScooterToUser
-13204623762893	call(...)
-13247573435853	success
-13281933174221	message
-13316292912589	null cannot be cast to non-null type kotlin.String
-13535336244685	Linking failed: 
-13608350688717	message
-13642710427085	call to 'resume' before 'invoke' with coroutine
-13848868857293	scooterUUID
-13900408464845	toJson(...)
-13951948072397	unlinkScooterFromUser
-14046437352909	call(...)
-14089387025869	success
-14123746764237	message
-14158106502605	null cannot be cast to non-null type kotlin.String
-14377149834701	Linking failed: 
-14450164278733	message
-14484524017101	call to 'resume' before 'invoke' with coroutine
-14690682447309	functions
-14733632120269	call to 'resume' before 'invoke' with coroutine
-14939790550477	call to 'resume' before 'invoke' with coroutine
-15145948980685	call to 'resume' before 'invoke' with coroutine
-15352107410893	call to 'resume' before 'invoke' with coroutine
-15558265841101	AES
-15575445710285	AES/GCM/NoPadding
-15742949434829	getBytes(...)
-15803078976973	encodeBytes(...)
-15876093421005	fdsfsdfhjfsd78978943huifhsdf@#$%^&*
-16030712243661	id
-16043597145549	linkedAt
-16082251851213	Unknown
-16116611589581	id
-16129496491469	linkedAt
-16168151197133	ScooterM(id=
-16223985771981	, linked=
-16266935444941	, linkedAt=
-16318475052493	, scooterMid=
-16378604594637	Xiaomi M365
-16430144202189	Xiaomi Pro
-16477388842445	Xiaomi Pro
-16524633482701	Xiaomi Pro2
-16576173090253	Xiaomi 1S
-16619122763213	Xiaomi 1S
-16662072436173	Xiaomi 3
-16700727141837	Segway/Ninebot F65
-16782331520461	Segway/Ninebot G30
-16863935899085	Segway/Ninebot E
-16936950343117	Segway/Ninebot E
-17009964787149	Segway/Ninebot F2
-17087274198477	Segway/Ninebot F2 Plus
-17186058446285	Segway/Ninebot F2 Pro
-17280547726797	Segway/Ninebot G2
-17357857138125	Segway/Ninebot ZT3 Pro
-17456641385933	Segway/Ninebot G3
-17808828704205	AES/GCM/NoPadding
-17976332428749	AES
-18431598962125	str
-18448778831309	secretKey
-18491728504269	doFinal(...)
-18547563079117	str
-18564742948301	secretKey
-18607692621261	iv
-18620577523149	getBytes(...)
-18680707065293	doFinal(...)
-18736541640141	encodeBytes(...)
-1894294989	context
-18977059808717	v
-18985649743309	secretKey
-19028599416269	v
-19037189350861	secretKey
-19080139023821	iv
-19093023925709	application/json; charset=utf-8
-19230462879181	chain
-1926039643597	$tmp0
-19260527650253	:xX)wqY<2jV5z9%8
-19333542094285	asBytes(...)
-19389376669133	r
-19397966603725	toString(...)
-19458096145869	application/json; charset=utf-8
-1951809447373	$oldUrl
-19595535099341	X-Application-Header
-19685729412557	Content-Type
-19741563987405	application/json
-19814578431437	name
-19836053267917	Ancd test
-1986169185741	this$0
-19879002940877	city
-19900477777357	delhi
-19926247581133	age
-19943427450317	23
-19956312352205	r
-19964902286797	null cannot be cast to non-null type kotlin.String
-2016233956813	it
-20183945618893	xVchN=PR.pd8Z?g}
-20256960062925	asBytes(...)
-2029118858701	pma
-20312794637773	application/json; charset=utf-8
-20450233591245	No encryption detected
-2046298727885	getString(...)
-20549017839053	Encryption Error
-20622032283085	 in 
-2110723237325	null cannot be cast to non-null type android.app.Activity
-2149345263134157	call to 'resume' before 'invoke' with coroutine
-2149551421564365	call to 'resume' before 'invoke' with coroutine
-2149757579994573	call to 'resume' before 'invoke' with coroutine
-2149963738424781	d
-2149972328359373	t
-2149980918293965	e
-2149989508228557	Error occurred:
-2150058227705293	Scooter downgraded
-2150139832083917	Downgrading
-2150191371691469	Scooter returned to a normal life!\nAttention\nDon't update your scooter with official apps.\nOtherwise it's possible that you lock yourself out and won't be able to install XiaoDash again.
-2150994530575821	Ok
-2151007415477709	Complete
-2151046070183373	this$0
-2151076134954445	this$0
-2151106199725517	this$0
-2151136264496589	this$0
-2151166329267661	No internet connection
-2151265113515469	Please connect to the internet and try again
-2151458387043789	call to 'resume' before 'invoke' with coroutine
-2151664545473997	d
-2151673135408589	t
-2151681725343181	e
-2151690315277773	Error in Stage 3\n Error:
-2151797689460173	sign_up
-2151832049198541	item_id
-2151866408936909	item_brand
-2151913653577165	isFreshFlash_
-2151973783119309	000000
-2152003847890381	000000
-2152033912661453	isFreshFlash_
-2152094042203597	Stage 3 completed!
-2152175646582221	Stage 3 completed
-2152252955993549	stage3Time
-2152300200633805	yyyy-MM-dd HH:mm:ss.SSS
-2152403279848909	Stage 3 completed
-2152480589260237	Downgrade complete
-2152562193638861	Downgrade complete
-2152643798017485	downgradeTime
-2152703927559629	yyyy-MM-dd HH:mm:ss.SSS
-2152807006774733	Downgrade completed
-2152892906120653	Update firmware complete
-2153000280303053	this$0
-2153030345074125	this$0
-2153060409845197	Upgrade complete!
-2153137719256525	Downgrade complete!
-2153223618602445	d
-2153232208537037	Starting LoaderF
-2153305222981069	t
-2153313812915661	Still setting up things!
-2153421187098061	e
-2153429777032653	Error LoaderF
-2153489906574797	reinstall
-2153532856247757	Finished LoaderF
-2153605870691789	Stage 4 complete!
-2153683180103117	loaderTimeStampFlashed
-2153781964350925	Complete
-2153820619056589	sfwpma
-2153850683827661	/g
-2153867863696845	call to 'resume' before 'invoke' with coroutine
-2154074022127053	call to 'resume' before 'invoke' with coroutine
-2154284475524557	ServerError:
-2154340310099405	 on /g endpoint
-2154409029576141	ServerError:
-2154464864150989	 on /g endpoint
-2154533583627725	try secure
-2154580828267981	addedSecureF
-2154636662842829	version
-2154671022581197	rand
-2154692497417677	call to 'resume' before 'invoke' with coroutine
-2155383987152333	0-0-0
-2155409756956109	call to 'resume' before 'invoke' with coroutine
-2155615915386317	Link success: 
-2155680339895757	Link scooter failed
-2155766239241677	No network connection. Please check your internet and try again.
-2156045412115917	An error occurred with the server.
-2156195735971277	Network error. Please check your connection.
-2156389009499597	An unexpected error occurred.
-2156517858518477	call to 'resume' before 'invoke' with coroutine
-2156724016948685	throwable
-2156766966621645	count
-2156792736425421	errors
-2156822801196493	$tmp0
-2156848571000269	p0
-2156861455902157	p1
-2156874340804045	$tmp0
-2156900110607821	p0
-2156912995509709	d
-2156921585444301	OnSubscribe
-2156973125051853	t
-2156981714986445	e
-2156990304921037	Both profiles reset
-2157076204266957	Complete
-2157114858972621	Error getting linked scooters
-2157243707991501	Please log in to see your scooters.
-2157398326814157	Could not reach the server. Please try again later.
-2157621665113549	An unknown error occurred.
-2157737629230541	An unexpected error occurred.
-2157866478249421	call to 'resume' before 'invoke' with coroutine
-2158248730338765	activation
-2158295974979021	d
-2158304564913613	t
-2158313154848205	Still setting up things!
-2158420529030605	e
-2158429118965197	Error b flash
-2158493543474637	Error occurred
-2158557967984077	Error occurred
-2158622392493517	Flashed 157 b complete
-2158721176741325	d
-2158729766675917	t
-2158738356610509	Still setting up things!
-2158845730792909	e
-2158854320727501	Flash b successful
-2158935925106125	Flashed b
-2158978874779085	Error b flash
-2159043299288525	Error occurred
-2159107723797965	Error occurred
-2159172148307405	Error b complete
-2159245162751437	Error b
-2159279522489805	Error occurred.\nReboot phone and scooter and retry.
-2159502860789197	release
-2159541515494861	Error b
-2159575875233229	Error occurred.\nReboot phone and scooter and retry.
-2159799213532621	$macByteArray
-2159859343074765	0155
-21828918093261	v
-21837508027853	Press the power button a few times to authenticate 
-22060846327245	it
-22078026196429	Connecting
-22125270836685	call to 'resume' before 'invoke' with coroutine
-22331429266893	call to 'resume' before 'invoke' with coroutine
-22537587697101	make(...)
-22580537370061	New Purchase
-22636371944909	call to 'resume' before 'invoke' with coroutine
-22842530375117	<get-lifecycle>(...)
-22932724688333	call to 'resume' before 'invoke' with coroutine
-23138883118541	yyyy-MM-dd'T'HH:mm:ss'Z'
-23246257300941	UTC
-23263437170125	fromJson(...)
-23323566712269	signature
-23366516385229	uid
-23383696254413	time
-23405171090893	purchases
-23448120763853	promoName
-23491070436813	promoName
-23538315077069	promoSku
-23581264750029	getSkus(...)
-2359831340493	k
-23637099324877	promo
-23662869128653	promoCodes
-2368421275085	Please connect to the Internet and retry!
-23710113768909	Purchase Success
-23783128212941	Purchase Success
-23856142656973	$purchaseData
-23916272199117	it
-23929157101005	$purchaseHashMap
-24002171545037	$purchaseData
-24062301087181	it
-24075185989069	Write Promo to Collection error
-24212624942541	call to 'resume' before 'invoke' with coroutine
-24418783372749	<get-lifecycle>(...)
-24508977685965	call to 'resume' before 'invoke' with coroutine
-24715136116173	call to 'resume' before 'invoke' with coroutine
-24921294546381	call to 'resume' before 'invoke' with coroutine
-25127452976589	Connection changed to 
-25226237224397	call to 'resume' before 'invoke' with coroutine
-25432395654605	call to 'resume' before 'invoke' with coroutine
-2548809901517	SettingUp
-25844712515021	call to 'resume' before 'invoke' with coroutine
-2591759574477	Fetch failed
-26050870945229	call to 'resume' before 'invoke' with coroutine
-2620876837660109	stringToBytes(...)
-2620958442038733	call to 'resume' before 'invoke' with coroutine
-2621164600468941	packet
-2621194665240013	toHexString(...)
-2621267679684045	SecureBeginT
-2621323514258893	->
-2621336399160781	packet
-2621366463931853	toHexString(...)
-2621439478375885	user_content/
-2621499607918029	Preparing to upload. User UID: 
-2621637046871501	, IsAnonymous: 
-2621705766348237	, Path: 
-2621744421053901	application/octet-stream
-2621851795236301	Upload successful for UID 
-2621967759353293	! URL: 
-2622002119091661	toString(...)
-2622062248633805	getUid(...)
-2622113788241357	Upload failed for UID 
-2622212572489165	 to path 
-2622255522162125	call to 'resume' before 'invoke' with coroutine
-2622461680592333	v
-2622470270526925	d
-2622478860461517	t
-2622487450396109	Reconnected
-2622538990003661	Ble
-2622556169872845	disposable
-2622603414513101	e
-2622612004447693	Reconnection failed
-2622697903793613	Error occurred.\nReboot phone and scooter and retry.
-2622921242093005	Reset 
-2622951306864077	 to defaults: Speed=
-2623041501177293	, Current=
-2623088745817549	, Power=
-2623127400523213	No default values found for 
-2623251954574797	 to reset.
-2623299199215053	call to 'resume' before 'invoke' with coroutine
-2624123832935885	function
-2624162487641549	Metadata for 
-2624222617183693	 (user: 
-2624261271889357	) saved to Firestore with ID: 
-2624394415875533	call to 'resume' before 'invoke' with coroutine
-2624600574305741	call to 'resume' before 'invoke' with coroutine
-2625012891166157	DocumentSnapshot added with
-2625133150250445	email
-2625158920054221	yyyy-MM-dd'T'HH:mm:ss'Z'
-2625266294236621	UTC
-2625283474105805	sid
-2625300653974989	mid
-2625317833844173	email
-2625343603647949	ble
-2625360783517133	esc
-2625377963386317	bms
-2625395143255501	uid
-2625412323124685	s
-2625420913059277	rand
-2625442387895757	time
-2625463862732237	zS
-2625476747634125	sh.cfw.utility
-2625541172143565	waitlist
-2625579826849229	emails
-2625609891620301	$tmp0
-2625635661424077	it
-2625648546325965	Error adding document
-26257029375437	call to 'resume' before 'invoke' with coroutine
-2625743035606477	sku
-2625760215475661	br
-2625773100377549	Error during firmware download/preparation: 
-2625966373905869	Error: 
-2626000733644237	An unexpected error occurred
-2626125287695821	ServerError:
-2626181122270669	\n Please reboot and try again!
-2626314266256845	ServerError:
-2626370100831693	\n Please reboot and try again!
-2626503244817869	Error Loader
-2626559079392717	call to 'resume' before 'invoke' with coroutine
-2626765237822925	call to 'resume' before 'invoke' with coroutine
-2626971396253133	call to 'resume' before 'invoke' with coroutine
-2627177554683341	call to 'resume' before 'invoke' with coroutine
-2627383713113549	property
-2627422367819213	paymentJson
-2627473907426765	signature
-2627516857099725	scooterData
-2627568396707277	toString(...)
-2627628526249421	getBytes(...)
-2627688655791565	Purchase for 
-2627813209843149	ServerError:
-2627869044417997	 on /p endpoint \nPlease reboot and try again!
-2628070907880909	No internet connection
-2628169692128717	call to 'resume' before 'invoke' with coroutine
-2628375850558925	Unlink success: 
-2628448865002957	No network connection. Please check your internet and try again.
-2628728037877197	An error occurred with the server.
-2628878361732557	Network error. Please check your connection.
-2629071635260877	An unexpected error occurred.
-2629200484279757	call to 'resume' before 'invoke' with coroutine
-2629406642709965	call to 'resume' before 'invoke' with coroutine
-2629612801140173	call to 'resume' before 'invoke' with coroutine
-2629818959570381	Success:
-2629857614276045	DocumentSnapshot added with
-2629977873360333	$tmp0
-2630003643164109	it
-2630016528065997	Failed:
-2630050887804365	U2 failed
-2630093837477325	U2 failed
-2630136787150285	Success:
-2630175441855949	U2 success
-2630222686496205	U2 success
-2630269931136461	Success:
-2630308585842125	Success:
-2630347240547789	call to 'resume' before 'invoke' with coroutine
-2630553398977997	call to 'resume' before 'invoke' with coroutine
-2630759557408205	call to 'resume' before 'invoke' with coroutine
-2630965715838413	Error refreshing fw
-2631051615184333	Stage 3\nFirmware Downgrade it progress!\nReverting back to stock\nPlease wait and stay close to the scooter.
-2631511176685005	call to 'resume' before 'invoke' with coroutine
-2631923493545421	Updated 
-2631962148251085	 to 
-2631983623087565	 and saved.
-2632035162695117	call to 'resume' before 'invoke' with coroutine
-2632241321125325	call to 'resume' before 'invoke' with coroutine
-2632447479555533	purchaseData
-2632503314130381	call to 'resume' before 'invoke' with coroutine
-2632709472560589	call to 'resume' before 'invoke' with coroutine
-2632915630990797	Network state changed to 
-2633031595107789	getOriginalJson(...)
-2633121789421005	j
-2633130379355597	paymentJson
-2633181918963149	getOriginalJson(...)
-2633272113276365	token
-2633297883080141	getPurchaseToken(...)
-2633392372360653	scooterData
-2633443911968205	paymentJson
-2633495451575757	signature
-2633538401248717	scooterData
-2633589940856269	toString(...)
-2633650070398413	getBytes(...)
-2633710199940557	encodeBytes(...)
-2633787509351885	ServerError:
-2633843343926733	 on /p endpoint \nPlease reboot and try again!
-2634040912422349	Activation Success
-2634122516800973	paid
-2634143991637453	pt
-2634156876539341	sid
-2634174056408525	secSizeZT3
-2634221301048781	secSizeG3
-2634264250721741	hasXiaodash
-2634315790329293	 (
-2634328675231181	 (
-2634341560133069	 (
-2634354445034957	Activation Failed
-2634436049413581	secSizeG3
-2634478999086541	secSizeZT3
-2634526243726797	000000
-2634556308497869	000000
-2634586373268941	cC
-2634603553138125	ServerError:
-2634659387712973	 on /k endpoint \nPlease reboot and try again!
-2634856956208589	release
-2634895610914253	ServerError:
-2634951445489101	 on /f endpoint \nPlease reboot and try again!
-2635149013984717	CRC mismatch fw
-2635217733461453	beta
-2635243503265229	ServerError:
-2635299337840077	 on /f endpoint \nPlease reboot and try again!
-2635496906335693	CRC mismatch bfw
-2635569920779725	No internet connection
-2635668705027533	call to 'resume' before 'invoke' with coroutine
-2635874863457741	currentSettings
-2635943582934477	call to 'resume' before 'invoke' with coroutine
-2636149741364685	call to 'resume' before 'invoke' with coroutine
-2636355899794893	Success:
-2636394554500557	call to 'resume' before 'invoke' with coroutine
-2637854843381197	Show random ads
-2637923562857933	Show ad: 
-2638108246451661	<set-?>
-2638142606190029	<set-?>
-2638176965928397	<set-?>
-2638211325666765	<set-?>
-2638623642527181	Only available on US Region/Serial
-2647594149325	k
-2649515679589837	Stage 2\nThe scooter's functionality is getting expanded.\nPlease stay next to the scooter!\n
-2649906521613773	Starting Activation
-2649992420959693	ConnectionManager.scooterModel.bleType.toString()
-2650207169324493	Activation start request 
-2650318838474189	Activation start 
-2650396147885517	reboot
-2650426212656589	continue
-2650464867362253	error
-2650490637166029	command
-2650524996904397	Error 
-2650555061675469	 during activation
-2650636666054093	Error occurred in Stage 2\nError code: 
-2650804169778637	\nReboot phone and retry.
-2650911543961037	Error  
-2650945903699405	SecureBegin
-2650997443306957	SecureBegin
-2651048982914509	->
-2651061867816397	decode(...)
-2651113407423949	SecureIO
-2651152062129613	SecureIO
-2651190716835277	->
-2651203601737165	decode(...)
-2651259436312013	Continue 
-2651302385984973	isFreshFlash_
-2651362515527117	Stage 2 Complete
-2651435529971149	Error occurred in Stage 2\nError code: 
-2651603033695693	\nReboot phone and retry.
-2651710407878093	Error  
-2651744767616461	No internet connection
-2651843551864269	Error occurred in Stage 2\n No internet connection
-2652058300229069	No internet connection
-2652157084476877	Error 
-2652187149247949	 during activation
-2652268753626573	Error occurred in Stage 2\n Error code: 
-2652440552318413	\nReboot phone and retry.
-2656184083917	Please connect to the Internet and retry!
-2656559425955277	sid
-2656576605824461	fdsfsdfhjfsd78978943huifhsdf@#$%^&*
-2656731224647117	toJson(...)
-2656782764254669	isSt
-2658685434766797	b
-2658694024701389	sid
-2658711204570573	password
-2658749859276237	sid
-2658767039145421	0000
-2658788513981901	zP
-2659926680315341	Unknown Model
-2660124248810957	mode
-2660145723647437	sliderType
-2660253097829837	originalFileName
-2660326112273869	downloadUrl
-2660377651881421	storagePath
-2660429191488973	userId
-2660459256260045	isAnonymousUser
-2660527975736781	uploadedAt
-2660575220377037	contentType
-2660626759984589	application/octet-stream
-2660734134166989	allFileMetadata
-2661322544686541	mode
-2661382674228685	serial
-2663160790689229	uidFormatted
-2663233805133261	sku
-2664144338200013	sku
-2664161518069197	getSkus(...)
-2664462165779917	activity
-2664500820485581	ready
-2664526590289357	error
-2664552360093133	Please connect to the internet and try again
-2664745633621453	Scooter model not supported at the moment
-2664926022247885	model not supported
-2665011921593805	cf
-2665024806495693	Currently not available for this model, please try later!
-2665273914598861	getInstance(...)
-2665346929042893	Currently not available, please try later!
-2665531612636621	Scooter fw not supported at the moment
-2665699116361165	Scooter MCU is not supported at the moment (UID error)
-2665935339562445	Wrong uid
-2665978289235405	Scooter MCU not supported at the moment
-2666150087927245	Scooter fw not supported at the moment
-2666317591651789	Need check 
-2666369131259341	App in
-2666399196030413	App in
-2666429260801485	Scooter fw not supported at the moment
-2666596764526029	Scooter fw not supported at the moment
-2666764268250573	0155
-2666785743087053	0157
-2666807217923533	0158
-2666828692760013	Scooter fw not supported at the moment
-26669346235853	<get-lifecycle>(...)
-2666996196484557	Scooter ID copied to clipboard
-2667129340470733	Scooter model not supported at the moment
-2667309729097165	model not supported
-2667399923410381	yyyy-MM-dd'T'HH:mm:ss'Z'
-2667507297592781	UTC
-2667524477461965	lTimeStamp
-2667571722102221	lTimeStamp
-2667627556677069	getSkus(...)
-2667683391251917	Donation\n
-2667726340924877	OrderId:\n
-2667769290597837	getSkus(...)
-2667825125172685	ScooterId:\n
-2667876664780237	toString(...)
-2668602514253261	fragment
-2668641168958925	mainViewModel
-2668701298501069	mode
-2668722773337549	this$0
-2668752838108621	$tmp0
-2668778607912397	$changeLogText
-2668843032421837	cL
-2668855917323725	$tmp0
-2668881687127501	p0
-2668894572029389	$tmp0
-2668920341833165	$tmp0
-2668946111636941	p0
-2668958996538829	$tmp0
-2668984766342605	$tmp0
-2669010536146381	$tmp0
-2669036305950157	p0
-2669049190852045	$tmp0
-2669074960655821	$tmp0
-2669100730459597	$context
-2669139385165261	$url
-2669160860001741	$input
-2669190924772813	$dialog
-2669225284511181	$onJoinWaitlist
-2669294003987917	Email address is required
-2669405673137613	Invalid email address
-2669500162418125	Joined Waitlist
-2669568881894861	$dialog
-2669603241633229	$input
-2669633306404301	$onJoinWaitlist
-2669702025881037	this$0
-2669732090652109	$tmp0
-2669757860455885	p0
-2669770745357773	task
-2669792220194253	null cannot be cast to non-null type java.util.HashMap<kotlin.String, kotlin.Any>{ kotlin.collections.TypeAliasesKt.HashMap<kotlin.String, kotlin.Any> }
-2670449350190541	task
-2670470825027021	null cannot be cast to non-null type java.util.HashMap<kotlin.String, kotlin.Any>{ kotlin.collections.TypeAliasesKt.HashMap<kotlin.String, kotlin.Any> }
-2671127955023309	task
-2671149429859789	null cannot be cast to non-null type java.util.HashMap<kotlin.String, kotlin.Any>{ kotlin.collections.TypeAliasesKt.HashMap<kotlin.String, kotlin.Any> }
-2671806559856077	task
-2671828034692557	null cannot be cast to non-null type java.util.HashMap<kotlin.String, kotlin.Any>{ kotlin.collections.TypeAliasesKt.HashMap<kotlin.String, kotlin.Any> }
-2672485164688845	$tmp0
-2672510934492621	it
-2672523819394509	Failed:
-2672558179132877	$tmp0
-2672583948936653	it
-2672596833838541	Failed:
-2672631193576909	$tmp0
-2672656963380685	it
-2672669848282573	Failed:
-2672704208020941	$tmp0
-2672729977824717	$tmp0
-2672755747628493	it
-2672768632530381	Failed:
-2672802992268749	U2 failed
-2672845941941709	U2 failed
-2672888891614669	this$0
-2672918956385741	$purchaseHashMap
-2672991970829773	it
-2673004855731661	Error adding document
-2673099345012173	$tmp0
-2673125114815949	$fileName
-2673168064488909	$userId
-2673202424227277	e
-2673211014161869	Error saving metadata for 
-2673326978278861	 (user: 
-2673365632984525	) to Firestore
-2673430057493965	this$0
-2673460122265037	$activity
-2673503071937997	$sku
-2673524546774477	$obfuscatedAccountId
-2673614741087693	it
-2673627625989581	c
-2673636215924173	Can't ble
-2673679165597133	Scooter ble fw currently not supported, please try again later
-2673949748536781	Can't ble
-2673992698209741	Scooter ble fw currently not supported, please try again later
-2675440102188493	name
-2675461577024973	dataSource
-2675543181403597	boardType
-2675641965651405	ParsedCommand(name=
-2675727864997325	, module=
-2675770814670285	, ops=
-2675800879441357	, sIndex=
-2675843829114317	, sData=
-2675882483819981	, rIndex=
-2675925433492941	, sCmd=
-26759540549069	call to 'resume' before 'invoke' with coroutine
-2675959793231309	, retry=
-2675998447936973	, sValue=
-2676041397609933	, size=
-2676075757348301	defaultConfigs
-2676140181857741	name
-2676161656694221	commands
-2676324865451469	ParsedData(defaultConfigs=
-2676440829568461	, name=
-2676475189306829	, commands=
-2676732887344589	call to 'resume' before 'invoke' with coroutine
-2676939045774797	call to 'resume' before 'invoke' with coroutine
-2677145204205005	NAME_ASC
-2677183858910669	NAME_DESC
-2677226808583629	INDEX_ASC
-2677269758256589	INDEX_DESC
-2677317002896845	MODULE_ASC
-2677364247537101	MODULE_DESC
-2677415787144653	call to 'resume' before 'invoke' with coroutine
-26965698979277	Payment state changed 
-27064483227085	call to 'resume' before 'invoke' with coroutine
-27270641657293	<get-lifecycle>(...)
-27360835970509	call to 'resume' before 'invoke' with coroutine
-2739967690843597	changedShorts
-2740027820385741	HH:mm:ss
-2740066475091405	Pos 
-2740087949927885	toString(...)
-2740148079470029	toUpperCase(...)
-2740221093914061	: 
-2740233978815949	toUpperCase(...)
-2740306993259981	 -> 
-2740328468096461	toUpperCase(...)
-2740405777507789	commands
-2740444432213453	r
-2740453022148045	boardType
-2740495971821005	newCommands
-2740547511428557	query
-2740573281232333	order
-2740599051036109	value
-2740624820839885	selectedDevice
-27566994400717	Error
-27592764204493	\nPlease power cycle smartphone and scooter and retry!\nMake sure that your are using only original parts! Some ble modules don't support the commands needed.\nIf you recently made a firmware update it's possible that your version isn't supported yet.
-2803528911857101	%03X
-2803550386693581	format(...)
-2803601926301133	VCU 
-2803623401137613	 
-2803631991072205	%03X
-2803653465908685	format(...)
-2803705005516237	BMS 
-2803726480352717	 
-2803735070287309	%03X
-2803756545123789	format(...)
-2803808084731341	BLE 
-2803829559567821	 
-2806084417398221	context
-2806118777136589	title
-2806144546940365	Thanks for the purchase and your support!\nThe purchase gets synched now.\nPlease wait a few seconds\nIn the next step your scooter functionality will get expanded.\nJust click the "Perform scooter upgrade now" button
-2807063669941709	Thanks for the purchase and your support!\nThe purchase gets synched now.\nPlease wait a few seconds\nIn the next step your scooter functionality will get expanded.\nJust click the upgrade button
-2807888303662541	create(...)
-2807939843270093	context
-2807974203008461	title
-2807999972812237	message
-2808034332550605	create(...)
-2817844037854669	stringToBytes(...)
-2826726030222797	stringToBytes(...)
-2835608022590925	stringToBytes(...)
-2836572710349	SettingUp
-2844490014959053	stringToBytes(...)
-2853372007327181	stringToBytes(...)
-2862253999695309	stringToBytes(...)
-28662211061197	Scooter upgrade in progress
-28782470145485	The scooter's functionality is getting expanded.\nPlease stay close to the scooter!
-2879522383309	fw_1_s_
-2913882121677	fw_1_m_
-29143247398349	Ok
-29156132300237	Scooter got upgraded
-29246326613453	You are ready to go! Please check the info boxes for more information on the parameters.\nStay safe and have fun!\n
-2948241860045	fw_1_b_
-2982601598413	fw_2_s_
-3016961336781	fw_2_m_
-3051321075149	fw_2_b_
-30655075886541	Ok
-30667960788429	Scooter got downgraded
-30766745036237	The scooter returned to a normal life.\n
-3085680813517	fw_3_s_
-30938543728077	Scooter upgrade in progress
-31058802812365	call to 'resume' before 'invoke' with coroutine
-3120040551885	fw_3_m_
-31264961242573	<get-lifecycle>(...)
-31355155555789	call to 'resume' before 'invoke' with coroutine
-3154400290253	fw_3_b_
-31561313985997	BillingFlowResult: 
-31647213331917	Billing Result: 
-31720227775949	BillingError
-31776062350797	Opening Lemon
-31836191892941	Open Lemon
-31883436533197	https://us-central1-xiaodash-4e39e.cloudfunctions.net/cc?sid=
-3188760028621	d_s_
-3210234865101	d_m_
-3231709701581	d_b_
-32355882935757	call to 'resume' before 'invoke' with coroutine
-3253184538061	d_g_
-32562041365965	autoUpgrade
-32613580973517	autoUpgrade
-32665120581069	isFreshFlash_
-32725250123213	autoUpgrade
-32776789730765	Select action
-32836919272909	What action do you want to perform?
-32991538095565	Return to stock
-33060257572301	Expand functionality
-33150451885517	Cancel
-33180516656589	scooterAuthenticationState changed 
-33335135479245	adError
-33369495217613	Ad was loaded. 
-33438214694349	rewardedAd
-33485459334605	Ad was loaded.
-33756042274253	call to 'resume' before 'invoke' with coroutine
-33962200704461	call to 'resume' before 'invoke' with coroutine
-34168359134669	Sign-in requested from ViewModel, launching AuthUI.
-34391697434061	call to 'resume' before 'invoke' with coroutine
-34597855864269	call to 'resume' before 'invoke' with coroutine
-34804014294477	call to 'resume' before 'invoke' with coroutine
-35010172724685	call to 'resume' before 'invoke' with coroutine
-35216331154893	changeLogText
-35280755664333	changeLogText
-35340885206477	changeLogText
-35401014748621	welcomeText
-35456849323469	lV
-35469734225357	call to 'resume' before 'invoke' with coroutine
-35675892655565	function
-35714547361229	Ad was dismissed.
-35791856772557	adError
-35826216510925	Ad failed to show.
-35907820889549	Ad failed to show 
-35989425268173	Ad showed fullscreen content.
-36118274287053	Item received
-36178403829197	this$0
-36208468600269	rewardItem
-36254033357	context
-36255713240525	Removed ads for 24h
-36341612586445	Collecting items
-36414627030477	call to 'resume' before 'invoke' with coroutine
-36620785460685	getLayoutInflater(...)
-37703117219277	App update available
-37793311532493	Please update the app to the newest version
-37982290093517	Update
-38012354864589	mV
-38025239766477	Later
-380312658421197	ATTENTION ALL YOUR SETTINGS WILL GET RESET TO DEFAULT! WITH THIS UPDATE!\n\n
-38051009570253	XiaoDash
-380634780968397	ATTENTION ALL YOUR SETTINGS WILL GET RESET TO DEFAULT! WITH THIS UPDATE!\n\n
-3807235319245	call to 'resume' before 'invoke' with coroutine
-38089664275917	create(...)
-380961198482893	Upgrade
-380995558221261	Do you really want to upgrade the scooter to V
-381197421684173	?\n\n
-381214601553357	Yes
-381231781422541	No
-38141203883469	XiaoDash Changelog
-38222808262093	changeLogText
-38282937804237	create(...)
-38334477411789	build(...)
-38381722052045	ca-app-pub-5969370273098532/7493530684
-38549225776589	build(...)
-38596470416845	signInLauncher
-38660894926285	Error creating sign-in intent.
-38794038912461	Loading ad
-39468348777933	this$0
-39498413549005	controller
-39545658189261	destination
-39597197796813	this$0
-39627262567885	Sign-in cancelled by user.
-3970763583956429	stringToBytes(...)
-39743226684877	Sign-in failed. Code: 
-39842010932685	this$0
-39872075703757	android.intent.action.VIEW
-39988039820749	market://details?id=
-40078234133965	android.intent.action.VIEW
-4013393749453	Purchase consumed 
-40194198250957	https://play.google.com/store/apps/details?id=
-40396061713869	this$0
-40426126484941	welcomeText
-40477666092493	changeLogText
-40537795634637	changeLogText
-40597925176781	this$0
-40627989947853	this$0
-40658054718925	this$0
-40688119489997	this$0
-40718184261069	this$0
-40748249032141	it
-40761133934029	Mutable String changed 
-40864213149133	this$0
-40894277920205	$tmp0
-40920047723981	p0
-40932932625869	$tmp0
-4094998128077	call to 'resume' before 'invoke' with coroutine
-40958702429645	$tmp0
-40984472233421	this$0
-41014537004493	this$0
-41044601775565	$this$Card
-41559997851085	CC(Column)P(2,3,1)86@4330L61,87@4396L133:Column.kt#2w3rfo
-41809105954253	CC(Layout)P(!1,2)79@3208L23,82@3359L411:Layout.kt#80mrfh
-42053919090125	CC(ReusableComposeNode)P(1,2)376@14062L9:Composables.kt#9igjgp
-42324502029773	C88@4444L9:Column.kt#2w3rfo
-42444761114061	$this$Card
-42951567254989	CC(Column)P(2,3,1)86@4330L61,87@4396L133:Column.kt#2w3rfo
-4301156558285	call to 'resume' before 'invoke' with coroutine
-43200675358157	CC(Layout)P(!1,2)79@3208L23,82@3359L411:Layout.kt#80mrfh
-43445488494029	CC(ReusableComposeNode)P(1,2)376@14062L9:Composables.kt#9igjgp
-43716071433677	C88@4444L9:Column.kt#2w3rfo
-43836330517965	Link Scooter
-44424741037517	User is logged out
-4507314988493	call to 'resume' before 'invoke' with coroutine
-45348159006157	viewModel
-45391108679117	mainViewModel
-45451238221261	onLogout
-45489892926925	onLogin
-45524252665293	onUnlinkScooter
-45944061628556749	Downloading Horn Soundfiles
-45944181887641037	hornSoundVersion
-45944254902085069	hornSoundVersion
-45944327916529101	Finished Downloading Horn Soundfiles
-45944486830319053	call to 'resume' before 'invoke' with coroutine
-45944692988749261	Downloading Motor Soundfiles
-45944817542800845	motorSoundVersion
-45944894852212173	motorSoundVersion
-45944972161623501	Finished Downloading Motor Soundfiles
-45945135370380749	call to 'resume' before 'invoke' with coroutine
-45945341528810957	call to 'resume' before 'invoke' with coroutine
-45945547687241165	7F
-45945560572143053	decodeHexString(...)
-45945650766456269	b0
-45945663651358157	decodeHexString(...)
-45945753845671373	B1
-45945766730573261	decodeHexString(...)
-45945856924886477	86
-45945869809788365	decodeHexString(...)
-45945960004101581	debc
-45945981478938061	decodeHexString(...)
-45946071673251277	decc
-45946093148087757	decodeHexString(...)
-45946183342400973	dede
-45946204817237453	decodeHexString(...)
-45946295011550669	dee6
-45946316486387149	decodeHexString(...)
-45946406680700365	448e
-45946428155536845	decodeHexString(...)
-45946518349850061	02
-45946531234751949	decodeHexString(...)
-45946621429065165	ff
-45946634313967053	decodeHexString(...)
-45946724508280269	449e
-45946745983116749	decodeHexString(...)
-45946836177429965	8D44
-45946857652266445	decodeHexString(...)
-45946947846579661	9504
-45946969321416141	decodeHexString(...)
-45947059515729357	D1A2
-45947080990565837	decodeHexString(...)
-45947171184879053	D1C2
-45947192659715533	decodeHexString(...)
-45947282854028749	D1E0
-45947304328865229	decodeHexString(...)
-45947394523178445	8D45
-45947415998014925	decodeHexString(...)
-45947506192328141	9505
-45947527667164621	decodeHexString(...)
-45947617861477837	D1A3
-45947639336314317	decodeHexString(...)
-45947729530627533	D1C3
-45947751005464013	decodeHexString(...)
-45947841199777229	D1E1
-45947862674613709	decodeHexString(...)
-45947952868926925	3e0c
-45947974343763405	decodeHexString(...)
-45948064538076621	2E7A
-45948086012913101	decodeHexString(...)
-45948176207226317	07
-45948189092128205	decodeHexString(...)
-45948279286441421	call to 'resume' before 'invoke' with coroutine
-46000994035149	profile
-46450695970792909	:xX)wqY<2jV5z9%8
-46450768985236941	asBytes(...)
-46451237136672205	encryptedDataWithNonce
-46451335920920013	key
-46451353100789197	Key must be 32 bytes for AES-256
-46451494834709965	Encrypted data is too short to contain a nonce.
-46451700993140173	AES/GCM/NoPadding
-46451778302551501	AES
-46451795482420685	doFinal(...)
-46451851316995533	getBytes(...)
-46451911446537677	AES/GCM/NoPadding
-46451988755949005	y9UMZeJfwd9ypNwIBmigWkcAxJdqghJc
-46452130489869773	1K1UA2301P1111
-46452194914379213	getBytes(...)
-46452255043921357	1CGDC2501C1111
-46452319468430797	getBytes(...)
-46452379597972941	_config.bin
-46452431137580493	0000000000000000
-46452504152024525	9999
-46452525626861005	01C000
-46452555691632077	lpe0pbrqtjaelupd
-46452628706076109	getBytes(...)
-46452688835618253	001420
-46452718900389325	BImSle
-46452748965160397	getBytes(...)
-46452809094702541	001430
-46452839159473613	01f000
-46452869224244685	01f400
-46452899289015757	01f000
-46452929353786829	01f400
-46452959418557901	01C000
-46452989483328973	release
-46453028138034637	ServerError:
-46453083972609485	 on /r endpoint \nPlease reboot and try again!
-46453281541105101	decode(...)
-46453333080712653	decode(...)
-46453384620320205	requireActivity(...)
-46453474814633421	t/tmpFirmware.bin
-46453552124044749	rw
-46453565008946637	1000
-46453586483783117	e800
-46453607958619597	01C000
-46453638023390669	RandomAccessFiles: 
-46453723922736589	)}
-46453736807638477	01C000
-46453766872409549	0400
-46453788347246029	00
-46453801232147917	1000
-46453822706984397	e800
-46453844181820877	01C000
-46453874246591949	MemFile: 
-46453917196264909	)}
-46453930081166797	MemFile: 
-46453973030839757	08000000
-46454011685545421	Flash result: 
-46454076110054861	Delete exception
-46454149124498893	call to 'resume' before 'invoke' with coroutine
-46454561441359309	matchResult
-46454612980966861	matchResult
-46454870679004621	requireActivity(...)
-46454960873317837	pa:
-46454978053187021	fd: 
-46454999528023501	Read rom result: 
-46455076837434829	After Read
-46455124082075085	Data: 
-46455154146846157	call to 'resume' before 'invoke' with coroutine
-46455360305276365	requireActivity(...)
-46455450499589581	pa:
-46455467679458765	fd: 
-46455489154295245	Read ram1 result: 
-46455570758673869	g30 pa2:
-46455609413379533	fd2: 
-46455635183183309	Read ram2 result: 
-46455716787561933	After Read
-46455764032202189	Data: 
-46455794096973261	call to 'resume' before 'invoke' with coroutine
-46456000255403469	Stlink has permission
-46456300903114189	Stlink found
-46456562896119245	Connecting to Chip
-46456850658928077	Whispering to the chip
-46457155601606093	Whispering...
-46457421889578445	Whispering even more...
-46457731127223757	No compatible Stlink device found
-46457877156111821	Stlink started with 
-46457967350425037	Device:
-46458001710163405	Read UUID
-46458044659836365	Reading Rom
-46458096199443917	Read Rom 
-46458139149116877	Reading rom2
-46458194983691725	Read rom2 
-46458246523299277	_Flash_
-46458280883037645	.bin
-46458302357874125	Proper flash regMatch 
-46458401142121933	Proper flash regMatch
-46458495631402445	No proper flash regMatch 
-46458607300552141	requireActivity(...)
-46458697494865357	_Flash_
-46458731854603725	.bin
-46458753329440205	Reading ram
-46458804869047757	Read ram 
-46458847818720717	Reading ram2
-46458903653295565	Read ram2 
-46458950897935821	Read Ram
-46458989552641485	Proper regMatch 
-46459062567085517	Proper regMatchRam 
-46459148466431437	_Ram_
-46459174236235213	.bin
-46459195711071693	requireActivity(...)
-46459285905384909	_Ram_
-46459311675188685	.bin
-46459333150025165	No good regMatch
-46459406164469197	No proper regMatchRam
-46459500653749709	Error getting chip info. Please check connections/powercycle and retry.
-46459809891395021	Stlink successful, connect the controller to the ble and finish the installation over bluetooth.
-46460226503222733	Flashing took failed no key/uid 
-46460368237143501	Flashing took 
-46460432661652941	Flashing took 
-46460497086162381	Flash Routine took: 
-46460555535821	Email
-46460587280475597	call to 'resume' before 'invoke' with coroutine
-46460793438905805	Scooter
-46460827798644173	Countdown to Stlink attempt: 
-46460956647663053	Starting Stlink flash
-46461051136943565	textViewInstuctionBox
-46461145626224077	Connect to internet and retry
-46461274475242957	Auto Flashing Started
-46461575122953677	call to 'resume' before 'invoke' with coroutine
-46461781281383885	call to 'resume' before 'invoke' with coroutine
-46461987439814093	MCU: 
-46462013209617869	Connected with: 
-46462086224061901	MCU not found please check wiring
-46462232252949965	call to 'resume' before 'invoke' with coroutine
-46462438411380173	rbSelectControllerType
-46462537195627981	$cardView
-46462580145300941	Error during firmware download/preparation: 
-46462773418829261	Error: 
-46462807778567629	An unexpected error occurred
-46462932332619213	Auto Flashing Stopped
-46463026821899725	Stlink has permission
-46463327469610445	Stlink found
-46463589462615501	Preparing Image
-46463864340522445	Flashing...
-46464122038560205	No compatible Stlink device found
-46464268067448269	Stlink started with 
-46464358261761485	Device:
-46464392621499853	Reading ram
-46464444161107405	Read ram 
-46464487110780365	Reading ram2
-46464542945355213	Read ram2 
-46464590189995469	Read Ram
-46464628844701133	Proper regMatch 
-46464701859145165	Proper regMatch 
-46464774873589197	No good regMatch
-46464847888033229	Unlocking Device
-46464920902477261	Read UUID
-46464963852150221	Flashing successful, connect the controller to the ble and finish the installation over bluetooth.
-46465389053912525	Flashing failed with error 
-46465509312996813	Flashing failed with error 
-46465629572081101	Flashing failed with error 
-46465749831165389	Flashing failed with error 
-46465870090249677	UID mismatch flash aborted please retry
-46466041888941517	UID mismatch flash aborted please retry
-46466213687633357	Error getting chip info. Please check connections/powercycle and retry.
-46466522925278669	Flashing took 
-46466587349788109	Flashing took 
-46466651774297549	Flash Routine took: 
-46466741968610765	call to 'resume' before 'invoke' with coroutine
-46466948127040973	Write Option byte result: 
-46467270249588173	fragment
-46467308904293837	mainViewModel
-46467369033835981	connectionManager
-46467446343247309	/volley/s/s/s/s/s/s/s/s/s/s/s/s/s/
-46467596667102669	/volley/s/s/s/s/s/s/s/s/s/s/s/s/s/
-46467746990958029	/volley/s/s/s/s/s/s/s/s/s/s/s/s/s/ram.bin
-46467927379584461	/volley/s/s/s/s/s/s/s/s/s/s/s/s/s/rom.bin
-46468107768210893	requireActivity(...)
-46468197962524109	getLayoutInflater(...)
-46468296746771917	inflate(...)
-46468352581346765	usb
-46468369761215949	null cannot be cast to non-null type android.hardware.usb.UsbManager
-46468666113959373	getDeviceList(...)
-46468747718337997	getBroadcast(...)
-46468825027749325	Stlink found 
-46468885157291469	openDevice(...)
-46469164330165709	requireActivity(...)
-46469254524478925	iArr
-46469275999315405	iArr2
-46469301769119181	yyyy-MM-dd_HH-mm-ss
-46469387668465101	format(...)
-46469439208072653	Scooter model currently not supported
-46469602416829901	ZT3
-46469619596699085	G3
-46469632481600973	requireActivity(...)
-46469722675914189	ReadRomRam failed with error 
-46469851524933069	Scooter model currently not supported
-46470014733690317	requireActivity(...)
-46470104928003533	rom
-46470122107872717	53434F4F5445525F5643555F78785532(?:(?:[0-9a-fA-F]{2}){16})([0-9a-zA-Z]{32})([0-9a-zA-Z]{12})
-46470521539831245	53434F4F5445525F5643555F78784733(?:(?:[0-9a-fA-F]{2}){16})([0-9a-zA-Z]{32})([0-9a-zA-Z]{12})
-46470920971789773	53434F4F5445525F5643555F78475433(?:(?:[0-9a-fA-F]{2}){16})([0-9a-zA-Z]{32})([0-9a-zA-Z]{12})
-46471320403748301	53434F4F5445525F5643555F78784633(?:(?:[0-9a-fA-F]{2}){16})([0-9a-zA-Z]{32})([0-9a-zA-Z]{12})
-46471719835706829	53434F4F544552(?:(?:[0-9a-fA-F]{2}){25})([0-9a-zA-Z]{32})([0-9a-zA-Z]{12})
-46472041958254029	Zt3
-46472059138123213	G3
-46472072023025101	Gt3
-46472089202894285	f3
-46472102087796173	S
-46472110677730765	Trying regex: 
-46472175102240205	Matches found with regex '
-46472291066357197	'!
-46472303951259085	No matches with regex '
-46472407030474189	'.
-46472419915376077	Found 
-46472449980147149	 matches
-46472488634852813	ram
-46472578829166029	(?:[0-9a-fA-F]{2}){12}
-46472677613413837	(?:5C50|5C51)(?:[0-9a-fA-F]{2}){30}([0-9a-zA-Z]{28})([0-9a-fA-F]{2}){18}((?:[0-9a-zA-Z]{2}){16})(?:[0-9a-zA-Z]{2}){356}(
-46473197304456653	)(?:(?:[0-9a-fA-F]{2}){8})((?:[0-9a-fA-F]{2}){6})((?:[0-9a-fA-F]{2}){1})
-46473510837069261	Regex: 
-46473545196807629	Found 
-46473575261578701	 
-46473583851513293	 strings
-46473622506218957	 
-46473631096153549	requireActivity(...)
-46473721290466765	_config.bin
-46473772830074317	ram
-46473863024387533	(?:[0-9a-fA-F]{2}){12}
-46473961808635341	(?:5C50|5C51)(?:(?:[0-9a-fA-F]{2}){30})([0-9a-zA-Z]{28})((?:[0-9a-fA-F]{2}){6})(?:[0-9a-zA-Z]{2}){384}(
-46474408485234125	)(?:(?:[0-9a-fA-F]{2}){8})((?:[0-9a-fA-F]{2}){6})((?:[0-9a-fA-F]{2}){1})
-46474722017846733	Regex: 
-46474756377585101	requireActivity(...)
-46474846571898317	_config.bin
-46474898111505869	u.bin
-46474923881309645	requireActivity(...)
-46475014075622861	rw
-46475026960524749	readFully(...)
-46475091385034189	call to 'resume' before 'invoke' with coroutine
-46475297543464397	Flash successful
-46475370557908429	this$0
-46475400622679501	Can't change controller type while Auto Flasher is running
-46475654025749965	Selected F65 Controller
-46475757104965069	Selected G2 Controller
-46475855889212877	Selected F2 Controller
-46475954673460685	Selected G30 Controller, will flash unlocked 1.8.8V
-46476178011760077	Selected G3
-46476229551367629	Selected ZT3 Pro Controller
-46476349810451917	this$0
-46476379875222989	$observer
-46476422824895949	Select controller type
-46476521609143757	Connect to internet and retry
-46476650458162637	requireActivity(...)
-46476740652475853	Connect Stlink and grant access permission
-46476925336069581	this$0
-46476955400840653	$observer
-46476998350513613	$cardView
-46477041300186573	Auto Flashing Stopped
-46477135789467085	Auto Flashing Stopped
-46477230278747597	this$0
-46477260343518669	requireActivity(...)
-46477350537831885	Connect Stlink and grant access permission
-46477535221425613	$cardView
-46486325339597	Anonymous User
-46550749849037	User ID
-46585109587405	label
-46610879391181	value
-47031786186189	CC(Row)P(2,1,3)99@5018L58,100@5081L130:Row.kt#2w3rfo
-4713473418701	billingDataSource
-47259419452877	CC(Layout)P(!1,2)79@3208L23,82@3359L411:Layout.kt#80mrfh
-47504232588749	CC(ReusableComposeNode)P(1,2)376@14062L9:Composables.kt#9igjgp
-47774815528397	C101@5126L9:Row.kt#2w3rfo
-4790782830029	defaultScope
-48303096505805	Link your scooter to your Google Account. Only the linked account will be able to activate the special profile. No one else will be able to use it.\n\nUnlink the scooter again from the Google account if you want to link it to another account or that everyone can activate the special profile.
-4846617404877	activity
-4885272110541	sku
-4902451979725	obfuscatedAccountId
-49673191073229	call to 'resume' before 'invoke' with coroutine
-49879349503437	slider
-49909414274509	slider
-49939479045581	requireActivity().viewModelStore
-50081212966349	requireActivity().defaultViewModelCreationExtras
-5022711064013	sku
-50291666363853	requireActivity().defaultViewModelProviderFactory
-5039890933197	sku
-50540774467021	connectionManager
-5057070802381	sku
-50652443616717	inflater
-50691098322381	Battery Charging Limit
-5074250671565	sku
-50789882570189	this$0
-5079273168217549	stringToBytes(...)
-50819947341261	slider
-5091430540749	scanResult
-5138675181005	getMacAddress(...)
-51459897468365	d
-51468487402957	t
-51477077337549	e
-51485667272141	Error occurred:
-51554386748877	isFreshFlash_
-51614516291021	Update finished
-51683235767757	Complete
-51721890473421	beta
-51743365309901	call to 'resume' before 'invoke' with coroutine
-51949523740109	alfa
-51970998576589	call to 'resume' before 'invoke' with coroutine
-52177157006797	129
-52194336875981	call to 'resume' before 'invoke' with coroutine
-5220279559629	0000fe95-0000-1000-8000-00805f9b34fb
-52404790273485	ServerError:
-52460624848333	 on /b endpoint
-52529344325069	Please connect to the internet and try again
-52726912820685	ServerError:
-52782747395533	 on /b endpoint
-52851466872269	Please connect to the internet and try again
-53049035367885	ServerError:
-53104869942733	 on /b endpoint
-53173589419469	Please connect to the internet and try again
-53366862947789	Please connect to the internet and try again
-53560136476109	Upgrade
-53594496214477	Applying the upgrade. Please wait and stay close to the scooter.
-5379193349581	parcel
-53873669088717	call to 'resume' before 'invoke' with coroutine
-5409258120653	bleDevice
-5452207793613	macAddress
-54629583332813	_config.bin
-54681122940365	0000000000000000
-54754137384397	9999
-54775612220877	01C000
-54805676991949	release
-54844331697613	ServerError:
-54900166272461	 on /r endpoint \nPlease reboot and try again!
-5499452433869	FC:5E:79:AD:B1:22
-55097734768077	decode(...)
-55149274375629	decode(...)
-55200813983181	requireContext(...)
-55286713329101	t/tmpFirmware.bin
-55364022740429	rw
-55376907642317	1000
-55398382478797	e800
-55419857315277	01C000
-55449922086349	RandomAccessFiles: 
-55535821432269	)}
-55548706334157	01C000
-55578771105229	0400
-55600245941709	00
-55613130843597	1000
-55634605680077	e800
-55656080516557	01C000
-55686145287629	MemFile: 
-55729094960589	)}
-55741979862477	MemFile: 
-5576761845197	<set-?>
-55784929535437	08000000
-55823584241101	Flash result: 
-55888008750541	Delete exception
-55961023194573	call to 'resume' before 'invoke' with coroutine
-5611121583565	bleDevice
-56373340054989	call to 'resume' before 'invoke' with coroutine
-5654071256525	macAddress
-56579498485197	call to 'resume' before 'invoke' with coroutine
-56785656915405	requireParentFragment(...)
-56901621032397	call to 'resume' before 'invoke' with coroutine
-5701315896781	BleDeviceContainer(bleDevice=
-57107779462605	Payment state changed 
-57206563710413	call to 'resume' before 'invoke' with coroutine
-57412722140621	getViewLifecycleOwner(...)
-57528686257613	call to 'resume' before 'invoke' with coroutine
-57734844687821	 (
-57747729589709	) ☕
-57764909458893	 (
-57777794360781	) 
-57790679262669	 (
-57803564164557	) 💰
-57825039001037	 (
-57837923902925	) 💰💍
-57867988673997	toString(...)
-57928118216141	getBytes(...)
-57988247758285	encodeBytes(...)
-58061262202317	call to 'resume' before 'invoke' with coroutine
-58267420632525	getOriginalJson(...)
-5830164915661	, macAddress=
-58357614945741	paymentJson
-58409154553293	getOriginalJson(...)
-58499348866509	token
-58525118670285	getPurchaseToken(...)
-58619607950797	scooterData
-58671147558349	paymentJson
-58722687165901	signature
-58765636838861	scooterData
-58817176446413	No internet connection
-5890294457805	, rssi=
-58915960694221	call to 'resume' before 'invoke' with coroutine
-59122119124429	call to 'resume' before 'invoke' with coroutine
-5924654196173	, manufacturerSpecificData=
-59328277554637	requireContext(...)
-59414176900557	Ad was dismissed.
-59491486311885	adError
-59525846050253	Ad failed to show.
-59607450428877	Ad failed to show 
-59689054807501	Ad showed fullscreen content.
-59817903826381	Item received
-59878033368525	this$0
-59908098139597	rewardItem
-59955342779853	Removed ads for 24h
-60041242125773	Collecting items
-60114256569805	call to 'resume' before 'invoke' with coroutine
-6044913280461	, serviceData=
-60526573430221	getViewLifecycleOwner(...)
-60642537547213	call to 'resume' before 'invoke' with coroutine
-60848695977421	call to 'resume' before 'invoke' with coroutine
-61054854407629	getViewLifecycleOwner(...)
-6109337789901	, manufacturerDataKey=
-61170818524621	call to 'resume' before 'invoke' with coroutine
-61376976954829	matchResult
-6187782752478669	stringToBytes(...)
-6188280968685005	/proc/self/maps
-6188349688161741	/proc/self/maps not accessible.
-6188650335872461	IOException while reading /proc/self/maps.
-6189041177896397	/proc/self/status
-6189118487307725	/proc/self/status not accessible.
-6189264516195789	TracerPid:
-6189423429985741	Exception while reading /proc/self/status for TracerPid.
-6189908761290189	call to 'resume' before 'invoke' with coroutine
-6190376912725453	FRIDA DETECTED! Scheduling app termination.
-6190565891286477	call to 'resume' before 'invoke' with coroutine
-6192481446700493	Detection: Frida related libraries found in /proc/self/maps.
-6192743439705549	Detection: TracerPID is non-zero.
-6192889468593613	call to 'resume' before 'invoke' with coroutine
-6193095627023821	App termination due to security violation will occur in 
-6193340440159693	 ms.
-6193361914996173	Termination was cancelled before execution.
-6193550893557197	Executing delayed termination via unhandled error.
-6193769936889293	ArrayIndexOutOfBoundsException
-6193903080875469	frida-agent
-6193954620483021	frida-gadget
-6194010455057869	frida-server
-6194066289632717	frida-injector
-6194130714142157	frida-stalker
-6194190843684301	frida-gum
-6194233793357261	frida-gumjs
-6194285332964813	gumjs-loop
-6194332577605069	gmain
-6194358347408845	linjector
-6194401297081805	xposed
-6194431361852877	substrate
-6208122037709	out
-6225301906893	decoder
-62540913092045	requireContext(...)
-6259661645261	encoder
-62626812437965	pa:
-62643992307149	fd: 
-62665467143629	Read ram1 result: 
-62747071522253	Read ram2 result: 
-62828675900877	After Read
-62875920541133	Data: 
-62905985312205	call to 'resume' before 'invoke' with coroutine
-6294021383629	value
-6319791187405	m365.xiaodash.scooter.data.model.A
-6320847641956528478	decodeHexString(...)
-6321164962730291550	decodeHexString(...)
-6321482528317190494	decodeHexString(...)
-6321482661461176670	str
-6321482678641045854	N4GE
-6321482700115882334	NTG1
-6321482721590718814	scooterG30_D
-6321482777425293662	N4GN
-6321482798900130142	scooterG30_LP
-6321482859029672286	N4GJ
-6321482880504508766	scooterG30_JA
-6321482940634050910	N4GO
-6321482962108887390	scooterG30_LD
-6321483022238429534	N4GA
-6321483043713266014	scooterG30_LE
-6321483103842808158	N4GP
-6321483125317644638	scooterG30_EU
-6321483185447186782	N4GT
-6321483206922023262	scooterG30_Maserati
-6321483292821369182	scooterG30
-6321483340066009438	G65
-6321483357245878622	N4GEA1601C0001
-6321483675073458526	Unknown
-6321483709433196894	N4GEA1601C0001
-6321483773857706334	S-Plus
-6321483803922477406	N4MEA1701A0001
-6321483868346986846	15791
-6321483894116790622	N4ME
-6321483915591627102	str
-6321483932771496286	N3MC
-6321483954246332766	plus_mi
-6321483988606071134	N3ME
-6321484010080907614	N3MP
-6321484031555744094	plus_pro
-6321484070210449758	plus_mi
-6321484104570188126	Wild_Steel_Dust
-6321484173289664862	S1CEA1936Q0001
-6321484237714174302	S1CCA1936Q0001
-6321484302138683742	S1CAA1936Q0001
-6321484366563193182	S1CNA1936Q0001
-6321484430987702622	S1CN
-6321484452462539102	S1CC
-6321484473937375582	S1CA
-6321484495412212062	S1CE
-6321484516887048542	str
-6321484534066917726	S1CA
-6321484555541754206	S1CN
-6321484577016590686	steel_dust_wild_x160
-6321484667210903902	steel_dust_wild_x260
-6321484929203908958	boardType
-6321646505873584478	connectionManager
-6321646583182995806	mrQueueConnectionManager
-6321646690557178206	mtQueueConnectionManager
-6321646832291098974	Timeout
-6321646866650837342	5aa5
-6321646888125673822	Wrong Header
-6321646943960248670	bytesList
-6321646986909921630	array(...)
-6321647034154561886	Packets not fully read!! Maybe Increase Timeout
-6321647240312992094	PacketContent %s
-6321647313327436126	peek(...)
-6321647356277109086	pair
-6321647377751945566	5AAC
-6321647399226782046	hexToBytes(...)
-6321647467946258782	55ab
-6321647489421095262	hexToBytes(...)
-6321647558140571998	ffff
-6321647579615408478	hexToBytes(...)
-6321647648334885214	deviceName
-6321647695579525470	onPressButtonListener
-6321647790068805982	getBytes(...)
-6321647850198348126	Sent N
-6321647927507759454	data
-6321647948982595934	pkt
-6321647966162465118	concatByteArrays(...)
-6321648060651745630	5aa5
-6321648082126582110	copyOfRange(...)
-6321648155141026142	concatByteArrays(...)
-6321648249630306654	Checksum missmatch:%s-%s
-6321648357004489054	MAC missmatch:%s-%s
-6321648442903834974	baseCommand
-6321648494443442526	toByteArray(...)
-6321648567457886558	$tmp0
-6321648593227690334	$tmp0
-6321648618997494110	type
-6321648640472330590	Board{mType=
-6321648696306905438	, mID=
-6321648726371676510	, mReceiveID=
-6321648786501218654	, mVersionCode=
-6321648855220695390	, VersionMaskCode =
-6321648941120041310	, mVersionName='
-6321649014134485342	'}
-6321649048494223710	S
-6321649057084158302	K
-6321649065674092894	K
-6321649074264027486	S
-6321649082853962078	D
-6321649091443896670	G
-6321649100033831262	V
-6321649108623765854	Z
-6321649125803635038	X
-6321649134393569630	O
-6321649151573438814	M
-6321649160163373406	Q
-6321649168753307998	Z
-6321649177343242590	M
-6321649211702980958	M
-6321649220292915550	Z
-6321649460811084126	F
-6321649469401018718	U
-6321649477990953310	X
-6321649486580887902	Y
-6321649495170822494	S
-6321649503760757086	C
-6321649512350691678	1945
-6321649533825528158	S
-6321649542415462750	C
-6321649551005397342	S
-6321649559595331934	W
-6321649568185266526	72
-6321649581070168414	57
-6321649593955070302	72
-6321649606839972190	57
-6321649619724874078	56
-6321649697034285406	L
-6321649705624219998	K
-6321649714214154590	C
-6321649722804089182	F
-6321649731394023774	E
-6321649752868860254	triple
-6321649782933631326	applicationContext
-6321649864538009950	<set-?>
-6321650049221603678	getString(...)
-6321650427178725726	throwable
-6321650470128398686	reinstall
-6321650513078071646	throwable
-6321650556027744606	reinstall
-6321650787955978590	changAccelerationMapG3
-6321650886740226398	changeCustomButton
-6321650968344605022	obslist onSubscribe
-6321651165913100638	German Maneuver started %s:
-6321651286172184926	throwable
-6321651329121857886	German Maneuver error , 
-6321651436496040286	, 
-6321651449380942174	German Maneuver started %s:
-6321651642654470494	changeCustomButton
-6321651758618587486	negotiatedMtu
-6321651818748129630	MTU set to: 
-6321651874582704478	MTU error: 
-6321651926122312030	rxBleConnection
-6321651994841788766	$tmp0
-6321652020611592542	p0
-6321652033496494430	$tmp0
-6321652059266298206	Connection received
-6321652145165644126	Connection error
-6321652218180088158	Connect
-6321652252539826526	%02X
-6321652274014663006	format(...)
-6321652325554270558	%02X
-6321652347029107038	format(...)
-6321652398568714590	%02X
-6321652420043551070	format(...)
-6321652471583158622	%02X
-6321652493057995102	format(...)
-6321652544597602654	Copying 
-6321652583252308318	 of size 
-6321652626201981278	 into buffer
-6321652682036556126	Copying 
-6321652720691261790	 of size 
-6321652763640934750	 into buffer
-6321652819475509598	throwable
-6321652862425182558	count
-6321652888194986334	errors
-6321652918259757406	$tmp0
-6321652944029561182	p0
-6321652956914463070	p1
-6321652969799364958	$tmp0
-6321652995569168734	p0
-6321653008454070622	throwable
-6321653051403743582	count
-6321653077173547358	errors
-6321653107238318430	$tmp0
-6321653133008122206	p0
-6321653145893024094	p1
-6321653158777925982	$tmp0
-6321653184547729758	p0
-6321653197432631646	throwable
-6321653240382304606	count
-6321653266152108382	errors
-6321653296216879454	$tmp0
-6321653321986683230	p0
-6321653334871585118	p1
-6321653347756487006	$tmp0
-6321653373526290782	p0
-6321653575389753694	version
-6321653609749492062	version
-6321653644109230430	throwable
-6321653687058903390	count
-6321653712828707166	errors
-6321653742893478238	$tmp0
-6321653768663282014	p0
-6321653781548183902	p1
-6321653794433085790	$tmp0
-6321653820202889566	p0
-6321653833087791454	Peek sound played
-6321653910397202782	Auth successful 
-6321653983411646814	login
-6321654009181450590	item_id
-6321654043541188958	item_brand
-6321654090785829214	Auth Success
-6321654146620404062	Auth Error
-6321654193865044318	Auth Error
-6321654241109684574	null cannot be cast to non-null type java.lang.Exception{ kotlin.TypeAliasesKt.Exception }
-6321654631951708510	Copying 
-6321654670606414174	 into buffer
-6321654726440989022	Copying 
-6321654765095694686	 into buffer
-6321654820930269534	request0x72
-6321654954074255710	set485CanValue
-6321655018498765150	setAlarmSensitivity
-6321655104398111070	setAmbientLightColor0
-6321655198887391582	setAmbientLightColor1
-6321655293376672094	setAutoOffTimerZt3
-6321655374981050718	setBatteryMaxChargePercentage
-6321655525304906078	setCruiseModeV2
-6321655594024382814	setCruiseModeV2
-6321655662743859550	obslist onSubscribe
-6321655804477780318	setEBS
-6321655834542551390	setEBSSelection
-6321655903262028126	setIdeltaValue
-6321655967686537566	obslist onSubscribe
-6321656053585883486	setPedestrian
-6321656113715425630	setProjectionLamp
-6321656191024836958	German Maneuver result %s %s:
-6321656319873855838	throwable
-6321656362823528798	German Maneuver error %s  %s:
-6321656491672547678	German Maneuver started %s:
-6321656611931631966	setSModeAcceleration
-6321656702125945182	setSpeedLimit
-6321656839564898654	setSpeedMode
-6321656895399473502	setStartSpeed
-6321656955529015646	setStartSpeed
-6321657088673001822	setStartSpeed
-6321657148802543966	setTopSpeedSettings
-6321657234701889886	bytes
-6321657260471693662	throwable
-6321657303421366622	setAutoOffTimerZt3
-6321657385025745246	Shutdown command sent
-6321657479515025758	Scooter stopped
-6321657741508030814	t
-6321657750097965406	requestDisposable disposed
-6321657866062082398	item
-6321657887536918878	$tmp0
-6321657913306722654	p0
-6321657926191624542	startdata onError
-6321658003501035870	Start command sent
-6321658085105414494	Scooter started
-6321658153824891230	obslist onSubscribe
-6321658239724237150	obslist onSubscribe
-6321658325623583070	obslist onSubscribe
-6321658411522928990	obslist onSubscribe
-6321658497422274910	obslist onSubscribe
-6321658583321620830	obslist onSubscribe
-6321658669220966750	obslist onSubscribe
-6321658755120312670	obslist onSubscribe
-6321658841019658590	obslist onSubscribe
-6321658926919004510	obslist onSubscribe
-6321659012818350430	obslist onSubscribe
-6321659098717696350	obslist onSubscribe
-6321659184617042270	obslist onSubscribe
-6321659270516388190	obslist onSubscribe
-6321659356415734110	obslist onSubscribe
-6321659442315080030	obslist onSubscribe
-6321659528214425950	obslist onSubscribe
-6321659614113771870	obslist onSubscribe
-6321659700013117790	obslist onSubscribe
-6321659785912463710	obslist onSubscribe
-6321659871811809630	obslist onSubscribe
-6321659957711155550	obslist onSubscribe
-6321660043610501470	obslist onSubscribe
-6321660129509847390	obslist onSubscribe
-6321660215409193310	obslist onSubscribe
-6321660301308539230	obslist onSubscribe
-6321660387207885150	setRace
-6321660421567623518	obslist onSubscribe
-6321660593366315358	obslist onSubscribe
-6321660679265661278	obslist onSubscribe
-6321660765165007198	obslist onSubscribe
-6321660851064353118	obslist onSubscribe
-6321660936963699038	obslist onSubscribe
-6321661022863044958	Unlocked Scooter
-6321661095877488990	Set values to zero
-6321661628453433694	context
-6321661662813172062	scooter
-6321661697172910430	analytics
-6321661740122583390	6e400002-b5a3-f393-e0a9-e50e24dcca9e
-6321661899036373342	6e400003-b5a3-f393-e0a9-e50e24dcca9e
-6321662057950163294	00000001-0000-1000-8000-00805f9b34fb
-6321662216863953246	00000002-0000-1000-8000-00805f9b34fb
-6321662375777743198	00000004-0000-1000-8000-00805f9b34fb
-6321662534691533150	00000010-0000-1000-8000-00805f9b34fb
-6321662693605323102	00000013-0000-1000-8000-00805f9b34fb
-6321662852519113054	00000014-0000-1000-8000-00805f9b34fb
-6321663011432903006	00000019-0000-1000-8000-00805f9b34fb
-6321663170346692958	90CA85DE
-6321663209001398622	hexToBytes(...)
-6321663277720875358	90CA85DE
-6321663316375581022	hexToBytes(...)
-6321663385095057758	90CA85DE
-6321663423749763422	hexToBytes(...)
-6321663492469240158	00BC43CD
-6321663531123945822	hexToBytes(...)
-6321663599843422558	92ab54fa
-6321663638498128222	hexToBytes(...)
-6321663707217604958	09acbf93
-6321663745872310622	hexToBytes(...)
-6321663814591787358	C9589A36
-6321663853246493022	hexToBytes(...)
-6321663921965969758	mainThread(...)
-6321663990685446494	computation(...)
-6321664063699890526	create(...)
-6321664149599236446	mConnection
-6321664201138843998	<set-?>
-6321664441657012574	<this>
-6321664471721783646	throwable
-6321664514671456606	Notifications error: 
-6321664609160737118	Notifications has been set up
-6321664738009755998	Connecting 
-6321664789549363550	Disconnecting
-6321664849678905694	Connectionstate:%s
-6321664931283284318	Bledevice is not set
-6321665021477597534	bleDevice
-6321665064427270494	Scooter model (mid): 
-6321665158916551006	type
-6321665180391387486	msd
-6321665201866223966	Model not supported
-6321665287765569886	type
-6321665309240406366	protocolVersion
-6321665377959883102	pair
-6321665399434719582	55aa
-6321665420909556062	55ab000121
-6321665468154196318	5aa5
-6321665489629032798	hexToBytes(...)
-6321665558348509534	bytes
-6321665584118313310	Connection received %s
-6321665682902561118	copyOf(...)
-6321665803161645406	Write success
-6321665863291187550	throwable
-6321665906240860510	Write error: 
-6321665966370402654	observeOn(...)
-6321666030794912094	ecdh_old
-6321666069449617758	token
-6321666095219421534	token
-6321666120989225310	token
-6321666146759029086	empty(...)
-6321666241248309598	Not connected
-6321666301377851742	error(...)
-6321666348622491998	empty(...)
-6321666395867132254	ex
-6321666408752034142	Auth Error keys are false?
-6321666524716151134	Auth Error keys are false?
-6321666640680268126	yy-MM-dd
-6321666679334973790	format(...)
-6321666730874581342	-
-6321666739464515934	getBytes(...)
-6321666799594058078	getBytes(...)
-6321666859723600222	getBytes(...)
-6321666919853142366	30
-6321667207615951198	Key error
-6321667250565624158	flatMap(...)
-6321667306400199006	onErrorResumeNext(...)
-6321667486788825438	%04x
-6321667508263661918	format(...)
-6321667559803269470	0000
-6321667581278105950	C
-6321667589868040542	aa
-6321667602752942430	2
-6321667611342877022	20
-6321667624227778910	: 
-6321667637112680798	  
-6321667649997582686	1c
-6321667662882484574	1c
-6321667675767386462	2c
-6321667688652288350	4
-6321667697242222942	8
-6321667705832157534	C
-6321667714422092126	2
-6321667723012026718	20
-6321667735896928606	6
-6321667744486863198	30
-6321667757371765086	10
-6321667770256666974	16
-6321667783141568862	10
-6321667796026470750	1c
-6321667808911372638	2
-6321667817501307230	2
-6321667826091241822	6
-6321667834681176414	18
-6321667847566078302	20
-6321667860450980190	16
-6321667873335882078	10
-6321667886220783966	18
-6321667899105685854	20
-6321667911990587742	C
-6321667920580522334	Disconnect
-6321667985005031774	reg
-6321668002184900958	pS
-6321668015069802846	observeOn(...)
-6321668156803723614	byteArray
-6321668199753396574	pS
-6321668212638298462	Start:
-6321668242703069534	 End:
-6321668268472873310	observeOn(...)
-6321668332897382750	observeOn(...)
-6321668401616859486	6
-6321668440271565150	6
-6321668448861499742	6
-6321668457451434334	6
-6321668466041368926	6
-6321668474631303518	6
-6321668483221238110	6
-6321668491811172702	6
-6321668500401107294	6
-6321668508991041886	6
-6321668517580976478	6
-6321668526170911070	6
-6321668534760845662	6
-6321668543350780254	array(...)
-6321668590595420510	values
-6321668620660191582	Input list must contain exactly 9 integer values. Found: 
-6321668869768294750	array(...)
-6321669002912280926	authIn
-6321669032977051998	customLimitValues
-6321669110286463326	AUTH_IN: 
-6321669157531103582	Limits packed: 
-6321669230545547614	UID3: %08X
-6321669277790187870	format(...)
-6321669329329795422	authIn
-6321669359394566494	customLimitValues
-6321669436703977822	AUTH_IN: 
-6321669483948618078	Limits packed: 
-6321669556963062110	UID3: %08X
-6321669604207702366	format(...)
-6321669655747309918	auth: 
-6321669685812080990	limitsByteArray
-6321670016524562782	array(...)
-6321670063769203038	limitsByteArray
-6321670132488679774	array(...)
-6321670179733320030	incomingLimits
-6321670244157829470	Data not set returning
-6321670342942077278	Original received limits: 
-6321670458906194270	Processed limits for activation: 
-6321670604935082334	secSizeZT3
-6321670652179722590	bytesToHex(...)
-6321670720899199326	onErrorResumeNext(...)
-6321670819683447134	6464 6464 6464 6464 6464 6464
-6321670948532466014	 
-6321670961417367902	onErrorResumeNext(...)
-6321671060201615710	incomingLimits
-6321671124626125150	Data not set returning
-6321671223410372958	Original received limits: 
-6321671339374489950	Processed limits for activation: 
-6321671485403378014	secSizeG3
-6321671528353050974	bytesToHex(...)
-6321671597072527710	Data: 
-6321671627137298782	onErrorResumeNext(...)
-6321671725921546590	6464   6464   6464  64
-6321671824705794398	  6464   6464
-6321671884835336542	 
-6321671897720238430	onErrorResumeNext(...)
-6321671996504486238	0000
-6321672017979322718	000000000000000000000000
-6321672125353505118	onErrorResumeNext(...)
-6321672224137752926	6
-6321672232727687518	6
-6321672241317622110	6
-6321672249907556702	6
-6321673555577614686	6
-6321673564167549278	6
-6321673572757483870	6
-6321673581347418462	6
-6321673589937353054	6
-6321673598527287646	mode
-6321673620002124126	setTopSpeedSettings to :
-6321673727376306526	6
-6321673735966241118	concat(...)
-6321673796095783262	6
-6321673804685717854	6
-6321673813275652446	6
-6321673821865587038	6
-6321673830455521630	6
-6321673839045456222	0000
-6321673860520292702	6
-6321673869110227294	password
-6321673907764932958	onErrorResumeNext(...)
-6321674006549180766	6
-6321674015139115358	6
-6321674023729049950	6
-6321674032318984542	6
-6321674040908919134	6
-6321674307196891486	name
-6321674328671727966	getBytes(...)
-6321674388801270110	onErrorResumeNext(...)
-6321674487585517918	onErrorResumeNext(...)
-6321674586369765726	name
-6321674607844602206	getBytes(...)
-6321674667974144350	getBytes(...)
-6321674728103686494	onErrorResumeNext(...)
-6321674826887934302	pin
-6321674844067803486	getBytes(...)
-6321674904197345630	onErrorResumeNext(...)
-6321675002981593438	bytes
-6321675028751397214	device
-6321675058816168286	onErrorResumeNext(...)
-6321675157600416094	serial
-6321675187665187166	getBytes(...)
-6321675247794729310	onErrorResumeNext(...)
-6321675346578977118	serial
-6321675376643748190	lpe0pbrqtjaelupd
-6321675449658192222	qne8jhzurd8f6ozw
-6321675522672636254	getBytes(...)
-6321675582802178398	getBytes(...)
-6321675642931720542	30
-6321675754600870238	6
-6321675763190804830	6
-6321675771780739422	6
-6321675780370674014	6
-6321675788960608606	changeLightColorandMode
-6321675892039823710	 to :
-6321676033773744478	firmware
-6321676072428450142	deviceToBeFlashed
-6321676149737861470	FirmwareSize is  
-6321676227047272798	FirmwareSize is wrong 
-6321676325831520606	VelocidadAbsurda
-6321676398845964638	Not a secure image
-6321676480450343262	Not a secure image
-6321676562054721886	onErrorResumeNext(...)
-6321676660838969694	doOnComplete(...)
-6321676738148381022	onErrorResumeNext(...)
-6321676836932628830	onErrorResumeNext(...)
-6321676935716876638	fromCallable(...)
-6321677013026287966	concat(...)
-6321678039523471710	changeRegion
-6321678095358046558	serialNumber
-6321678151192621406	onComplete
-6321678198437261662	onError
-6321678232797000030	getBytes(...)
-6321678292926542174	getBytes(...)
-6321678353056084318	getBytes(...)
-6321678413185626462	doOnNext(...)
-6321678473315168606	30
-6321678486200070494	observeOn(...)
-6321678550624579934	fromCallable(...)
-6321678627933991262	fromCallable(...)
-6321678705243402590	firmware
-6321678743898108254	deviceToBeFlashed
-6321678821207519582	concat(...)
-6321678988711244126	firmware
-6321679027365949790	deviceToBeFlashed
-6321679104675361118	onErrorResumeNext(...)
-6321679203459608926	onErrorResumeNext(...)
-6321679302243856734	concat(...)
-6321679353783464286	firmware
-6321679392438169950	deviceToBeFlashed
-6321679469747581278	onErrorResumeNext(...)
-6321679568531829086	concat(...)
-6321679667316076894	concat(...)
-6321679718855684446	concat(...)
-6321679770395291998	pS
-6321679783280193886	concat(...)
-6321679834819801438	doOnEach(...)
-6321679894949343582	empty(...)
-6321679942193983838	packet
-6321679972258754910	0100
-6321679993733591390	0200
-6321680015208427870	$tmp0
-6321680040978231646	p0
-6321680053863133534	$tmp0
-6321680079632937310	$tmp0
-6321680105402741086	$tmp0
-6321680131172544862	$tmp0
-6321680156942348638	$tmp0
-6321680182712152414	$tmp0
-6321680208481956190	$tmp0
-6321680234251759966	$tmp0
-6321680260021563742	$tmp0
-6321680285791367518	this$0
-6321680315856138590	$serialNumber
-6321680375985680734	German Maneuver onComplete %s:
-6321680509129666910	Change failed %s %s %s
-6321680607913914718	$tmp0
-6321680633683718494	f
-6321680642273653086	this$0
-6321680672338424158	$secKeys
-6321680710993129822	t
-6321680719583064414	876173136-1125733177
-6321680809777377630	875843152-1125146665
-6321680899971690846	data
-6321680921446527326	$tmp0
-6321680947216331102	$tmp0
-6321680972986134878	completed
-6321681411072799070	$tmp0
-6321681436842602846	p0
-6321681449727504734	$tmp0
-6321681475497308510	$tmp0
-6321681501267112286	$tmp0
-6321681527036916062	this$0
-6321681557101687134	$compositeDisposeable
-6321681651590967646	$tmp0
-6321681677360771422	p0
-6321681690245673310	$tmp0
-6321681716015477086	$tmp0
-6321681741785280862	$tmp0
-6321681767555084638	$tmp0
-6321681870634299742	$tmp0
-6321681922173907294	$tmp0
-6321681947943711070	$tmp0
-6321681973713514846	$tmp0
-6321681999483318622	this$0
-6321682029548089694	$tmp0
-6321682055317893470	$tmp0
-6321682081087697246	$tmp0
-6321682106857501022	$tmp0
-6321682132627304798	$tmp0
-6321682158397108574	$tmp0
-6321682184166912350	$tmp0
-6321682209936716126	$tmp0
-6321682235706519902	$tmp0
-6321682261476323678	$tmp0
-6321682287246127454	$tmp0
-6321682313015931230	$tmp0
-6321682338785735006	$tmp0
-6321682364555538782	$tmp0
-6321682441864950110	$tmp0
-6321682467634753886	$tmp0
-6321682493404557662	$tmp0
-6321682519174361438	$tmp0
-6321682544944165214	obslist onComplete
-6321682626548543838	$tmp0
-6321682652318347614	$tmp0
-6321682678088151390	$tmp0
-6321682703857955166	$tmp0
-6321682729627758942	$tmp0
-6321682806937170270	$tmp0
-6321682832706974046	$tmp0
-6321682858476777822	$tmp0
-6321682884246581598	$tmp0
-6321682910016385374	$tmp0
-6321682935786189150	$tmp0
-6321682961555992926	$tmp0
-6321682987325796702	$tmp0
-6321683013095600478	this$0
-6321683043160371550	$tmp0
-6321683068930175326	$tmp0
-6321683094699979102	$tmp0
-6321683120469782878	obslist onComplete
-6321683202074161502	$tmp0
-6321683227843965278	$tmp0
-6321683253613769054	$tmp0
-6321683279383572830	obslist onComplete
-6321683360987951454	$tmp0
-6321683386757755230	$tmp0
-6321683412527559006	$tmp0
-6321683438297362782	obslist onComplete
-6321683519901741406	$tmp0
-6321683545671545182	$tmp0
-6321683571441348958	$tmp0
-6321683597211152734	obslist onComplete
-6321683678815531358	$tmp0
-6321683704585335134	$tmp0
-6321683730355138910	$tmp0
-6321683756124942686	obslist onComplete
-6321683837729321310	$tmp0
-6321683863499125086	$tmp0
-6321683889268928862	$tmp0
-6321683915038732638	obslist onComplete
-6321683996643111262	$tmp0
-6321684022412915038	$tmp0
-6321684048182718814	$tmp0
-6321684073952522590	obslist onComplete
-6321684155556901214	$tmp0
-6321684181326704990	$tmp0
-6321684207096508766	$tmp0
-6321684232866312542	obslist onComplete
-6321684314470691166	$tmp0
-6321684340240494942	$tmp0
-6321684366010298718	$tmp0
-6321684391780102494	obslist onComplete
-6321684473384481118	$tmp0
-6321684499154284894	$tmp0
-6321684524924088670	$tmp0
-6321684550693892446	obslist onComplete
-6321684632298271070	$tmp0
-6321684658068074846	$tmp0
-6321684683837878622	p0
-6321684696722780510	$tmp0
-6321684722492584286	$tmp0
-6321684748262388062	this$0
-6321684778327159134	$tmp0
-6321684804096962910	$tmp0
-6321684829866766686	p0
-6321684842751668574	$tmp0
-6321684868521472350	$tmp0
-6321684894291276126	this$0
-6321684924356047198	$tmp0
-6321684950125850974	$tmp0
-6321684975895654750	$tmp0
-6321685001665458526	this$0
-6321685031730229598	$tmp0
-6321685164874215774	$tmp0
-6321685190644019550	$tmp0
-6321685216413823326	obslist onComplete
-6321685298018201950	$tmp0
-6321685323788005726	$tmp0
-6321685349557809502	$tmp0
-6321685375327613278	obslist onComplete
-6321685456931991902	$tmp0
-6321685482701795678	$tmp0
-6321685508471599454	$tmp0
-6321685534241403230	obslist onComplete
-6321685615845781854	$tmp0
-6321685641615585630	$tmp0
-6321685667385389406	$tmp0
-6321685693155193182	obslist onComplete
-6321685774759571806	$tmp0
-6321685907903557982	$tmp0
-6321685933673361758	$tmp0
-6321685959443165534	obslist onComplete
-6321686041047544158	$tmp0
-6321686066817347934	$tmp0
-6321686092587151710	$tmp0
-6321686118356955486	obslist onComplete
-6321686199961334110	$tmp0
-6321686225731137886	$tmp0
-6321686251500941662	$tmp0
-6321686277270745438	obslist onComplete
-6321686358875124062	$tmp0
-6321686384644927838	$tmp0
-6321686410414731614	$tmp0
-6321686436184535390	obslist onComplete
-6321686517788914014	$tmp0
-6321686543558717790	$tmp0
-6321686569328521566	$tmp0
-6321686595098325342	obslist onComplete
-6321686676702703966	$tmp0
-6321686702472507742	$tmp0
-6321686728242311518	$tmp0
-6321686754012115294	$tmp0
-6321686779781919070	$tmp0
-6321686805551722846	$tmp0
-6321686831321526622	$tmp0
-6321686857091330398	$tmp0
-6321686882861134174	$tmp0
-6321686908630937950	$tmp0
-6321686934400741726	$tmp0
-6321686960170545502	$tmp0
-6321686985940349278	$tmp0
-6321687011710153054	$tmp0
-6321687037479956830	$tmp0
-6321687063249760606	$tmp0
-6321687089019564382	$tmp0
-6321687114789368158	$tmp0
-6321687140559171934	$tmp0
-6321687166328975710	$tmp0
-6321687192098779486	$tmp0
-6321687217868583262	setAmbientLightColor2
-6321687312357863774	$tmp0
-6321687338127667550	$tmp0
-6321687363897471326	setCruiseModeV2
-6321687509926359390	$tmp0
-6321687720379756894	$tmp0
-6321687746149560670	$tmp0
-6321687771919364446	obslist onComplete
-6321687853523743070	$tmp0
-6321687879293546846	$tmp0
-6321687905063350622	$tmp0
-6321687930833154398	obslist onComplete
-6321688012437533022	$tmp0
-6321688038207336798	$tmp0
-6321688063977140574	$tmp0
-6321688089746944350	obslist onComplete
-6321688171351322974	$tmp0
-6321688197121126750	$tmp0
-6321688222890930526	$tmp0
-6321688248660734302	obslist onComplete
-6321688330265112926	$tmp0
-6321688356034916702	$tmp0
-6321688381804720478	$tmp0
-6321688407574524254	obslist onComplete
-6321688489178902878	$tmp0
-6321688514948706654	$tmp0
-6321688540718510430	$tmp0
-6321688566488314206	obslist onComplete
-6321688648092692830	$tmp0
-6321688673862496606	$tmp0
-6321688699632300382	$tmp0
-6321688725402104158	obslist onComplete
-6321688807006482782	$tmp0
-6321688832776286558	$tmp0
-6321688858546090334	$tmp0
-6321688884315894110	obslist onComplete
-6321688965920272734	$tmp0
-6321688991690076510	$tmp0
-6321689017459880286	$tmp0
-6321689043229684062	obslist onComplete
-6321689124834062686	$tmp0
-6321689150603866462	$tmp0
-6321689176373670238	$tmp0
-6321689202143474014	obslist onComplete
-6321689283747852638	$tmp0
-6321689309517656414	$tmp0
-6321689335287460190	$tmp0
-6321689361057263966	obslist onComplete
-6321689442661642590	$tmp0
-6321689468431446366	$tmp0
-6321689494201250142	$tmp0
-6321689519971053918	obslist onComplete
-6321689601575432542	$tmp0
-6321689627345236318	$tmp0
-6321689653115040094	$tmp0
-6321689678884843870	obslist onComplete
-6321689760489222494	$tmp0
-6321689786259026270	$tmp0
-6321689812028830046	$tmp0
-6321689837798633822	obslist onComplete
-6321689919403012446	$tmp0
-6321689945172816222	$tmp0
-6321689970942619998	$tmp0
-6321689996712423774	obslist onComplete
-6321690078316802398	$tmp0
-6321690104086606174	$tmp0
-6321690129856409950	$tmp0
-6321690155626213726	$tmp0
-6321690181396017502	$tmp0
-6321690207165821278	$tmp0
-6321690232935625054	$tmp0
-6321690361784643934	$tmp0
-6321690387554447710	p0
-6321690451978957150	$tmp0
-6321690477748760926	this$0
-6321690576533008734	$tmp0
-6321690602302812510	German Maneuver result , 
-6321690713971962206	, 
-6321690726856864094	$tmp0
-6321690752626667870	$onComplete
-6321690804166275422	German Maneuver onComplete , 
-6321690933015294302	$tmp0
-6321690958785098078	$tmp0
-6321690984554901854	p0
-6321690997439803742	$tmp0
-6321691023209607518	p0
-6321691036094509406	$tmp0
-6321691061864313182	p0
-6321691113403920734	$tmp0
-6321691139173724510	$tmp0
-6321691164943528286	$tmp0
-6321691190713332062	$tmp0
-6321691216483135838	myVariableName
-6321691280907645278	getMyVariableName()I
-6321691371101958494	ACTIVATION
-6321691418346598750	TEACHING
-6321691457001304414	TAG_TEACHING
-6321691512835879262	SPEED_PER_10M
-6321691572965421406	SET_BT_NAME
-6321691624505028958	BLACK_BOX
-6321691667454701918	LOCK
-6321691688929538398	MANON
-6321691714699342174	ENCRYPT
-6321691749059080542	PASSWORD
-6321691787713786206	PAIR_CODE
-6321691830663459166	KART
-6321691852138295646	BACK_LED
-6321691890793001310	NEW_DASHBOARD
-6321691950922543454	LOW_SPEED
-6321691993872216414	RIDE_AUTO
-6321692036821889374	TRACK_MODE
-6321692084066529630	STEERING_ASSIST
-6321692152786006366	MULTI_POWER_TYPE
-6321692225800450398	START_SPEED_ADJUST
-6321692307404829022	CHARGING_OPTIMIZE_INFO
-6321692406189076830	KART_SPEED_10M
-6321692470613586270	DRIFT_ASSIST
-6321692526448161118	DRIVE_ALARM
-6321692577987768670	SPEED_100M_H
-6321692633822343518	SPEED_UNIT
-6321692681066983774	LOCK_CONFIRM
-6321692736901558622	ATMOSTHERE_LIGHT
-6321692809916002654	TAILLIGHT_ALWAYSON
-6321692891520381278	SECOND_BATTERY
-6321692955944890718	UN_FIRM
-6321692990304629086	SPEED_LIMIT_ALL
-6321693059024105822	SPEED_LIMIT_ECO
-6321693127743582558	KERS_MODE
-6321693170693255518	CRUISE_CONTROL
-6321693235117764958	CHANGE_REGION
-6321693295247307102	AUTOMATION
-6321693342491947358	CFW_TOOLKIT
-6321694712586514782	modelId
-6321694746946253150	scooter
-6321694781305991518	G30 DE(20km/h)
-6321694845730500958	a1017d04
-6321694884385206622	stringToBytes(...)
-6321694965989585246	G30 WW(25km/h)
-6321695030414094686	a1017d04
-6321695069068800350	stringToBytes(...)
-6321695150673178974	G30 US(30km/h
-6321695210802721118	a1017d04
-6321695249457426782	stringToBytes(...)
-6321695331061805406	G30 DE(20km/h)
-6321695395486314846	a1017d04
-6321695434141020510	stringToBytes(...)
-6321695515745399134	G30 WW(25km/h)
-6321695580169908574	a1017d04
-6321695618824614238	stringToBytes(...)
-6321695700428992862	G30 US(30km/h
-6321695760558535006	a1017d04
-6321695799213240670	stringToBytes(...)
-6321695880817619294	modelId
-6321695915177357662	scooter
-6321695949537096030	a1017d04
-6321695988191801694	stringToBytes(...)
-6321696069796180318	a1017d04
-6321696108450885982	stringToBytes(...)
-6321696190055264606	null cannot be cast to non-null type main.mike.models.FilteredBitMaskReg
-6321696503587877214	Reg 
-6321696525062713694	Copied 
-6321696559422452062	 into tmp at position 
-6321696658206699870	modelId
-6321696692566438238	register
-6321696731221143902	scooter
-6321696765580882270	a1017d04
-6321696804235587934	stringToBytes(...)
-6321696885839966558	a1017d04
-6321696924494672222	stringToBytes(...)
-6321697006099050846	Not Supported argument requested
-6321697147832971614	Collection contains no element matching the predicate.
-6321697384056172894	modelId
-6321697418415911262	register
-6321697457070616926	scooter
-6321697491430355294	M1M1M1D3DMD3DM
-6321697555854864734	mmm4mmm4md5m5sl
-6321697624574341470	Not Supported argument requested
-6321697766308262238	Collection contains no element matching the predicate.
-6321698002531463518	Not Supported argument requested
-6321698144265384286	modelId
-6321698178625122654	register
-6321698217279828318	scooter
-6321698251639566686	Not Supported argument requested
-6321698393373487454	6842581b58021100d084684258021600c8afa86158021b0059016b05bd06050032af37af401fd8d6000000005a00210094110004320100002f0d290e781e480d160800000000000000000000020103010104010201
-6321699127812895070	stringToBytes(...)
-6321699209417273694	6842581b58021100d084684258021600409c204e58021b0059016b05bd06050032af37af401f3075000000005a002100b80b0004320100002f0d290e781e480d160800000000000000000000020103010104010201
-6321699943856681310	stringToBytes(...)
-6321700025461059934	6842581b58021100d084684258021600c8afa86158021b0059016b05bd06050032af37af401f50c3000000005a00210094110004320100002f0d290e781e480d160800000000000000000000020103010104010201
-6321700759900467550	stringToBytes(...)
-6321700841504846174	6842581b580211003075983a58021600409c204e58021b0059016b05bd06050032af37af401fd8d6000000005a002100b80b0004320100002f0d290e781e480d160800000000000000000000020103010104010201
-6321701575944253790	stringToBytes(...)
-6321701657548632414	6842581b580211003075983a58021600409c204e58021b0059016b05bd06050032af37af401fd8d6000000005a002100b80b0004320100002f0d290e781e480d160800000000000000000000020103010104010201
-6321702391988040030	stringToBytes(...)
-6321702473592418654	6842581B580216003075983A58021600409C204E5802160059016B05BD06050032AF37AF401Fd8d6000000005A000000B80B0004320100002F0D290E781E480D160800000000000000000000020103010104010201
-6321703208031826270	stringToBytes(...)
-6321703289636204894	6842581B58021600D084684258021600C8AFA8615802160059016B05BD06050032AF37AF401Fd8d6000000005A00000094110004320100002F0D290E781E480D160800000000000000000000020103010104010201
-6321704024075612510	stringToBytes(...)
-6321704105679991134	6842581b58021100d084684258021600c8afa86158021b0059016b05bd06050032af37af401fd8d6000000005a00210094110004320100002f0d290e781e480d160800000000000000000000020103010104010201
-6321704840119398750	stringToBytes(...)
-6321704921723777374	b036581b58021100c05de02e58021600c05de02e5802160059016b05bd06050032af37af401fd8d6000000005a002100d0070004320100002f0d290e781e480d160800000000000000000000020103010104010201
-6321705656163184990	stringToBytes(...)
-6321705737767563614	6842581b580211003075983a58021600409c204e58021b0059016b05bd06050032af37af401fd8d6000000005a002100b80b0004320100002f0d290e781e480d160800000000000000000000020103010104010201
-6321706472206971230	stringToBytes(...)
-6321706553811349854	803e401f58021100606db03658021600d8d6a86158021b003901fc051d06050037af37af7017d8d6000000005a00210070170004320100002f0d290e781e480d160800000000000000000000020103010104010201
-6321707288250757470	stringToBytes(...)
-6321707369855136094	803e401f58021100606db03658021b00d8d6a861580221003901fc051d06050037af37af7017d8d6000000005a00210070170004320100002f0d290e781e480d160800000000000000000000020103010104010201
-6321708104294543710	stringToBytes(...)
-6321708185898922334	803e401f58021600606db03658021600d8d6a861580216003901fc051d06050037af37af7017d8d6000000005a00000070170004320100002f0d290e781e480d160800000000000000000000020103010104010201
-6321708920338329950	stringToBytes(...)
-6321709001942708574	803e401f58021100d08468425802160050c3a86158021b008601c904a307050037af37af401fb888000000005a002100b80b0004320100002f0d290e781e480d160800000000000000000000020103010102010201
-6321709736382116190	stringToBytes(...)
-6321709817986494814	803e401f58021100d08468425802160050c3a86158021b005c016205bd06050037af37af401fd8d6000000005a002100b80b0004320100002f0d290e781e480d160800000000000000000000020103010102010201
-6321710552425902430	stringToBytes(...)
-6321710634030281054	6842581bd00711023075983ad0071602409c204ed0071b0259016b05b202050032af37af401fd8d6000000005a002100d0070004320000002f0d290e781e480d160807000000000000000000020103010104010201
-6321711368469688670	stringToBytes(...)
-6321711450074067294	110007003c001100220011003c0016002d0019003c001b00a1017d040b04050032af37af08003700000000005a00210070170004320100002f0d290e781e480d160800000000000000000000020103010104010201
-6321712184513474910	stringToBytes(...)
-6321712266117853534	11000700e803110022001100e80316002d001900e8031b00a1017d040b04050032af37af08003700000000005a00210070170004320100002f0d290e781e480d160800000000000000000000020103010104010201
-6321713000557261150	stringToBytes(...)
-6321713082161639774	41001400d007110046002300d007200046002d00d0072d00a1017d040b04050032be32be08003700204e00001404210070170004320100002f0d290e781e480d160807000000000000000000020103010104010201
-6321713816601047390	stringToBytes(...)
-6321713898205426014	Stock m365
-6321713945450066270	Stock Pro
-6321713988399739230	Stock 1S
-6321714027054444894	Stock Pro2
-6321714074299085150	Stock Lite
-6321714121543725406	Stock 1S DE
-6321714173083332958	Stock Pro2 DE
-6321714233212875102	Stock MI3
-6321714276162548062	G30 DE(20km/h)
-6321714340587057502	G30 WW(25km/h)
-6321714405011566942	G30 US(30km/h
-6321714465141109086	Stock ESx
-6321714508090782046	Stock ESxx
-6321714555335422302	Stock F65
-6321714598285095262	Stock G2
-6321714636939800926	toRegisterImax
-6321714701364310366	toRegisterImax(FI)F
-6321714787263656286	toRegisterImax
-6321714851688165726	toRegisterImax(FI)F
-6321714937587511646	toRegisterImax
-6321715002012021086	toRegisterImax(FI)F
-6321715087911367006	toRegisterImax
-6321715152335876446	toRegisterImax(FI)F
-6321715238235222366	toRegisterImax
-6321715302659731806	toRegisterImax(FI)F
-6321715388559077726	toRegisterImax
-6321715452983587166	toRegisterImax(FI)F
-6321715538882933086	toRegister24
-6321715594717507934	toRegister24(FIZ)F
-6321715676321886558	toRegister26
-6321715732156461406	toRegister26(FIZ)F
-6321715813760840030	USHORT
-6321715843825611102	BYTE
-6321715865300447582	SHORT
-6321715891070251358	NormalInt
-6321715934019924318	NormalFloat
-6321715985559531870	SliderSingle
-6321716041394106718	SliderMulti
-6321716092933714270	BitMask
-6321716127293452638	TextInput
-6321716170243125598	VersionNumber
-6321716230372667742	scooter
-6321716264732406110	ControlMode
-6321716316272013662	DriveMode
-6321716359221686622	SpecialFeatures
-6321716427941163358	FreeRide
-6321716466595869022	ProfileSwitchMask
-6321716543905280350	FeatureFlags
-6321716599739855198	IdleParameter
-6321716659869397342	ActionParameter
-6321716728588874078	ActionParameterNew
-6321716810193252702	SoundParameter
-6321716874617762142	MotorPWM
-6321716913272467806	CruiseControl
-6321716973402009950	ActionParameterButton
-6321717067891290462	BootDriveMode
-6321717128020832606	MotorOption
-6321717179560440158	MotorArray
-6321717226805080414	ReverseDrive
-6321717282639655262	ActionParameterNewWithSpeed
-6321717402898739550	format
-6321717432963510622	regName
-6321717467323248990	unit
-6321717488798085470	joiningString
-6321717548927627614	minFirmwareVersion
-6321717630532006238	referencedRegs
-6321717694956515678	hideFromFirmwareVersion
-6321717798035730782	,
-6321730369405006174	oldsn
-6321730395174809950	newsn
-6321730420944613726	0
-6321730429534548318	add(...)
-6321730468189253982	multiply(...)
-6321730528318796126	add(...)
-6321730566973501790	and(...)
-6321730605628207454	subtract(...)
-6321730665757749598	decoder
-6321730700117487966	encoder
-6321730734477226334	value
-6321730760247030110	main.mike.models.Scooter.DataSource
-6321730914865852766	SCOOTER
-6321730949225591134	BMS
-6321730966405460318	BLE
-6321731962837872990	context
-6321731997197611358	fileRepo
-6321732035852317022	analytics
-6321732078801989982	srs
-6321732113161728350	mDataBytes
-6321732160406368606	mDataBytesBle
-6321732220535910750	mDataBytesBattery
-6321732297845322078	mDataBytesBatteryExt
-6321732388039635294	mDataEXTBytes
-6321732448169177438	get(...)
-6321732504003752286	ST
-6321732546953425246	<set-?>
-6321732581313163614	<set-?>
-6321732684392378718	<set-?>
-6321732718752117086	<set-?>
-6321732753111855454	<set-?>
-6321733234148192606	%.3f%s
-6321733264212963678	V
-6321733272802898270	format(...)
-6321733324342505822	%.3f%s
-6321733354407276894	V
-6321733362997211486	format(...)
-6321733414536819038	%.3f%s
-6321733444601590110	V
-6321733453191524702	format(...)
-6321733504731132254	%.3f%s
-6321733534795903326	V
-6321733543385837918	format(...)
-6321733594925445470	%.3f %s
-6321733629285183838	V
-6321733637875118430	format(...)
-6321733689414725982	%.3f %s
-6321733723774464350	V
-6321733732364398942	format(...)
-6321733990062436702	🌡
-6321734002947338590	🌡
-6321734015832240478	🌡
-6321734028717142366	%.1f
-6321734050191978846	format(...)
-6321734101731586398	%.1f
-6321734123206422878	format(...)
-6321734174746030430	🌡
-6321734187630932318	🌡
-6321734200515834206	%.1f
-6321734221990670686	format(...)
-6321734273530278238	%.1f
-6321734295005114718	format(...)
-6321734346544722270	🌡
-6321734359429624158	🔌
-6321734372314526046	🔌
-6321734385199427934	🔌
-6321734501163544926	%.01f
-6321734526933348702	format(...)
-6321734578472956254	°F/
-6321734595652825438	%.01f
-6321734621422629214	format(...)
-6321734672962236766	°F
-6321734685847138654	%.01f
-6321734711616942430	format(...)
-6321734763156549982	°C/
-6321734780336419166	%.01f
-6321734806106222942	format(...)
-6321734857645830494	°C
-6321734870530732382	%.01f
-6321734896300536158	format(...)
-6321734947840143710	°F/
-6321734965020012894	%.01f
-6321734990789816670	format(...)
-6321735042329424222	°F
-6321735055214326110	%.01f
-6321735080984129886	format(...)
-6321735132523737438	°C/
-6321735149703606622	%.01f
-6321735175473410398	format(...)
-6321735227013017950	°C
-6321735300027461982	dd-MMMM-yyyy
-6321735355862036830	format(...)
-6321735441761382750	dd-MMMM-yyyy
-6321735497595957598	format(...)
-6321735549135565150	%.1f
-6321735570610401630	format(...)
-6321735622150009182	 %
-6321735635034911070	%.1f
-6321735656509747550	format(...)
-6321735708049355102	 %
-6321735720934256990	%.02f
-6321735746704060766	format(...)
-6321735798243668318	mi
-6321735811128570206	%.02f
-6321735836898373982	format(...)
-6321735888437981534	km
-6321736073121575262	-
-6321736150430986590	Reset
-6321736176200790366	ST
-6321736189085692254	<set-?>
-6321736223445430622	formatElapsedTime(...)
-6321736322229678430	totalRidingTimeSeconds
-6321736421013926238	totalRidingTimeSeconds is odd
-6321736554157912414	d'd' HH:mm:ss
-6321736614287454558	formatDuration(...)
-6321736957884838238	formatElapsedTime(...)
-6321737056669086046	timeSinceBoot
-6321737116798628190	timeSinceBoot is odd
-6321737211287908702	formatElapsedTime(...)
-6321737310072156510	timeSinceBoot
-6321737370201698654	timeSinceBoot is odd
-6321737464690979166	HH:mm
-6321737490460782942	format(...)
-6321737546295357790	%.02f
-6321737572065161566	format(...)
-6321737623604769118	mi
-6321737636489671006	%.02f
-6321737662259474782	format(...)
-6321737713799082334	km
-6321737726683984222	%.02f
-6321737752453787998	format(...)
-6321737803993395550	mi
-6321737816878297438	%.02f
-6321737842648101214	format(...)
-6321737894187708766	km
-6321737907072610654	%.02f
-6321737932842414430	format(...)
-6321737984382021982	%.02f
-6321738010151825758	format(...)
-6321738061691433310	%.02f
-6321738087461237086	format(...)
-6321738139000844638	%.02f
-6321738164770648414	format(...)
-6321738216310255966	%.02f
-6321738242080059742	format(...)
-6321738293619667294	%.02f
-6321738319389471070	format(...)
-6321738370929078622	%.02f
-6321738396698882398	format(...)
-6321738448238489950	mi
-6321738461123391838	%.02f
-6321738486893195614	format(...)
-6321738538432803166	km
-6321738551317705054	%.02f
-6321738577087508830	format(...)
-6321738628627116382	mi
-6321738641512018270	%.02f
-6321738667281822046	format(...)
-6321738718821429598	km
-6321738886325154142	%.01f
-6321738912094957918	format(...)
-6321738963634565470	%.01f
-6321738989404369246	format(...)
-6321739040943976798	%.01f
-6321739066713780574	format(...)
-6321739118253388126	%.01f
-6321739144023191902	format(...)
-6321739195562799454	mph
-6321739212742668638	km/h
-6321739234217505118	mi
-6321739247102407006	km
-6321739259987308894	°F
-6321739272872210782	°C
-6321739290052079966	Eco
-6321739307231949150	Drive
-6321739333001752926	Sport
-6321739358771556702	Walk
-6321739388836327774	Walk
-6321739410311164254	Eco
-6321739427491033438	Drive
-6321739453260837214	Sport
-6321739483325608286	Drive
-6321739509095412062	Eco
-6321739526275281246	Sport
-6321739573519921502	%.01f
-6321739599289725278	format(...)
-6321739650829332830	°F
-6321739663714234718	TempESC 
-6321739702368940382	°C
-6321739715253842270	TempBatt 
-6321739758203515230	TempMoto 
-6321739801153188190	Temperature Test
-6321739874167632222	°C
-6321739887052534110	%.01f
-6321739912822337886	format(...)
-6321739964361945438	°F
-6321739977246847326	°C
-6321739990131749214	formatElapsedTime(...)
-6321740088915997022	%.02f
-6321740114685800798	format(...)
-6321740166225408350	mi
-6321740179110310238	%.02f
-6321740204880114014	format(...)
-6321740256419721566	km
-6321740269304623454	%.02f
-6321740295074427230	format(...)
-6321740346614034782	%.02f
-6321740372383838558	format(...)
-6321740492642922846	%04d
-6321740514117759326	format(...)
-6321740565657366878	km/h
-6321740587132203358	km/h
-6321740608607039838	km/h
-6321740642966778206	STM32
-6321740668736581982	GD32 Incompatible with older FW!
-6321740810470502750	Unknown(
-6321740849125208414	STM32
-6321740874895012190	AT32 Incompatible with older FW!
-6321741016628932958	Unknown(
-6321741055283638622	STM32
-6321741081053442398	Unknown(
-6321741222787363166	pin
-6321741244262199646	000000
-6321741308686709086	[A-Za-z0-9/]+
-6321741540614943070	concatByteArrays(...)
-6321741635104223582	concatByteArrays(...)
-6321741965816705374	^[0-9a-fA-F]{2}[fF]{2}[0-9a-fA-F]{2}06[0-9a-fA-F]{16}$
-6321742202039906654	57ff6e066684564806271487
-6321742309414089054	encode(...)
-6321742360953696606	6464 6464 6464
-6321742425378206046	 
-6321742438263107934	%04x
-6321742459737944414	format(...)
-6321742511277551966	0000
-6321742532752388446	cfw.sh
-6321742562817159518	aa
-6321742575702061406	32
-6321742588586963294	34
-6321742601471865182	37
-6321742614356767070	40
-6321742627241668958	41
-6321742640126570846	43
-6321742653011472734	36
-6321742665896374622	46
-6321742678781276510	33
-6321742691666178398	39
-6321742704551080286	basePacket
-6321742751795720542	data
-6321742773270557022	data
-6321742794745393502	0xf5 packet
-6321742846285001054	 filtered
-6321742889234674014	data
-6321742910709510494	data
-6321742932184346974	data
-6321742953659183454	data
-6321742975134019934	data
-6321742996608856414	Ble power state changed:%s %s
-6321743125457875294	024d0000
-6321743164112580958	Parsing Unknown:%s %s
-6321743258601861470	Firmware State: 
-6321743331616305502	firmwareState
-6321743391745847646	getBytes(...)
-6321743451875389790	FirmwareState is odd
-6321743542069703006	type
-6321743563544539486	Not Supported argument requested
-6321743705278460254	type
-6321743726753296734	Not Supported argument requested
-6321743868487217502	copyOfRange(...)
-6321743941501661534	copyOfRange(...)
-6321744014516105566	UTF-8
-6321744040285909342	forName(...)
-6321744096120484190	copyOfRange(...)
-6321744169134928222	UTF-8
-6321744194904731998	forName(...)
-6321744250739306846	copyOfRange(...)
-6321744323753750878	UTF-8
-6321744349523554654	forName(...)
-6321744405358129502	%04x
-6321744426832965982	format(...)
-6321744478372573534	%04x
-6321744499847410014	format(...)
-6321744551387017566	dd/MM/yyyy
-6321744598631657822	dd-MMMM-yyyy
-6321744654466232670	/20
-6321744671646101854	format(...)
-6321744723185709406	copyOfRange(...)
-6321744796200153438	UTF-8
-6321744821969957214	forName(...)
-6321744877804532062	%04x
-6321744899279368542	format(...)
-6321744950818976094	0000
-6321744972293812574	%04x
-6321744993768649054	format(...)
-6321745045308256606	%04x
-6321745066783093086	format(...)
-6321745118322700638	dd/MM/yyyy
-6321745165567340894	/20
-6321745182747210078	getTime(...)
-6321745238581784926	copyOfRange(...)
-6321745311596228958	UTF-8
-6321745337366032734	forName(...)
-6321745393200607582	%04x
-6321745414675444062	format(...)
-6321745466215051614	0000
-6321745487689888094	%04x
-6321745509164724574	format(...)
-6321745560704332126	%04x
-6321745582179168606	format(...)
-6321745633718776158	dd/MM/yyyy
-6321745680963416414	/20
-6321745698143285598	getTime(...)
-6321745753977860446	mDataBytes
-6321745801222500702	mDataBytesBattery
-6321745878531912030	mDataBytesBatteryExt
-6321745968726225246	mDataEXTBytes
-6321746028855767390	Scooter data saved
-6321746110460146014	module
-6321746140524917086	source
-6321746170589688158	toString(...)
-6321746230719230302	source
-6321746260784001374	Invalid Version
-6321746329503478110	source
-6321746363863216478	toUpperCase(...)
-6321746436877660510	source
-6321746466942431582	source
-6321746527071973726	source
-6321746587201515870	Off
-6321746604381385054	Weak
-6321746625856221534	Standard
-6321746664510927198	Off
-6321746681690796382	Low
-6321746698870665566	Standard
-6321746737525371230	High
-6321746759000207710	Toggle Park Mode
-6321746832014651742	Toggle Automatic Hold
-6321746926503932254	Toggle Walk Mode
-6321746999518376286	Toggle Emergency Flashing
-6321747111187525982	Toggle Park Mode
-6321747184201970014	Toggle Automatic Hold
-6321747278691250526	Toggle Walk Mode
-6321747351705694558	Energy Recovery Level
-6321747446194975070	Toggle Emergency Flashing
-6321747557864124766	Boost Mode
-6321747605108765022	Play Custom Sound
-6321747682418176350	Brighter When Braking
-6321747776907456862	Flash When Braking
-6321747858511835486	Show Trip Mileage
-6321747935821246814	Show Odometer
-6321747995950788958	Best
-6321748017425625438	Standard
-6321748056080331102	Slow
-6321748077555167582	Show Trip Mileage
-6321748154864578910	Show Odometer
-6321748214994121054	Show Motor Temperature
-6321748313778368862	Show Current
-6321748369612943710	Show Power
-6321748416857583966	Show Average Speed
-6321748502756929886	<set-?>
-6321748537116668254	<set-?>
-6321748571476406622	<set-?>
-6321748605836144990	<set-?>
-6321750237923717470	key
-6321750255103586654	data
-6321750315233128798	M365
-6321750336707965278	M1GCA1601C0001
-6321750401132474718	13678
-6321750426902278494	13679
-6321750452672082270	M1GC
-6321750474146918750	16057
-6321750499916722526	16132
-6321750525686526302	16133
-6321750551456330078	16349
-6321750577226133854	21074
-6321750602995937630	e22
-6321750620175806814	e25
-6321750637355675998	e45
-6321750654535545182	e22
-6321750671715414366	e25
-6321750688895283550	e45
-6321750706075152734	N2GD
-6321750727549989214	N2GG
-6321750749024825694	N2GI
-6321750770499662174	N2GL
-6321750791974498654	N2GV
-6321750813449335134	N2GZ
-6321750834924171614	N2GX
-6321750856399008094	N2GY
-6321750877873844574	N2GQ
-6321750899348681054	N2GM
-6321750920823517534	N2GR
-6321750942298354014	N2GO
-6321750963773190494	N2GI
-6321750985248026974	N2GY
-6321751006722863454	N2GR
-6321751028197699934	N2GY
-6321751049672536414	N2GR
-6321751071147372894	escooter2_es1
-6321751131276915038	escooter2_es2
-6321751191406457182	escooter2_es3
-6321751251535999326	escooter2_es4
-6321751311665541470	escooter2_es1
-6321751371795083614	escooter2_es2
-6321751431924625758	escooter2_es3
-6321751492054167902	escooter2_es4
-6321751552183710046	N2GE
-6321751573658546526	N2GF
-6321751595133383006	N2GT
-6321751616608219486	N2GW
-6321751638083055966	N2GA
-6321751659557892446	N2GU
-6321751681032728926	N2GN
-6321751702507565406	N2GK
-6321751723982401886	N2GC
-6321751745457238366	N2GP
-6321751766932074846	N2GS
-6321751788406911326	N2GH
-6321751809881747806	F
-6321751818471682398	N5GEA1601C0001
-6321751895781093726	F
-6321751904371028318	N5GEA1601C0001
-6321752003155276126	Kart
-6321752024630112606	N4MZA1701A0001
-6321752089054622046	KartPro
-6321752123414360414	N2CTH1938C0001
-6321752187838869854	N2CT
-6321752209313706334	Mark2
-6321752235083510110	N2OAA1601A0001
-6321752299508019550	N2OA
-6321752320982856030	N2OS
-6321752342457692510	N2OB
-6321752363932528990	N2OW
-6321752385407365470	Z
-6321752393997300062	N3OLA1801A0001
-6321752458421809502	N3O
-6321752475601678686	Mini
-6321752497076515166	N3MEA1501A0001
-6321752561501024606	N3M
-6321752578680893790	1196
-6321752600155730270	str
-6321752621630566750	N3MC
-6321752643105403230	N3MS
-6321752664580239710	N3ME
-6321752686055076190	N3MP
-6321752707529912670	N3MT
-6321752729004749150	pro
-6321752746184618334	N3ML
-6321752767659454814	300
-6321752784839323998	1196
-6321752806314160478	20045
-6321752832083964254	20046
-6321752857853768030	20047
-6321752883623571806	20048
-6321752909393375582	N3MA
-6321752930868212062	23939
-6321752956638015838	dynamic
-6321752990997754206	mi
-6321753158501478750	MiniMax
-6321753192861217118	N3MGX1939C0001
-6321753257285726558	N3M
-6321753274465595742	1196
-6321753557933437278	M365_1S
-6321753592293175646	M1GCA1601C0001
-6321753772681802078	str
-6321753794156638558	25699
-6321753819926442334	common1S
-6321753858581147998	25700
-6321753884350951774	germany1S
-6321753927300624734	27269
-6321753953070428510	france1S
-6321753991725134174	27251
-6321754017494937950	china1S
-6321754051854676318	27251
-6321754077624480094	chinaWhite1S
-6321754133459054942	mi
-6321754146343956830	M365_1S_DE
-6321754193588597086	M1GCA1601C0001
-6321754373977223518	str
-6321754395452059998	25699
-6321754421221863774	common1S
-6321754459876569438	25700
-6321754485646373214	germany1S
-6321754528596046174	27269
-6321754554365849950	france1S
-6321754593020555614	27251
-6321754618790359390	china1S
-6321754653150097758	27251
-6321754678919901534	chinaWhite1S
-6321754734754476382	mi
-6321754747639378270	MI3
-6321754764819247454	M1GCA1601C0001
-6321754945207873886	str
-6321754966682710366	25699
-6321754992452514142	common1S
-6321755031107219806	25700
-6321755056877023582	germany1S
-6321755099826696542	27269
-6321755125596500318	france1S
-6321755164251205982	27251
-6321755190021009758	china1S
-6321755224380748126	27251
-6321755250150551902	chinaWhite1S
-6321755305985126750	mi
-6321755318870028638	M365_Lite
-6321755361819701598	M1GCA1601C0001
-6321755542208328030	str
-6321755563683164510	25699
-6321755589452968286	common1S
-6321755628107673950	25700
-6321755653877477726	germany1S
-6321755696827150686	27269
-6321755722596954462	france1S
-6321755761251660126	27251
-6321755787021463902	china1S
-6321755821381202270	27251
-6321755847151006046	chinaWhite1S
-6321755902985580894	mi
-6321755915870482782	M365PRO
-6321755950230221150	M1GCA1601C0001
-6321756014654730590	18832
-6321756040424534366	21886
-6321756087669174622	M365_PRO2
-6321756130618847582	M1GCA1601C0001
-6321756311007474014	str
-6321756332482310494	25699
-6321756358252114270	common1S
-6321756396906819934	25700
-6321756422676623710	germany1S
-6321756465626296670	27269
-6321756491396100446	france1S
-6321756530050806110	27251
-6321756555820609886	china1S
-6321756590180348254	27251
-6321756615950152030	chinaWhite1S
-6321756671784726878	mi
-6321756684669628766	MiniLite
-6321756723324334430	N4MAA1701A0001
-6321756787748843870	N4MA
-6321756809223680350	N4MB
-6321756830698516830	P100
-6321756852173353310	N4GEA1601C0001
-6321756916597862750	P60
-6321756933777731934	N4GEA1601C0001
-6321756998202241374	ESx
-6321757015382110558	N2GEA1601C0001
-6321757079806619998	N2G
-6321757144231129438	str
-6321757161410998622	escooter2_es1
-6321757221540540766	escooter2_es1
-6321757281670082910	ESx_P
-6321757307439886686	N2GDA1501C0001
-6321757371864396126	N2G
-6321757401929167198	str
-6321757419109036382	e22
-6321757436288905566	e22
-6321757943095046494	T15
-6321757960274915678	N3GEA1601C0001
-6321758037584327006	E2Pro
-6321758063354130782	N4GEA1601C0001
-6321758157843411294	F2
-6321758170728313182	NAGUA1601C0001
-6321758265217593694	F2
-6321758278102495582	NAGUA1601C0001
-6321758346821972318	F2
-6321758359706874206	NAGUA1601C0001
-6321758428426350942	G2
-6321758441311252830	N4GEA1601C0001
-6321758535800533342	MAX
-6321758552980402526	N4GEA1601C0001
-6321758617404911966	N4G
-6322491149847048542	00000100
-6322491188501754206	stringToBytes(...)
-6322491270106132830	0000000a0200
-6322491325940707678	stringToBytes(...)
-6322491407545086302	0101
-6322491429019922782	0100
-6322491450494759262	stringToBytes(...)
-6322491532099137886	0200
-6322491553573974366	stringToBytes(...)
-6322491635178352990	0100
-6322491656653189470	21000000
-6322491695307895134	devToken
-6322491733962600798	blt.4.17
-6322491772617306462	getBytes(...)
-6322491837041815902	getBytes(...)
-6322491897171358046	onPressButtonListener
-6322491991660638558	starting handshake
-6322492073265017182	Perform handshake exception 
-6322492197819068766	key
-6322492214998937950	salt
-6322492236473774430	data
-6322492257948610910	AES/CCM/NoPadding
-6322492335258022238	AES
-6322492352437891422	getBytes(...)
-6322492412567433566	doFinal(...)
-6322492468402008414	key
-6322492485581877598	salt
-6322492507056714078	data
-6322492528531550558	AES/CCM/NoPadding
-6322492605840961886	AES
-6322492683150373214	doFinal(...)
-6322492738984948062	masterkey
-6322492781934621022	salt
-6322492803409457502	info
-6322492824884293982	fromHmacSha256(...)
-6322492910783639902	getBytes(...)
-6322492970913182046	extractAndExpand(...)
-6322493065402462558	compressedPublicKey
-6322493151301808478	eCParameterSpec
-6322493220021285214	EC
-6322493232906187102	null cannot be cast to non-null type java.security.interfaces.ECPublicKey
-6322493550733767006	Invalid uncompressedPoint encoding, not the correct size
-6322493795546902878	Invalid uncompressedPoint encoding, no uncompressed point indicator
-6322494087604679006	publicKey
-6322494130554351966	privateKey
-6322494177798992222	ECDH
-6322494199273828702	getInstance(...)
-6322494272288272734	ECDH
-6322494293763109214	onPressButtonListener
-6322494388252389726	bytes
-6322494414022193502	bytes
-6322495818476499294	array(...)
-6322495865721139550	Timeout
-6322495900080877918	55ab
-6322495921555714398	Wrong Header
-6322495977390289246	rPacketQueue
-6322496033224864094	55ab
-6322496054699700574	55ab
-6322496076174537054	toByteArray(...)
-6322496149188981086	Message Counter missmatch
-6322496260858130782	toByteArray(...)
-6322496333872574814	toByteArray(...)
-6322496406887018846	toByteArray(...)
-6322496479901462878	sessionScooterIV
-6322496552915906910	00000000
-6322496591570612574	stringToBytes(...)
-6322496673174991198	toByteArray(...)
-6322496746189435230	sessionScooterKey
-6322496823498846558	Decryption Exception
-6322497910125572446	bytesList
-6322497953075245406	array(...)
-6322498000319885662	baseCommand
-6322498051859493214	toByteArray(...)
-6322498124873937246	55ab
-6322498146348773726	stringToBytes(...)
-6322498227953152350	data
-6322498249427988830	toByteArray(...)
-6322498322442432862	sessionLocalKey
-6322498391161909598	sessionLocalIV
-6322498455586419038	00000000
-6322498494241124702	stringToBytes(...)
-6322498575845503326	array(...)
-6322498726169358686	$tmp0
-6322498751939162462	this$0
-6322498782003933534	$stop
-6322498807773737310	$tmp0
-6322498833543541086	$tmp0
-6322498859313344862	p0
-6322498872198246750	$tmp0
-6322498897968050526	$tmp0
-6322498923737854302	$tmp0
-6322498949507658078	p0
-6322498962392559966	$tmp0
-6322498988162363742	$tmp0
-6322499013932167518	$tmp0
-6322499039701971294	$tmp0
-6322499065471775070	$tmp0
-6322499091241578846	$tmp0
-6322499168550990174	Packets not fully read!! Maybe Increase Timeout
-6322499374709420382	deviceName
-6322499421954060638	onPressButtonListener
-6322499516443341150	pkt
-6322499533623210334	Timeout
-6322499567982948702	55aa
-6322499589457785182	Wrong Header
-6322499645292360030	rPacketQueue
-6322499701126934878	55aa
-6322499722601771358	toByteArray(...)
-6322499911580332382	baseCommand
-6322502157848228190	inn
-6322502175028097374	lim
-6322502192207966558	S: %08X
-6322502226567704926	format(...)
-6322502647474499934	Resending packet
-6322502814978224478	Activation Response:%s
-6322502913762472286	Activation Error {0:%x}
-6322503016841687390	Activation Error {0:%x}
-6322503119920902494	Activation Error {0:%x}
-6322503223000117598	Activation Error {0:%x} {1:%x}
-6322503583777370462	ChangeName {0:%s}:{1:%s}
-6322503691151552862	ChangeName {0:%s}:{1:%s}
-6322503798525735262	ChangeName {0:%s}:{1:%s}
-6322503905899917662	ChangeName {0:%s}:{1:%s}
-6322504013274100062	ChangeName {0:%s}:{1:%s}
-6322504120648282462	ChangeName {0:%s}:{1:%s}
-6322504228022464862	ChangeName {0:%s}:{1:%s}
-6322504335396647262	ChangeName {0:%s}:{1:%s}
-6322504442770829662	ChangeName {0:%s}:{1:%s}
-6322504550145012062	ChangeName {0:%s}:{1:%s}
-6322504657519194462	READ
-6322504678994030942	WRITE
-6322504704763834718	WRITE_NR
-6322504743418540382	RESPONSE_READING
-6322504816432984414	RESPONSE_WRITING
-6322504889447428446	AUTHORIZATION
-6322504949576970590	EXT_READ
-6322504988231676254	EXT_Write
-6322505031181349214	EXT_LOADREGS
-6322505087015924062	EXT_SAVEREGS
-6322505142850498910	EXT_GETPROFILE
-6322505207275008350	EXT_GETINFO
-6322505284584419678	DeActivation Response:%s
-6322505391958602078	DeActivation Error {0:%x}
-6322505503627751774	DeActivation Error {0:%x}
-6322505615296901470	DeActivation Error {0:%x}
-6322505726966051166	DeActivation Error {0:%x} {1:%x}
-6322505868699971934	FinishUpdate 
-6322505928829514078	 
-6322505937419448670	FinishUpdate 
-6322505997548990814	 
-6322506143577878878	Certify
-6322506177937617246	NinebotGetDeviceName
-6322506362621210974	GetParams:
-6322506409865851230	SetPassword
-6322506461405458782	Response setPassword received
-6322506590254477662	SetPassword
-6322506744873300318	ReadRegs 
-6322506787822973278	 
-6322506796412907870	 
-6322506805002842462	 
-6322506830772646238	WriteCmd17 {0:%X}:{1:%X}
-6322507105650553182	WriteLimits {0:%X}:{1:%X}
-6322507217319702878	WriteRegs {0:%X}:{1:%X}
-6322507320398917982	WriteRegsWrite {0:%X}:{1:%X}
-6322507444952969566	WriteRegsWrite {0:%X}:{1:%X}
-6322507569507021150	WriteRegs {0:%X}:{1:%X}
-6322507672586236254	WriteSN Response:%s
-6322507758485582174	WriteSN Error {0:%x}
-6322507848679895390	WriteSN Error {0:%x}
-6322507938874208606	WriteSN Error {0:%x}
-6322508029068521822	WriteSN Error {0:%x} {1:%x}
-6322508149327606110	WriteUpdate 
-6322508205162180958	 
-6322508213752115550	WriteUpdate 
-6322508398435709278	OK
-6322508411320611166	Size Error
-6322508458565251422	Erase error
-6322508510104858974	Write error
-6322508561644466526	Scooter not locked
-6322508643248845150	Page index error
-6322508716263289182	Busy
-6322508737738125662	Data Format error
-6322508815047536990	CRC check failed
-6322508888061981022	Other error
-6322508939601588574	Update key seed mismatch
-6322509046975770974	Update key mismatch
-6322509132875116894	MOTOR
-6322509158644920670	ESC
-6322509175824789854	BLE
-6322509193004659038	BMS
-6322509210184528222	EXTBMS
-6322509240249299294	BMS_NBSEC
-6322509283198972254	HOST
-6322509304673808734	->
-6322509317558710622	%s%s%s: %02X @%02X %s
-6322509412047991134	97CFB802844143DE56002B3B34780A5D
-6322509553781911902	NinebotSecureCryptor:
-6322509648271192414	:HavePassword:
-6322509712695701854	 ESC SN:
-6322509751350407518	CRY: update key  %s->%s %s
-6322509867314524510	AES/ECB/NoPadding
-6322509944623935838	AES
-6322509961803805022	key must be between 1 and 256 bytes
-6322510116422627678	Timeout
-6322510150782366046	Checksum missmatch
-6322510232386744670	Packets not fully read!! Maybe Increase Timeout
-6322511520876933470	Change: 
-6322511559531639134	Write LoginConfirmationKey: 
-6322511684085690718	Check if LoginConfirmationKey is correct: %s:%s
-6322511890244120926	Handshake set
-6322511950373663070	Write AuthToken: 
-6322512027683074398	devid:
-6322512057747845470	Notification is setup
-6322512152237125982	:
-6322512165122027870	Write Login Command
-6322512860906729822	SHA-256
-6322512895266468190	SHA1
-6322512916741304670	%02x
-6322512938216141150	0
-6322775180329300318	decodeHexString(...)
-6323018198168842590	decodeHexString(...)
-6323018288363155806	featuretype
-6323018339902763358	32
-6323018352787665246	34
-6323018365672567134	37
-6323018378557469022	40
-6323018391442370910	41
-6323018404327272798	43
-6323018417212174686	36
-6323018430097076574	46
-6323018442981978462	33
-6323018455866880350	39
-6323018468751782238	45
-6323018481636684126	127
-6323018498816553310	128
-6323018515996422494	129
-6323018533176291678	131
-6323018550356160862	256
-6323018567536030046	258
-6323018584715899230	sn
-6323018597600801118	32
-6323018610485703006	34
-6323018623370604894	37
-6323018636255506782	40
-6323018649140408670	41
-6323018662025310558	43
-6323018674910212446	substring(...)
-6323018739334721886	57
-6323018752219623774	36
-6323018765104525662	scooterG30
-6323018812349165918	sn
-6323018825234067806	X
-6323018833824002398	bmsVersion
-6323018881068642654	scooter
-6323018915428381022	scooter
-6323018949788119390	32
-6323018962673021278	34
-6323018975557923166	37
-6323018988442825054	40
-6323019001327726942	41
-6323019014212628830	43
-6323019027097530718	46
-6323019155946549598	33
-6323019168831451486	39
-6323019181716353374	32
-6323019194601255262	34
-6323019207486157150	37
-6323019220371059038	40
-6323019233255960926	41
-6323019246140862814	43
-6323019259025764702	36
-6323019271910666590	33
-6323019284795568478	39
-6323019297680470366	35
-6323019310565372254	118
-6323019327745241438	119
-6323019344925110622	44
-6323019357810012510	45
-6323019370694914398	112
-6323019387874783582	113
-6323019405054652766	120
-6323019422234521950	114
-6323019439414391134	115
-6323019456594260318	116
-6323019473774129502	131
-6323019490953998686	0
-6323019499543933278	118
-6323019516723802462	119
-6323019533903671646	36
-6323019546788573534	33
-6323019559673475422	39
-6323019572558377310	120
-6323019589738246494	131
-6323019606918115678	127
-6323019624097984862	128
-6323019641277854046	129
-6323019658457723230	118
-6323019675637592414	119
-6323019718587265374	32
-6323019731472167262	32
-6323019744357069150	41
-6323019757241971038	37
-6323019770126872926	43
-6323019783011774814	46
-6323019795896676702	34
-6323019808781578590	40
-6323019821666480478	33
-6323019834551382366	39
-6323019847436284254	36
-6323019860321186142	45
-6323019873206088030	127
-6323019890385957214	128
-6323019907565826398	129
-6323019924745695582	131
-6323019941925564766	256
-6323019959105433950	257
-6323019976285303134	258
-6323019993465172318	259
-6323020014940008798	32
-6323020027824910686	343
-6323020045004779870	34
-6323020057889681758	860
-6323020075069550942	37
-6323020087954452830	1564
-6323020109429289310	40
-6323020122314191198	1894
-6323020143789027678	41
-6323020156673929566	2206
-6323020178148766046	43
-6323020191033667934	2404
-6323020212508504414	46
-6323020225393406302	3854
-6323020246868242782	47
-6323020259753144670	6033
-6323020281227981150	str
-6323020302702817630	UNKNOWN
-6323020337062555998	UnknownNew
-6323020388602163550	N4GEA1601C0001
-6323020453026672990	ONE
-6323020470206542174	One
-6323020487386411358	N1OEA1401A0001
-6323020551810920798	MINI
-6323020573285757278	MINI_MAX
-6323020611940462942	MARK2
-6323020637710266718	ESCOOTER
-6323020676364972382	VIO
-6323020693544841566	KART
-6323020715019678046	KART_PRO
-6323020753674383710	KART_PRO_LAMBO
-6323020818098893150	KartProLambo
-6323020873933467998	N2CSH2021C0001
-6323020938357977438	NANO
-6323020959832813918	MINI_KIDS_MI
-6323021015667388766	MiniKidsMi
-6323021062912029022	N5MTA2001A0001
-6323021127336538462	MINI_KIDS
-6323021170286211422	MiniKids
-6323021208940917086	N5MTA2001A0001
-6323021273365426526	MARK3
-6323021299135230302	SCOOTER2
-6323021337789935966	SCOOTER2_P
-6323021385034576222	MI_SCOOTER_PRO
-6323021449459085662	MI_SCOOTER_1S_DE
-6323021522473529694	MI_SCOOTER_LITE
-6323021591193006430	MI_SCOOTER_1S
-6323021651322548574	MI_SCOOTER_PRO2
-6323021720042025310	MI_SCOOTER_3
-6323021775876600158	WILD_STEEL_DUST
-6323021844596076894	SCOOTER_G30
-6323021896135684446	SCOOTER_G65
-6323021947675291998	SCOOTER_G2
-6323021994919932254	SCOOTER_E2Pro
-6323022055049474398	SCOOTER_F2
-6323022102294114654	SCOOTER_F2Plus
-6323022166718624094	SCOOTER_F2Pro
-6323022226848166238	STEELDUST
-6323022269797839198	Steeldust
-6323022312747512158	N1DC0000000000
-6323022377172021598	MEBIKE
-6323022407236792670	Mebike
-6323022437301563742	N2DC0000000000
-6323022501726073182	SCOOTER_AIR
-6323022553265680734	F_Series30
-6323022600510320990	F_Series60
-6323022647754961246	P60
-6323022664934830430	P100
-6323022686409666910	Zt3
-6323022703589536094	Zt3
-6323022720769405278	N4GEA1601C0001
-6323022785193914718	F3
-6323022798078816606	F3
-6323022810963718494	N4GEA1601C0001
-6323022875388227934	G3
-6323022901158031710	N4GEA1601C0001
-6323022965582541150	Xyber
-6323023017122148702	N4GEA1601C0001
-6323023081546658142	Xafari
-6323023141676200286	N4GEA1601C0001
-6323023206100709726	GT3
-6323023240460448094	N4GEA1601C0001
-6323023304884957534	E3
-6323026354311737694	integer
-6323026388671476062	blePassword
-6323026440211083614	Set Passoword
-6323026500340625758	Secure Connection established
-6323026629189644638	throwable
-6323026672139317598	Set Passoword Error
-6323026758038663518	Setting host RAND
-6323026835348074846	throwable
-6323026878297747806	count
-6323026904067551582	Button not clicked
-6323026985671930206	errors
-6323027015736701278	$tmp0
-6323027041506505054	p0
-6323027054391406942	p1
-6323027067276308830	$tmp0
-6323027093046112606	p0
-6323027105931014494	result
-6323027135995785566	Retrying repeatC
-6323027209010229598	Resetting saved host RAND
-6323027320679379294	$tmp0
-6323027346449183070	$tmp0
-6323027372218986846	p0
-6323027385103888734	this$0
-6323027415168659806	integer1
-6323027453823365470	nB
-6323027466708267358	executeWithReturnValue(...)
-6323027586967351646	$tmp0
-6323027612737155422	$tmp0
-6323027638506959198	p0
-6323027651391861086	pkt
-6323027668571730270	concatByteArrays(...)
-6323027763061010782	5aa5
-6323027784535847262	copyOfRange(...)
-6323027857550291294	copyOf(...)
-6323027909089898846	deviceName
-6323027956334539102	onPressButtonListener
-6323028050823819614	getBytes(...)
-6323028110953361758	android_id
-6323028158198002014	blePassword
-6323028209737609566	data
-6323028231212446046	Timeout Packetqueue Size:%d
-6323028351471530334	Timeout
-6323028407306105182	baseCommand
-6323028458845712734	toByteArray(...)
-6323028652119241054	Seq:
-6323028673594077534	Seq:
-6323028695068914014	concatByteArrays(...)
-6323028789558194526	$tmp0
-6323028815327998302	p0
-6323028828212900190	$tmp0
-6323028853982703966	$tmp0
-6323028879752507742	Set Passoword Complete %s
-6323037499751870814	it
-6323037512636772702	Certification timed out
-6323037615715987806	OperationChain onNext:
-6323037714500235614	OperationChain Error:
-6323037808989516126	Establish Connection Subscribed:
-6323038354450362718	it
-6323038367335264606	it
-6323038380220166494	it
-6323038393105068382	Show Icon 
-6323038440349708638	response
-6323038479004414302	Set Password Success: 
-6323038577788662110	null cannot be cast to non-null type main.mike.transport.NinebotTransportSecureKTZt3New2.PasswordSetResult
-6323039037350162782	throwable
-6323039080299835742	Set Password Error: 
-6323039170494148958	it
-6323039183379050846	$tmp0
-6323039209148854622	p0
-6323039222033756510	$tmp0
-6323039247803560286	p0
-6323039260688462174	result
-6323039290753233246	Password set successfully
-6323039402422382942	Password setting failed, proceeding with certifyPassword anyway
-6323040063847346526	pkt
-6323040081027215710	concatByteArrays(...)
-6323040175516496222	5aa5
-6323040196991332702	copyOfRange(...)
-6323040270005776734	copyOf(...)
-6323040321545384286	Packets not fully read!! Maybe Increase Timeout 
-6323040531998781790	deviceName
-6323040579243422046	onPressButtonListener
-6323040673732702558	getBytes(...)
-6323040733862244702	android_id
-6323040781106884958	blePassword
-6323040832646492510	flatMap(...)
-6323040888481067358	Get Param from Scooter
-6323040987265315166	executeWithReturnValue(...)
-6323041107524399454	Set Password to Scooter
-6323041210603614558	retry(...)
-6323041408172110174	Certify Password from Scooter
-6323041537021129054	flatMap(...)
-6323041592855703902	nB
-6323041940748054878	data
-6323041962222891358	Timeout Packetqueue Size:%d
-6323042082481975646	Timeout
-6323042116841714014	[BLE RECEIVE =>] UUID: 
-6323042219920929118	 data: 0x
-6323042284345438558	baseCommand
-6323042335885046110	toByteArray(...)
-6323042408899490142	[BLE Write =>] UUID: 
-6323042503388770654	 data: 0x
-6323042546338443614	copyOfRange(...)
-6323042941475434846	Checksum missmatch:%s-%s
-6323043048849617246	MAC missmatch:%s-%s
-6323043134748963166	Seq:
-6323043156223799646	Seq:
-6323043177698636126	concatByteArrays(...)
-6323043272187916638	pair
-6323043293662753118	55aa
-6323043315137589598	55ab000121
-6323043362382229854	55ab000121
-6323043409626870110	5aa607
-6323043439691641182	hexToBytes(...)
-6323043508411117918	$tmp0
-6323043534180921694	$tmp0
-6323043559950725470	this$0
-6323043590015496542	$localPass
-6323043637260136798	$onPressButtonListener
-6323043736044384606	OperationChain completed
-6323043843418567006	blePassword
-6323043894958174558	Secure Connection established
-6323044023807193438	$tmp0
-6323044049576997214	$tmp0
-6323044075346800990	$tmp0
-6323044101116604766	p0
-6323044114001506654	$tmp0
-6323044139771310430	p0
-6323044152656212318	$tmp0
-6323044178426016094	p0
-6323044191310917982	$tmp0
-6323044217080721758	$tmp0
-6323044242850525534	p0
-6323044255735427422	$tmp0
-6323044281505231198	p0
-6323044294390133086	$tmp0
-6323044320159936862	p0
-6323044564973072734	version
-6323044599332811102	Connect exception
-6323044676642222430	job: I'm sleeping 
-6323044758246601054	 ...
-6323044779721437534	job: I'm awake 
-6323044848440914270	 ...
-6323044869915750750	call to 'resume' before 'invoke' with coroutine
-6323045076074180958	pre handshake
-6323045136203723102	handshake success
-6323045213513134430	Write Login Command
-6323045299412480350	a2000000
-6323045338067186014	stringToBytes(...)
-6323045419671564638	00000101
-6323045458326270302	stringToBytes(...)
-6323045539930648926	00000200
-6323045578585354590	00000100
-6323045617240060254	00000101
-6323045655894765918	stringToBytes(...)
-6323045737499144542	00000200
-6323045776153850206	00000100
-6323045814808555870	00000100
-6323045853463261534	stringToBytes(...)
-6323045935067640158	15000000
-6323045973722345822	stringToBytes(...)
-6323046055326724446	000000030400
-6323046111161299294	stringToBytes(...)
-6323046192765677918	0101
-6323046214240514398	0100
-6323046235715350878	Received
-6323046274370056542	Sending public
-6323046338794565982	0100
-6323046360269402462	stringToBytes(...)
-6323046441873781086	0200
-6323046463348617566	stringToBytes(...)
-6323046544952996190	0300
-6323046566427832670	stringToBytes(...)
-6323046648032211294	0400
-6323046669507047774	stringToBytes(...)
-6323046751111426398	Sending end
-6323046802651033950	0100
-6323046824125870430	Recv
-6323046845600706910	00030400
-6323046884255412574	Recv 30400
-6323046931500052830	00000101
-6323046970154758494	stringToBytes(...)
-6323047051759137118	00000100
-6323047090413842782	stringToBytes(...)
-6323047172018221406	null cannot be cast to non-null type java.security.interfaces.ECPublicKey
-6323047489845801310	getParams(...)
-6323047554270310750	getPrivate(...)
-6323047622989787486	getEncoded(...)
-6323047691709264222	00000000000000000000000000000000
-6323047833443184990	stringToBytes(...)
-6323047915047563614	mible-setup-info
-6323047988062007646	HKDF Key:
-6323048031011680606	devToken:
-6323048073961353566	bindKey:
-6323048112616059230	tmpKey:
-6323048146975797598	deviceId:
-6323048189925470558	101112131415161718191a1b
-6323048297299652958	stringToBytes(...)
-6323048378904031582	devID
-6323048404673835358	encData:
-6323048443328541022	000000000200
-6323048499163115870	stringToBytes(...)
-6323048580767494494	rsp:
-6323048602242330974	0101
-6323048623717167454	0100
-6323048645192003934	stringToBytes(...)
-6323048726796382558	0200
-6323048748271219038	stringToBytes(...)
-6323048829875597662	rsp:
-6323048851350434142	0100
-6323048872825270622	13000000
-6323048911479976286	stringToBytes(...)
-6323048993084354910	11000000
-6323049031739060574	REG_SUCCESS
-6323049083278668126	devToken
-6323049121933373790	Response: 
-6323049169178014046	before press
-6323049225012588894	after press
-6323049413991149918	item
-6323049435465986398	10-->
-6323049461235790174	bytes
-6323049487005593950	bytes
-6323049512775397726	19-->
-6323049538545201502	throwable
-6323049581494874462	10<--
-6323049607264678238	19<--
-6323049633034482014	<set-?>
-6323049667394220382	<set-?>
-6323049701753958750	deviceName
-6323049748998599006	onPressButtonListener
-6323049843487879518	observeOn(...)
-6323049907912388958	ExecutionTime: 
-6323049976631865694	ExecutionTime: 
-6323050045351342430	EC
-6323050058236244318	getInstance(...)
-6323050131250688350	secp256r1
-6323050174200361310	generateKeyPair(...)
-6323050264394674526	keyPair
-6323050298754412894	getEncoded(...)
-6323050367473889630	null cannot be cast to non-null type java.security.interfaces.ECPublicKey
-6323050685301469534	null cannot be cast to non-null type java.math.BigInteger
-6323050934409572702	null cannot be cast to non-null type java.security.interfaces.ECPublicKey
-6323051252237152606	null cannot be cast to non-null type java.math.BigInteger
-6323051501345255774	devToken
-6323051539999961438	devToken
-6323051578654667102	get(...)
-6323051617309372766	stringToBytes(...)
-6323051698913751390	sendLoginStart
-6323051763338260830	24000000
-6323051801992966494	stringToBytes(...)
-6323051883597345118	0000000b0100
-6323051939431919966	stringToBytes(...)
-6323052021036298590	login response 
-6323052089755775326	0101
-6323052111230611806	0100
-6323052132705448286	stringToBytes(...)
-6323052214309826910	0100
-6323052235784663390	000d0100
-6323052274439369054	00000101
-6323052313094074718	stringToBytes(...)
-6323052394698453342	00000100
-6323052433353159006	stringToBytes(...)
-6323052514957537630	000c0200
-6323052553612243294	mible-login-info
-6323052626626687326	hkdf 
-6323052652396491102	sessionScooterKey 
-6323052734000869726	sessionScooterKey
-6323052811310281054	sessionLocalKey 
-6323052884324725086	sessionLocalKey
-6323052953044201822	sessionScooterIV 
-6323053030353613150	sessionScooterIV
-6323053103368057182	sessionLocalIV 
-6323053172087533918	sessionLocalIV
-6323053236512043358	HmacSHA256
-6323053283756683614	sessionLocalKey
-6323053352476160350	HmacSHA256
-6323053399720800606	localHMAC 
-6323053446965440862	HmacSHA256
-6323053494210081118	sessionScooterKey
-6323053571519492446	HmacSHA256
-6323053618764132702	scooterHMAC 
-6323053674598707550	00000101
-6323053713253413214	stringToBytes(...)
-6323053794857791838	remoteScooterHmac 
-6323053876462170462	HMAC matches, authentification should be successful
-63404201518541	p0
-63417086420429	p0
-63429971322317	seekBar
-63464331060685	getStringArray(...)
-63550230406605	seekBar
-63584590144973	seekBar
-63618949883341	getStringArray(...)
-63704849229261	getIntArray(...)
-63777863673293	picker
-63807928444365	color
-63833698248141	picker
-63863763019213	color
-63889532822989	colorPicked:
-63945367397837	mappedColor:
-64001201972685	picker
-64031266743757	color
-64057036547533	p0
-64069921449421	p0
-64082806351309	p0
-64095691253197	p0
-64108576155085	$tmp0
-64134345958861	$tmp0
-64160115762637	p0
-64173000664525	p0
-64185885566413	Only available on US Region/Serial
-64336209421773	p0
-64349094323661	slider
-64379159094733	slider
-64409223865805	slider
-64439288636877	slider
-64469353407949	slider
-64499418179021	slider
-64529482950093	slider
-64559547721165	slider
-64589612492237	slider
-64619677263309	slider
-64649742034381	slider
-64679806805453	slider
-6470115042765	orderId
-64709871576525	Only available on Global Region/Serial
-64877375301069	Supported
-64920324974029	it
-64933209875917	requireContext(...)
-65019109221837	d
-65027699156429	t
-65036289091021	e
-6504474781133	packageName
-65044879025613	Error occurred:
-65113598502349	Bootloader mode active
-65212382750157	Complete
-65444310984141	Bootloader
-65491555624397	Booting into Bootloader
-6556014388685	productId
-65800793269709	36
-65813678171597	release
-65852332877261	ServerError:
-65908167452109	 on /r endpoint \nPlease reboot and try again!
-6598964061645	purchaseTime
-66105735947725	decode(...)
-66157275555277	decode(...)
-66208815162829	MemFile: 
-66251764835789	)}
-66264649737677	call to 'resume' before 'invoke' with coroutine
-6654798636493	purchaseState
-66676966598093	onAdClicked
-66728506205645	onAdDismissedFullScreenContent
-66861650191821	Please consider donating
-66969024374221	adError
-67003384112589	onAdFailedToShowFullScreenContent
-6714928178637	purchaseToken
-67149413000653	onAdImpression
-67213837510093	onAdShowedFullScreenContent
-67334096594381	adError
-67368456332749	interstitialAd
-67432880842189	view
-67454355678669	url
-67471535547853	Countdown to Stlink attempt: 
-67600384566733	Starting Stlink flash
-67694873847245	textViewInstuctionBox
-6775057720781	obfuscatedAccountId
-67789363127757	Connect to internet and retry
-67918212146637	Auto Flashing Started
-68218859857357	call to 'resume' before 'invoke' with coroutine
-68425018287565	call to 'resume' before 'invoke' with coroutine
-6860957066701	quantity
-68631176717773	MCU: 
-68656946521549	Connected with: 
-68729960965581	MCU not found please check wiring
-68875989853645	call to 'resume' before 'invoke' with coroutine
-6899611772365	acknowledged
-69082148283853	rbSelectControllerType
-69180932531661	$cardView
-69223882204621	scooterId
-6955446347213	orderId
-6989806085581	packageName
-70228904551885	requireActivity().viewModelStore
-70370638472653	requireActivity().defaultViewModelCreationExtras
-7041345693133	productId
-70581091870157	requireActivity().defaultViewModelProviderFactory
-70795840234957	requireActivity().viewModelStore
-70937574155725	requireActivity().defaultViewModelCreationExtras
-7097180267981	<set-?>
-71148027553229	requireActivity().defaultViewModelProviderFactory
-7131540006349	<set-?>
-71362775918029	requireActivity().viewModelStore
-71504509838797	requireActivity().defaultViewModelCreationExtras
-7165899744717	<set-?>
-71714963236301	requireActivity().defaultViewModelProviderFactory
-7200259483085	orderId
-7234619221453	packageName
-7286158829005	productId
-73166662182349	Stlink has permission
-7329108501965	A(orderId=
-73467309893069	Stlink found
-73729302898125	Preparing Image
-7376353142221	, packageName=
-74004180805069	Flashing...
-74261878842829	No compatible Stlink device found
-7440777651661	, productId=
-74407907730893	Stlink started with 
-74498102044109	Device:
-74532461782477	Reading ram
-74584001390029	Read ram 
-74626951062989	Reading ram2
-74682785637837	Read ram2 
-74730030278093	Read Ram
-74768684983757	Proper regMatch 
-74841699427789	Proper regMatch 
-74914713871821	No good regMatch
-7496612226509	, purchaseTime=
-74987728315853	Unlocking Device
-75060742759885	Read UUID
-75103692432845	Flashing successful, connect the controller to the ble and finish the installation over bluetooth.
-75528894195149	Flashing failed with error 
-75649153279437	Flashing failed with error 
-7565331703245	, purchaseState=
-75769412363725	Flashing failed with error 
-75889671448013	Flashing failed with error 
-76009930532301	UID mismatch flash aborted please retry
-76181729224141	UID mismatch flash aborted please retry
-76353527915981	Error getting chip info. Please check connections/powercycle and retry.
-7638346147277	, purchaseToken=
-76662765561293	Flashing took 
-76727190070733	Flashing took 
-76791614580173	Flash Routine took: 
-76881808893389	call to 'resume' before 'invoke' with coroutine
-77087967323597	Write Option byte result: 
-7711360591309	, obfuscatedAccountId=
-77410089870797	/volley/s/s/s/s/s/s/s/s/s/s/s/s/s/
-77560413726157	/volley/s/s/s/s/s/s/s/s/s/s/s/s/s/
-77710737581517	/volley/s/s/s/s/s/s/s/s/s/s/s/s/s/ram.bin
-77891126207949	registerForActivityResult(...)
-78024270194125	registerForActivityResult(...)
-7810144839117	, quantity=
-78157414180301	registerForActivityResult(...)
-78432292087245	fileRepo
-78505306531277	connectionManager
-7861684446669	, acknowledged=
-78616975680973	fragment
-78655630386637	mainViewModel
-78715759928781	requireContext(...)
-78801659274701	Enter Serial Number: 14 alphanumeric characters 
-79012112672205	OK
-79024997574093	Cancel
-79055062345165	Please save your original SN before making any modification!
-79317055350221	Change Scooter Region
-79411544630733	No options available
-79501738943949	selection
-79544688616909	Oddish serial number
-7956173727181	decoder
-79634882930125	requireContext(...)
-79720782276045	Enter Serial Number: 14 alphanumeric characters 
-7990533465549	encoder
-79931235673549	OK
-79944120575437	Cancel
-79974185346509	android.permission.WRITE_EXTERNAL_STORAGE
-80154573972941	Permissions %s %s
-8024893203917	value
-80253358220749	granted
-80287717959117	android.settings.APPLICATION_DETAILS_SETTINGS
-80485286454733	package
-8050663007693	m365.xiaodash.scooter.data.model.ScooterTuningSettings
-80519646193101	b
-80528236127693	params
-80558300898765	Not connected
-80618430440909	Return to Stock from Backup File
-80760164361677	Do you want to return to stock from this file:\n
-80966322791885	input
-81004977497549	getName(...)
-81060812072397	info.txt
-81099466778061	normalizeSpace(...)
-81185366123981	 
-81198251025869	;
-81211135927757	:
-81219725862349	params.txt
-81266970502605	FIRM.bin.enc
-81322805077453	md5e
-81344279913933	uid
-81455949063629	EBS
-81473128932813	Start Speed
-81524668540365	Start Speed
-81576208147917	Top Speed in S
-81640632657357	Register
-81679287363021	Register
-81717942068685	hueSeekBar1
-81769481676237	hueSeekBar2
-81821021283789	hueSeekBar3
-81872560891341	hueSeekBar4
-81924100498893	includeLightSettings
-82014294812109	inflater
-82052949517773	getViewLifecycleOwner(...)
-82168913634765	getViewLifecycleOwner(...)
-82284877751757	getViewLifecycleOwner(...)
-82400841868749	No return to stock firmware available
-82564050625997	Backup Downgrade File/Flash Downgrade File
-82748734219725	Do you want to backup the return to stock file or flash it from local storage
-8286886208973	can4850Value
-83083741668813	Flash from File
-83152461145549	Backup to File
-83216885654989	Cancel
-83246950426061	getLayoutInflater(...)
-83345734673869	inflate(...)
-83401569248717	switchDebugAutoFirmware
-8342720783821	can4856Value
-83504648463821	autoFirmwareMode
-83577662907853	switchDebugBeta
-83646382384589	beta
-83667857221069	Sign In
-83702216959437	Logout(
-83770936436173	Initializing...
-83839655912909	Loading...
-83886900553165	Sign In
-83921260291533	requireContext(...)
-8398555358669	can4857Value
-84007159637453	build(...)
-84054404277709	getViewLifecycleOwner(...)
-84170368394701	requireActivity(...)
-84260562707917	getLayoutInflater(...)
-84359346955725	inflate(...)
-84415181530573	getViewLifecycleOwner(...)
-84531145647565	Flash successful
-8454389933517	can1007Value
-84604160091597	Scooter model currently not supported
-84767368848845	getViewLifecycleOwner(...)
-84883332965837	ram
-84973527279053	(?:[0-9a-fA-F]{2}){12}
-85072311526861	5C51(?:(?:[0-9a-fA-F]{2}){30})([0-9a-zA-Z]{28})((?:[0-9a-fA-F]{2}){6})(?:[0-9a-zA-Z]{2}){384}(
-8510224508365	initialAcceleration
-85480333419981	)(?:(?:[0-9a-fA-F]{2}){8})((?:[0-9a-fA-F]{2}){6})((?:[0-9a-fA-F]{2}){1})
-85793866032589	Regex: 
-85828225770957	requireContext(...)
-85914125116877	_config.bin
-8596123854285	ScooterTuningSettings(can4850Value=
-85965664724429	usb
-85982844593613	null cannot be cast to non-null type android.hardware.usb.UsbManager
-86279197337037	getDeviceList(...)
-86360801715661	getBroadcast(...)
-86438111126989	Stlink found 
-86498240669133	openDevice(...)
-86777413543373	iArr
-86798888379853	iArr2
-86824658183629	u.bin
-86850427987405	requireContext(...)
-86936327333325	rw
-86949212235213	readFully(...)
-87013636744653	call to 'resume' before 'invoke' with coroutine
-8750742676941	, can4856Value=
-8819462153677	, can4857Value=
-88310716868045	requireContext(...)
-88396616213965	getLayoutInflater(...)
-88495400461773	inflate(...)
-88551235036621	Please connect to the internet and try again
-88748803532237	Scooter Id not set. Reconnect and retry!
-8888181630413	, can1007Value=
-88924897191373	requireActivity(...)
-89015091504589	XiaoDash Privacy Policy 
-89122465686989	getSettings(...)
-89195480131021	Close
-8956901107149	, initialAcceleration=
-89942804440525	build(...)
-89990049080781	ca-app-pub-5969370273098532/4902163613
-90157552805325	telegramGroup
-90217682347469	getString(...)
-90282106856909	Join us!
-9055685354957	call to 'resume' before 'invoke' with coroutine
-9261843785165	call to 'resume' before 'invoke' with coroutine
-9468002215373	remoteDataSource
-9541016659405	cacheManager
-9596851234253	call to 'resume' before 'invoke' with coroutine
-9803009664461	call to 'resume' before 'invoke' with coroutine
-984425578407373	this$0
-984455643178445	this$0
-984485707949517	requireParentFragment(...)
-984601672066509	this$0
-984631736837581	requireActivity(...)
-984721931150797	this$0
-984751995921869	$clickCounter
-984812125464013	requireActivity(...)
-984902319777229	getText(...)
-984958154352077	Copied serial to clipboard
-985074118469069	$clickCounter2
-985138542978509	this$0
-985168607749581	Starting flash
-985233032259021	[^A-Z0-9/]*
-985288866833869	this$0
-985318931604941	$serialNumber
-985379061147085	this$0
-985409125918157	this$0
-985439190689229	$navController
-985503615198669	$action
-985537974937037	this$0
-985568039708109	$serialNumber
-985628169250253	xdfw change serial
-985709773628877	requireParentFragment(...)
-985825737745869	$input
-985855802516941	this$0
-985885867288013	You entered the following serial number:\n
-986066255914445	Revise Serial Number
-986156450227661	Proceed
-986190809966029	Cancel
-986220874737101	$itemSelected
-986281004279245	$itemSelected
-986341133821389	$regionObjects
-986405558330829	this$0
-986435623101901	Please select region
-986525817415117	get(...)
-986564472120781	this$0
-986594536891853	Success. Reboot the scooter!\nScooter limited to 20kph probably don't support region change
-986985378915789	Operation successful\nScooter limited to 20kph probably don't support region change
-987341861201357	this$0
-987371925972429	[^A-Z0-9/]*
-987427760547277	this$0
-987457825318349	Success. Reboot the scooter!
-987582379369933	Operation successful
-987672573683149	this$0
-987702638454221	Error changing serial
-987797127734733	this$0
-987827192505805	$serialNumber
-987891617015245	Oddish serial number
-987981811328461	$input
-988011876099533	this$0
-988041940870605	You entered the following serial number:\n
-988222329497037	\n\nScooter limited to 20kph probably don't support region change.
-988501502371277	Revise Serial Number
-988591696684493	Proceed
-988626056422861	Cancel
-988656121193933	$tmp0
-988681890997709	this$0
-988711955768781	r
-988720545703373	this$0
-988750610474445	r
-988759200409037	this$0
-988789265180109	$b
-988802150081997	requireActivity(...)
-988892344395213	this$0
-988922409166285	Scooter ID copied to clipboard
-989055553152461	requireContext(...)
-989141452498381	getText(...)
-989197287073229	Scooter Id copied
-989274596484557	$isUser
-989308956222925	$isUser
-989343315961293	$isUser
-989377675699661	$isUser
-989412035438029	$isUser
-989446395176397	$isUser
-989480754914765	$isUser
-989515114653133	$isUser
-989549474391501	$isUser
-989583834129869	Only available in Global Region
-989721273083341	this$0
-989751337854413	slider
-989781402625485	this$0
-989811467396557	slider
-989841532167629	this$0
-989871596938701	slider
-989901661709773	this$0
-989931726480845	slider
-989961791251917	this$0
-989991856022989	slider
-990021920794061	this$0
-990051985565133	slider
-990082050336205	this$0
-990112115107277	slider
-990142179878349	this$0
-990172244649421	slider
-990202309420493	this$0
-990232374191565	slider
-990262438962637	this$0
-990292503733709	slider
-990322568504781	this$0
-990352633275853	slider
-990382698046925	this$0
-990412762817997	slider
-990442827589069	this$0
-990472892360141	this$0
-990502957131213	this$0
-990533021902285	this$0
-990563086673357	this$0
-990593151444429	app.peretti.m365tools
-990687640724941	android.intent.action.MAIN
-990803604841933	android.intent.category.LAUNCHER
-990945338762701	android.intent.action.VIEW
-991061302879693	market://details?id=app.peretti.m365tools
-991241691506125	android.intent.action.VIEW
-991357655623117	https://play.google.com/store/apps/details?id=app.peretti.m365tools
-991649713399245	this$0
-991679778170317	Only available on scooters with LED stripes
-991873051698637	this$0
-991903116469709	$edittext
-991946066142669	Setting scooter name to 
-992053440325069	this$0
-992083505096141	Change Scooter Name
-992169404442061	Enter the new name. Only letters and numbers are allowed
-992414217577933	Apply
-992439987381709	Cancel
-992470052152781	this$0
-992500116923853	Turning scooter off
-992586016269773	getViewLifecycleOwner(...)
-992701980386765	Turning scooter off
-992787879732685	this$0
-992817944503757	Turning scooter on
-992899548882381	this$0
-992929613653453	Reboot Scooter
-992994038162893	this$0
-993024102933965	this$0
-993054167705037	this$0
-993084232476109	$skuS
-993110002279885	$scooterPayload
-993178721756621	$alertDialog
-993234556331469	$skuM
-993260326135245	$skuB
-993286095939021	$skuG
-993311865742797	requireActivity(...)
-993402060056013	requireActivity(...)
-993492254369229	requireActivity(...)
-993582448682445	requireActivity(...)
-993672642995661	this$0
-993711297701325	show(...)
-993754247374285	null cannot be cast to non-null type android.widget.TextView
-994016240379341	Donation
-994054895085005	null cannot be cast to non-null type android.widget.Button
-994308298155469	null cannot be cast to non-null type android.widget.Button
-994561701225933	null cannot be cast to non-null type android.widget.Button
-994815104296397	null cannot be cast to non-null type android.widget.Button
-995068507366861	null cannot be cast to non-null type android.widget.Button
-995321910437325	Small Donation
-995386334946765	Medium Donation
-995455054423501	Big Donation
-995510888998349	Gigantic Donation
-995588198409677	null cannot be cast to non-null type android.widget.TextView
-995850191414733	getString(...)
-995914615924173	format(...)
-995966155531725	this$0
-996026285073869	this$0
-996056349844941	Not connected
-996116479387085	this$0
-996816559056333	this$0
-996846623827405	getSkus(...)
-996906753369549	yyyy-MM-dd'T'HH:mm:ss'Z'
-997014127551949	UTC
-997031307421133	lTimeStamp
-997078552061389	lTimeStamp
-997134386636237	getSkus(...)
-997267530622413	getSkus(...)
-997323365197261	ScooterId:
-997374904804813	getSkus(...)
-997435034346957	List of your payments
-997529523627469	Here a list of the purchases of your Google Play account:
-997778631730637	lineSeparator(...)
-997860236109261	Synch Purchases
-997928955585997	alertTitle
-997976200226253	id
-997993380095437	this$0
-998023444866509	getViewLifecycleOwner(...)
-998139408983501	this$0
-998169473754573	this$0
-998199538525645	this$0
-998229603296717	this$0
-998259668067789	this$0
-998289732838861	Resetting App...
-998362747282893	pm clear 
-998405696955853	this$0
-998435761726925	requireContext(...)
-998521661072845	this$0
-998551725843917	requireActivity(...)
-998641920157133	this$0
-998671984928205	Downgrade
-998714934601165	Do you really want to downgrade the scooter and return to stock?
-998994107475405	Yes
-999011287344589	No
-999024172246477	Backup/Restore Downgrade File
-999153021265357	this$0
-999183086036429	Loading ad
-999230330676685	this$0
-999260395447757	this$0
-999290460218829	Not connected
-999350589760973	this$0
-999380654532045	Reset Profiles
-999445079041485	Do you want to reset the two scooter profiles to default values?
-999724251915725	Yes
-999741431784909	No
-999754316686797	this$0
-999784381457869	getSkus(...)
-999840216032717	first(...)
-999887460672973	this$0
-999917525444045	requireActivity(...)
